id	output
{"blockNumber":"56211242","poolId":"0xd7a8035ddd9ec1dba25e3b27b685927fe63d65281f21c1c1d21d122fc48caeb7","stateView":"0xc3c9e198c735a4b97e3e683f391ccbdd60b69286","tickLower":-887270,"tickUpper":887270}	{"ok": true, "feeGrowthInside0X128": "0", "feeGrowthInside1X128": "0"}
{"blockNumber":"56254201","poolId":"0x645a719ace2c4caec69936e1b4bcb84ea42d92cde3c6f4bf5a0c935341704376","stateView":"0xc3c9e198c735a4b97e3e683f391ccbdd60b69286","tickLower":-887200,"tickUpper":887200}	{"ok": true, "feeGrowthInside0X128": "0", "feeGrowthInside1X128": "0"}
{"blockNumber":"56254236","poolId":"0x645a719ace2c4caec69936e1b4bcb84ea42d92cde3c6f4bf5a0c935341704376","stateView":"0xc3c9e198c735a4b97e3e683f391ccbdd60b69286","tickLower":-887200,"tickUpper":887200}	{"ok": true, "feeGrowthInside0X128": "0", "feeGrowthInside1X128": "16832609052172572326766220090902"}
{"blockNumber":"56254599","poolId":"0xd7a8035ddd9ec1dba25e3b27b685927fe63d65281f21c1c1d21d122fc48caeb7","stateView":"0xc3c9e198c735a4b97e3e683f391ccbdd60b69286","tickLower":-887270,"tickUpper":887270}	{"ok": true, "feeGrowthInside0X128": "1194253886786805811071025651732852141903", "feeGrowthInside1X128": "27972378440622658562417409192"}
{"blockNumber":"56418768","poolId":"0x04ee6925b6e8fc7525cc73e578e7b7ef6ea1470ff0d9a5f71e178707599344a3","stateView":"0xc3c9e198c735a4b97e3e683f391ccbdd60b69286","tickLower":-887200,"tickUpper":887200}	{"ok": true, "feeGrowthInside0X128": "0", "feeGrowthInside1X128": "0"}
{"blockNumber":"56418885","poolId":"0x04ee6925b6e8fc7525cc73e578e7b7ef6ea1470ff0d9a5f71e178707599344a3","stateView":"0xc3c9e198c735a4b97e3e683f391ccbdd60b69286","tickLower":-887200,"tickUpper":887200}	{"ok": true, "feeGrowthInside0X128": "0", "feeGrowthInside1X128": "0"}
{"blockNumber":"56418895","poolId":"0x04ee6925b6e8fc7525cc73e578e7b7ef6ea1470ff0d9a5f71e178707599344a3","stateView":"0xc3c9e198c735a4b97e3e683f391ccbdd60b69286","tickLower":-887200,"tickUpper":887200}	{"ok": true, "feeGrowthInside0X128": "0", "feeGrowthInside1X128": "0"}
{"blockNumber":"56418937","poolId":"0x04ee6925b6e8fc7525cc73e578e7b7ef6ea1470ff0d9a5f71e178707599344a3","stateView":"0xc3c9e198c735a4b97e3e683f391ccbdd60b69286","tickLower":-887200,"tickUpper":887200}	{"ok": true, "feeGrowthInside0X128": "0", "feeGrowthInside1X128": "0"}
{"blockNumber":"56418975","poolId":"0xd2f344fe187ce0ddf324e50df53fa60de0014e8f843e14bd4d092a3ea93aafc2","stateView":"0xc3c9e198c735a4b97e3e683f391ccbdd60b69286","tickLower":-887220,"tickUpper":-276300}	{"ok": true, "feeGrowthInside0X128": "0", "feeGrowthInside1X128": "0"}
{"blockNumber":"56418992","poolId":"0xd2f344fe187ce0ddf324e50df53fa60de0014e8f843e14bd4d092a3ea93aafc2","stateView":"0xc3c9e198c735a4b97e3e683f391ccbdd60b69286","tickLower":-887220,"tickUpper":-276300}	{"ok": true, "feeGrowthInside0X128": "0", "feeGrowthInside1X128": "0"}
{"blockNumber":"56421751","poolId":"0x65de479b88abfe54eb1251cd375c61890234f6829c35e679b19247d06fafa608","stateView":"0xc3c9e198c735a4b97e3e683f391ccbdd60b69286","tickLower":-887272,"tickUpper":887272}	{"ok": true, "feeGrowthInside0X128": "0", "feeGrowthInside1X128": "0"}
{"blockNumber":"56575611","poolId":"0x6874d3d2b99e6b75ed2fae390907e1d921d4b06b7f48fc6d3fe9c547507e369c","stateView":"0xc3c9e198c735a4b97e3e683f391ccbdd60b69286","tickLower":-242310,"tickUpper":-239950}	{"ok": true, "feeGrowthInside0X128": "0", "feeGrowthInside1X128": "0"}
{"blockNumber":"56579817","poolId":"0x6874d3d2b99e6b75ed2fae390907e1d921d4b06b7f48fc6d3fe9c547507e369c","stateView":"0xc3c9e198c735a4b97e3e683f391ccbdd60b69286","tickLower":-237250,"tickUpper":-236680}	{"ok": true, "feeGrowthInside0X128": "0", "feeGrowthInside1X128": "0"}
{"blockNumber":"56580057","poolId":"0xcfbbf4e87c31b7bf70d882c81f195b16818a9f5f708aae5a0886bb275c0d814d","stateView":"0xc3c9e198c735a4b97e3e683f391ccbdd60b69286","tickLower":318300,"tickUpper":320160}	{"ok": true, "feeGrowthInside0X128": "0", "feeGrowthInside1X128": "0"}
{"blockNumber":"56580114","poolId":"0x6874d3d2b99e6b75ed2fae390907e1d921d4b06b7f48fc6d3fe9c547507e369c","stateView":"0xc3c9e198c735a4b97e3e683f391ccbdd60b69286","tickLower":-237250,"tickUpper":-236680}	{"ok": true, "feeGrowthInside0X128": "0", "feeGrowthInside1X128": "0"}
{"blockNumber":"56580185","poolId":"0x6874d3d2b99e6b75ed2fae390907e1d921d4b06b7f48fc6d3fe9c547507e369c","stateView":"0xc3c9e198c735a4b97e3e683f391ccbdd60b69286","tickLower":-237260,"tickUpper":-236810}	{"ok": true, "feeGrowthInside0X128": "0", "feeGrowthInside1X128": "0"}
{"blockNumber":"56580201","poolId":"0x6874d3d2b99e6b75ed2fae390907e1d921d4b06b7f48fc6d3fe9c547507e369c","stateView":"0xc3c9e198c735a4b97e3e683f391ccbdd60b69286","tickLower":-237260,"tickUpper":-236810}	{"ok": true, "feeGrowthInside0X128": "0", "feeGrowthInside1X128": "0"}
{"blockNumber":"56614944","poolId":"0xcfbbf4e87c31b7bf70d882c81f195b16818a9f5f708aae5a0886bb275c0d814d","stateView":"0xc3c9e198c735a4b97e3e683f391ccbdd60b69286","tickLower":-887220,"tickUpper":887220}	{"ok": true, "feeGrowthInside0X128": "0", "feeGrowthInside1X128": "463959324349196945327546141272521449176911"}
{"blockNumber":"56614979","poolId":"0xcfbbf4e87c31b7bf70d882c81f195b16818a9f5f708aae5a0886bb275c0d814d","stateView":"0xc3c9e198c735a4b97e3e683f391ccbdd60b69286","tickLower":-887220,"tickUpper":887220}	{"ok": true, "feeGrowthInside0X128": "2227068185096501925513534796", "feeGrowthInside1X128": "984479763448998867636245919703424635883384"}
{"blockNumber":"56641533","poolId":"0x6874d3d2b99e6b75ed2fae390907e1d921d4b06b7f48fc6d3fe9c547507e369c","stateView":"0xc3c9e198c735a4b97e3e683f391ccbdd60b69286","tickLower":-317270,"tickUpper":-306280}	{"ok": true, "feeGrowthInside0X128": "0", "feeGrowthInside1X128": "0"}
{"blockNumber":"56641544","poolId":"0x6874d3d2b99e6b75ed2fae390907e1d921d4b06b7f48fc6d3fe9c547507e369c","stateView":"0xc3c9e198c735a4b97e3e683f391ccbdd60b69286","tickLower":-317270,"tickUpper":-306280}	{"ok": true, "feeGrowthInside0X128": "0", "feeGrowthInside1X128": "0"}
{"blockNumber":"56641567","poolId":"0x6874d3d2b99e6b75ed2fae390907e1d921d4b06b7f48fc6d3fe9c547507e369c","stateView":"0xc3c9e198c735a4b97e3e683f391ccbdd60b69286","tickLower":-246370,"tickUpper":-235380}	{"ok": true, "feeGrowthInside0X128": "0", "feeGrowthInside1X128": "0"}
{"blockNumber":"56675070","poolId":"0xcfbbf4e87c31b7bf70d882c81f195b16818a9f5f708aae5a0886bb275c0d814d","stateView":"0xc3c9e198c735a4b97e3e683f391ccbdd60b69286","tickLower":319740,"tickUpper":322500}	{"ok": true, "feeGrowthInside0X128": "0", "feeGrowthInside1X128": "316445583749970616795701942422289371424926"}
{"blockNumber":"56679220","poolId":"0xe53360aef410555f2e2944b26f06aa1438dcd103882f5264cd488265eced2192","stateView":"0xc3c9e198c735a4b97e3e683f391ccbdd60b69286","tickLower":-887220,"tickUpper":887220}	{"ok": true, "feeGrowthInside0X128": "0", "feeGrowthInside1X128": "0"}
{"blockNumber":"56679243","poolId":"0xe53360aef410555f2e2944b26f06aa1438dcd103882f5264cd488265eced2192","stateView":"0xc3c9e198c735a4b97e3e683f391ccbdd60b69286","tickLower":-887220,"tickUpper":887220}	{"ok": true, "feeGrowthInside0X128": "0", "feeGrowthInside1X128": "5570427602604940848367280203871"}
{"blockNumber":"56679258","poolId":"0xe53360aef410555f2e2944b26f06aa1438dcd103882f5264cd488265eced2192","stateView":"0xc3c9e198c735a4b97e3e683f391ccbdd60b69286","tickLower":-887220,"tickUpper":887220}	{"ok": true, "feeGrowthInside0X128": "0", "feeGrowthInside1X128": "5570427602604940848367280203871"}
{"blockNumber":"56679638","poolId":"0xe53360aef410555f2e2944b26f06aa1438dcd103882f5264cd488265eced2192","stateView":"0xc3c9e198c735a4b97e3e683f391ccbdd60b69286","tickLower":-887220,"tickUpper":887220}	{"ok": true, "feeGrowthInside0X128": "0", "feeGrowthInside1X128": "5570427602604940848367280203871"}
{"blockNumber":"56687236","poolId":"0x91a0aff7ed38ecb29b5ecaafb78f124d1aae8e92391a97a3e985f3e051e32904","stateView":"0xc3c9e198c735a4b97e3e683f391ccbdd60b69286","tickLower":-887272,"tickUpper":887272}	{"ok": true, "feeGrowthInside0X128": "0", "feeGrowthInside1X128": "0"}
{"blockNumber":"56687616","poolId":"0xea25063a5781564c3c3618706d10debbc1d54293440ed1692a237cad3353332c","stateView":"0xc3c9e198c735a4b97e3e683f391ccbdd60b69286","tickLower":-36000,"tickUpper":-33600}	{"ok": true, "feeGrowthInside0X128": "0", "feeGrowthInside1X128": "0"}
{"blockNumber":"56688266","poolId":"0xcfbbf4e87c31b7bf70d882c81f195b16818a9f5f708aae5a0886bb275c0d814d","stateView":"0xc3c9e198c735a4b97e3e683f391ccbdd60b69286","tickLower":319740,"tickUpper":322500}	{"ok": true, "feeGrowthInside0X128": "2227068185096501925513534796", "feeGrowthInside1X128": "1300925347198969484431947862125714007308310"}
{"blockNumber":"56688889","poolId":"0x8a6885d3096dc33f7e3835759f9f7b00fbab8f02d4f4020267085a0b2cbf5d74","stateView":"0xc3c9e198c735a4b97e3e683f391ccbdd60b69286","tickLower":-887220,"tickUpper":887220}	{"ok": true, "feeGrowthInside0X128": "0", "feeGrowthInside1X128": "0"}
{"blockNumber":"56689690","poolId":"0x6874d3d2b99e6b75ed2fae390907e1d921d4b06b7f48fc6d3fe9c547507e369c","stateView":"0xc3c9e198c735a4b97e3e683f391ccbdd60b69286","tickLower":-244130,"tickUpper":-238480}	{"ok": true, "feeGrowthInside0X128": "0", "feeGrowthInside1X128": "0"}
{"blockNumber":"56696648","poolId":"0x91a0aff7ed38ecb29b5ecaafb78f124d1aae8e92391a97a3e985f3e051e32904","stateView":"0xc3c9e198c735a4b97e3e683f391ccbdd60b69286","tickLower":-384528,"tickUpper":-92109}	{"ok": true, "feeGrowthInside0X128": "0", "feeGrowthInside1X128": "0"}
{"blockNumber":"56696664","poolId":"0x91a0aff7ed38ecb29b5ecaafb78f124d1aae8e92391a97a3e985f3e051e32904","stateView":"0xc3c9e198c735a4b97e3e683f391ccbdd60b69286","tickLower":-384528,"tickUpper":-92109}	{"ok": true, "feeGrowthInside0X128": "0", "feeGrowthInside1X128": "0"}
{"blockNumber":"56696669","poolId":"0x91a0aff7ed38ecb29b5ecaafb78f124d1aae8e92391a97a3e985f3e051e32904","stateView":"0xc3c9e198c735a4b97e3e683f391ccbdd60b69286","tickLower":-384528,"tickUpper":-92109}	{"ok": true, "feeGrowthInside0X128": "0", "feeGrowthInside1X128": "0"}
{"blockNumber":"56696678","poolId":"0x91a0aff7ed38ecb29b5ecaafb78f124d1aae8e92391a97a3e985f3e051e32904","stateView":"0xc3c9e198c735a4b97e3e683f391ccbdd60b69286","tickLower":-384528,"tickUpper":-92109}	{"ok": true, "feeGrowthInside0X128": "0", "feeGrowthInside1X128": "0"}
{"blockNumber":"56696687","poolId":"0x91a0aff7ed38ecb29b5ecaafb78f124d1aae8e92391a97a3e985f3e051e32904","stateView":"0xc3c9e198c735a4b97e3e683f391ccbdd60b69286","tickLower":-384528,"tickUpper":-92109}	{"ok": true, "feeGrowthInside0X128": "0", "feeGrowthInside1X128": "0"}
{"blockNumber":"56697689","poolId":"0x6874d3d2b99e6b75ed2fae390907e1d921d4b06b7f48fc6d3fe9c547507e369c","stateView":"0xc3c9e198c735a4b97e3e683f391ccbdd60b69286","tickLower":-241980,"tickUpper":-240770}	{"ok": true, "feeGrowthInside0X128": "0", "feeGrowthInside1X128": "0"}
{"blockNumber":"56705490","poolId":"0x6874d3d2b99e6b75ed2fae390907e1d921d4b06b7f48fc6d3fe9c547507e369c","stateView":"0xc3c9e198c735a4b97e3e683f391ccbdd60b69286","tickLower":-242650,"tickUpper":-242310}	{"ok": true, "feeGrowthInside0X128": "115792089237316195423570985008687907849847759825649469404949707698709485675106", "feeGrowthInside1X128": "115792089237316195423570985008687907853269984665569140873952480964772548306425"}
{"blockNumber":"56708613","poolId":"0x15ce112b91e68aa8df16f1e921ee679252b579a324d10e82d43f91a52306d9aa","stateView":"0xc3c9e198c735a4b97e3e683f391ccbdd60b69286","tickLower":314400,"tickUpper":321000}	{"ok": true, "feeGrowthInside0X128": "0", "feeGrowthInside1X128": "0"}
{"blockNumber":"56708651","poolId":"0x239415c764b61e632b2eda6223372492770f826679524af40febb20594e94a56","stateView":"0xc3c9e198c735a4b97e3e683f391ccbdd60b69286","tickLower":-115620,"tickUpper":-114600}	{"ok": true, "feeGrowthInside0X128": "0", "feeGrowthInside1X128": "0"}
{"blockNumber":"56708774","poolId":"0x239415c764b61e632b2eda6223372492770f826679524af40febb20594e94a56","stateView":"0xc3c9e198c735a4b97e3e683f391ccbdd60b69286","tickLower":-115620,"tickUpper":-114600}	{"ok": true, "feeGrowthInside0X128": "0", "feeGrowthInside1X128": "0"}
{"blockNumber":"56708787","poolId":"0x6874d3d2b99e6b75ed2fae390907e1d921d4b06b7f48fc6d3fe9c547507e369c","stateView":"0xc3c9e198c735a4b97e3e683f391ccbdd60b69286","tickLower":-245410,"tickUpper":-239430}	{"ok": true, "feeGrowthInside0X128": "0", "feeGrowthInside1X128": "0"}
{"blockNumber":"56708835","poolId":"0x6874d3d2b99e6b75ed2fae390907e1d921d4b06b7f48fc6d3fe9c547507e369c","stateView":"0xc3c9e198c735a4b97e3e683f391ccbdd60b69286","tickLower":-245410,"tickUpper":-239430}	{"ok": true, "feeGrowthInside0X128": "0", "feeGrowthInside1X128": "0"}
{"blockNumber":"56710620","poolId":"0x6874d3d2b99e6b75ed2fae390907e1d921d4b06b7f48fc6d3fe9c547507e369c","stateView":"0xc3c9e198c735a4b97e3e683f391ccbdd60b69286","tickLower":-241660,"tickUpper":-240770}	{"ok": true, "feeGrowthInside0X128": "0", "feeGrowthInside1X128": "0"}
{"blockNumber":"56714285","poolId":"0x15ce112b91e68aa8df16f1e921ee679252b579a324d10e82d43f91a52306d9aa","stateView":"0xc3c9e198c735a4b97e3e683f391ccbdd60b69286","tickLower":314400,"tickUpper":321000}	{"ok": true, "feeGrowthInside0X128": "0", "feeGrowthInside1X128": "0"}
{"blockNumber":"56714360","poolId":"0x15ce112b91e68aa8df16f1e921ee679252b579a324d10e82d43f91a52306d9aa","stateView":"0xc3c9e198c735a4b97e3e683f391ccbdd60b69286","tickLower":-887200,"tickUpper":887200}	{"ok": true, "feeGrowthInside0X128": "0", "feeGrowthInside1X128": "0"}
{"blockNumber":"56714681","poolId":"0x15ce112b91e68aa8df16f1e921ee679252b579a324d10e82d43f91a52306d9aa","stateView":"0xc3c9e198c735a4b97e3e683f391ccbdd60b69286","tickLower":238200,"tickUpper":244600}	{"ok": true, "feeGrowthInside0X128": "0", "feeGrowthInside1X128": "0"}
{"blockNumber":"56720213","poolId":"0x8a6885d3096dc33f7e3835759f9f7b00fbab8f02d4f4020267085a0b2cbf5d74","stateView":"0xc3c9e198c735a4b97e3e683f391ccbdd60b69286","tickLower":-887220,"tickUpper":887220}	{"ok": true, "feeGrowthInside0X128": "9610745028181753000873612187553790", "feeGrowthInside1X128": "0"}
{"blockNumber":"56785528","poolId":"0x6874d3d2b99e6b75ed2fae390907e1d921d4b06b7f48fc6d3fe9c547507e369c","stateView":"0xc3c9e198c735a4b97e3e683f391ccbdd60b69286","tickLower":-246370,"tickUpper":-241980}	{"ok": true, "feeGrowthInside0X128": "17082870006987842881858677605384969575747", "feeGrowthInside1X128": "356488171497010187125706862833"}
{"blockNumber":"56720936","poolId":"0x6874d3d2b99e6b75ed2fae390907e1d921d4b06b7f48fc6d3fe9c547507e369c","stateView":"0xc3c9e198c735a4b97e3e683f391ccbdd60b69286","tickLower":-242650,"tickUpper":-242310}	{"ok": true, "feeGrowthInside0X128": "115792089237316195423570985008687907848938944119076715505888362572834254826545", "feeGrowthInside1X128": "115792089237316195423570985008687907853269984665558185152683631327266939938744"}
{"blockNumber":"56724544","poolId":"0x6874d3d2b99e6b75ed2fae390907e1d921d4b06b7f48fc6d3fe9c547507e369c","stateView":"0xc3c9e198c735a4b97e3e683f391ccbdd60b69286","tickLower":-309790,"tickUpper":-309750}	{"ok": true, "feeGrowthInside0X128": "0", "feeGrowthInside1X128": "0"}
{"blockNumber":"56724947","poolId":"0x6874d3d2b99e6b75ed2fae390907e1d921d4b06b7f48fc6d3fe9c547507e369c","stateView":"0xc3c9e198c735a4b97e3e683f391ccbdd60b69286","tickLower":-309790,"tickUpper":-309750}	{"ok": true, "feeGrowthInside0X128": "0", "feeGrowthInside1X128": "0"}
{"blockNumber":"56725018","poolId":"0x6874d3d2b99e6b75ed2fae390907e1d921d4b06b7f48fc6d3fe9c547507e369c","stateView":"0xc3c9e198c735a4b97e3e683f391ccbdd60b69286","tickLower":-309910,"tickUpper":-309890}	{"ok": true, "feeGrowthInside0X128": "0", "feeGrowthInside1X128": "0"}
{"blockNumber":"56725068","poolId":"0x6874d3d2b99e6b75ed2fae390907e1d921d4b06b7f48fc6d3fe9c547507e369c","stateView":"0xc3c9e198c735a4b97e3e683f391ccbdd60b69286","tickLower":-309910,"tickUpper":-309890}	{"ok": true, "feeGrowthInside0X128": "0", "feeGrowthInside1X128": "0"}
{"blockNumber":"56729735","poolId":"0x6874d3d2b99e6b75ed2fae390907e1d921d4b06b7f48fc6d3fe9c547507e369c","stateView":"0xc3c9e198c735a4b97e3e683f391ccbdd60b69286","tickLower":-244540,"tickUpper":-243030}	{"ok": true, "feeGrowthInside0X128": "0", "feeGrowthInside1X128": "0"}
{"blockNumber":"56732851","poolId":"0x6874d3d2b99e6b75ed2fae390907e1d921d4b06b7f48fc6d3fe9c547507e369c","stateView":"0xc3c9e198c735a4b97e3e683f391ccbdd60b69286","tickLower":-243780,"tickUpper":-238250}	{"ok": true, "feeGrowthInside0X128": "0", "feeGrowthInside1X128": "0"}
{"blockNumber":"56739146","poolId":"0xa685e30445ba26e6b744e45f636fccab0d44969c873a85564cfaf4be5a61eb14","stateView":"0xc3c9e198c735a4b97e3e683f391ccbdd60b69286","tickLower":-323220,"tickUpper":-301260}	{"ok": true, "feeGrowthInside0X128": "0", "feeGrowthInside1X128": "0"}
{"blockNumber":"56739191","poolId":"0xa685e30445ba26e6b744e45f636fccab0d44969c873a85564cfaf4be5a61eb14","stateView":"0xc3c9e198c735a4b97e3e683f391ccbdd60b69286","tickLower":-323220,"tickUpper":-301260}	{"ok": true, "feeGrowthInside0X128": "0", "feeGrowthInside1X128": "0"}
{"blockNumber":"56741031","poolId":"0xa685e30445ba26e6b744e45f636fccab0d44969c873a85564cfaf4be5a61eb14","stateView":"0xc3c9e198c735a4b97e3e683f391ccbdd60b69286","tickLower":-323220,"tickUpper":-301260}	{"ok": true, "feeGrowthInside0X128": "0", "feeGrowthInside1X128": "0"}
{"blockNumber":"56743132","poolId":"0xa685e30445ba26e6b744e45f636fccab0d44969c873a85564cfaf4be5a61eb14","stateView":"0xc3c9e198c735a4b97e3e683f391ccbdd60b69286","tickLower":-323220,"tickUpper":-301260}	{"ok": true, "feeGrowthInside0X128": "270383169487276038013629855780881469392000", "feeGrowthInside1X128": "0"}
{"blockNumber":"56743182","poolId":"0xa685e30445ba26e6b744e45f636fccab0d44969c873a85564cfaf4be5a61eb14","stateView":"0xc3c9e198c735a4b97e3e683f391ccbdd60b69286","tickLower":-323220,"tickUpper":-301260}	{"ok": true, "feeGrowthInside0X128": "270383169487276038013629855780881469392000", "feeGrowthInside1X128": "0"}
{"blockNumber":"56744238","poolId":"0x6874d3d2b99e6b75ed2fae390907e1d921d4b06b7f48fc6d3fe9c547507e369c","stateView":"0xc3c9e198c735a4b97e3e683f391ccbdd60b69286","tickLower":-246370,"tickUpper":-241980}	{"ok": true, "feeGrowthInside0X128": "10297121866325203304227628323857485082931", "feeGrowthInside1X128": "125681799118615363692185819566"}
{"blockNumber":"56746768","poolId":"0x6874d3d2b99e6b75ed2fae390907e1d921d4b06b7f48fc6d3fe9c547507e369c","stateView":"0xc3c9e198c735a4b97e3e683f391ccbdd60b69286","tickLower":-241980,"tickUpper":-240770}	{"ok": true, "feeGrowthInside0X128": "328597307922218174713254383552830774945", "feeGrowthInside1X128": "8463636468711735440975244000"}
{"blockNumber":"56746900","poolId":"0x6874d3d2b99e6b75ed2fae390907e1d921d4b06b7f48fc6d3fe9c547507e369c","stateView":"0xc3c9e198c735a4b97e3e683f391ccbdd60b69286","tickLower":-244880,"tickUpper":-243000}	{"ok": true, "feeGrowthInside0X128": "0", "feeGrowthInside1X128": "0"}
{"blockNumber":"56749607","poolId":"0x3ec47f565c767fe5950553db6c8852bf6a1f61db8be8d3294e0b2720c8dc71f2","stateView":"0xc3c9e198c735a4b97e3e683f391ccbdd60b69286","tickLower":-887200,"tickUpper":887200}	{"ok": true, "feeGrowthInside0X128": "0", "feeGrowthInside1X128": "0"}
{"blockNumber":"56751933","poolId":"0x6874d3d2b99e6b75ed2fae390907e1d921d4b06b7f48fc6d3fe9c547507e369c","stateView":"0xc3c9e198c735a4b97e3e683f391ccbdd60b69286","tickLower":-243780,"tickUpper":-238250}	{"ok": true, "feeGrowthInside0X128": "0", "feeGrowthInside1X128": "0"}
{"blockNumber":"56756080","poolId":"0x6874d3d2b99e6b75ed2fae390907e1d921d4b06b7f48fc6d3fe9c547507e369c","stateView":"0xc3c9e198c735a4b97e3e683f391ccbdd60b69286","tickLower":-241660,"tickUpper":-240770}	{"ok": true, "feeGrowthInside0X128": "0", "feeGrowthInside1X128": "0"}
{"blockNumber":"56773953","poolId":"0x6874d3d2b99e6b75ed2fae390907e1d921d4b06b7f48fc6d3fe9c547507e369c","stateView":"0xc3c9e198c735a4b97e3e683f391ccbdd60b69286","tickLower":-244880,"tickUpper":-243000}	{"ok": true, "feeGrowthInside0X128": "16764408630562153340276648611432348693423", "feeGrowthInside1X128": "361182722752013665678232318544"}
{"blockNumber":"56773990","poolId":"0x6874d3d2b99e6b75ed2fae390907e1d921d4b06b7f48fc6d3fe9c547507e369c","stateView":"0xc3c9e198c735a4b97e3e683f391ccbdd60b69286","tickLower":-243220,"tickUpper":-214170}	{"ok": true, "feeGrowthInside0X128": "0", "feeGrowthInside1X128": "0"}
{"blockNumber":"56774320","poolId":"0x6874d3d2b99e6b75ed2fae390907e1d921d4b06b7f48fc6d3fe9c547507e369c","stateView":"0xc3c9e198c735a4b97e3e683f391ccbdd60b69286","tickLower":-243740,"tickUpper":-241060}	{"ok": true, "feeGrowthInside0X128": "0", "feeGrowthInside1X128": "0"}
{"blockNumber":"56779320","poolId":"0x9fda9c3bb552b7a58f94ab7e51767c85914023b2514feb3b3ad7c7ce23f97394","stateView":"0xc3c9e198c735a4b97e3e683f391ccbdd60b69286","tickLower":-887220,"tickUpper":887220}	{"ok": true, "feeGrowthInside0X128": "0", "feeGrowthInside1X128": "0"}
{"blockNumber":"56779372","poolId":"0x9fda9c3bb552b7a58f94ab7e51767c85914023b2514feb3b3ad7c7ce23f97394","stateView":"0xc3c9e198c735a4b97e3e683f391ccbdd60b69286","tickLower":-887220,"tickUpper":887220}	{"ok": true, "feeGrowthInside0X128": "0", "feeGrowthInside1X128": "0"}
{"blockNumber":"56785440","poolId":"0xe53360aef410555f2e2944b26f06aa1438dcd103882f5264cd488265eced2192","stateView":"0xc3c9e198c735a4b97e3e683f391ccbdd60b69286","tickLower":-244980,"tickUpper":-228420}	{"ok": true, "feeGrowthInside0X128": "0", "feeGrowthInside1X128": "0"}
{"blockNumber":"56800843","poolId":"0x6874d3d2b99e6b75ed2fae390907e1d921d4b06b7f48fc6d3fe9c547507e369c","stateView":"0xc3c9e198c735a4b97e3e683f391ccbdd60b69286","tickLower":-244960,"tickUpper":-240760}	{"ok": true, "feeGrowthInside0X128": "0", "feeGrowthInside1X128": "0"}
{"blockNumber":"56810433","poolId":"0x3ec47f565c767fe5950553db6c8852bf6a1f61db8be8d3294e0b2720c8dc71f2","stateView":"0xc3c9e198c735a4b97e3e683f391ccbdd60b69286","tickLower":-887200,"tickUpper":887200}	{"ok": true, "feeGrowthInside0X128": "41676119304037751092101703843332937843374", "feeGrowthInside1X128": "2842033495740014372807388857419"}
{"blockNumber":"56811140","poolId":"0xc30eb4d51ed61d484f23e965ba25820534f0d6e146b50b89850a0aab448b2f35","stateView":"0xc3c9e198c735a4b97e3e683f391ccbdd60b69286","tickLower":-887180,"tickUpper":887180}	{"ok": true, "feeGrowthInside0X128": "0", "feeGrowthInside1X128": "0"}
{"blockNumber":"56832552","poolId":"0x46d306a2393a2fbff4221d589150f31dab1f571b0672c85a6215cdbe5d20b804","stateView":"0xc3c9e198c735a4b97e3e683f391ccbdd60b69286","tickLower":-100800,"tickUpper":-54800}	{"ok": true, "feeGrowthInside0X128": "0", "feeGrowthInside1X128": "0"}
{"blockNumber":"56832750","poolId":"0x6874d3d2b99e6b75ed2fae390907e1d921d4b06b7f48fc6d3fe9c547507e369c","stateView":"0xc3c9e198c735a4b97e3e683f391ccbdd60b69286","tickLower":-309300,"tickUpper":-307820}	{"ok": true, "feeGrowthInside0X128": "0", "feeGrowthInside1X128": "0"}
{"blockNumber":"56833059","poolId":"0x6874d3d2b99e6b75ed2fae390907e1d921d4b06b7f48fc6d3fe9c547507e369c","stateView":"0xc3c9e198c735a4b97e3e683f391ccbdd60b69286","tickLower":-309300,"tickUpper":-307820}	{"ok": true, "feeGrowthInside0X128": "0", "feeGrowthInside1X128": "0"}
{"blockNumber":"56834891","poolId":"0x6874d3d2b99e6b75ed2fae390907e1d921d4b06b7f48fc6d3fe9c547507e369c","stateView":"0xc3c9e198c735a4b97e3e683f391ccbdd60b69286","tickLower":-245410,"tickUpper":-243360}	{"ok": true, "feeGrowthInside0X128": "19732034888419715179696236748284213842676", "feeGrowthInside1X128": "469388425984899590272616194477"}
{"blockNumber":"56835647","poolId":"0x3ec47f565c767fe5950553db6c8852bf6a1f61db8be8d3294e0b2720c8dc71f2","stateView":"0xc3c9e198c735a4b97e3e683f391ccbdd60b69286","tickLower":-887200,"tickUpper":887200}	{"ok": true, "feeGrowthInside0X128": "41676119304037751092101703843332937843374", "feeGrowthInside1X128": "3121697968136317417266832683652"}
{"blockNumber":"56835748","poolId":"0xc30eb4d51ed61d484f23e965ba25820534f0d6e146b50b89850a0aab448b2f35","stateView":"0xc3c9e198c735a4b97e3e683f391ccbdd60b69286","tickLower":-887180,"tickUpper":887180}	{"ok": true, "feeGrowthInside0X128": "0", "feeGrowthInside1X128": "218135864091101682978268951560"}
{"blockNumber":"56843771","poolId":"0x37cdb488d0a79c4ed9bd26a019ce79971bf094f06266485fe531b52973820c76","stateView":"0xc3c9e198c735a4b97e3e683f391ccbdd60b69286","tickLower":-887220,"tickUpper":887220}	{"ok": true, "feeGrowthInside0X128": "0", "feeGrowthInside1X128": "0"}
{"blockNumber":"56844401","poolId":"0x37cdb488d0a79c4ed9bd26a019ce79971bf094f06266485fe531b52973820c76","stateView":"0xc3c9e198c735a4b97e3e683f391ccbdd60b69286","tickLower":-887220,"tickUpper":887220}	{"ok": true, "feeGrowthInside0X128": "561794483856718927832463378976069471", "feeGrowthInside1X128": "0"}
{"blockNumber":"56844674","poolId":"0x6874d3d2b99e6b75ed2fae390907e1d921d4b06b7f48fc6d3fe9c547507e369c","stateView":"0xc3c9e198c735a4b97e3e683f391ccbdd60b69286","tickLower":-244540,"tickUpper":-242650}	{"ok": true, "feeGrowthInside0X128": "16974065625465831451718971833529843275792", "feeGrowthInside1X128": "421598231783581834059300017189"}
{"blockNumber":"56871295","poolId":"0x6874d3d2b99e6b75ed2fae390907e1d921d4b06b7f48fc6d3fe9c547507e369c","stateView":"0xc3c9e198c735a4b97e3e683f391ccbdd60b69286","tickLower":-243510,"tickUpper":-239690}	{"ok": true, "feeGrowthInside0X128": "0", "feeGrowthInside1X128": "0"}
{"blockNumber":"56874784","poolId":"0x97f340ac393d4e4c2eac1fb920694b5d5857cf1b8efcaf2aa0981ee9de81a935","stateView":"0xc3c9e198c735a4b97e3e683f391ccbdd60b69286","tickLower":2213,"tickUpper":3615}	{"ok": true, "feeGrowthInside0X128": "0", "feeGrowthInside1X128": "0"}
{"blockNumber":"56875176","poolId":"0x97f340ac393d4e4c2eac1fb920694b5d5857cf1b8efcaf2aa0981ee9de81a935","stateView":"0xc3c9e198c735a4b97e3e683f391ccbdd60b69286","tickLower":2213,"tickUpper":3615}	{"ok": true, "feeGrowthInside0X128": "0", "feeGrowthInside1X128": "0"}
{"blockNumber":"56877568","poolId":"0xe53360aef410555f2e2944b26f06aa1438dcd103882f5264cd488265eced2192","stateView":"0xc3c9e198c735a4b97e3e683f391ccbdd60b69286","tickLower":-244980,"tickUpper":-242340}	{"ok": true, "feeGrowthInside0X128": "36477002370434778213044418757897180386848", "feeGrowthInside1X128": "799943055460729267532881614875"}
{"blockNumber":"56878961","poolId":"0xe53360aef410555f2e2944b26f06aa1438dcd103882f5264cd488265eced2192","stateView":"0xc3c9e198c735a4b97e3e683f391ccbdd60b69286","tickLower":-244980,"tickUpper":-242340}	{"ok": true, "feeGrowthInside0X128": "37054040485322186786703822791470547794780", "feeGrowthInside1X128": "810417172116259505361202185846"}
{"blockNumber":"56883034","poolId":"0xfdcba933e7a1c866d65187727120db48bf1f4ca219b4a6e1d4d920d72a78bc5b","stateView":"0xc3c9e198c735a4b97e3e683f391ccbdd60b69286","tickLower":-1080,"tickUpper":960}	{"ok": true, "feeGrowthInside0X128": "0", "feeGrowthInside1X128": "0"}
{"blockNumber":"56887753","poolId":"0x6874d3d2b99e6b75ed2fae390907e1d921d4b06b7f48fc6d3fe9c547507e369c","stateView":"0xc3c9e198c735a4b97e3e683f391ccbdd60b69286","tickLower":-243670,"tickUpper":-240210}	{"ok": true, "feeGrowthInside0X128": "0", "feeGrowthInside1X128": "0"}
{"blockNumber":"56897439","poolId":"0x6874d3d2b99e6b75ed2fae390907e1d921d4b06b7f48fc6d3fe9c547507e369c","stateView":"0xc3c9e198c735a4b97e3e683f391ccbdd60b69286","tickLower":-243670,"tickUpper":-240210}	{"ok": true, "feeGrowthInside0X128": "0", "feeGrowthInside1X128": "0"}
{"blockNumber":"56908153","poolId":"0x6874d3d2b99e6b75ed2fae390907e1d921d4b06b7f48fc6d3fe9c547507e369c","stateView":"0xc3c9e198c735a4b97e3e683f391ccbdd60b69286","tickLower":-243820,"tickUpper":-239430}	{"ok": true, "feeGrowthInside0X128": "0", "feeGrowthInside1X128": "0"}
{"blockNumber":"56908441","poolId":"0x6874d3d2b99e6b75ed2fae390907e1d921d4b06b7f48fc6d3fe9c547507e369c","stateView":"0xc3c9e198c735a4b97e3e683f391ccbdd60b69286","tickLower":-243840,"tickUpper":-239430}	{"ok": true, "feeGrowthInside0X128": "0", "feeGrowthInside1X128": "0"}
{"blockNumber":"56920028","poolId":"0x6874d3d2b99e6b75ed2fae390907e1d921d4b06b7f48fc6d3fe9c547507e369c","stateView":"0xc3c9e198c735a4b97e3e683f391ccbdd60b69286","tickLower":-244540,"tickUpper":-242650}	{"ok": true, "feeGrowthInside0X128": "25786179751540651986892599070395388523483", "feeGrowthInside1X128": "653203057831572833358898234871"}
{"blockNumber":"56926130","poolId":"0xcfbbf4e87c31b7bf70d882c81f195b16818a9f5f708aae5a0886bb275c0d814d","stateView":"0xc3c9e198c735a4b97e3e683f391ccbdd60b69286","tickLower":318300,"tickUpper":320160}	{"ok": true, "feeGrowthInside0X128": "0", "feeGrowthInside1X128": "0"}
{"blockNumber":"56927989","poolId":"0x6874d3d2b99e6b75ed2fae390907e1d921d4b06b7f48fc6d3fe9c547507e369c","stateView":"0xc3c9e198c735a4b97e3e683f391ccbdd60b69286","tickLower":-244050,"tickUpper":-239690}	{"ok": true, "feeGrowthInside0X128": "0", "feeGrowthInside1X128": "0"}
{"blockNumber":"56928030","poolId":"0x6874d3d2b99e6b75ed2fae390907e1d921d4b06b7f48fc6d3fe9c547507e369c","stateView":"0xc3c9e198c735a4b97e3e683f391ccbdd60b69286","tickLower":-244050,"tickUpper":-239690}	{"ok": true, "feeGrowthInside0X128": "0", "feeGrowthInside1X128": "0"}
{"blockNumber":"56930078","poolId":"0x6874d3d2b99e6b75ed2fae390907e1d921d4b06b7f48fc6d3fe9c547507e369c","stateView":"0xc3c9e198c735a4b97e3e683f391ccbdd60b69286","tickLower":-246370,"tickUpper":-240770}	{"ok": true, "feeGrowthInside0X128": "35254921960766256935875997337057835140612", "feeGrowthInside1X128": "796427337183408560974103795625"}
{"blockNumber":"56931856","poolId":"0x6874d3d2b99e6b75ed2fae390907e1d921d4b06b7f48fc6d3fe9c547507e369c","stateView":"0xc3c9e198c735a4b97e3e683f391ccbdd60b69286","tickLower":-245880,"tickUpper":-244410}	{"ok": true, "feeGrowthInside0X128": "0", "feeGrowthInside1X128": "0"}
{"blockNumber":"56950852","poolId":"0x6874d3d2b99e6b75ed2fae390907e1d921d4b06b7f48fc6d3fe9c547507e369c","stateView":"0xc3c9e198c735a4b97e3e683f391ccbdd60b69286","tickLower":-245410,"tickUpper":-243360}	{"ok": true, "feeGrowthInside0X128": "36616948209779360038157287028011719226673", "feeGrowthInside1X128": "869296085008872418746053969791"}
{"blockNumber":"56952336","poolId":"0xe53360aef410555f2e2944b26f06aa1438dcd103882f5264cd488265eced2192","stateView":"0xc3c9e198c735a4b97e3e683f391ccbdd60b69286","tickLower":-244980,"tickUpper":-242340}	{"ok": true, "feeGrowthInside0X128": "61135252834139943044819622467984801331646", "feeGrowthInside1X128": "1269759968400190782702855717007"}
{"blockNumber":"56952400","poolId":"0xe53360aef410555f2e2944b26f06aa1438dcd103882f5264cd488265eced2192","stateView":"0xc3c9e198c735a4b97e3e683f391ccbdd60b69286","tickLower":-244980,"tickUpper":-242340}	{"ok": true, "feeGrowthInside0X128": "61135252834139943044819622467984801331646", "feeGrowthInside1X128": "1269759968400190782702855717007"}
{"blockNumber":"56955609","poolId":"0xfdcba933e7a1c866d65187727120db48bf1f4ca219b4a6e1d4d920d72a78bc5b","stateView":"0xc3c9e198c735a4b97e3e683f391ccbdd60b69286","tickLower":-1080,"tickUpper":960}	{"ok": true, "feeGrowthInside0X128": "0", "feeGrowthInside1X128": "0"}
{"blockNumber":"56971081","poolId":"0xe53360aef410555f2e2944b26f06aa1438dcd103882f5264cd488265eced2192","stateView":"0xc3c9e198c735a4b97e3e683f391ccbdd60b69286","tickLower":-244980,"tickUpper":-239040}	{"ok": true, "feeGrowthInside0X128": "64520327367383482537724242097354648397907", "feeGrowthInside1X128": "1373608957816289693075540425609"}
{"blockNumber":"56972485","poolId":"0x6874d3d2b99e6b75ed2fae390907e1d921d4b06b7f48fc6d3fe9c547507e369c","stateView":"0xc3c9e198c735a4b97e3e683f391ccbdd60b69286","tickLower":-244690,"tickUpper":-243000}	{"ok": true, "feeGrowthInside0X128": "0", "feeGrowthInside1X128": "0"}
{"blockNumber":"56974345","poolId":"0xe53360aef410555f2e2944b26f06aa1438dcd103882f5264cd488265eced2192","stateView":"0xc3c9e198c735a4b97e3e683f391ccbdd60b69286","tickLower":-887220,"tickUpper":887220}	{"ok": true, "feeGrowthInside0X128": "64520327367383482537724242097354648397907", "feeGrowthInside1X128": "7019357789764499182374284148360"}
{"blockNumber":"56974434","poolId":"0xe53360aef410555f2e2944b26f06aa1438dcd103882f5264cd488265eced2192","stateView":"0xc3c9e198c735a4b97e3e683f391ccbdd60b69286","tickLower":-887220,"tickUpper":887220}	{"ok": true, "feeGrowthInside0X128": "64520327367383482537724242097354648397907", "feeGrowthInside1X128": "7019357789764499182374284148360"}
{"blockNumber":"56974452","poolId":"0xe53360aef410555f2e2944b26f06aa1438dcd103882f5264cd488265eced2192","stateView":"0xc3c9e198c735a4b97e3e683f391ccbdd60b69286","tickLower":-887220,"tickUpper":887220}	{"ok": true, "feeGrowthInside0X128": "64520327367383482537724242097354648397907", "feeGrowthInside1X128": "7019357789764499182374284148360"}
{"blockNumber":"56977409","poolId":"0xe53360aef410555f2e2944b26f06aa1438dcd103882f5264cd488265eced2192","stateView":"0xc3c9e198c735a4b97e3e683f391ccbdd60b69286","tickLower":-887220,"tickUpper":887220}	{"ok": true, "feeGrowthInside0X128": "68188346476122731898495203828793051197674", "feeGrowthInside1X128": "7040661462771675921389844213441"}
{"blockNumber":"56983220","poolId":"0x6874d3d2b99e6b75ed2fae390907e1d921d4b06b7f48fc6d3fe9c547507e369c","stateView":"0xc3c9e198c735a4b97e3e683f391ccbdd60b69286","tickLower":-246780,"tickUpper":-244050}	{"ok": true, "feeGrowthInside0X128": "115792089237316195423570985008687907850806496996403415103314644494855083969654", "feeGrowthInside1X128": "115792089237316195423570985008687907853269984665577589828786239056515882948868"}
{"blockNumber":"56990861","poolId":"0x6874d3d2b99e6b75ed2fae390907e1d921d4b06b7f48fc6d3fe9c547507e369c","stateView":"0xc3c9e198c735a4b97e3e683f391ccbdd60b69286","tickLower":-246370,"tickUpper":-236430}	{"ok": true, "feeGrowthInside0X128": "45206726972653493189101799758294331202135", "feeGrowthInside1X128": "1027077095928179981411171191356"}
{"blockNumber":"56991568","poolId":"0xe53360aef410555f2e2944b26f06aa1438dcd103882f5264cd488265eced2192","stateView":"0xc3c9e198c735a4b97e3e683f391ccbdd60b69286","tickLower":-244980,"tickUpper":-239040}	{"ok": true, "feeGrowthInside0X128": "76517980020859682849011535565104411038845", "feeGrowthInside1X128": "1519872858449370914825166761414"}
{"blockNumber":"56991592","poolId":"0xe53360aef410555f2e2944b26f06aa1438dcd103882f5264cd488265eced2192","stateView":"0xc3c9e198c735a4b97e3e683f391ccbdd60b69286","tickLower":-244980,"tickUpper":-239040}	{"ok": true, "feeGrowthInside0X128": "76517980020859682849011535565104411038845", "feeGrowthInside1X128": "1519872858449370914825166761414"}
{"blockNumber":"57020544","poolId":"0x6874d3d2b99e6b75ed2fae390907e1d921d4b06b7f48fc6d3fe9c547507e369c","stateView":"0xc3c9e198c735a4b97e3e683f391ccbdd60b69286","tickLower":-245880,"tickUpper":-244380}	{"ok": true, "feeGrowthInside0X128": "12198594423989918583166158937126321551963", "feeGrowthInside1X128": "293624731781427890327408646939"}
{"blockNumber":"57034188","poolId":"0x116576c14bf61f50a47abe053520f605ba6255edfeef0948d70536f0fde80ccf","stateView":"0xc3c9e198c735a4b97e3e683f391ccbdd60b69286","tickLower":276320,"tickUpper":276330}	{"ok": true, "feeGrowthInside0X128": "0", "feeGrowthInside1X128": "0"}
{"blockNumber":"57034248","poolId":"0x116576c14bf61f50a47abe053520f605ba6255edfeef0948d70536f0fde80ccf","stateView":"0xc3c9e198c735a4b97e3e683f391ccbdd60b69286","tickLower":276320,"tickUpper":276330}	{"ok": true, "feeGrowthInside0X128": "0", "feeGrowthInside1X128": "51042999658484527204090630796968650970"}
{"blockNumber":"57041229","poolId":"0x6874d3d2b99e6b75ed2fae390907e1d921d4b06b7f48fc6d3fe9c547507e369c","stateView":"0xc3c9e198c735a4b97e3e683f391ccbdd60b69286","tickLower":-245410,"tickUpper":-239430}	{"ok": true, "feeGrowthInside0X128": "47372953629416512287603554821451817245095", "feeGrowthInside1X128": "1127661723829517077148466929769"}
{"blockNumber":"57046567","poolId":"0x6874d3d2b99e6b75ed2fae390907e1d921d4b06b7f48fc6d3fe9c547507e369c","stateView":"0xc3c9e198c735a4b97e3e683f391ccbdd60b69286","tickLower":-243220,"tickUpper":-214170}	{"ok": true, "feeGrowthInside0X128": "0", "feeGrowthInside1X128": "0"}
{"blockNumber":"57046608","poolId":"0x6874d3d2b99e6b75ed2fae390907e1d921d4b06b7f48fc6d3fe9c547507e369c","stateView":"0xc3c9e198c735a4b97e3e683f391ccbdd60b69286","tickLower":-244340,"tickUpper":-223340}	{"ok": true, "feeGrowthInside0X128": "0", "feeGrowthInside1X128": "0"}
{"blockNumber":"57053418","poolId":"0x6874d3d2b99e6b75ed2fae390907e1d921d4b06b7f48fc6d3fe9c547507e369c","stateView":"0xc3c9e198c735a4b97e3e683f391ccbdd60b69286","tickLower":-244130,"tickUpper":-239430}	{"ok": true, "feeGrowthInside0X128": "33228621902354610949465530471047419961503", "feeGrowthInside1X128": "771436142117600850418846224248"}
{"blockNumber":"57059281","poolId":"0x6874d3d2b99e6b75ed2fae390907e1d921d4b06b7f48fc6d3fe9c547507e369c","stateView":"0xc3c9e198c735a4b97e3e683f391ccbdd60b69286","tickLower":-244960,"tickUpper":-240760}	{"ok": true, "feeGrowthInside0X128": "32398072835781315986999869265052222863488", "feeGrowthInside1X128": "794961833144101363676336544109"}
{"blockNumber":"57059298","poolId":"0x6874d3d2b99e6b75ed2fae390907e1d921d4b06b7f48fc6d3fe9c547507e369c","stateView":"0xc3c9e198c735a4b97e3e683f391ccbdd60b69286","tickLower":-244960,"tickUpper":-240760}	{"ok": true, "feeGrowthInside0X128": "52294103810807843648055645930767771912019", "feeGrowthInside1X128": "1244194271210286300277805554641"}
{"blockNumber":"57067992","poolId":"0xde11b2ea1ebf9365680459f86b06ff8363f0adf4a5d5b9adb726154aadb9dd51","stateView":"0xc3c9e198c735a4b97e3e683f391ccbdd60b69286","tickLower":-887200,"tickUpper":887200}	{"ok": true, "feeGrowthInside0X128": "0", "feeGrowthInside1X128": "0"}
{"blockNumber":"57068081","poolId":"0xde11b2ea1ebf9365680459f86b06ff8363f0adf4a5d5b9adb726154aadb9dd51","stateView":"0xc3c9e198c735a4b97e3e683f391ccbdd60b69286","tickLower":-887200,"tickUpper":887200}	{"ok": true, "feeGrowthInside0X128": "0", "feeGrowthInside1X128": "673480079079719994772120894760260022715351"}
{"blockNumber":"57072457","poolId":"0x159e6e8aee99fb988a846d491efd3f1038adc76086c3d1f02ea6ee50cd250099","stateView":"0xc3c9e198c735a4b97e3e683f391ccbdd60b69286","tickLower":67320,"tickUpper":70020}	{"ok": true, "feeGrowthInside0X128": "0", "feeGrowthInside1X128": "0"}
{"blockNumber":"57074180","poolId":"0xde11b2ea1ebf9365680459f86b06ff8363f0adf4a5d5b9adb726154aadb9dd51","stateView":"0xc3c9e198c735a4b97e3e683f391ccbdd60b69286","tickLower":-887200,"tickUpper":887200}	{"ok": true, "feeGrowthInside0X128": "0", "feeGrowthInside1X128": "673480079079719994772120894760260022715351"}
{"blockNumber":"57077792","poolId":"0x65de479b88abfe54eb1251cd375c61890234f6829c35e679b19247d06fafa608","stateView":"0xc3c9e198c735a4b97e3e683f391ccbdd60b69286","tickLower":-887272,"tickUpper":887272}	{"ok": true, "feeGrowthInside0X128": "907537170906820472494405559488191380406", "feeGrowthInside1X128": "0"}
{"blockNumber":"57080418","poolId":"0xe53360aef410555f2e2944b26f06aa1438dcd103882f5264cd488265eced2192","stateView":"0xc3c9e198c735a4b97e3e683f391ccbdd60b69286","tickLower":-887220,"tickUpper":887220}	{"ok": true, "feeGrowthInside0X128": "87971761862504635641118558955494395508849", "feeGrowthInside1X128": "7462902484023973916743985189027"}
{"blockNumber":"57080688","poolId":"0xe53360aef410555f2e2944b26f06aa1438dcd103882f5264cd488265eced2192","stateView":"0xc3c9e198c735a4b97e3e683f391ccbdd60b69286","tickLower":-887220,"tickUpper":887220}	{"ok": true, "feeGrowthInside0X128": "87971761862504635641118558955494395508849", "feeGrowthInside1X128": "7462902484023973916743985189027"}
{"blockNumber":"57081672","poolId":"0xe53360aef410555f2e2944b26f06aa1438dcd103882f5264cd488265eced2192","stateView":"0xc3c9e198c735a4b97e3e683f391ccbdd60b69286","tickLower":-887220,"tickUpper":887220}	{"ok": true, "feeGrowthInside0X128": "87971761862504635641118558955494395508849", "feeGrowthInside1X128": "7473284442874429136125941808346"}
{"blockNumber":"57081746","poolId":"0xe53360aef410555f2e2944b26f06aa1438dcd103882f5264cd488265eced2192","stateView":"0xc3c9e198c735a4b97e3e683f391ccbdd60b69286","tickLower":-887220,"tickUpper":887220}	{"ok": true, "feeGrowthInside0X128": "87971761862504635641118558955494395508849", "feeGrowthInside1X128": "7473284442874429136125941808346"}
{"blockNumber":"57081770","poolId":"0xe53360aef410555f2e2944b26f06aa1438dcd103882f5264cd488265eced2192","stateView":"0xc3c9e198c735a4b97e3e683f391ccbdd60b69286","tickLower":-887220,"tickUpper":887220}	{"ok": true, "feeGrowthInside0X128": "87971761862504635641118558955494395508849", "feeGrowthInside1X128": "7473284442874429136125941808346"}
{"blockNumber":"57081826","poolId":"0xe53360aef410555f2e2944b26f06aa1438dcd103882f5264cd488265eced2192","stateView":"0xc3c9e198c735a4b97e3e683f391ccbdd60b69286","tickLower":-887220,"tickUpper":887220}	{"ok": true, "feeGrowthInside0X128": "87971761862504635641118558955494395508849", "feeGrowthInside1X128": "7473284442874429136125941808346"}
{"blockNumber":"57217004","poolId":"0xe53360aef410555f2e2944b26f06aa1438dcd103882f5264cd488265eced2192","stateView":"0xc3c9e198c735a4b97e3e683f391ccbdd60b69286","tickLower":-887220,"tickUpper":887220}	{"ok": true, "feeGrowthInside0X128": "121862236617463703494757707141927012901477", "feeGrowthInside1X128": "8348396212578739331838474735962"}
{"blockNumber":"57217243","poolId":"0xe53360aef410555f2e2944b26f06aa1438dcd103882f5264cd488265eced2192","stateView":"0xc3c9e198c735a4b97e3e683f391ccbdd60b69286","tickLower":-887220,"tickUpper":887220}	{"ok": true, "feeGrowthInside0X128": "121862236617463703494757707141927012901477", "feeGrowthInside1X128": "8348396212578739331838474735962"}
{"blockNumber":"57222699","poolId":"0xe53360aef410555f2e2944b26f06aa1438dcd103882f5264cd488265eced2192","stateView":"0xc3c9e198c735a4b97e3e683f391ccbdd60b69286","tickLower":-887220,"tickUpper":887220}	{"ok": true, "feeGrowthInside0X128": "122429546913367165077989290943067028850836", "feeGrowthInside1X128": "8429641906463384027761518836792"}
{"blockNumber":"57224221","poolId":"0xe53360aef410555f2e2944b26f06aa1438dcd103882f5264cd488265eced2192","stateView":"0xc3c9e198c735a4b97e3e683f391ccbdd60b69286","tickLower":-887220,"tickUpper":887220}	{"ok": true, "feeGrowthInside0X128": "122831247540347921607380423663748293844811", "feeGrowthInside1X128": "8441646047606737555546281392369"}
{"blockNumber":"57224271","poolId":"0xe53360aef410555f2e2944b26f06aa1438dcd103882f5264cd488265eced2192","stateView":"0xc3c9e198c735a4b97e3e683f391ccbdd60b69286","tickLower":-887220,"tickUpper":887220}	{"ok": true, "feeGrowthInside0X128": "122831247540347921607380423663748293844811", "feeGrowthInside1X128": "8441646047606737555546281392369"}
{"blockNumber":"57224281","poolId":"0xe53360aef410555f2e2944b26f06aa1438dcd103882f5264cd488265eced2192","stateView":"0xc3c9e198c735a4b97e3e683f391ccbdd60b69286","tickLower":-887220,"tickUpper":887220}	{"ok": true, "feeGrowthInside0X128": "122831247540347921607380423663748293844811", "feeGrowthInside1X128": "8441646047606737555546281392369"}
{"blockNumber":"57291033","poolId":"0xe53360aef410555f2e2944b26f06aa1438dcd103882f5264cd488265eced2192","stateView":"0xc3c9e198c735a4b97e3e683f391ccbdd60b69286","tickLower":-243720,"tickUpper":-242640}	{"ok": true, "feeGrowthInside0X128": "0", "feeGrowthInside1X128": "0"}
{"blockNumber":"57291425","poolId":"0xe53360aef410555f2e2944b26f06aa1438dcd103882f5264cd488265eced2192","stateView":"0xc3c9e198c735a4b97e3e683f391ccbdd60b69286","tickLower":-243720,"tickUpper":-242640}	{"ok": true, "feeGrowthInside0X128": "0", "feeGrowthInside1X128": "0"}
{"blockNumber":"57291571","poolId":"0xe53360aef410555f2e2944b26f06aa1438dcd103882f5264cd488265eced2192","stateView":"0xc3c9e198c735a4b97e3e683f391ccbdd60b69286","tickLower":-243720,"tickUpper":-242640}	{"ok": true, "feeGrowthInside0X128": "0", "feeGrowthInside1X128": "0"}
{"blockNumber":"57292015","poolId":"0xe53360aef410555f2e2944b26f06aa1438dcd103882f5264cd488265eced2192","stateView":"0xc3c9e198c735a4b97e3e683f391ccbdd60b69286","tickLower":-243720,"tickUpper":-242640}	{"ok": true, "feeGrowthInside0X128": "0", "feeGrowthInside1X128": "0"}
{"blockNumber":"57292037","poolId":"0xe53360aef410555f2e2944b26f06aa1438dcd103882f5264cd488265eced2192","stateView":"0xc3c9e198c735a4b97e3e683f391ccbdd60b69286","tickLower":-243720,"tickUpper":-242640}	{"ok": true, "feeGrowthInside0X128": "0", "feeGrowthInside1X128": "0"}
{"blockNumber":"57292071","poolId":"0xe53360aef410555f2e2944b26f06aa1438dcd103882f5264cd488265eced2192","stateView":"0xc3c9e198c735a4b97e3e683f391ccbdd60b69286","tickLower":-243720,"tickUpper":-242640}	{"ok": true, "feeGrowthInside0X128": "0", "feeGrowthInside1X128": "0"}
{"blockNumber":"57338864","poolId":"0xe53360aef410555f2e2944b26f06aa1438dcd103882f5264cd488265eced2192","stateView":"0xc3c9e198c735a4b97e3e683f391ccbdd60b69286","tickLower":-243420,"tickUpper":-242640}	{"ok": true, "feeGrowthInside0X128": "0", "feeGrowthInside1X128": "0"}
{"blockNumber":"57338993","poolId":"0xe53360aef410555f2e2944b26f06aa1438dcd103882f5264cd488265eced2192","stateView":"0xc3c9e198c735a4b97e3e683f391ccbdd60b69286","tickLower":-243420,"tickUpper":-242640}	{"ok": true, "feeGrowthInside0X128": "0", "feeGrowthInside1X128": "0"}
{"blockNumber":"57339053","poolId":"0xe53360aef410555f2e2944b26f06aa1438dcd103882f5264cd488265eced2192","stateView":"0xc3c9e198c735a4b97e3e683f391ccbdd60b69286","tickLower":-243420,"tickUpper":-242640}	{"ok": true, "feeGrowthInside0X128": "0", "feeGrowthInside1X128": "0"}
{"blockNumber":"57093233","poolId":"0x6874d3d2b99e6b75ed2fae390907e1d921d4b06b7f48fc6d3fe9c547507e369c","stateView":"0xc3c9e198c735a4b97e3e683f391ccbdd60b69286","tickLower":-245070,"tickUpper":-242490}	{"ok": true, "feeGrowthInside0X128": "0", "feeGrowthInside1X128": "0"}
{"blockNumber":"57117401","poolId":"0x6874d3d2b99e6b75ed2fae390907e1d921d4b06b7f48fc6d3fe9c547507e369c","stateView":"0xc3c9e198c735a4b97e3e683f391ccbdd60b69286","tickLower":-245070,"tickUpper":-242490}	{"ok": true, "feeGrowthInside0X128": "61611810456023843247561447468597999870935", "feeGrowthInside1X128": "1482856691179672555909671790031"}
{"blockNumber":"57153179","poolId":"0x6874d3d2b99e6b75ed2fae390907e1d921d4b06b7f48fc6d3fe9c547507e369c","stateView":"0xc3c9e198c735a4b97e3e683f391ccbdd60b69286","tickLower":-246370,"tickUpper":-240770}	{"ok": true, "feeGrowthInside0X128": "64192738469657177493251597336628084556393", "feeGrowthInside1X128": "1550564092526664246581725239049"}
{"blockNumber":"57155745","poolId":"0x6874d3d2b99e6b75ed2fae390907e1d921d4b06b7f48fc6d3fe9c547507e369c","stateView":"0xc3c9e198c735a4b97e3e683f391ccbdd60b69286","tickLower":-243510,"tickUpper":-235380}	{"ok": true, "feeGrowthInside0X128": "2212550155660609162599817730096773904107", "feeGrowthInside1X128": "48113530517153667351531733621"}
{"blockNumber":"57212916","poolId":"0x6874d3d2b99e6b75ed2fae390907e1d921d4b06b7f48fc6d3fe9c547507e369c","stateView":"0xc3c9e198c735a4b97e3e683f391ccbdd60b69286","tickLower":-246370,"tickUpper":-235380}	{"ok": true, "feeGrowthInside0X128": "73137138089887369230991244677785344125003", "feeGrowthInside1X128": "1741479972387871879968403172265"}
{"blockNumber":"57165036","poolId":"0x6874d3d2b99e6b75ed2fae390907e1d921d4b06b7f48fc6d3fe9c547507e369c","stateView":"0xc3c9e198c735a4b97e3e683f391ccbdd60b69286","tickLower":-244110,"tickUpper":-235380}	{"ok": true, "feeGrowthInside0X128": "0", "feeGrowthInside1X128": "0"}
{"blockNumber":"57175649","poolId":"0x6874d3d2b99e6b75ed2fae390907e1d921d4b06b7f48fc6d3fe9c547507e369c","stateView":"0xc3c9e198c735a4b97e3e683f391ccbdd60b69286","tickLower":-246690,"tickUpper":-238940}	{"ok": true, "feeGrowthInside0X128": "0", "feeGrowthInside1X128": "0"}
{"blockNumber":"57184729","poolId":"0x6874d3d2b99e6b75ed2fae390907e1d921d4b06b7f48fc6d3fe9c547507e369c","stateView":"0xc3c9e198c735a4b97e3e683f391ccbdd60b69286","tickLower":-246690,"tickUpper":-238940}	{"ok": true, "feeGrowthInside0X128": "70408567772399376210010496922487682182692", "feeGrowthInside1X128": "1701366175630616375542275704672"}
{"blockNumber":"57180915","poolId":"0x6874d3d2b99e6b75ed2fae390907e1d921d4b06b7f48fc6d3fe9c547507e369c","stateView":"0xc3c9e198c735a4b97e3e683f391ccbdd60b69286","tickLower":-246780,"tickUpper":-244050}	{"ok": true, "feeGrowthInside0X128": "57344447741480429479667081561640657076652", "feeGrowthInside1X128": "1363358742227214992637155456150"}
{"blockNumber":"57180936","poolId":"0x6874d3d2b99e6b75ed2fae390907e1d921d4b06b7f48fc6d3fe9c547507e369c","stateView":"0xc3c9e198c735a4b97e3e683f391ccbdd60b69286","tickLower":-245880,"tickUpper":-244380}	{"ok": true, "feeGrowthInside0X128": "115792089237316195423570985008687907816210889822622430241806962378098921625223", "feeGrowthInside1X128": "115792089237316195423570985008687907853269984664781876484245970312473238556913"}
{"blockNumber":"57314338","poolId":"0x6874d3d2b99e6b75ed2fae390907e1d921d4b06b7f48fc6d3fe9c547507e369c","stateView":"0xc3c9e198c735a4b97e3e683f391ccbdd60b69286","tickLower":-245190,"tickUpper":-236620}	{"ok": true, "feeGrowthInside0X128": "0", "feeGrowthInside1X128": "0"}
{"blockNumber":"57315943","poolId":"0x6874d3d2b99e6b75ed2fae390907e1d921d4b06b7f48fc6d3fe9c547507e369c","stateView":"0xc3c9e198c735a4b97e3e683f391ccbdd60b69286","tickLower":-243550,"tickUpper":-240890}	{"ok": true, "feeGrowthInside0X128": "0", "feeGrowthInside1X128": "0"}
{"blockNumber":"57321866","poolId":"0x6874d3d2b99e6b75ed2fae390907e1d921d4b06b7f48fc6d3fe9c547507e369c","stateView":"0xc3c9e198c735a4b97e3e683f391ccbdd60b69286","tickLower":-243550,"tickUpper":-240890}	{"ok": true, "feeGrowthInside0X128": "87112637540518026665603581672725192100870", "feeGrowthInside1X128": "2157635499941628390502259357115"}
{"blockNumber":"57326882","poolId":"0x6874d3d2b99e6b75ed2fae390907e1d921d4b06b7f48fc6d3fe9c547507e369c","stateView":"0xc3c9e198c735a4b97e3e683f391ccbdd60b69286","tickLower":-243630,"tickUpper":-241710}	{"ok": true, "feeGrowthInside0X128": "0", "feeGrowthInside1X128": "0"}
{"blockNumber":"57470154","poolId":"0xb1e899359d524a48d328179339ff7926accc11b87bf594fc0f741895b9751130","stateView":"0xc3c9e198c735a4b97e3e683f391ccbdd60b69286","tickLower":-886800,"tickUpper":886800}	{"ok": true, "feeGrowthInside0X128": "0", "feeGrowthInside1X128": "0"}
{"blockNumber":"57331279","poolId":"0x6874d3d2b99e6b75ed2fae390907e1d921d4b06b7f48fc6d3fe9c547507e369c","stateView":"0xc3c9e198c735a4b97e3e683f391ccbdd60b69286","tickLower":-244050,"tickUpper":-239690}	{"ok": true, "feeGrowthInside0X128": "27440475862221137572183713352640354440932", "feeGrowthInside1X128": "727097549613703443549407159748"}
{"blockNumber":"57113726","poolId":"0x159e6e8aee99fb988a846d491efd3f1038adc76086c3d1f02ea6ee50cd250099","stateView":"0xc3c9e198c735a4b97e3e683f391ccbdd60b69286","tickLower":68520,"tickUpper":68820}	{"ok": true, "feeGrowthInside0X128": "0", "feeGrowthInside1X128": "0"}
{"blockNumber":"57148719","poolId":"0x159e6e8aee99fb988a846d491efd3f1038adc76086c3d1f02ea6ee50cd250099","stateView":"0xc3c9e198c735a4b97e3e683f391ccbdd60b69286","tickLower":68520,"tickUpper":68820}	{"ok": true, "feeGrowthInside0X128": "0", "feeGrowthInside1X128": "0"}
{"blockNumber":"57168449","poolId":"0x159e6e8aee99fb988a846d491efd3f1038adc76086c3d1f02ea6ee50cd250099","stateView":"0xc3c9e198c735a4b97e3e683f391ccbdd60b69286","tickLower":67320,"tickUpper":70020}	{"ok": true, "feeGrowthInside0X128": "223652035214722642293164455421314", "feeGrowthInside1X128": "373543629215629757158043273444679608"}
{"blockNumber":"57282468","poolId":"0xa685e30445ba26e6b744e45f636fccab0d44969c873a85564cfaf4be5a61eb14","stateView":"0xc3c9e198c735a4b97e3e683f391ccbdd60b69286","tickLower":-323220,"tickUpper":-301260}	{"ok": true, "feeGrowthInside0X128": "1932364404971477514536351307791471555494485", "feeGrowthInside1X128": "49545892978622179076953579184"}
{"blockNumber":"57282476","poolId":"0xa685e30445ba26e6b744e45f636fccab0d44969c873a85564cfaf4be5a61eb14","stateView":"0xc3c9e198c735a4b97e3e683f391ccbdd60b69286","tickLower":-323220,"tickUpper":-301260}	{"ok": true, "feeGrowthInside0X128": "1932364404971477514536351307791471555494485", "feeGrowthInside1X128": "49545892978622179076953579184"}
{"blockNumber":"57117816","poolId":"0x2baa9e0c2d8ff24d1512a406b498eff72c71b1e2b422281c24309de4a9cc237c","stateView":"0xc3c9e198c735a4b97e3e683f391ccbdd60b69286","tickLower":-337440,"tickUpper":-321300}	{"ok": true, "feeGrowthInside0X128": "0", "feeGrowthInside1X128": "0"}
{"blockNumber":"57117906","poolId":"0x2baa9e0c2d8ff24d1512a406b498eff72c71b1e2b422281c24309de4a9cc237c","stateView":"0xc3c9e198c735a4b97e3e683f391ccbdd60b69286","tickLower":-337440,"tickUpper":-321300}	{"ok": true, "feeGrowthInside0X128": "0", "feeGrowthInside1X128": "0"}
{"blockNumber":"57118644","poolId":"0xe89380f012d4fdb4ff25453195a942187385f8eb16fd05ccd265d6408d4a84ff","stateView":"0xc3c9e198c735a4b97e3e683f391ccbdd60b69286","tickLower":77400,"tickUpper":92200}	{"ok": true, "feeGrowthInside0X128": "0", "feeGrowthInside1X128": "0"}
{"blockNumber":"57118747","poolId":"0x2baa9e0c2d8ff24d1512a406b498eff72c71b1e2b422281c24309de4a9cc237c","stateView":"0xc3c9e198c735a4b97e3e683f391ccbdd60b69286","tickLower":-337440,"tickUpper":-321300}	{"ok": true, "feeGrowthInside0X128": "0", "feeGrowthInside1X128": "0"}
{"blockNumber":"57118850","poolId":"0xe89380f012d4fdb4ff25453195a942187385f8eb16fd05ccd265d6408d4a84ff","stateView":"0xc3c9e198c735a4b97e3e683f391ccbdd60b69286","tickLower":77400,"tickUpper":92200}	{"ok": true, "feeGrowthInside0X128": "0", "feeGrowthInside1X128": "0"}
{"blockNumber":"57187551","poolId":"0xd0ea9c73b7debb6e41406d8798cdb2bf0ae7f4938cb1d1f514decff1bb14eae7","stateView":"0xc3c9e198c735a4b97e3e683f391ccbdd60b69286","tickLower":-326400,"tickUpper":-280400}	{"ok": true, "feeGrowthInside0X128": "0", "feeGrowthInside1X128": "0"}
{"blockNumber":"57202868","poolId":"0xc87330be803bac4b2a59c91cff5472d57761e94da31f3815da7be4d630842eff","stateView":"0xc3c9e198c735a4b97e3e683f391ccbdd60b69286","tickLower":-246366,"tickUpper":-243742}	{"ok": true, "feeGrowthInside0X128": "0", "feeGrowthInside1X128": "0"}
{"blockNumber":"57203031","poolId":"0xc87330be803bac4b2a59c91cff5472d57761e94da31f3815da7be4d630842eff","stateView":"0xc3c9e198c735a4b97e3e683f391ccbdd60b69286","tickLower":-246366,"tickUpper":-243742}	{"ok": true, "feeGrowthInside0X128": "0", "feeGrowthInside1X128": "0"}
{"blockNumber":"57203660","poolId":"0xc87330be803bac4b2a59c91cff5472d57761e94da31f3815da7be4d630842eff","stateView":"0xc3c9e198c735a4b97e3e683f391ccbdd60b69286","tickLower":-246366,"tickUpper":-243742}	{"ok": true, "feeGrowthInside0X128": "0", "feeGrowthInside1X128": "442641027527814917230773591"}
{"blockNumber":"57209848","poolId":"0xc87330be803bac4b2a59c91cff5472d57761e94da31f3815da7be4d630842eff","stateView":"0xc3c9e198c735a4b97e3e683f391ccbdd60b69286","tickLower":-244134,"tickUpper":-243881}	{"ok": true, "feeGrowthInside0X128": "0", "feeGrowthInside1X128": "0"}
{"blockNumber":"57211304","poolId":"0xc87330be803bac4b2a59c91cff5472d57761e94da31f3815da7be4d630842eff","stateView":"0xc3c9e198c735a4b97e3e683f391ccbdd60b69286","tickLower":-244134,"tickUpper":-243881}	{"ok": true, "feeGrowthInside0X128": "91566282673266567804244790255386026443", "feeGrowthInside1X128": "2592754002411859675639164340"}
{"blockNumber":"57236288","poolId":"0x50a05d670928fbf8bf51213a8cd202dfaf51c9a672805bb76fe5a76b73353db9","stateView":"0xc3c9e198c735a4b97e3e683f391ccbdd60b69286","tickLower":-356040,"tickUpper":-354180}	{"ok": true, "feeGrowthInside0X128": "0", "feeGrowthInside1X128": "0"}
{"blockNumber":"57236311","poolId":"0x50a05d670928fbf8bf51213a8cd202dfaf51c9a672805bb76fe5a76b73353db9","stateView":"0xc3c9e198c735a4b97e3e683f391ccbdd60b69286","tickLower":-356040,"tickUpper":-354180}	{"ok": true, "feeGrowthInside0X128": "0", "feeGrowthInside1X128": "0"}
{"blockNumber":"57470941","poolId":"0x116576c14bf61f50a47abe053520f605ba6255edfeef0948d70536f0fde80ccf","stateView":"0xc3c9e198c735a4b97e3e683f391ccbdd60b69286","tickLower":276320,"tickUpper":276330}	{"ok": true, "feeGrowthInside0X128": "56655870729421992676", "feeGrowthInside1X128": "51072920850947005418223797569975857260"}
{"blockNumber":"57358074","poolId":"0x6874d3d2b99e6b75ed2fae390907e1d921d4b06b7f48fc6d3fe9c547507e369c","stateView":"0xc3c9e198c735a4b97e3e683f391ccbdd60b69286","tickLower":-243630,"tickUpper":-241710}	{"ok": true, "feeGrowthInside0X128": "0", "feeGrowthInside1X128": "0"}
{"blockNumber":"57366678","poolId":"0x6874d3d2b99e6b75ed2fae390907e1d921d4b06b7f48fc6d3fe9c547507e369c","stateView":"0xc3c9e198c735a4b97e3e683f391ccbdd60b69286","tickLower":-243880,"tickUpper":-243160}	{"ok": true, "feeGrowthInside0X128": "0", "feeGrowthInside1X128": "0"}
{"blockNumber":"57504930","poolId":"0x6874d3d2b99e6b75ed2fae390907e1d921d4b06b7f48fc6d3fe9c547507e369c","stateView":"0xc3c9e198c735a4b97e3e683f391ccbdd60b69286","tickLower":-243880,"tickUpper":-243160}	{"ok": true, "feeGrowthInside0X128": "0", "feeGrowthInside1X128": "0"}
{"blockNumber":"57378790","poolId":"0x6874d3d2b99e6b75ed2fae390907e1d921d4b06b7f48fc6d3fe9c547507e369c","stateView":"0xc3c9e198c735a4b97e3e683f391ccbdd60b69286","tickLower":-245410,"tickUpper":-239430}	{"ok": true, "feeGrowthInside0X128": "88707923393689929836276689335066253655209", "feeGrowthInside1X128": "2198982538920771465048688315284"}
{"blockNumber":"57400391","poolId":"0x6874d3d2b99e6b75ed2fae390907e1d921d4b06b7f48fc6d3fe9c547507e369c","stateView":"0xc3c9e198c735a4b97e3e683f391ccbdd60b69286","tickLower":-244130,"tickUpper":-239430}	{"ok": true, "feeGrowthInside0X128": "67487494243914702156154272722377985745659", "feeGrowthInside1X128": "1661516156432348203106239846337"}
{"blockNumber":"57447321","poolId":"0x6874d3d2b99e6b75ed2fae390907e1d921d4b06b7f48fc6d3fe9c547507e369c","stateView":"0xc3c9e198c735a4b97e3e683f391ccbdd60b69286","tickLower":-244130,"tickUpper":-239430}	{"ok": true, "feeGrowthInside0X128": "69148239922662360470257436877151089781068", "feeGrowthInside1X128": "1700316641102844408691911818054"}
{"blockNumber":"57400618","poolId":"0x6874d3d2b99e6b75ed2fae390907e1d921d4b06b7f48fc6d3fe9c547507e369c","stateView":"0xc3c9e198c735a4b97e3e683f391ccbdd60b69286","tickLower":-244970,"tickUpper":-242310}	{"ok": true, "feeGrowthInside0X128": "115792089237316195423570985008687907848938944119076715505888362572834254826545", "feeGrowthInside1X128": "115792089237316195423570985008687907853269984665558185152683631327266939938744"}
{"blockNumber":"57441227","poolId":"0x6874d3d2b99e6b75ed2fae390907e1d921d4b06b7f48fc6d3fe9c547507e369c","stateView":"0xc3c9e198c735a4b97e3e683f391ccbdd60b69286","tickLower":-887270,"tickUpper":887270}	{"ok": true, "feeGrowthInside0X128": "0", "feeGrowthInside1X128": "0"}
{"blockNumber":"57611433","poolId":"0x6874d3d2b99e6b75ed2fae390907e1d921d4b06b7f48fc6d3fe9c547507e369c","stateView":"0xc3c9e198c735a4b97e3e683f391ccbdd60b69286","tickLower":-887270,"tickUpper":887270}	{"ok": true, "feeGrowthInside0X128": "15320123817020565157145053398515650152249", "feeGrowthInside1X128": "362801404328851167809309236157"}
{"blockNumber":"57450443","poolId":"0x6874d3d2b99e6b75ed2fae390907e1d921d4b06b7f48fc6d3fe9c547507e369c","stateView":"0xc3c9e198c735a4b97e3e683f391ccbdd60b69286","tickLower":-244850,"tickUpper":-242040}	{"ok": true, "feeGrowthInside0X128": "0", "feeGrowthInside1X128": "0"}
{"blockNumber":"57450475","poolId":"0x6874d3d2b99e6b75ed2fae390907e1d921d4b06b7f48fc6d3fe9c547507e369c","stateView":"0xc3c9e198c735a4b97e3e683f391ccbdd60b69286","tickLower":-244850,"tickUpper":-242040}	{"ok": true, "feeGrowthInside0X128": "0", "feeGrowthInside1X128": "0"}
{"blockNumber":"57450525","poolId":"0x6874d3d2b99e6b75ed2fae390907e1d921d4b06b7f48fc6d3fe9c547507e369c","stateView":"0xc3c9e198c735a4b97e3e683f391ccbdd60b69286","tickLower":-244850,"tickUpper":-242040}	{"ok": true, "feeGrowthInside0X128": "0", "feeGrowthInside1X128": "726174999625401253320627894"}
{"blockNumber":"57455113","poolId":"0x6874d3d2b99e6b75ed2fae390907e1d921d4b06b7f48fc6d3fe9c547507e369c","stateView":"0xc3c9e198c735a4b97e3e683f391ccbdd60b69286","tickLower":-244850,"tickUpper":-242040}	{"ok": true, "feeGrowthInside0X128": "98640393218672660484839998025187753235474", "feeGrowthInside1X128": "2430014389175338226426732468596"}
{"blockNumber":"57456221","poolId":"0x6874d3d2b99e6b75ed2fae390907e1d921d4b06b7f48fc6d3fe9c547507e369c","stateView":"0xc3c9e198c735a4b97e3e683f391ccbdd60b69286","tickLower":-253300,"tickUpper":-231900}	{"ok": true, "feeGrowthInside0X128": "0", "feeGrowthInside1X128": "0"}
{"blockNumber":"57456647","poolId":"0x6874d3d2b99e6b75ed2fae390907e1d921d4b06b7f48fc6d3fe9c547507e369c","stateView":"0xc3c9e198c735a4b97e3e683f391ccbdd60b69286","tickLower":-253300,"tickUpper":-231900}	{"ok": true, "feeGrowthInside0X128": "0", "feeGrowthInside1X128": "2791364014484502738256029130"}
{"blockNumber":"57466873","poolId":"0x6874d3d2b99e6b75ed2fae390907e1d921d4b06b7f48fc6d3fe9c547507e369c","stateView":"0xc3c9e198c735a4b97e3e683f391ccbdd60b69286","tickLower":-245190,"tickUpper":-236620}	{"ok": true, "feeGrowthInside0X128": "15213211983877563544807206493842445617898", "feeGrowthInside1X128": "360834631728970034038135422284"}
{"blockNumber":"57466892","poolId":"0x6874d3d2b99e6b75ed2fae390907e1d921d4b06b7f48fc6d3fe9c547507e369c","stateView":"0xc3c9e198c735a4b97e3e683f391ccbdd60b69286","tickLower":-245190,"tickUpper":-236620}	{"ok": true, "feeGrowthInside0X128": "101163140697311784374941970604732585495476", "feeGrowthInside1X128": "2477223113205122294970720338845"}
{"blockNumber":"57500691","poolId":"0x6874d3d2b99e6b75ed2fae390907e1d921d4b06b7f48fc6d3fe9c547507e369c","stateView":"0xc3c9e198c735a4b97e3e683f391ccbdd60b69286","tickLower":-244530,"tickUpper":-243180}	{"ok": true, "feeGrowthInside0X128": "0", "feeGrowthInside1X128": "0"}
{"blockNumber":"57514933","poolId":"0x6874d3d2b99e6b75ed2fae390907e1d921d4b06b7f48fc6d3fe9c547507e369c","stateView":"0xc3c9e198c735a4b97e3e683f391ccbdd60b69286","tickLower":-244530,"tickUpper":-243180}	{"ok": true, "feeGrowthInside0X128": "0", "feeGrowthInside1X128": "0"}
{"blockNumber":"57547755","poolId":"0x6874d3d2b99e6b75ed2fae390907e1d921d4b06b7f48fc6d3fe9c547507e369c","stateView":"0xc3c9e198c735a4b97e3e683f391ccbdd60b69286","tickLower":-244620,"tickUpper":-237610}	{"ok": true, "feeGrowthInside0X128": "0", "feeGrowthInside1X128": "0"}
{"blockNumber":"57551632","poolId":"0x6874d3d2b99e6b75ed2fae390907e1d921d4b06b7f48fc6d3fe9c547507e369c","stateView":"0xc3c9e198c735a4b97e3e683f391ccbdd60b69286","tickLower":-244620,"tickUpper":-237610}	{"ok": true, "feeGrowthInside0X128": "44396446071813197751335288094822048682", "feeGrowthInside1X128": "3520706604751293539059703542"}
{"blockNumber":"57551644","poolId":"0x6874d3d2b99e6b75ed2fae390907e1d921d4b06b7f48fc6d3fe9c547507e369c","stateView":"0xc3c9e198c735a4b97e3e683f391ccbdd60b69286","tickLower":-244620,"tickUpper":-237610}	{"ok": true, "feeGrowthInside0X128": "109091956091510826795355186064532176293628", "feeGrowthInside1X128": "2655425334922382405154736045012"}
{"blockNumber":"57594154","poolId":"0x6874d3d2b99e6b75ed2fae390907e1d921d4b06b7f48fc6d3fe9c547507e369c","stateView":"0xc3c9e198c735a4b97e3e683f391ccbdd60b69286","tickLower":-246320,"tickUpper":-243000}	{"ok": true, "feeGrowthInside0X128": "0", "feeGrowthInside1X128": "0"}
{"blockNumber":"57622267","poolId":"0x6874d3d2b99e6b75ed2fae390907e1d921d4b06b7f48fc6d3fe9c547507e369c","stateView":"0xc3c9e198c735a4b97e3e683f391ccbdd60b69286","tickLower":-244950,"tickUpper":-243000}	{"ok": true, "feeGrowthInside0X128": "0", "feeGrowthInside1X128": "0"}
{"blockNumber":"57622293","poolId":"0x6874d3d2b99e6b75ed2fae390907e1d921d4b06b7f48fc6d3fe9c547507e369c","stateView":"0xc3c9e198c735a4b97e3e683f391ccbdd60b69286","tickLower":-244950,"tickUpper":-243000}	{"ok": true, "feeGrowthInside0X128": "0", "feeGrowthInside1X128": "0"}
{"blockNumber":"57622406","poolId":"0x6874d3d2b99e6b75ed2fae390907e1d921d4b06b7f48fc6d3fe9c547507e369c","stateView":"0xc3c9e198c735a4b97e3e683f391ccbdd60b69286","tickLower":-244950,"tickUpper":-243000}	{"ok": true, "feeGrowthInside0X128": "114006342316432725413814708786956084991808", "feeGrowthInside1X128": "2792057050186516886664341473510"}
{"blockNumber":"57659648","poolId":"0x6874d3d2b99e6b75ed2fae390907e1d921d4b06b7f48fc6d3fe9c547507e369c","stateView":"0xc3c9e198c735a4b97e3e683f391ccbdd60b69286","tickLower":-246510,"tickUpper":-242190}	{"ok": true, "feeGrowthInside0X128": "0", "feeGrowthInside1X128": "0"}
{"blockNumber":"57672624","poolId":"0x6874d3d2b99e6b75ed2fae390907e1d921d4b06b7f48fc6d3fe9c547507e369c","stateView":"0xc3c9e198c735a4b97e3e683f391ccbdd60b69286","tickLower":-244050,"tickUpper":-239690}	{"ok": true, "feeGrowthInside0X128": "38193140569386698643186816125748201775600", "feeGrowthInside1X128": "986389517119404403741869808013"}
{"blockNumber":"57372545","poolId":"0xe53360aef410555f2e2944b26f06aa1438dcd103882f5264cd488265eced2192","stateView":"0xc3c9e198c735a4b97e3e683f391ccbdd60b69286","tickLower":-240480,"tickUpper":-238920}	{"ok": true, "feeGrowthInside0X128": "0", "feeGrowthInside1X128": "0"}
{"blockNumber":"57444389","poolId":"0xe53360aef410555f2e2944b26f06aa1438dcd103882f5264cd488265eced2192","stateView":"0xc3c9e198c735a4b97e3e683f391ccbdd60b69286","tickLower":-240480,"tickUpper":-238920}	{"ok": true, "feeGrowthInside0X128": "0", "feeGrowthInside1X128": "0"}
{"blockNumber":"57394170","poolId":"0xe53360aef410555f2e2944b26f06aa1438dcd103882f5264cd488265eced2192","stateView":"0xc3c9e198c735a4b97e3e683f391ccbdd60b69286","tickLower":-244740,"tickUpper":-243240}	{"ok": true, "feeGrowthInside0X128": "0", "feeGrowthInside1X128": "0"}
{"blockNumber":"57410224","poolId":"0xe53360aef410555f2e2944b26f06aa1438dcd103882f5264cd488265eced2192","stateView":"0xc3c9e198c735a4b97e3e683f391ccbdd60b69286","tickLower":-244740,"tickUpper":-242940}	{"ok": true, "feeGrowthInside0X128": "1980669329349709657631614843899193579938", "feeGrowthInside1X128": "15775844246298413387685995356"}
{"blockNumber":"57521590","poolId":"0xe53360aef410555f2e2944b26f06aa1438dcd103882f5264cd488265eced2192","stateView":"0xc3c9e198c735a4b97e3e683f391ccbdd60b69286","tickLower":-244740,"tickUpper":-242940}	{"ok": true, "feeGrowthInside0X128": "23763481746668000484349998152832208440479", "feeGrowthInside1X128": "390910158625009373253687506217"}
{"blockNumber":"57521612","poolId":"0xe53360aef410555f2e2944b26f06aa1438dcd103882f5264cd488265eced2192","stateView":"0xc3c9e198c735a4b97e3e683f391ccbdd60b69286","tickLower":-244740,"tickUpper":-242940}	{"ok": true, "feeGrowthInside0X128": "23763481746668000484349998152832208440479", "feeGrowthInside1X128": "390910158625009373253687506217"}
{"blockNumber":"57522048","poolId":"0xe53360aef410555f2e2944b26f06aa1438dcd103882f5264cd488265eced2192","stateView":"0xc3c9e198c735a4b97e3e683f391ccbdd60b69286","tickLower":-244740,"tickUpper":-242940}	{"ok": true, "feeGrowthInside0X128": "23763481746668000484349998152832208440479", "feeGrowthInside1X128": "390910158625009373253687506217"}
{"blockNumber":"57522186","poolId":"0xe53360aef410555f2e2944b26f06aa1438dcd103882f5264cd488265eced2192","stateView":"0xc3c9e198c735a4b97e3e683f391ccbdd60b69286","tickLower":-244740,"tickUpper":-242940}	{"ok": true, "feeGrowthInside0X128": "23763481746668000484349998152832208440479", "feeGrowthInside1X128": "390910158625009373253687506217"}
{"blockNumber":"57526821","poolId":"0xe53360aef410555f2e2944b26f06aa1438dcd103882f5264cd488265eced2192","stateView":"0xc3c9e198c735a4b97e3e683f391ccbdd60b69286","tickLower":-244740,"tickUpper":-242940}	{"ok": true, "feeGrowthInside0X128": "23763481746668000484349998152832208440479", "feeGrowthInside1X128": "390910158625009373253687506217"}
{"blockNumber":"57674804","poolId":"0xe53360aef410555f2e2944b26f06aa1438dcd103882f5264cd488265eced2192","stateView":"0xc3c9e198c735a4b97e3e683f391ccbdd60b69286","tickLower":-244740,"tickUpper":-242940}	{"ok": true, "feeGrowthInside0X128": "51163280981499954484644991908510556037463", "feeGrowthInside1X128": "1118832785474736550172676189845"}
{"blockNumber":"57674818","poolId":"0xe53360aef410555f2e2944b26f06aa1438dcd103882f5264cd488265eced2192","stateView":"0xc3c9e198c735a4b97e3e683f391ccbdd60b69286","tickLower":-244740,"tickUpper":-242940}	{"ok": true, "feeGrowthInside0X128": "51163280981499954484644991908510556037463", "feeGrowthInside1X128": "1118832785474736550172676189845"}
{"blockNumber":"57509489","poolId":"0xe53360aef410555f2e2944b26f06aa1438dcd103882f5264cd488265eced2192","stateView":"0xc3c9e198c735a4b97e3e683f391ccbdd60b69286","tickLower":-244620,"tickUpper":-241620}	{"ok": true, "feeGrowthInside0X128": "0", "feeGrowthInside1X128": "0"}
{"blockNumber":"57629856","poolId":"0xe53360aef410555f2e2944b26f06aa1438dcd103882f5264cd488265eced2192","stateView":"0xc3c9e198c735a4b97e3e683f391ccbdd60b69286","tickLower":-244140,"tickUpper":-236100}	{"ok": true, "feeGrowthInside0X128": "0", "feeGrowthInside1X128": "0"}
{"blockNumber":"57649547","poolId":"0xe53360aef410555f2e2944b26f06aa1438dcd103882f5264cd488265eced2192","stateView":"0xc3c9e198c735a4b97e3e683f391ccbdd60b69286","tickLower":-243420,"tickUpper":-242640}	{"ok": true, "feeGrowthInside0X128": "0", "feeGrowthInside1X128": "0"}
{"blockNumber":"57656445","poolId":"0xe53360aef410555f2e2944b26f06aa1438dcd103882f5264cd488265eced2192","stateView":"0xc3c9e198c735a4b97e3e683f391ccbdd60b69286","tickLower":-243420,"tickUpper":-242640}	{"ok": true, "feeGrowthInside0X128": "0", "feeGrowthInside1X128": "0"}
{"blockNumber":"57656610","poolId":"0xe53360aef410555f2e2944b26f06aa1438dcd103882f5264cd488265eced2192","stateView":"0xc3c9e198c735a4b97e3e683f391ccbdd60b69286","tickLower":-243420,"tickUpper":-242640}	{"ok": true, "feeGrowthInside0X128": "0", "feeGrowthInside1X128": "0"}
{"blockNumber":"57357261","poolId":"0x97f340ac393d4e4c2eac1fb920694b5d5857cf1b8efcaf2aa0981ee9de81a935","stateView":"0xc3c9e198c735a4b97e3e683f391ccbdd60b69286","tickLower":-203,"tickUpper":5481}	{"ok": true, "feeGrowthInside0X128": "0", "feeGrowthInside1X128": "0"}
{"blockNumber":"57357357","poolId":"0x97f340ac393d4e4c2eac1fb920694b5d5857cf1b8efcaf2aa0981ee9de81a935","stateView":"0xc3c9e198c735a4b97e3e683f391ccbdd60b69286","tickLower":-203,"tickUpper":5481}	{"ok": true, "feeGrowthInside0X128": "0", "feeGrowthInside1X128": "5556139394581159144274937818316181"}
{"blockNumber":"57565925","poolId":"0x46d306a2393a2fbff4221d589150f31dab1f571b0672c85a6215cdbe5d20b804","stateView":"0xc3c9e198c735a4b97e3e683f391ccbdd60b69286","tickLower":-100800,"tickUpper":-54800}	{"ok": true, "feeGrowthInside0X128": "656664087959146178125659194308415385256", "feeGrowthInside1X128": "109043916641158215943207773850042294"}
{"blockNumber":"57644048","poolId":"0x46d306a2393a2fbff4221d589150f31dab1f571b0672c85a6215cdbe5d20b804","stateView":"0xc3c9e198c735a4b97e3e683f391ccbdd60b69286","tickLower":-100800,"tickUpper":-54800}	{"ok": true, "feeGrowthInside0X128": "710787616239284187407724095471066302984", "feeGrowthInside1X128": "117364269256841948572505618836143480"}
{"blockNumber":"57356306","poolId":"0xea25063a5781564c3c3618706d10debbc1d54293440ed1692a237cad3353332c","stateView":"0xc3c9e198c735a4b97e3e683f391ccbdd60b69286","tickLower":-36000,"tickUpper":-33600}	{"ok": true, "feeGrowthInside0X128": "1943436087018870652082112712978354839", "feeGrowthInside1X128": "52197017913549711190173835283495739"}
{"blockNumber":"57356355","poolId":"0xea25063a5781564c3c3618706d10debbc1d54293440ed1692a237cad3353332c","stateView":"0xc3c9e198c735a4b97e3e683f391ccbdd60b69286","tickLower":-36200,"tickUpper":-35800}	{"ok": true, "feeGrowthInside0X128": "0", "feeGrowthInside1X128": "0"}
{"blockNumber":"57514869","poolId":"0xea25063a5781564c3c3618706d10debbc1d54293440ed1692a237cad3353332c","stateView":"0xc3c9e198c735a4b97e3e683f391ccbdd60b69286","tickLower":-36200,"tickUpper":-35800}	{"ok": true, "feeGrowthInside0X128": "80384529947583558646467723897957664", "feeGrowthInside1X128": "981775344898445560260143691720887"}
{"blockNumber":"57398073","poolId":"0xea25063a5781564c3c3618706d10debbc1d54293440ed1692a237cad3353332c","stateView":"0xc3c9e198c735a4b97e3e683f391ccbdd60b69286","tickLower":-35800,"tickUpper":-35000}	{"ok": true, "feeGrowthInside0X128": "0", "feeGrowthInside1X128": "0"}
{"blockNumber":"57398213","poolId":"0xea25063a5781564c3c3618706d10debbc1d54293440ed1692a237cad3353332c","stateView":"0xc3c9e198c735a4b97e3e683f391ccbdd60b69286","tickLower":-35800,"tickUpper":-35000}	{"ok": true, "feeGrowthInside0X128": "0", "feeGrowthInside1X128": "0"}
{"blockNumber":"57398885","poolId":"0xea25063a5781564c3c3618706d10debbc1d54293440ed1692a237cad3353332c","stateView":"0xc3c9e198c735a4b97e3e683f391ccbdd60b69286","tickLower":-887200,"tickUpper":887200}	{"ok": true, "feeGrowthInside0X128": "0", "feeGrowthInside1X128": "0"}
{"blockNumber":"57399031","poolId":"0xea25063a5781564c3c3618706d10debbc1d54293440ed1692a237cad3353332c","stateView":"0xc3c9e198c735a4b97e3e683f391ccbdd60b69286","tickLower":-887200,"tickUpper":887200}	{"ok": true, "feeGrowthInside0X128": "0", "feeGrowthInside1X128": "0"}
{"blockNumber":"57447281","poolId":"0xea25063a5781564c3c3618706d10debbc1d54293440ed1692a237cad3353332c","stateView":"0xc3c9e198c735a4b97e3e683f391ccbdd60b69286","tickLower":-887200,"tickUpper":887200}	{"ok": true, "feeGrowthInside0X128": "0", "feeGrowthInside1X128": "0"}
{"blockNumber":"57545142","poolId":"0xea25063a5781564c3c3618706d10debbc1d54293440ed1692a237cad3353332c","stateView":"0xc3c9e198c735a4b97e3e683f391ccbdd60b69286","tickLower":-887200,"tickUpper":887200}	{"ok": true, "feeGrowthInside0X128": "2023820616966454210728580436876312503", "feeGrowthInside1X128": "53178793258448156750433978975216626"}
{"blockNumber":"57416806","poolId":"0x15ce112b91e68aa8df16f1e921ee679252b579a324d10e82d43f91a52306d9aa","stateView":"0xc3c9e198c735a4b97e3e683f391ccbdd60b69286","tickLower":238200,"tickUpper":244600}	{"ok": true, "feeGrowthInside0X128": "0", "feeGrowthInside1X128": "0"}
{"blockNumber":"57416967","poolId":"0x15ce112b91e68aa8df16f1e921ee679252b579a324d10e82d43f91a52306d9aa","stateView":"0xc3c9e198c735a4b97e3e683f391ccbdd60b69286","tickLower":307600,"tickUpper":314400}	{"ok": true, "feeGrowthInside0X128": "0", "feeGrowthInside1X128": "6648024898041271545004532146928715429824596"}
{"blockNumber":"57420098","poolId":"0x15ce112b91e68aa8df16f1e921ee679252b579a324d10e82d43f91a52306d9aa","stateView":"0xc3c9e198c735a4b97e3e683f391ccbdd60b69286","tickLower":307600,"tickUpper":314400}	{"ok": true, "feeGrowthInside0X128": "343262988394167295734833290193158358535779", "feeGrowthInside1X128": "63174856873489567937099054015784202997483171883558974100"}
{"blockNumber":"57420115","poolId":"0x15ce112b91e68aa8df16f1e921ee679252b579a324d10e82d43f91a52306d9aa","stateView":"0xc3c9e198c735a4b97e3e683f391ccbdd60b69286","tickLower":-887200,"tickUpper":887200}	{"ok": true, "feeGrowthInside0X128": "343262988394167295734833290193158358535779", "feeGrowthInside1X128": "63174856873489567937099054015784202997483171883558974100"}
{"blockNumber":"57619633","poolId":"0x15ce112b91e68aa8df16f1e921ee679252b579a324d10e82d43f91a52306d9aa","stateView":"0xc3c9e198c735a4b97e3e683f391ccbdd60b69286","tickLower":-887200,"tickUpper":887200}	{"ok": true, "feeGrowthInside0X128": "0", "feeGrowthInside1X128": "0"}
{"blockNumber":"57619710","poolId":"0x15ce112b91e68aa8df16f1e921ee679252b579a324d10e82d43f91a52306d9aa","stateView":"0xc3c9e198c735a4b97e3e683f391ccbdd60b69286","tickLower":-887200,"tickUpper":887200}	{"ok": true, "feeGrowthInside0X128": "343262988394167295734833290193158358535779", "feeGrowthInside1X128": "63174856873500879388325923723544848026880468659505080506"}
{"blockNumber":"57619407","poolId":"0x15ce112b91e68aa8df16f1e921ee679252b579a324d10e82d43f91a52306d9aa","stateView":"0xc3c9e198c735a4b97e3e683f391ccbdd60b69286","tickLower":229400,"tickUpper":236400}	{"ok": true, "feeGrowthInside0X128": "0", "feeGrowthInside1X128": "0"}
{"blockNumber":"57619562","poolId":"0x15ce112b91e68aa8df16f1e921ee679252b579a324d10e82d43f91a52306d9aa","stateView":"0xc3c9e198c735a4b97e3e683f391ccbdd60b69286","tickLower":229400,"tickUpper":236400}	{"ok": true, "feeGrowthInside0X128": "0", "feeGrowthInside1X128": "0"}
{"blockNumber":"57618272","poolId":"0x159e6e8aee99fb988a846d491efd3f1038adc76086c3d1f02ea6ee50cd250099","stateView":"0xc3c9e198c735a4b97e3e683f391ccbdd60b69286","tickLower":68700,"tickUpper":69300}	{"ok": true, "feeGrowthInside0X128": "0", "feeGrowthInside1X128": "0"}
{"blockNumber":"57618380","poolId":"0x159e6e8aee99fb988a846d491efd3f1038adc76086c3d1f02ea6ee50cd250099","stateView":"0xc3c9e198c735a4b97e3e683f391ccbdd60b69286","tickLower":68700,"tickUpper":69300}	{"ok": true, "feeGrowthInside0X128": "0", "feeGrowthInside1X128": "0"}
{"blockNumber":"57627775","poolId":"0x159e6e8aee99fb988a846d491efd3f1038adc76086c3d1f02ea6ee50cd250099","stateView":"0xc3c9e198c735a4b97e3e683f391ccbdd60b69286","tickLower":68700,"tickUpper":69300}	{"ok": true, "feeGrowthInside0X128": "0", "feeGrowthInside1X128": "79393370854197159126278289800874135"}
{"blockNumber":"57629204","poolId":"0x159e6e8aee99fb988a846d491efd3f1038adc76086c3d1f02ea6ee50cd250099","stateView":"0xc3c9e198c735a4b97e3e683f391ccbdd60b69286","tickLower":68700,"tickUpper":69300}	{"ok": true, "feeGrowthInside0X128": "223652035214722642293164455421314", "feeGrowthInside1X128": "452937000069826916284321563245553743"}
{"blockNumber":"57390553","poolId":"0x06376962f2c5ad7ff5b38a9c09efbd7f984b957be438f9451d5ed5dbc9fb0271","stateView":"0xc3c9e198c735a4b97e3e683f391ccbdd60b69286","tickLower":-315400,"tickUpper":-310400}	{"ok": true, "feeGrowthInside0X128": "0", "feeGrowthInside1X128": "0"}
{"blockNumber":"57394949","poolId":"0xb1e899359d524a48d328179339ff7926accc11b87bf594fc0f741895b9751130","stateView":"0xc3c9e198c735a4b97e3e683f391ccbdd60b69286","tickLower":-886800,"tickUpper":886800}	{"ok": true, "feeGrowthInside0X128": "0", "feeGrowthInside1X128": "0"}
{"blockNumber":"57413957","poolId":"0x06376962f2c5ad7ff5b38a9c09efbd7f984b957be438f9451d5ed5dbc9fb0271","stateView":"0xc3c9e198c735a4b97e3e683f391ccbdd60b69286","tickLower":-314200,"tickUpper":-311600}	{"ok": true, "feeGrowthInside0X128": "0", "feeGrowthInside1X128": "0"}
{"blockNumber":"57419067","poolId":"0x06376962f2c5ad7ff5b38a9c09efbd7f984b957be438f9451d5ed5dbc9fb0271","stateView":"0xc3c9e198c735a4b97e3e683f391ccbdd60b69286","tickLower":-315400,"tickUpper":-310400}	{"ok": true, "feeGrowthInside0X128": "0", "feeGrowthInside1X128": "0"}
{"blockNumber":"57429820","poolId":"0x06376962f2c5ad7ff5b38a9c09efbd7f984b957be438f9451d5ed5dbc9fb0271","stateView":"0xc3c9e198c735a4b97e3e683f391ccbdd60b69286","tickLower":-314200,"tickUpper":-311600}	{"ok": true, "feeGrowthInside0X128": "0", "feeGrowthInside1X128": "0"}
{"blockNumber":"57470380","poolId":"0xd37fea83a6193c49c70667f98e6dd541f0ca8966898cb96165269b1b84163039","stateView":"0xc3c9e198c735a4b97e3e683f391ccbdd60b69286","tickLower":-887000,"tickUpper":887000}	{"ok": true, "feeGrowthInside0X128": "0", "feeGrowthInside1X128": "0"}
{"blockNumber":"57472367","poolId":"0x46dc9d15113c2ecbd972bde6ce39cea610243e34734722ba63156b07a726ff8e","stateView":"0xc3c9e198c735a4b97e3e683f391ccbdd60b69286","tickLower":-887200,"tickUpper":887200}	{"ok": true, "feeGrowthInside0X128": "0", "feeGrowthInside1X128": "0"}
{"blockNumber":"57472518","poolId":"0xbcbad9c1f910ff2197d188cbe5852b6a6f515fdca94aea8dc7dfe266a5ad486c","stateView":"0xc3c9e198c735a4b97e3e683f391ccbdd60b69286","tickLower":-887200,"tickUpper":887200}	{"ok": true, "feeGrowthInside0X128": "0", "feeGrowthInside1X128": "0"}
{"blockNumber":"57487695","poolId":"0x46dc9d15113c2ecbd972bde6ce39cea610243e34734722ba63156b07a726ff8e","stateView":"0xc3c9e198c735a4b97e3e683f391ccbdd60b69286","tickLower":-887200,"tickUpper":887200}	{"ok": true, "feeGrowthInside0X128": "0", "feeGrowthInside1X128": "0"}
{"blockNumber":"57498622","poolId":"0xd3e09e9e887037eaeb40a4648c037fb688da4396118e6519ea1b27925a996ffc","stateView":"0xc3c9e198c735a4b97e3e683f391ccbdd60b69286","tickLower":-887220,"tickUpper":887220}	{"ok": true, "feeGrowthInside0X128": "0", "feeGrowthInside1X128": "0"}
{"blockNumber":"57507761","poolId":"0xd3e09e9e887037eaeb40a4648c037fb688da4396118e6519ea1b27925a996ffc","stateView":"0xc3c9e198c735a4b97e3e683f391ccbdd60b69286","tickLower":-887220,"tickUpper":887220}	{"ok": true, "feeGrowthInside0X128": "0", "feeGrowthInside1X128": "0"}
{"blockNumber":"57514849","poolId":"0xd37fea83a6193c49c70667f98e6dd541f0ca8966898cb96165269b1b84163039","stateView":"0xc3c9e198c735a4b97e3e683f391ccbdd60b69286","tickLower":-887000,"tickUpper":887000}	{"ok": true, "feeGrowthInside0X128": "0", "feeGrowthInside1X128": "0"}
{"blockNumber":"57518151","poolId":"0xf6bdac180525cb4bd70802cd9c9302069f1ea5e57efeca4f558c6b77548cf92a","stateView":"0xc3c9e198c735a4b97e3e683f391ccbdd60b69286","tickLower":214200,"tickUpper":220000}	{"ok": true, "feeGrowthInside0X128": "0", "feeGrowthInside1X128": "0"}
{"blockNumber":"57518265","poolId":"0xf6bdac180525cb4bd70802cd9c9302069f1ea5e57efeca4f558c6b77548cf92a","stateView":"0xc3c9e198c735a4b97e3e683f391ccbdd60b69286","tickLower":214200,"tickUpper":220000}	{"ok": true, "feeGrowthInside0X128": "0", "feeGrowthInside1X128": "0"}
{"blockNumber":"57521897","poolId":"0x99eb478157b683b5f6c09f1632d81f5c718b21813095610d98a6814660268c49","stateView":"0xc3c9e198c735a4b97e3e683f391ccbdd60b69286","tickLower":-71400,"tickUpper":887200}	{"ok": true, "feeGrowthInside0X128": "0", "feeGrowthInside1X128": "0"}
{"blockNumber":"57538219","poolId":"0xbcbad9c1f910ff2197d188cbe5852b6a6f515fdca94aea8dc7dfe266a5ad486c","stateView":"0xc3c9e198c735a4b97e3e683f391ccbdd60b69286","tickLower":-887200,"tickUpper":887200}	{"ok": true, "feeGrowthInside0X128": "24207251745985449692293566769440445", "feeGrowthInside1X128": "235151047323147356315243077665431169187"}
{"blockNumber":"57539498","poolId":"0xbcbad9c1f910ff2197d188cbe5852b6a6f515fdca94aea8dc7dfe266a5ad486c","stateView":"0xc3c9e198c735a4b97e3e683f391ccbdd60b69286","tickLower":-887200,"tickUpper":887200}	{"ok": true, "feeGrowthInside0X128": "24207251745985449692293566769440445", "feeGrowthInside1X128": "235151047323147356315243077665431169187"}
{"blockNumber":"57540064","poolId":"0xff2c321300457696943091ee5ec439d79a4628c379ab6300800e6b149513f39e","stateView":"0xc3c9e198c735a4b97e3e683f391ccbdd60b69286","tickLower":92120,"tickUpper":93240}	{"ok": true, "feeGrowthInside0X128": "0", "feeGrowthInside1X128": "0"}
{"blockNumber":"57576704","poolId":"0x48bb19fc6ecae39bf4b306cf6d7d2b388b8cb3e34262177ba4240125eaef0a0a","stateView":"0xc3c9e198c735a4b97e3e683f391ccbdd60b69286","tickLower":-887200,"tickUpper":115200}	{"ok": true, "feeGrowthInside0X128": "0", "feeGrowthInside1X128": "0"}
{"blockNumber":"57579092","poolId":"0xff2c321300457696943091ee5ec439d79a4628c379ab6300800e6b149513f39e","stateView":"0xc3c9e198c735a4b97e3e683f391ccbdd60b69286","tickLower":92120,"tickUpper":93240}	{"ok": true, "feeGrowthInside0X128": "6582323203759863308679470369225448", "feeGrowthInside1X128": "77733443562115905453325335915403577588"}
{"blockNumber":"57579913","poolId":"0xaaa129f3f273c5ec82c57ca90314a851c64efa28f30c0976d73cff2fb2a218ae","stateView":"0xc3c9e198c735a4b97e3e683f391ccbdd60b69286","tickLower":319800,"tickUpper":324600}	{"ok": true, "feeGrowthInside0X128": "0", "feeGrowthInside1X128": "0"}
{"blockNumber":"57592998","poolId":"0xdbad29417383c5a8c2ceba13231b89a00c84b1270c978d05565befcefa5808cc","stateView":"0xc3c9e198c735a4b97e3e683f391ccbdd60b69286","tickLower":-886000,"tickUpper":886000}	{"ok": true, "feeGrowthInside0X128": "0", "feeGrowthInside1X128": "0"}
{"blockNumber":"57596925","poolId":"0x99eb478157b683b5f6c09f1632d81f5c718b21813095610d98a6814660268c49","stateView":"0xc3c9e198c735a4b97e3e683f391ccbdd60b69286","tickLower":-71400,"tickUpper":887200}	{"ok": true, "feeGrowthInside0X128": "0", "feeGrowthInside1X128": "0"}
{"blockNumber":"57603546","poolId":"0xaa7b0a0103b9719d529986e050e17894a246c5a52935bd3376d2642f28a39aa5","stateView":"0xc3c9e198c735a4b97e3e683f391ccbdd60b69286","tickLower":-88050,"tickUpper":0}	{"ok": true, "feeGrowthInside0X128": "0", "feeGrowthInside1X128": "0"}
{"blockNumber":"57603649","poolId":"0xaa7b0a0103b9719d529986e050e17894a246c5a52935bd3376d2642f28a39aa5","stateView":"0xc3c9e198c735a4b97e3e683f391ccbdd60b69286","tickLower":-88050,"tickUpper":0}	{"ok": true, "feeGrowthInside0X128": "0", "feeGrowthInside1X128": "0"}
{"blockNumber":"57611298","poolId":"0x7518c4fb90e96365d4b1985837871368d678b7b263ae80262341ae92451dddc1","stateView":"0xc3c9e198c735a4b97e3e683f391ccbdd60b69286","tickLower":-887200,"tickUpper":887200}	{"ok": true, "feeGrowthInside0X128": "0", "feeGrowthInside1X128": "0"}
{"blockNumber":"57611519","poolId":"0x5baf0732557b91c900ed4574af9fa4e04f44bd6ccb1f92c539762ccb73d0d59e","stateView":"0xc3c9e198c735a4b97e3e683f391ccbdd60b69286","tickLower":-887220,"tickUpper":887220}	{"ok": true, "feeGrowthInside0X128": "0", "feeGrowthInside1X128": "0"}
{"blockNumber":"57616986","poolId":"0x004a844267d877384d0acec3b385b521447dae890e53a5730ff861f24210df39","stateView":"0xc3c9e198c735a4b97e3e683f391ccbdd60b69286","tickLower":-887200,"tickUpper":887200}	{"ok": true, "feeGrowthInside0X128": "0", "feeGrowthInside1X128": "0"}
{"blockNumber":"57629565","poolId":"0x90e4bec82e106c7db9f9ed773c5ef03105f5b07448993935d06d87b1b2ab8334","stateView":"0xc3c9e198c735a4b97e3e683f391ccbdd60b69286","tickLower":-29400,"tickUpper":-24800}	{"ok": true, "feeGrowthInside0X128": "0", "feeGrowthInside1X128": "0"}
{"blockNumber":"57631634","poolId":"0xd3e09e9e887037eaeb40a4648c037fb688da4396118e6519ea1b27925a996ffc","stateView":"0xc3c9e198c735a4b97e3e683f391ccbdd60b69286","tickLower":-887220,"tickUpper":887220}	{"ok": true, "feeGrowthInside0X128": "117112542660135569841687542473013578672126", "feeGrowthInside1X128": "2809031715282195248871041788"}
{"blockNumber":"57631795","poolId":"0xd3e09e9e887037eaeb40a4648c037fb688da4396118e6519ea1b27925a996ffc","stateView":"0xc3c9e198c735a4b97e3e683f391ccbdd60b69286","tickLower":-887220,"tickUpper":887220}	{"ok": true, "feeGrowthInside0X128": "117112542660135569841687542473013578672126", "feeGrowthInside1X128": "2809031715282195248871041788"}
{"blockNumber":"57631859","poolId":"0xff2c321300457696943091ee5ec439d79a4628c379ab6300800e6b149513f39e","stateView":"0xc3c9e198c735a4b97e3e683f391ccbdd60b69286","tickLower":92120,"tickUpper":93240}	{"ok": true, "feeGrowthInside0X128": "13662195687184223215712102499064911", "feeGrowthInside1X128": "132204467550483369274148418877264057575"}
{"blockNumber":"57631917","poolId":"0xadab9be34d5d77fd8a859a60be67f0f8cc594f8fb383adc21c98525e1d9bfb0a","stateView":"0xc3c9e198c735a4b97e3e683f391ccbdd60b69286","tickLower":-887200,"tickUpper":887200}	{"ok": true, "feeGrowthInside0X128": "0", "feeGrowthInside1X128": "0"}
{"blockNumber":"57632326","poolId":"0x90e4bec82e106c7db9f9ed773c5ef03105f5b07448993935d06d87b1b2ab8334","stateView":"0xc3c9e198c735a4b97e3e683f391ccbdd60b69286","tickLower":-29400,"tickUpper":-24800}	{"ok": true, "feeGrowthInside0X128": "497725799668093946257473432891096872", "feeGrowthInside1X128": "0"}
{"blockNumber":"57633015","poolId":"0xbcbad9c1f910ff2197d188cbe5852b6a6f515fdca94aea8dc7dfe266a5ad486c","stateView":"0xc3c9e198c735a4b97e3e683f391ccbdd60b69286","tickLower":92400,"tickUpper":93600}	{"ok": true, "feeGrowthInside0X128": "0", "feeGrowthInside1X128": "0"}
{"blockNumber":"57635135","poolId":"0x90e4bec82e106c7db9f9ed773c5ef03105f5b07448993935d06d87b1b2ab8334","stateView":"0xc3c9e198c735a4b97e3e683f391ccbdd60b69286","tickLower":-29400,"tickUpper":-24800}	{"ok": true, "feeGrowthInside0X128": "497725799668093946257473432891096872", "feeGrowthInside1X128": "0"}
{"blockNumber":"57640017","poolId":"0xbcbad9c1f910ff2197d188cbe5852b6a6f515fdca94aea8dc7dfe266a5ad486c","stateView":"0xc3c9e198c735a4b97e3e683f391ccbdd60b69286","tickLower":92400,"tickUpper":93600}	{"ok": true, "feeGrowthInside0X128": "1304354218628994598517122423483588", "feeGrowthInside1X128": "0"}
{"blockNumber":"57640463","poolId":"0xbcbad9c1f910ff2197d188cbe5852b6a6f515fdca94aea8dc7dfe266a5ad486c","stateView":"0xc3c9e198c735a4b97e3e683f391ccbdd60b69286","tickLower":92000,"tickUpper":92800}	{"ok": true, "feeGrowthInside0X128": "0", "feeGrowthInside1X128": "0"}
{"blockNumber":"57657904","poolId":"0x6bda24e9d2ba2d0ac1c074069ace7df778e5faed11122c9e4b6a13c126926108","stateView":"0xc3c9e198c735a4b97e3e683f391ccbdd60b69286","tickLower":-246360,"tickUpper":-240780}	{"ok": true, "feeGrowthInside0X128": "0", "feeGrowthInside1X128": "0"}
{"blockNumber":"57663127","poolId":"0x3f36cdbf4fe7a6cbef1edd3e067ce52a2666028222f2cdbd7a70424be421451b","stateView":"0xc3c9e198c735a4b97e3e683f391ccbdd60b69286","tickLower":0,"tickUpper":5600}	{"ok": true, "feeGrowthInside0X128": "0", "feeGrowthInside1X128": "0"}
{"blockNumber":"57663225","poolId":"0x6bda24e9d2ba2d0ac1c074069ace7df778e5faed11122c9e4b6a13c126926108","stateView":"0xc3c9e198c735a4b97e3e683f391ccbdd60b69286","tickLower":-246360,"tickUpper":-240780}	{"ok": true, "feeGrowthInside0X128": "0", "feeGrowthInside1X128": "0"}
{"blockNumber":"57666606","poolId":"0xf6360faf83a5e6255609538cc80910dbe27a8b1613b9b0cc93f80f45089afa53","stateView":"0xc3c9e198c735a4b97e3e683f391ccbdd60b69286","tickLower":19400,"tickUpper":158600}	{"ok": true, "feeGrowthInside0X128": "0", "feeGrowthInside1X128": "0"}
{"blockNumber":"57666770","poolId":"0x783ef2da6de46d971e3cb749d0e5940380ef089d418e76448e9a0fb25bd0d120","stateView":"0xc3c9e198c735a4b97e3e683f391ccbdd60b69286","tickLower":20160,"tickUpper":22020}	{"ok": true, "feeGrowthInside0X128": "0", "feeGrowthInside1X128": "0"}
{"blockNumber":"57666816","poolId":"0x783ef2da6de46d971e3cb749d0e5940380ef089d418e76448e9a0fb25bd0d120","stateView":"0xc3c9e198c735a4b97e3e683f391ccbdd60b69286","tickLower":20160,"tickUpper":22020}	{"ok": true, "feeGrowthInside0X128": "0", "feeGrowthInside1X128": "0"}
{"blockNumber":"57667694","poolId":"0x783ef2da6de46d971e3cb749d0e5940380ef089d418e76448e9a0fb25bd0d120","stateView":"0xc3c9e198c735a4b97e3e683f391ccbdd60b69286","tickLower":-887220,"tickUpper":887220}	{"ok": true, "feeGrowthInside0X128": "0", "feeGrowthInside1X128": "0"}
{"blockNumber":"57672642","poolId":"0x90e4bec82e106c7db9f9ed773c5ef03105f5b07448993935d06d87b1b2ab8334","stateView":"0xc3c9e198c735a4b97e3e683f391ccbdd60b69286","tickLower":-29400,"tickUpper":-24800}	{"ok": true, "feeGrowthInside0X128": "1034410096563542133200012405761377187", "feeGrowthInside1X128": "58607957853928462212027567766563467"}
{"blockNumber":"57672787","poolId":"0x90e4bec82e106c7db9f9ed773c5ef03105f5b07448993935d06d87b1b2ab8334","stateView":"0xc3c9e198c735a4b97e3e683f391ccbdd60b69286","tickLower":-29400,"tickUpper":-24800}	{"ok": true, "feeGrowthInside0X128": "1034410096563542133200012405761377187", "feeGrowthInside1X128": "58607957853928462212027567766563467"}
{"blockNumber":"57674320","poolId":"0xaa7b0a0103b9719d529986e050e17894a246c5a52935bd3376d2642f28a39aa5","stateView":"0xc3c9e198c735a4b97e3e683f391ccbdd60b69286","tickLower":-88050,"tickUpper":0}	{"ok": true, "feeGrowthInside0X128": "38429928965245302050862945262268320", "feeGrowthInside1X128": "408861031623209190047472552672839"}
{"blockNumber":"57674373","poolId":"0xde61c2f176be3378e956fce94538aa3fd48239f851949653777a9a6021e62339","stateView":"0xc3c9e198c735a4b97e3e683f391ccbdd60b69286","tickLower":-88054,"tickUpper":0}	{"ok": true, "feeGrowthInside0X128": "0", "feeGrowthInside1X128": "0"}
{"blockNumber":"57674848","poolId":"0xaaa129f3f273c5ec82c57ca90314a851c64efa28f30c0976d73cff2fb2a218ae","stateView":"0xc3c9e198c735a4b97e3e683f391ccbdd60b69286","tickLower":319800,"tickUpper":324600}	{"ok": true, "feeGrowthInside0X128": "22410506613436261509517760078", "feeGrowthInside1X128": "4745435662202925476866448685324859598515587"}
{"blockNumber":"57692929","poolId":"0xd3e09e9e887037eaeb40a4648c037fb688da4396118e6519ea1b27925a996ffc","stateView":"0xc3c9e198c735a4b97e3e683f391ccbdd60b69286","tickLower":-887220,"tickUpper":887220}	{"ok": true, "feeGrowthInside0X128": "274729401566299622852698900241559328656332", "feeGrowthInside1X128": "11153876351591245851526787479"}
{"blockNumber":"57696981","poolId":"0x6874d3d2b99e6b75ed2fae390907e1d921d4b06b7f48fc6d3fe9c547507e369c","stateView":"0xc3c9e198c735a4b97e3e683f391ccbdd60b69286","tickLower":-244970,"tickUpper":-242310}	{"ok": true, "feeGrowthInside0X128": "25123242519407610547998543286801381723770", "feeGrowthInside1X128": "636449093232618243040245905273"}
{"blockNumber":"57696994","poolId":"0x6874d3d2b99e6b75ed2fae390907e1d921d4b06b7f48fc6d3fe9c547507e369c","stateView":"0xc3c9e198c735a4b97e3e683f391ccbdd60b69286","tickLower":-244970,"tickUpper":-242310}	{"ok": true, "feeGrowthInside0X128": "118863848946983892029917467423626749079672", "feeGrowthInside1X128": "2940094589182929218966317982951"}
{"blockNumber":"58017747","poolId":"0x159e6e8aee99fb988a846d491efd3f1038adc76086c3d1f02ea6ee50cd250099","stateView":"0xc3c9e198c735a4b97e3e683f391ccbdd60b69286","tickLower":66360,"tickUpper":68220}	{"ok": true, "feeGrowthInside0X128": "0", "feeGrowthInside1X128": "0"}
{"blockNumber":"57714965","poolId":"0x6874d3d2b99e6b75ed2fae390907e1d921d4b06b7f48fc6d3fe9c547507e369c","stateView":"0xc3c9e198c735a4b97e3e683f391ccbdd60b69286","tickLower":-887270,"tickUpper":887270}	{"ok": true, "feeGrowthInside0X128": "26910610362497659119412270158749453089399", "feeGrowthInside1X128": "683506484161890665250765419292"}
{"blockNumber":"57754491","poolId":"0x6874d3d2b99e6b75ed2fae390907e1d921d4b06b7f48fc6d3fe9c547507e369c","stateView":"0xc3c9e198c735a4b97e3e683f391ccbdd60b69286","tickLower":-887270,"tickUpper":887270}	{"ok": true, "feeGrowthInside0X128": "29622100704093939009900037931735286851738", "feeGrowthInside1X128": "728844273264686378251343545511"}
{"blockNumber":"57909514","poolId":"0x6874d3d2b99e6b75ed2fae390907e1d921d4b06b7f48fc6d3fe9c547507e369c","stateView":"0xc3c9e198c735a4b97e3e683f391ccbdd60b69286","tickLower":-887270,"tickUpper":887270}	{"ok": true, "feeGrowthInside0X128": "66807478735710178883822283429213290835658", "feeGrowthInside1X128": "1504020857391053809760090798748"}
{"blockNumber":"57910136","poolId":"0x6874d3d2b99e6b75ed2fae390907e1d921d4b06b7f48fc6d3fe9c547507e369c","stateView":"0xc3c9e198c735a4b97e3e683f391ccbdd60b69286","tickLower":-887270,"tickUpper":887270}	{"ok": true, "feeGrowthInside0X128": "66880962047771910057334151944583025192634", "feeGrowthInside1X128": "1504889886895145614572386344930"}
{"blockNumber":"57724925","poolId":"0x6874d3d2b99e6b75ed2fae390907e1d921d4b06b7f48fc6d3fe9c547507e369c","stateView":"0xc3c9e198c735a4b97e3e683f391ccbdd60b69286","tickLower":-245410,"tickUpper":-239430}	{"ok": true, "feeGrowthInside0X128": "121690448336245947784854637837189750355144", "feeGrowthInside1X128": "3021772035610011479589019835963"}
{"blockNumber":"57754551","poolId":"0x6874d3d2b99e6b75ed2fae390907e1d921d4b06b7f48fc6d3fe9c547507e369c","stateView":"0xc3c9e198c735a4b97e3e683f391ccbdd60b69286","tickLower":-246090,"tickUpper":-241100}	{"ok": true, "feeGrowthInside0X128": "0", "feeGrowthInside1X128": "0"}
{"blockNumber":"57799541","poolId":"0x6874d3d2b99e6b75ed2fae390907e1d921d4b06b7f48fc6d3fe9c547507e369c","stateView":"0xc3c9e198c735a4b97e3e683f391ccbdd60b69286","tickLower":-245410,"tickUpper":-241450}	{"ok": true, "feeGrowthInside0X128": "128289325416422332692849870023362905541417", "feeGrowthInside1X128": "3148467723446875622240935253707"}
{"blockNumber":"57800345","poolId":"0x6874d3d2b99e6b75ed2fae390907e1d921d4b06b7f48fc6d3fe9c547507e369c","stateView":"0xc3c9e198c735a4b97e3e683f391ccbdd60b69286","tickLower":-245410,"tickUpper":-241450}	{"ok": true, "feeGrowthInside0X128": "128354139594378882649740840684615710702999", "feeGrowthInside1X128": "3149847354418370040658817627951"}
{"blockNumber":"57850206","poolId":"0x6874d3d2b99e6b75ed2fae390907e1d921d4b06b7f48fc6d3fe9c547507e369c","stateView":"0xc3c9e198c735a4b97e3e683f391ccbdd60b69286","tickLower":-244340,"tickUpper":-223340}	{"ok": true, "feeGrowthInside0X128": "0", "feeGrowthInside1X128": "0"}
{"blockNumber":"57850237","poolId":"0x6874d3d2b99e6b75ed2fae390907e1d921d4b06b7f48fc6d3fe9c547507e369c","stateView":"0xc3c9e198c735a4b97e3e683f391ccbdd60b69286","tickLower":-245740,"tickUpper":-230270}	{"ok": true, "feeGrowthInside0X128": "0", "feeGrowthInside1X128": "0"}
{"blockNumber":"57862619","poolId":"0x6874d3d2b99e6b75ed2fae390907e1d921d4b06b7f48fc6d3fe9c547507e369c","stateView":"0xc3c9e198c735a4b97e3e683f391ccbdd60b69286","tickLower":-245410,"tickUpper":-239690}	{"ok": true, "feeGrowthInside0X128": "131462917509463883254448746215041563496812", "feeGrowthInside1X128": "3190502035641436701685506331023"}
{"blockNumber":"57862655","poolId":"0x6874d3d2b99e6b75ed2fae390907e1d921d4b06b7f48fc6d3fe9c547507e369c","stateView":"0xc3c9e198c735a4b97e3e683f391ccbdd60b69286","tickLower":-245410,"tickUpper":-239690}	{"ok": true, "feeGrowthInside0X128": "131462917509463883254448746215041563496812", "feeGrowthInside1X128": "3190502035641436701685506331023"}
{"blockNumber":"57862632","poolId":"0x6874d3d2b99e6b75ed2fae390907e1d921d4b06b7f48fc6d3fe9c547507e369c","stateView":"0xc3c9e198c735a4b97e3e683f391ccbdd60b69286","tickLower":-244050,"tickUpper":-239690}	{"ok": true, "feeGrowthInside0X128": "0", "feeGrowthInside1X128": "0"}
{"blockNumber":"57875835","poolId":"0x6874d3d2b99e6b75ed2fae390907e1d921d4b06b7f48fc6d3fe9c547507e369c","stateView":"0xc3c9e198c735a4b97e3e683f391ccbdd60b69286","tickLower":-251470,"tickUpper":-241980}	{"ok": true, "feeGrowthInside0X128": "0", "feeGrowthInside1X128": "0"}
{"blockNumber":"57876044","poolId":"0x6874d3d2b99e6b75ed2fae390907e1d921d4b06b7f48fc6d3fe9c547507e369c","stateView":"0xc3c9e198c735a4b97e3e683f391ccbdd60b69286","tickLower":-251470,"tickUpper":-241980}	{"ok": true, "feeGrowthInside0X128": "154941509905673639482699023753629328905250", "feeGrowthInside1X128": "3687940088108191871218452164491"}
{"blockNumber":"57901776","poolId":"0x6874d3d2b99e6b75ed2fae390907e1d921d4b06b7f48fc6d3fe9c547507e369c","stateView":"0xc3c9e198c735a4b97e3e683f391ccbdd60b69286","tickLower":-244540,"tickUpper":-243030}	{"ok": true, "feeGrowthInside0X128": "113174514168164257655226275451750508807995", "feeGrowthInside1X128": "2824585104434414555308151431619"}
{"blockNumber":"57698904","poolId":"0xdbad29417383c5a8c2ceba13231b89a00c84b1270c978d05565befcefa5808cc","stateView":"0xc3c9e198c735a4b97e3e683f391ccbdd60b69286","tickLower":-886000,"tickUpper":886000}	{"ok": true, "feeGrowthInside0X128": "0", "feeGrowthInside1X128": "154487033847197194574674020392652496825531304"}
{"blockNumber":"57725903","poolId":"0xe53360aef410555f2e2944b26f06aa1438dcd103882f5264cd488265eced2192","stateView":"0xc3c9e198c735a4b97e3e683f391ccbdd60b69286","tickLower":-245160,"tickUpper":-242580}	{"ok": true, "feeGrowthInside0X128": "0", "feeGrowthInside1X128": "0"}
{"blockNumber":"57726064","poolId":"0xe53360aef410555f2e2944b26f06aa1438dcd103882f5264cd488265eced2192","stateView":"0xc3c9e198c735a4b97e3e683f391ccbdd60b69286","tickLower":-243780,"tickUpper":-242820}	{"ok": true, "feeGrowthInside0X128": "0", "feeGrowthInside1X128": "0"}
{"blockNumber":"57754239","poolId":"0xe53360aef410555f2e2944b26f06aa1438dcd103882f5264cd488265eced2192","stateView":"0xc3c9e198c735a4b97e3e683f391ccbdd60b69286","tickLower":-887220,"tickUpper":887220}	{"ok": true, "feeGrowthInside0X128": "216685478801523688263932716611350271143587", "feeGrowthInside1X128": "10729160173486903828295067624375"}
{"blockNumber":"57760931","poolId":"0xe53360aef410555f2e2944b26f06aa1438dcd103882f5264cd488265eced2192","stateView":"0xc3c9e198c735a4b97e3e683f391ccbdd60b69286","tickLower":-887220,"tickUpper":887220}	{"ok": true, "feeGrowthInside0X128": "218674570733852808817776219589270765885164", "feeGrowthInside1X128": "10738437704860042166267593238184"}
{"blockNumber":"57760998","poolId":"0xe53360aef410555f2e2944b26f06aa1438dcd103882f5264cd488265eced2192","stateView":"0xc3c9e198c735a4b97e3e683f391ccbdd60b69286","tickLower":-887220,"tickUpper":887220}	{"ok": true, "feeGrowthInside0X128": "218674570733852808817776219589270765885164", "feeGrowthInside1X128": "10738437704860042166267593238184"}
{"blockNumber":"57761012","poolId":"0xe53360aef410555f2e2944b26f06aa1438dcd103882f5264cd488265eced2192","stateView":"0xc3c9e198c735a4b97e3e683f391ccbdd60b69286","tickLower":-887220,"tickUpper":887220}	{"ok": true, "feeGrowthInside0X128": "218674570733852808817776219589270765885164", "feeGrowthInside1X128": "10738437704860042166267593238184"}
{"blockNumber":"57761122","poolId":"0xe53360aef410555f2e2944b26f06aa1438dcd103882f5264cd488265eced2192","stateView":"0xc3c9e198c735a4b97e3e683f391ccbdd60b69286","tickLower":-887220,"tickUpper":887220}	{"ok": true, "feeGrowthInside0X128": "218674570733852808817776219589270765885164", "feeGrowthInside1X128": "10738437704860042166267593238184"}
{"blockNumber":"57771344","poolId":"0xe53360aef410555f2e2944b26f06aa1438dcd103882f5264cd488265eced2192","stateView":"0xc3c9e198c735a4b97e3e683f391ccbdd60b69286","tickLower":-887220,"tickUpper":887220}	{"ok": true, "feeGrowthInside0X128": "219074628431326325022421031291158288932331", "feeGrowthInside1X128": "10763461069928850977884451050024"}
{"blockNumber":"57816979","poolId":"0xe53360aef410555f2e2944b26f06aa1438dcd103882f5264cd488265eced2192","stateView":"0xc3c9e198c735a4b97e3e683f391ccbdd60b69286","tickLower":-244140,"tickUpper":-236100}	{"ok": true, "feeGrowthInside0X128": "0", "feeGrowthInside1X128": "0"}
{"blockNumber":"57817018","poolId":"0xe53360aef410555f2e2944b26f06aa1438dcd103882f5264cd488265eced2192","stateView":"0xc3c9e198c735a4b97e3e683f391ccbdd60b69286","tickLower":-244920,"tickUpper":-236100}	{"ok": true, "feeGrowthInside0X128": "0", "feeGrowthInside1X128": "0"}
{"blockNumber":"57831230","poolId":"0xe53360aef410555f2e2944b26f06aa1438dcd103882f5264cd488265eced2192","stateView":"0xc3c9e198c735a4b97e3e683f391ccbdd60b69286","tickLower":-244920,"tickUpper":-236100}	{"ok": true, "feeGrowthInside0X128": "0", "feeGrowthInside1X128": "0"}
{"blockNumber":"57831370","poolId":"0xe53360aef410555f2e2944b26f06aa1438dcd103882f5264cd488265eced2192","stateView":"0xc3c9e198c735a4b97e3e683f391ccbdd60b69286","tickLower":-245280,"tickUpper":-236220}	{"ok": true, "feeGrowthInside0X128": "0", "feeGrowthInside1X128": "0"}
{"blockNumber":"57851944","poolId":"0xe53360aef410555f2e2944b26f06aa1438dcd103882f5264cd488265eced2192","stateView":"0xc3c9e198c735a4b97e3e683f391ccbdd60b69286","tickLower":-247260,"tickUpper":-243360}	{"ok": true, "feeGrowthInside0X128": "0", "feeGrowthInside1X128": "0"}
{"blockNumber":"57896357","poolId":"0xe53360aef410555f2e2944b26f06aa1438dcd103882f5264cd488265eced2192","stateView":"0xc3c9e198c735a4b97e3e683f391ccbdd60b69286","tickLower":-247260,"tickUpper":-243360}	{"ok": true, "feeGrowthInside0X128": "251377410553140346658174138766481653865673", "feeGrowthInside1X128": "11250598710439162690664640710343"}
{"blockNumber":"57907119","poolId":"0xe53360aef410555f2e2944b26f06aa1438dcd103882f5264cd488265eced2192","stateView":"0xc3c9e198c735a4b97e3e683f391ccbdd60b69286","tickLower":-244740,"tickUpper":-242940}	{"ok": true, "feeGrowthInside0X128": "76182231906169578102409066754584180114360", "feeGrowthInside1X128": "1690829981642263880875040677115"}
{"blockNumber":"57907122","poolId":"0xe53360aef410555f2e2944b26f06aa1438dcd103882f5264cd488265eced2192","stateView":"0xc3c9e198c735a4b97e3e683f391ccbdd60b69286","tickLower":-244740,"tickUpper":-242940}	{"ok": true, "feeGrowthInside0X128": "76182231906169578102409066754584180114360", "feeGrowthInside1X128": "1690829981642263880875040677115"}
{"blockNumber":"57907139","poolId":"0xe53360aef410555f2e2944b26f06aa1438dcd103882f5264cd488265eced2192","stateView":"0xc3c9e198c735a4b97e3e683f391ccbdd60b69286","tickLower":-244740,"tickUpper":-242940}	{"ok": true, "feeGrowthInside0X128": "76182231906169578102409066754584180114360", "feeGrowthInside1X128": "1690829981642263880875040677115"}
{"blockNumber":"57728580","poolId":"0x783ef2da6de46d971e3cb749d0e5940380ef089d418e76448e9a0fb25bd0d120","stateView":"0xc3c9e198c735a4b97e3e683f391ccbdd60b69286","tickLower":-887220,"tickUpper":887220}	{"ok": true, "feeGrowthInside0X128": "248397128802139731505886081120205664", "feeGrowthInside1X128": "0"}
{"blockNumber":"57753184","poolId":"0x3f36cdbf4fe7a6cbef1edd3e067ce52a2666028222f2cdbd7a70424be421451b","stateView":"0xc3c9e198c735a4b97e3e683f391ccbdd60b69286","tickLower":0,"tickUpper":5600}	{"ok": true, "feeGrowthInside0X128": "0", "feeGrowthInside1X128": "0"}
{"blockNumber":"57800205","poolId":"0x6bda24e9d2ba2d0ac1c074069ace7df778e5faed11122c9e4b6a13c126926108","stateView":"0xc3c9e198c735a4b97e3e683f391ccbdd60b69286","tickLower":-246360,"tickUpper":-240780}	{"ok": true, "feeGrowthInside0X128": "18535654627069266396250171857431449942810", "feeGrowthInside1X128": "207102352093802251319315599372"}
{"blockNumber":"57843296","poolId":"0xde61c2f176be3378e956fce94538aa3fd48239f851949653777a9a6021e62339","stateView":"0xc3c9e198c735a4b97e3e683f391ccbdd60b69286","tickLower":-48286,"tickUpper":-44429}	{"ok": true, "feeGrowthInside0X128": "0", "feeGrowthInside1X128": "0"}
{"blockNumber":"57843411","poolId":"0xde61c2f176be3378e956fce94538aa3fd48239f851949653777a9a6021e62339","stateView":"0xc3c9e198c735a4b97e3e683f391ccbdd60b69286","tickLower":-48286,"tickUpper":-44429}	{"ok": true, "feeGrowthInside0X128": "0", "feeGrowthInside1X128": "0"}
{"blockNumber":"57843454","poolId":"0xde61c2f176be3378e956fce94538aa3fd48239f851949653777a9a6021e62339","stateView":"0xc3c9e198c735a4b97e3e683f391ccbdd60b69286","tickLower":-48286,"tickUpper":-44429}	{"ok": true, "feeGrowthInside0X128": "0", "feeGrowthInside1X128": "0"}
{"blockNumber":"57860575","poolId":"0xde61c2f176be3378e956fce94538aa3fd48239f851949653777a9a6021e62339","stateView":"0xc3c9e198c735a4b97e3e683f391ccbdd60b69286","tickLower":-48286,"tickUpper":-44429}	{"ok": true, "feeGrowthInside0X128": "43097576300727353756719205069677750", "feeGrowthInside1X128": "354923939262944283301616985687487"}
{"blockNumber":"57908253","poolId":"0xde61c2f176be3378e956fce94538aa3fd48239f851949653777a9a6021e62339","stateView":"0xc3c9e198c735a4b97e3e683f391ccbdd60b69286","tickLower":-48286,"tickUpper":-44429}	{"ok": true, "feeGrowthInside0X128": "86218173808983087950987352924400894", "feeGrowthInside1X128": "805587009653921953824180433849345"}
{"blockNumber":"57866334","poolId":"0xbcbad9c1f910ff2197d188cbe5852b6a6f515fdca94aea8dc7dfe266a5ad486c","stateView":"0xc3c9e198c735a4b97e3e683f391ccbdd60b69286","tickLower":92000,"tickUpper":92800}	{"ok": true, "feeGrowthInside0X128": "11942322742307571656857005974366055", "feeGrowthInside1X128": "129992911087298896487116406955254213362"}
{"blockNumber":"57890900","poolId":"0xbcbad9c1f910ff2197d188cbe5852b6a6f515fdca94aea8dc7dfe266a5ad486c","stateView":"0xc3c9e198c735a4b97e3e683f391ccbdd60b69286","tickLower":91800,"tickUpper":93000}	{"ok": true, "feeGrowthInside0X128": "0", "feeGrowthInside1X128": "0"}
{"blockNumber":"57891411","poolId":"0xbcbad9c1f910ff2197d188cbe5852b6a6f515fdca94aea8dc7dfe266a5ad486c","stateView":"0xc3c9e198c735a4b97e3e683f391ccbdd60b69286","tickLower":91800,"tickUpper":93000}	{"ok": true, "feeGrowthInside0X128": "0", "feeGrowthInside1X128": "0"}
{"blockNumber":"57873341","poolId":"0xea25063a5781564c3c3618706d10debbc1d54293440ed1692a237cad3353332c","stateView":"0xc3c9e198c735a4b97e3e683f391ccbdd60b69286","tickLower":-36200,"tickUpper":-35800}	{"ok": true, "feeGrowthInside0X128": "420077830150810145577410749972120919", "feeGrowthInside1X128": "8815956615587475161455393137050159"}
{"blockNumber":"57873443","poolId":"0xea25063a5781564c3c3618706d10debbc1d54293440ed1692a237cad3353332c","stateView":"0xc3c9e198c735a4b97e3e683f391ccbdd60b69286","tickLower":-36200,"tickUpper":-35800}	{"ok": true, "feeGrowthInside0X128": "420077830150810145577410749972120919", "feeGrowthInside1X128": "8815956615587475161455393137050159"}
{"blockNumber":"57922509","poolId":"0xea25063a5781564c3c3618706d10debbc1d54293440ed1692a237cad3353332c","stateView":"0xc3c9e198c735a4b97e3e683f391ccbdd60b69286","tickLower":-36200,"tickUpper":-35800}	{"ok": true, "feeGrowthInside0X128": "484767907707195676993586921951273553", "feeGrowthInside1X128": "10137815547558376493827171090520276"}
{"blockNumber":"57714392","poolId":"0xd8ed4a83f66b34c7105c16ee09fcdd60f8ab8639d3ac89f5223bbf33954103ac","stateView":"0xc3c9e198c735a4b97e3e683f391ccbdd60b69286","tickLower":-887200,"tickUpper":887200}	{"ok": true, "feeGrowthInside0X128": "0", "feeGrowthInside1X128": "0"}
{"blockNumber":"57732032","poolId":"0x44394115775811f00149eeb4bf785eef47f94462f815b3c971abbe1cd424d2e7","stateView":"0xc3c9e198c735a4b97e3e683f391ccbdd60b69286","tickLower":20850,"tickUpper":22410}	{"ok": true, "feeGrowthInside0X128": "0", "feeGrowthInside1X128": "0"}
{"blockNumber":"57796554","poolId":"0x26bd8ff419247061f3bfae00c797579918211f4fe5981de920f56a1e95b2eef4","stateView":"0xc3c9e198c735a4b97e3e683f391ccbdd60b69286","tickLower":-198900,"tickUpper":-196260}	{"ok": true, "feeGrowthInside0X128": "0", "feeGrowthInside1X128": "0"}
{"blockNumber":"57796867","poolId":"0x26bd8ff419247061f3bfae00c797579918211f4fe5981de920f56a1e95b2eef4","stateView":"0xc3c9e198c735a4b97e3e683f391ccbdd60b69286","tickLower":-198900,"tickUpper":-196260}	{"ok": true, "feeGrowthInside0X128": "0", "feeGrowthInside1X128": "0"}
{"blockNumber":"57856951","poolId":"0xe18a1469f6399e3bd207f7db1df2783193fb72bd65305a6c999f7eaaf10e2bdc","stateView":"0xc3c9e198c735a4b97e3e683f391ccbdd60b69286","tickLower":4740,"tickUpper":4800}	{"ok": true, "feeGrowthInside0X128": "109755379689483774585282574488844", "feeGrowthInside1X128": "0"}
{"blockNumber":"57857097","poolId":"0xe18a1469f6399e3bd207f7db1df2783193fb72bd65305a6c999f7eaaf10e2bdc","stateView":"0xc3c9e198c735a4b97e3e683f391ccbdd60b69286","tickLower":4740,"tickUpper":4800}	{"ok": true, "feeGrowthInside0X128": "144587006076788262574653192146648", "feeGrowthInside1X128": "0"}
{"blockNumber":"57949481","poolId":"0xe53360aef410555f2e2944b26f06aa1438dcd103882f5264cd488265eced2192","stateView":"0xc3c9e198c735a4b97e3e683f391ccbdd60b69286","tickLower":-243780,"tickUpper":-242820}	{"ok": true, "feeGrowthInside0X128": "0", "feeGrowthInside1X128": "0"}
{"blockNumber":"58065148","poolId":"0xe53360aef410555f2e2944b26f06aa1438dcd103882f5264cd488265eced2192","stateView":"0xc3c9e198c735a4b97e3e683f391ccbdd60b69286","tickLower":-244740,"tickUpper":-242940}	{"ok": true, "feeGrowthInside0X128": "82876845781067273875128828025678772755288", "feeGrowthInside1X128": "1853508664675988794092699650669"}
{"blockNumber":"58092370","poolId":"0xe53360aef410555f2e2944b26f06aa1438dcd103882f5264cd488265eced2192","stateView":"0xc3c9e198c735a4b97e3e683f391ccbdd60b69286","tickLower":-887220,"tickUpper":887220}	{"ok": true, "feeGrowthInside0X128": "283258160911924192400801264480525414293599", "feeGrowthInside1X128": "11994229175285090632746730251387"}
{"blockNumber":"58096027","poolId":"0xe53360aef410555f2e2944b26f06aa1438dcd103882f5264cd488265eced2192","stateView":"0xc3c9e198c735a4b97e3e683f391ccbdd60b69286","tickLower":-887220,"tickUpper":887220}	{"ok": true, "feeGrowthInside0X128": "283258160911924192400801264480525414293599", "feeGrowthInside1X128": "11994229175285090632746730251387"}
{"blockNumber":"58096151","poolId":"0xe53360aef410555f2e2944b26f06aa1438dcd103882f5264cd488265eced2192","stateView":"0xc3c9e198c735a4b97e3e683f391ccbdd60b69286","tickLower":-887220,"tickUpper":887220}	{"ok": true, "feeGrowthInside0X128": "283258160911924192400801264480525414293599", "feeGrowthInside1X128": "11994229175285090632746730251387"}
{"blockNumber":"58099311","poolId":"0xe53360aef410555f2e2944b26f06aa1438dcd103882f5264cd488265eced2192","stateView":"0xc3c9e198c735a4b97e3e683f391ccbdd60b69286","tickLower":-247200,"tickUpper":-243720}	{"ok": true, "feeGrowthInside0X128": "0", "feeGrowthInside1X128": "0"}
{"blockNumber":"58099352","poolId":"0xe53360aef410555f2e2944b26f06aa1438dcd103882f5264cd488265eced2192","stateView":"0xc3c9e198c735a4b97e3e683f391ccbdd60b69286","tickLower":-247200,"tickUpper":-243720}	{"ok": true, "feeGrowthInside0X128": "0", "feeGrowthInside1X128": "0"}
{"blockNumber":"58099647","poolId":"0xe53360aef410555f2e2944b26f06aa1438dcd103882f5264cd488265eced2192","stateView":"0xc3c9e198c735a4b97e3e683f391ccbdd60b69286","tickLower":-247200,"tickUpper":-243720}	{"ok": true, "feeGrowthInside0X128": "0", "feeGrowthInside1X128": "0"}
{"blockNumber":"58099659","poolId":"0xe53360aef410555f2e2944b26f06aa1438dcd103882f5264cd488265eced2192","stateView":"0xc3c9e198c735a4b97e3e683f391ccbdd60b69286","tickLower":-247200,"tickUpper":-243720}	{"ok": true, "feeGrowthInside0X128": "0", "feeGrowthInside1X128": "0"}
{"blockNumber":"57956960","poolId":"0xde61c2f176be3378e956fce94538aa3fd48239f851949653777a9a6021e62339","stateView":"0xc3c9e198c735a4b97e3e683f391ccbdd60b69286","tickLower":-48286,"tickUpper":-44429}	{"ok": true, "feeGrowthInside0X128": "131583788033383620666731885004261330", "feeGrowthInside1X128": "1365602612260313376455890078011963"}
{"blockNumber":"58061637","poolId":"0xde61c2f176be3378e956fce94538aa3fd48239f851949653777a9a6021e62339","stateView":"0xc3c9e198c735a4b97e3e683f391ccbdd60b69286","tickLower":-48286,"tickUpper":-44429}	{"ok": true, "feeGrowthInside0X128": "224369020617318380082750519452143743", "feeGrowthInside1X128": "2259752056318462817679096767270302"}
{"blockNumber":"57963661","poolId":"0xff2c321300457696943091ee5ec439d79a4628c379ab6300800e6b149513f39e","stateView":"0xc3c9e198c735a4b97e3e683f391ccbdd60b69286","tickLower":92120,"tickUpper":93240}	{"ok": true, "feeGrowthInside0X128": "13662195687184223215712102499064911", "feeGrowthInside1X128": "132204467550483369274148418877264057575"}
{"blockNumber":"58001716","poolId":"0x6874d3d2b99e6b75ed2fae390907e1d921d4b06b7f48fc6d3fe9c547507e369c","stateView":"0xc3c9e198c735a4b97e3e683f391ccbdd60b69286","tickLower":-246380,"tickUpper":-244960}	{"ok": true, "feeGrowthInside0X128": "0", "feeGrowthInside1X128": "0"}
{"blockNumber":"58077506","poolId":"0x6874d3d2b99e6b75ed2fae390907e1d921d4b06b7f48fc6d3fe9c547507e369c","stateView":"0xc3c9e198c735a4b97e3e683f391ccbdd60b69286","tickLower":-245410,"tickUpper":-239430}	{"ok": true, "feeGrowthInside0X128": "159074452761817674562093020901514852719862", "feeGrowthInside1X128": "3808168366632105064736214052362"}
{"blockNumber":"58017791","poolId":"0x159e6e8aee99fb988a846d491efd3f1038adc76086c3d1f02ea6ee50cd250099","stateView":"0xc3c9e198c735a4b97e3e683f391ccbdd60b69286","tickLower":66360,"tickUpper":68220}	{"ok": true, "feeGrowthInside0X128": "1411678818682634262604551425080029", "feeGrowthInside1X128": "0"}
{"blockNumber":"58025902","poolId":"0x159e6e8aee99fb988a846d491efd3f1038adc76086c3d1f02ea6ee50cd250099","stateView":"0xc3c9e198c735a4b97e3e683f391ccbdd60b69286","tickLower":66360,"tickUpper":68220}	{"ok": true, "feeGrowthInside0X128": "1819161094949740909916866934867160", "feeGrowthInside1X128": "250940419169090479180947568667151143"}
{"blockNumber":"58027283","poolId":"0x159e6e8aee99fb988a846d491efd3f1038adc76086c3d1f02ea6ee50cd250099","stateView":"0xc3c9e198c735a4b97e3e683f391ccbdd60b69286","tickLower":66360,"tickUpper":68220}	{"ok": true, "feeGrowthInside0X128": "2042813130164463552210031390288474", "feeGrowthInside1X128": "733216761614829449951415035192264870"}
{"blockNumber":"58101702","poolId":"0x65de479b88abfe54eb1251cd375c61890234f6829c35e679b19247d06fafa608","stateView":"0xc3c9e198c735a4b97e3e683f391ccbdd60b69286","tickLower":-887272,"tickUpper":887272}	{"ok": true, "feeGrowthInside0X128": "907537170906820472494405559488191380406", "feeGrowthInside1X128": "0"}
{"blockNumber":"57979860","poolId":"0x1f7dd958eb8fdf0b35389526e7e0e8938384c12a853e8cfe73c1a58596ebc661","stateView":"0xc3c9e198c735a4b97e3e683f391ccbdd60b69286","tickLower":-887220,"tickUpper":887220}	{"ok": true, "feeGrowthInside0X128": "0", "feeGrowthInside1X128": "0"}
{"blockNumber":"57980218","poolId":"0x1f7dd958eb8fdf0b35389526e7e0e8938384c12a853e8cfe73c1a58596ebc661","stateView":"0xc3c9e198c735a4b97e3e683f391ccbdd60b69286","tickLower":-887220,"tickUpper":887220}	{"ok": true, "feeGrowthInside0X128": "1964688919976390745532683718636", "feeGrowthInside1X128": "0"}
{"blockNumber":"57980315","poolId":"0x1f7dd958eb8fdf0b35389526e7e0e8938384c12a853e8cfe73c1a58596ebc661","stateView":"0xc3c9e198c735a4b97e3e683f391ccbdd60b69286","tickLower":-887220,"tickUpper":887220}	{"ok": true, "feeGrowthInside0X128": "1964688919976390745532683718636", "feeGrowthInside1X128": "0"}
{"blockNumber":"57981243","poolId":"0x1f7dd958eb8fdf0b35389526e7e0e8938384c12a853e8cfe73c1a58596ebc661","stateView":"0xc3c9e198c735a4b97e3e683f391ccbdd60b69286","tickLower":-887220,"tickUpper":887220}	{"ok": true, "feeGrowthInside0X128": "2322952663556754800827443248062", "feeGrowthInside1X128": "0"}
{"blockNumber":"57981695","poolId":"0x1f7dd958eb8fdf0b35389526e7e0e8938384c12a853e8cfe73c1a58596ebc661","stateView":"0xc3c9e198c735a4b97e3e683f391ccbdd60b69286","tickLower":-887220,"tickUpper":887220}	{"ok": true, "feeGrowthInside0X128": "2322952663556754800827443248062", "feeGrowthInside1X128": "0"}
{"blockNumber":"58017975","poolId":"0x80dafedbbcc12ffa7e4fd163d8e701545c00e89ff71b114efc466f6edc5047a5","stateView":"0xc3c9e198c735a4b97e3e683f391ccbdd60b69286","tickLower":66340,"tickUpper":68250}	{"ok": true, "feeGrowthInside0X128": "0", "feeGrowthInside1X128": "0"}
{"blockNumber":"58018361","poolId":"0x7557234b5a3a26d6225122531d4d7dfcd568af63fe0e4d2883368bd8bd475cab","stateView":"0xc3c9e198c735a4b97e3e683f391ccbdd60b69286","tickLower":66336,"tickUpper":68247}	{"ok": true, "feeGrowthInside0X128": "0", "feeGrowthInside1X128": "0"}
{"blockNumber":"58025864","poolId":"0x7557234b5a3a26d6225122531d4d7dfcd568af63fe0e4d2883368bd8bd475cab","stateView":"0xc3c9e198c735a4b97e3e683f391ccbdd60b69286","tickLower":66336,"tickUpper":68247}	{"ok": true, "feeGrowthInside0X128": "46238449636237857823804521751761", "feeGrowthInside1X128": "30822237046501673056820475186035590"}
{"blockNumber":"58025878","poolId":"0x80dafedbbcc12ffa7e4fd163d8e701545c00e89ff71b114efc466f6edc5047a5","stateView":"0xc3c9e198c735a4b97e3e683f391ccbdd60b69286","tickLower":66340,"tickUpper":68250}	{"ok": true, "feeGrowthInside0X128": "119952403318507812767100436878390", "feeGrowthInside1X128": "99581219515144263433454170537960008"}
{"blockNumber":"58034235","poolId":"0xa63be413e36e7b08dc90c7385888a35bff6e3f647ee749d5ce62e31501128ef2","stateView":"0xc3c9e198c735a4b97e3e683f391ccbdd60b69286","tickLower":-887270,"tickUpper":887270}	{"ok": true, "feeGrowthInside0X128": "0", "feeGrowthInside1X128": "0"}
{"blockNumber":"58034696","poolId":"0xa63be413e36e7b08dc90c7385888a35bff6e3f647ee749d5ce62e31501128ef2","stateView":"0xc3c9e198c735a4b97e3e683f391ccbdd60b69286","tickLower":-887270,"tickUpper":887270}	{"ok": true, "feeGrowthInside0X128": "0", "feeGrowthInside1X128": "0"}
{"blockNumber":"58104785","poolId":"0xe53360aef410555f2e2944b26f06aa1438dcd103882f5264cd488265eced2192","stateView":"0xc3c9e198c735a4b97e3e683f391ccbdd60b69286","tickLower":-887220,"tickUpper":887220}	{"ok": true, "feeGrowthInside0X128": "283258160911924192400801264480525414293599", "feeGrowthInside1X128": "11994229175285090632746730251387"}
{"blockNumber":"58176425","poolId":"0xe53360aef410555f2e2944b26f06aa1438dcd103882f5264cd488265eced2192","stateView":"0xc3c9e198c735a4b97e3e683f391ccbdd60b69286","tickLower":-247080,"tickUpper":-242100}	{"ok": true, "feeGrowthInside0X128": "0", "feeGrowthInside1X128": "0"}
{"blockNumber":"58107311","poolId":"0x6874d3d2b99e6b75ed2fae390907e1d921d4b06b7f48fc6d3fe9c547507e369c","stateView":"0xc3c9e198c735a4b97e3e683f391ccbdd60b69286","tickLower":-247810,"tickUpper":-242720}	{"ok": true, "feeGrowthInside0X128": "0", "feeGrowthInside1X128": "0"}
{"blockNumber":"58119265","poolId":"0x6874d3d2b99e6b75ed2fae390907e1d921d4b06b7f48fc6d3fe9c547507e369c","stateView":"0xc3c9e198c735a4b97e3e683f391ccbdd60b69286","tickLower":-247810,"tickUpper":-242720}	{"ok": true, "feeGrowthInside0X128": "10828154157110930292820818374655062981440", "feeGrowthInside1X128": "298682330110058174137145577842"}
{"blockNumber":"58119275","poolId":"0x6874d3d2b99e6b75ed2fae390907e1d921d4b06b7f48fc6d3fe9c547507e369c","stateView":"0xc3c9e198c735a4b97e3e683f391ccbdd60b69286","tickLower":-247810,"tickUpper":-242720}	{"ok": true, "feeGrowthInside0X128": "230165188220245180486169221698117650183439", "feeGrowthInside1X128": "5398185570671406547364795482067"}
{"blockNumber":"58110617","poolId":"0x6874d3d2b99e6b75ed2fae390907e1d921d4b06b7f48fc6d3fe9c547507e369c","stateView":"0xc3c9e198c735a4b97e3e683f391ccbdd60b69286","tickLower":-244500,"tickUpper":-240480}	{"ok": true, "feeGrowthInside0X128": "0", "feeGrowthInside1X128": "0"}
{"blockNumber":"58141748","poolId":"0x6874d3d2b99e6b75ed2fae390907e1d921d4b06b7f48fc6d3fe9c547507e369c","stateView":"0xc3c9e198c735a4b97e3e683f391ccbdd60b69286","tickLower":-244500,"tickUpper":-240480}	{"ok": true, "feeGrowthInside0X128": "0", "feeGrowthInside1X128": "0"}
{"blockNumber":"58114692","poolId":"0x6874d3d2b99e6b75ed2fae390907e1d921d4b06b7f48fc6d3fe9c547507e369c","stateView":"0xc3c9e198c735a4b97e3e683f391ccbdd60b69286","tickLower":-246380,"tickUpper":-244960}	{"ok": true, "feeGrowthInside0X128": "0", "feeGrowthInside1X128": "0"}
{"blockNumber":"58115012","poolId":"0x6874d3d2b99e6b75ed2fae390907e1d921d4b06b7f48fc6d3fe9c547507e369c","stateView":"0xc3c9e198c735a4b97e3e683f391ccbdd60b69286","tickLower":-244970,"tickUpper":-243370}	{"ok": true, "feeGrowthInside0X128": "0", "feeGrowthInside1X128": "0"}
{"blockNumber":"58118956","poolId":"0x6874d3d2b99e6b75ed2fae390907e1d921d4b06b7f48fc6d3fe9c547507e369c","stateView":"0xc3c9e198c735a4b97e3e683f391ccbdd60b69286","tickLower":-244110,"tickUpper":-235380}	{"ok": true, "feeGrowthInside0X128": "36162561480035648419505889397051086820995", "feeGrowthInside1X128": "911323230570317583377098925932"}
{"blockNumber":"58148331","poolId":"0x6874d3d2b99e6b75ed2fae390907e1d921d4b06b7f48fc6d3fe9c547507e369c","stateView":"0xc3c9e198c735a4b97e3e683f391ccbdd60b69286","tickLower":-244110,"tickUpper":-235380}	{"ok": true, "feeGrowthInside0X128": "0", "feeGrowthInside1X128": "0"}
{"blockNumber":"58148400","poolId":"0x6874d3d2b99e6b75ed2fae390907e1d921d4b06b7f48fc6d3fe9c547507e369c","stateView":"0xc3c9e198c735a4b97e3e683f391ccbdd60b69286","tickLower":-244680,"tickUpper":-235380}	{"ok": true, "feeGrowthInside0X128": "0", "feeGrowthInside1X128": "0"}
{"blockNumber":"58201689","poolId":"0x6874d3d2b99e6b75ed2fae390907e1d921d4b06b7f48fc6d3fe9c547507e369c","stateView":"0xc3c9e198c735a4b97e3e683f391ccbdd60b69286","tickLower":-244680,"tickUpper":-235380}	{"ok": true, "feeGrowthInside0X128": "0", "feeGrowthInside1X128": "0"}
{"blockNumber":"58152419","poolId":"0x6874d3d2b99e6b75ed2fae390907e1d921d4b06b7f48fc6d3fe9c547507e369c","stateView":"0xc3c9e198c735a4b97e3e683f391ccbdd60b69286","tickLower":-253300,"tickUpper":-231900}	{"ok": true, "feeGrowthInside0X128": "142242738074334828189893004468092740402592", "feeGrowthInside1X128": "3209252189194581144048429177806"}
{"blockNumber":"58152453","poolId":"0x6874d3d2b99e6b75ed2fae390907e1d921d4b06b7f48fc6d3fe9c547507e369c","stateView":"0xc3c9e198c735a4b97e3e683f391ccbdd60b69286","tickLower":-253300,"tickUpper":-231900}	{"ok": true, "feeGrowthInside0X128": "142242738074334828189893004468092740402592", "feeGrowthInside1X128": "3209252189194581144048429177806"}
{"blockNumber":"58174054","poolId":"0x6874d3d2b99e6b75ed2fae390907e1d921d4b06b7f48fc6d3fe9c547507e369c","stateView":"0xc3c9e198c735a4b97e3e683f391ccbdd60b69286","tickLower":-246090,"tickUpper":-241100}	{"ok": true, "feeGrowthInside0X128": "253232169596852364773916318468288444287712", "feeGrowthInside1X128": "5867848679290334284485172815553"}
{"blockNumber":"58201726","poolId":"0x6874d3d2b99e6b75ed2fae390907e1d921d4b06b7f48fc6d3fe9c547507e369c","stateView":"0xc3c9e198c735a4b97e3e683f391ccbdd60b69286","tickLower":-246420,"tickUpper":-237400}	{"ok": true, "feeGrowthInside0X128": "0", "feeGrowthInside1X128": "0"}
{"blockNumber":"58209558","poolId":"0x6874d3d2b99e6b75ed2fae390907e1d921d4b06b7f48fc6d3fe9c547507e369c","stateView":"0xc3c9e198c735a4b97e3e683f391ccbdd60b69286","tickLower":-245880,"tickUpper":-244410}	{"ok": true, "feeGrowthInside0X128": "0", "feeGrowthInside1X128": "0"}
{"blockNumber":"58220907","poolId":"0x6874d3d2b99e6b75ed2fae390907e1d921d4b06b7f48fc6d3fe9c547507e369c","stateView":"0xc3c9e198c735a4b97e3e683f391ccbdd60b69286","tickLower":-247420,"tickUpper":-243000}	{"ok": true, "feeGrowthInside0X128": "0", "feeGrowthInside1X128": "0"}
{"blockNumber":"58234500","poolId":"0x6874d3d2b99e6b75ed2fae390907e1d921d4b06b7f48fc6d3fe9c547507e369c","stateView":"0xc3c9e198c735a4b97e3e683f391ccbdd60b69286","tickLower":-245740,"tickUpper":-230270}	{"ok": true, "feeGrowthInside0X128": "0", "feeGrowthInside1X128": "0"}
{"blockNumber":"58234537","poolId":"0x6874d3d2b99e6b75ed2fae390907e1d921d4b06b7f48fc6d3fe9c547507e369c","stateView":"0xc3c9e198c735a4b97e3e683f391ccbdd60b69286","tickLower":-246550,"tickUpper":-230270}	{"ok": true, "feeGrowthInside0X128": "0", "feeGrowthInside1X128": "0"}
{"blockNumber":"58240395","poolId":"0x6874d3d2b99e6b75ed2fae390907e1d921d4b06b7f48fc6d3fe9c547507e369c","stateView":"0xc3c9e198c735a4b97e3e683f391ccbdd60b69286","tickLower":-243740,"tickUpper":-241060}	{"ok": true, "feeGrowthInside0X128": "0", "feeGrowthInside1X128": "0"}
{"blockNumber":"58115709","poolId":"0x97f340ac393d4e4c2eac1fb920694b5d5857cf1b8efcaf2aa0981ee9de81a935","stateView":"0xc3c9e198c735a4b97e3e683f391ccbdd60b69286","tickLower":-5109,"tickUpper":-2232}	{"ok": true, "feeGrowthInside0X128": "0", "feeGrowthInside1X128": "0"}
{"blockNumber":"58115774","poolId":"0x97f340ac393d4e4c2eac1fb920694b5d5857cf1b8efcaf2aa0981ee9de81a935","stateView":"0xc3c9e198c735a4b97e3e683f391ccbdd60b69286","tickLower":-5109,"tickUpper":-2232}	{"ok": true, "feeGrowthInside0X128": "0", "feeGrowthInside1X128": "0"}
{"blockNumber":"58158436","poolId":"0xde61c2f176be3378e956fce94538aa3fd48239f851949653777a9a6021e62339","stateView":"0xc3c9e198c735a4b97e3e683f391ccbdd60b69286","tickLower":-48286,"tickUpper":-44429}	{"ok": true, "feeGrowthInside0X128": "320405794296813348662448738046130822", "feeGrowthInside1X128": "3284383851215402978426690388983533"}
{"blockNumber":"58163623","poolId":"0x159e6e8aee99fb988a846d491efd3f1038adc76086c3d1f02ea6ee50cd250099","stateView":"0xc3c9e198c735a4b97e3e683f391ccbdd60b69286","tickLower":68100,"tickUpper":70020}	{"ok": true, "feeGrowthInside0X128": "0", "feeGrowthInside1X128": "0"}
{"blockNumber":"58188153","poolId":"0x159e6e8aee99fb988a846d491efd3f1038adc76086c3d1f02ea6ee50cd250099","stateView":"0xc3c9e198c735a4b97e3e683f391ccbdd60b69286","tickLower":68100,"tickUpper":70020}	{"ok": true, "feeGrowthInside0X128": "0", "feeGrowthInside1X128": "0"}
{"blockNumber":"58175963","poolId":"0xea25063a5781564c3c3618706d10debbc1d54293440ed1692a237cad3353332c","stateView":"0xc3c9e198c735a4b97e3e683f391ccbdd60b69286","tickLower":-36200,"tickUpper":-35800}	{"ok": true, "feeGrowthInside0X128": "1349060704223586801649366180301043664", "feeGrowthInside1X128": "32732257956987487166503981310882407"}
{"blockNumber":"58176093","poolId":"0xea25063a5781564c3c3618706d10debbc1d54293440ed1692a237cad3353332c","stateView":"0xc3c9e198c735a4b97e3e683f391ccbdd60b69286","tickLower":-36200,"tickUpper":-35800}	{"ok": true, "feeGrowthInside0X128": "1349060704223586801649366180301043664", "feeGrowthInside1X128": "32732257956987487166503981310882407"}
{"blockNumber":"58177651","poolId":"0x48bb19fc6ecae39bf4b306cf6d7d2b388b8cb3e34262177ba4240125eaef0a0a","stateView":"0xc3c9e198c735a4b97e3e683f391ccbdd60b69286","tickLower":-887200,"tickUpper":887200}	{"ok": true, "feeGrowthInside0X128": "0", "feeGrowthInside1X128": "3645932404519031102355597117481322629"}
{"blockNumber":"58186432","poolId":"0xbcbad9c1f910ff2197d188cbe5852b6a6f515fdca94aea8dc7dfe266a5ad486c","stateView":"0xc3c9e198c735a4b97e3e683f391ccbdd60b69286","tickLower":92000,"tickUpper":92800}	{"ok": true, "feeGrowthInside0X128": "0", "feeGrowthInside1X128": "0"}
{"blockNumber":"58186480","poolId":"0xbcbad9c1f910ff2197d188cbe5852b6a6f515fdca94aea8dc7dfe266a5ad486c","stateView":"0xc3c9e198c735a4b97e3e683f391ccbdd60b69286","tickLower":92400,"tickUpper":93600}	{"ok": true, "feeGrowthInside0X128": "0", "feeGrowthInside1X128": "0"}
{"blockNumber":"58124111","poolId":"0xae318bfbaab0a106af59d34096f87f8f5cdd7d8d22472f6da818b038c42b3933","stateView":"0xc3c9e198c735a4b97e3e683f391ccbdd60b69286","tickLower":-46080,"tickUpper":46080}	{"ok": true, "feeGrowthInside0X128": "0", "feeGrowthInside1X128": "0"}
{"blockNumber":"58173524","poolId":"0xa82848a2b00faeebdb3829142802b0a7a58385755ba54452a45d659c49033db4","stateView":"0xc3c9e198c735a4b97e3e683f391ccbdd60b69286","tickLower":-887220,"tickUpper":887220}	{"ok": true, "feeGrowthInside0X128": "0", "feeGrowthInside1X128": "0"}
{"blockNumber":"58229746","poolId":"0x7b76600f5c281343b927a3cd933227fc1a11b2a327b4bf8ba405484370d7c625","stateView":"0xc3c9e198c735a4b97e3e683f391ccbdd60b69286","tickLower":-887220,"tickUpper":887220}	{"ok": true, "feeGrowthInside0X128": "0", "feeGrowthInside1X128": "0"}
{"blockNumber":"58238574","poolId":"0x7b76600f5c281343b927a3cd933227fc1a11b2a327b4bf8ba405484370d7c625","stateView":"0xc3c9e198c735a4b97e3e683f391ccbdd60b69286","tickLower":-887220,"tickUpper":887220}	{"ok": true, "feeGrowthInside0X128": "24968364828551777685182786666614788", "feeGrowthInside1X128": "2382955560040671441892823768750248516"}
{"blockNumber":"58240296","poolId":"0x7b76600f5c281343b927a3cd933227fc1a11b2a327b4bf8ba405484370d7c625","stateView":"0xc3c9e198c735a4b97e3e683f391ccbdd60b69286","tickLower":-887220,"tickUpper":887220}	{"ok": true, "feeGrowthInside0X128": "26431528471911085233332299640209652", "feeGrowthInside1X128": "3463779102804255218538945831237158422"}
{"blockNumber":"58262486","poolId":"0xde61c2f176be3378e956fce94538aa3fd48239f851949653777a9a6021e62339","stateView":"0xc3c9e198c735a4b97e3e683f391ccbdd60b69286","tickLower":-48286,"tickUpper":-44429}	{"ok": true, "feeGrowthInside0X128": "471886135397402970600356536025660032", "feeGrowthInside1X128": "4606859549704490970138740609509033"}
{"blockNumber":"58316039","poolId":"0xde61c2f176be3378e956fce94538aa3fd48239f851949653777a9a6021e62339","stateView":"0xc3c9e198c735a4b97e3e683f391ccbdd60b69286","tickLower":-48286,"tickUpper":-44429}	{"ok": true, "feeGrowthInside0X128": "551072018268934211508377387227731955", "feeGrowthInside1X128": "5392375727764713788945031577239225"}
{"blockNumber":"58301832","poolId":"0xaa7b0a0103b9719d529986e050e17894a246c5a52935bd3376d2642f28a39aa5","stateView":"0xc3c9e198c735a4b97e3e683f391ccbdd60b69286","tickLower":-48580,"tickUpper":-47730}	{"ok": true, "feeGrowthInside0X128": "0", "feeGrowthInside1X128": "0"}
{"blockNumber":"58344310","poolId":"0xde61c2f176be3378e956fce94538aa3fd48239f851949653777a9a6021e62339","stateView":"0xc3c9e198c735a4b97e3e683f391ccbdd60b69286","tickLower":-88054,"tickUpper":0}	{"ok": true, "feeGrowthInside0X128": "603775788561907418660735942508972307", "feeGrowthInside1X128": "5828069326738405079861483899941974"}
{"blockNumber":"58264073","poolId":"0x6874d3d2b99e6b75ed2fae390907e1d921d4b06b7f48fc6d3fe9c547507e369c","stateView":"0xc3c9e198c735a4b97e3e683f391ccbdd60b69286","tickLower":-245960,"tickUpper":-235430}	{"ok": true, "feeGrowthInside0X128": "0", "feeGrowthInside1X128": "0"}
{"blockNumber":"58270065","poolId":"0xea25063a5781564c3c3618706d10debbc1d54293440ed1692a237cad3353332c","stateView":"0xc3c9e198c735a4b97e3e683f391ccbdd60b69286","tickLower":-36200,"tickUpper":-35800}	{"ok": true, "feeGrowthInside0X128": "1648593197422506039719031983905780713", "feeGrowthInside1X128": "42122479649352889298282850643631797"}
{"blockNumber":"58322807","poolId":"0xea25063a5781564c3c3618706d10debbc1d54293440ed1692a237cad3353332c","stateView":"0xc3c9e198c735a4b97e3e683f391ccbdd60b69286","tickLower":-36200,"tickUpper":-35800}	{"ok": true, "feeGrowthInside0X128": "1793394659303798706536653101403405661", "feeGrowthInside1X128": "45810069921256262617930336739894226"}
{"blockNumber":"58322822","poolId":"0xea25063a5781564c3c3618706d10debbc1d54293440ed1692a237cad3353332c","stateView":"0xc3c9e198c735a4b97e3e683f391ccbdd60b69286","tickLower":-36200,"tickUpper":-35800}	{"ok": true, "feeGrowthInside0X128": "1793394659303798706536653101403405661", "feeGrowthInside1X128": "45810069921256262617930336739894226"}
{"blockNumber":"58271084","poolId":"0x44394115775811f00149eeb4bf785eef47f94462f815b3c971abbe1cd424d2e7","stateView":"0xc3c9e198c735a4b97e3e683f391ccbdd60b69286","tickLower":20890,"tickUpper":23040}	{"ok": true, "feeGrowthInside0X128": "0", "feeGrowthInside1X128": "0"}
{"blockNumber":"58279551","poolId":"0x44394115775811f00149eeb4bf785eef47f94462f815b3c971abbe1cd424d2e7","stateView":"0xc3c9e198c735a4b97e3e683f391ccbdd60b69286","tickLower":20890,"tickUpper":23040}	{"ok": true, "feeGrowthInside0X128": "7416518125135648646132756089917041", "feeGrowthInside1X128": "93265320354698741725164785364339101"}
{"blockNumber":"58294679","poolId":"0x90e4bec82e106c7db9f9ed773c5ef03105f5b07448993935d06d87b1b2ab8334","stateView":"0xc3c9e198c735a4b97e3e683f391ccbdd60b69286","tickLower":-887200,"tickUpper":887200}	{"ok": true, "feeGrowthInside0X128": "0", "feeGrowthInside1X128": "0"}
{"blockNumber":"58294893","poolId":"0xd3e09e9e887037eaeb40a4648c037fb688da4396118e6519ea1b27925a996ffc","stateView":"0xc3c9e198c735a4b97e3e683f391ccbdd60b69286","tickLower":-887220,"tickUpper":887220}	{"ok": true, "feeGrowthInside0X128": "1418817280284182196860817614126282074895312", "feeGrowthInside1X128": "38469771213141207412054872095"}
{"blockNumber":"58294959","poolId":"0xe53360aef410555f2e2944b26f06aa1438dcd103882f5264cd488265eced2192","stateView":"0xc3c9e198c735a4b97e3e683f391ccbdd60b69286","tickLower":-887220,"tickUpper":887220}	{"ok": true, "feeGrowthInside0X128": "23812789521078333713529500017893908831712126", "feeGrowthInside1X128": "18305189439122691092549012385443"}
{"blockNumber":"58329725","poolId":"0xe53360aef410555f2e2944b26f06aa1438dcd103882f5264cd488265eced2192","stateView":"0xc3c9e198c735a4b97e3e683f391ccbdd60b69286","tickLower":-244620,"tickUpper":-241620}	{"ok": true, "feeGrowthInside0X128": "73176360586127841877161687802070360734912", "feeGrowthInside1X128": "1810645889634559527541208918301"}
{"blockNumber":"58272401","poolId":"0xfd7beff0740a5b7cee59e2224add66016cef279dc493f3e5ba9d2087510a3549","stateView":"0xc3c9e198c735a4b97e3e683f391ccbdd60b69286","tickLower":-43800,"tickUpper":-25600}	{"ok": true, "feeGrowthInside0X128": "0", "feeGrowthInside1X128": "5492176465862156159206638896519497"}
{"blockNumber":"58272681","poolId":"0x8a0d71f7b099d5cac391267ef1c504f356792e5dee935f3f7e813604ab438fdb","stateView":"0xc3c9e198c735a4b97e3e683f391ccbdd60b69286","tickLower":-77200,"tickUpper":-62200}	{"ok": true, "feeGrowthInside0X128": "0", "feeGrowthInside1X128": "222377819493758006191357116271718"}
{"blockNumber":"58275372","poolId":"0x17e45fda120b02dbf9ecb1a3da5b3b90cb628f8896b86b076042abffe24115bd","stateView":"0xc3c9e198c735a4b97e3e683f391ccbdd60b69286","tickLower":-344000,"tickUpper":-332000}	{"ok": true, "feeGrowthInside0X128": "0", "feeGrowthInside1X128": "0"}
{"blockNumber":"58275448","poolId":"0x17e45fda120b02dbf9ecb1a3da5b3b90cb628f8896b86b076042abffe24115bd","stateView":"0xc3c9e198c735a4b97e3e683f391ccbdd60b69286","tickLower":-344000,"tickUpper":-332000}	{"ok": true, "feeGrowthInside0X128": "0", "feeGrowthInside1X128": "0"}
{"blockNumber":"58275615","poolId":"0x17e45fda120b02dbf9ecb1a3da5b3b90cb628f8896b86b076042abffe24115bd","stateView":"0xc3c9e198c735a4b97e3e683f391ccbdd60b69286","tickLower":-344000,"tickUpper":-320000}	{"ok": true, "feeGrowthInside0X128": "0", "feeGrowthInside1X128": "0"}
{"blockNumber":"58275889","poolId":"0x17e45fda120b02dbf9ecb1a3da5b3b90cb628f8896b86b076042abffe24115bd","stateView":"0xc3c9e198c735a4b97e3e683f391ccbdd60b69286","tickLower":-344000,"tickUpper":-320000}	{"ok": true, "feeGrowthInside0X128": "0", "feeGrowthInside1X128": "0"}
{"blockNumber":"58276801","poolId":"0xab2722208ebc2fb7fadff720edd3c7785cafbf282607b2061f903627310674b8","stateView":"0xc3c9e198c735a4b97e3e683f391ccbdd60b69286","tickLower":-331200,"tickUpper":-320000}	{"ok": true, "feeGrowthInside0X128": "0", "feeGrowthInside1X128": "0"}
{"blockNumber":"58278456","poolId":"0xca1aab64215de4dd0798159fb2155c787a3e154ffc1871b2286772de26e5b624","stateView":"0xc3c9e198c735a4b97e3e683f391ccbdd60b69286","tickLower":-250680,"tickUpper":-233160}	{"ok": true, "feeGrowthInside0X128": "0", "feeGrowthInside1X128": "0"}
{"blockNumber":"58279376","poolId":"0xca1aab64215de4dd0798159fb2155c787a3e154ffc1871b2286772de26e5b624","stateView":"0xc3c9e198c735a4b97e3e683f391ccbdd60b69286","tickLower":-250680,"tickUpper":-233160}	{"ok": true, "feeGrowthInside0X128": "0", "feeGrowthInside1X128": "67266449674310162787229289396"}
{"blockNumber":"58279430","poolId":"0xca1aab64215de4dd0798159fb2155c787a3e154ffc1871b2286772de26e5b624","stateView":"0xc3c9e198c735a4b97e3e683f391ccbdd60b69286","tickLower":-250680,"tickUpper":-233160}	{"ok": true, "feeGrowthInside0X128": "0", "feeGrowthInside1X128": "67266449674310162787229289396"}
{"blockNumber":"58279480","poolId":"0xca1aab64215de4dd0798159fb2155c787a3e154ffc1871b2286772de26e5b624","stateView":"0xc3c9e198c735a4b97e3e683f391ccbdd60b69286","tickLower":-250680,"tickUpper":-233160}	{"ok": true, "feeGrowthInside0X128": "0", "feeGrowthInside1X128": "67266449674310162787229289396"}
{"blockNumber":"58279534","poolId":"0xca1aab64215de4dd0798159fb2155c787a3e154ffc1871b2286772de26e5b624","stateView":"0xc3c9e198c735a4b97e3e683f391ccbdd60b69286","tickLower":-250680,"tickUpper":-233160}	{"ok": true, "feeGrowthInside0X128": "304307199883794155003547859597771114600", "feeGrowthInside1X128": "67266449674310162787229289396"}
{"blockNumber":"58281221","poolId":"0xab2722208ebc2fb7fadff720edd3c7785cafbf282607b2061f903627310674b8","stateView":"0xc3c9e198c735a4b97e3e683f391ccbdd60b69286","tickLower":-331200,"tickUpper":-320000}	{"ok": true, "feeGrowthInside0X128": "51244949157562854441163446387262450253797616", "feeGrowthInside1X128": "402797089129502721432412029096"}
{"blockNumber":"58281317","poolId":"0x430a3b485fd705a17ca50838b1816d8b986fd914e5d410fdde3aa6bbd71416e9","stateView":"0xc3c9e198c735a4b97e3e683f391ccbdd60b69286","tickLower":-328800,"tickUpper":-322400}	{"ok": true, "feeGrowthInside0X128": "0", "feeGrowthInside1X128": "0"}
{"blockNumber":"58282297","poolId":"0xab2722208ebc2fb7fadff720edd3c7785cafbf282607b2061f903627310674b8","stateView":"0xc3c9e198c735a4b97e3e683f391ccbdd60b69286","tickLower":-331200,"tickUpper":-320000}	{"ok": true, "feeGrowthInside0X128": "71675995538763920342079031769383065036151625", "feeGrowthInside1X128": "402797089129502721432412029096"}
{"blockNumber":"58282317","poolId":"0x430a3b485fd705a17ca50838b1816d8b986fd914e5d410fdde3aa6bbd71416e9","stateView":"0xc3c9e198c735a4b97e3e683f391ccbdd60b69286","tickLower":-328800,"tickUpper":-322400}	{"ok": true, "feeGrowthInside0X128": "0", "feeGrowthInside1X128": "0"}
{"blockNumber":"58283150","poolId":"0x430a3b485fd705a17ca50838b1816d8b986fd914e5d410fdde3aa6bbd71416e9","stateView":"0xc3c9e198c735a4b97e3e683f391ccbdd60b69286","tickLower":-328800,"tickUpper":-322400}	{"ok": true, "feeGrowthInside0X128": "0", "feeGrowthInside1X128": "0"}
{"blockNumber":"58284139","poolId":"0xdbd2ce7bfd8f7b3066937671db26da717e194834f05889a6a4e39da86077777a","stateView":"0xc3c9e198c735a4b97e3e683f391ccbdd60b69286","tickLower":-343000,"tickUpper":-327600}	{"ok": true, "feeGrowthInside0X128": "0", "feeGrowthInside1X128": "0"}
{"blockNumber":"58285589","poolId":"0xdbd2ce7bfd8f7b3066937671db26da717e194834f05889a6a4e39da86077777a","stateView":"0xc3c9e198c735a4b97e3e683f391ccbdd60b69286","tickLower":-343000,"tickUpper":-327600}	{"ok": true, "feeGrowthInside0X128": "36024770877976219815414538315848898274738895", "feeGrowthInside1X128": "0"}
{"blockNumber":"58285607","poolId":"0x430a3b485fd705a17ca50838b1816d8b986fd914e5d410fdde3aa6bbd71416e9","stateView":"0xc3c9e198c735a4b97e3e683f391ccbdd60b69286","tickLower":-328800,"tickUpper":-322400}	{"ok": true, "feeGrowthInside0X128": "0", "feeGrowthInside1X128": "0"}
{"blockNumber":"58286485","poolId":"0xdbd2ce7bfd8f7b3066937671db26da717e194834f05889a6a4e39da86077777a","stateView":"0xc3c9e198c735a4b97e3e683f391ccbdd60b69286","tickLower":-343000,"tickUpper":-327600}	{"ok": true, "feeGrowthInside0X128": "36024770877976219815414538315848898274738895", "feeGrowthInside1X128": "0"}
{"blockNumber":"58286507","poolId":"0x430a3b485fd705a17ca50838b1816d8b986fd914e5d410fdde3aa6bbd71416e9","stateView":"0xc3c9e198c735a4b97e3e683f391ccbdd60b69286","tickLower":-328800,"tickUpper":-322400}	{"ok": true, "feeGrowthInside0X128": "0", "feeGrowthInside1X128": "0"}
{"blockNumber":"58286684","poolId":"0xca1aab64215de4dd0798159fb2155c787a3e154ffc1871b2286772de26e5b624","stateView":"0xc3c9e198c735a4b97e3e683f391ccbdd60b69286","tickLower":-250680,"tickUpper":-233160}	{"ok": true, "feeGrowthInside0X128": "11343129274091808664224264604546304360770", "feeGrowthInside1X128": "252229062284584199345396396052"}
{"blockNumber":"58286716","poolId":"0xca1aab64215de4dd0798159fb2155c787a3e154ffc1871b2286772de26e5b624","stateView":"0xc3c9e198c735a4b97e3e683f391ccbdd60b69286","tickLower":-250680,"tickUpper":-233160}	{"ok": true, "feeGrowthInside0X128": "11343129274091808664224264604546304360770", "feeGrowthInside1X128": "252229062284584199345396396052"}
{"blockNumber":"58286742","poolId":"0xca1aab64215de4dd0798159fb2155c787a3e154ffc1871b2286772de26e5b624","stateView":"0xc3c9e198c735a4b97e3e683f391ccbdd60b69286","tickLower":-250680,"tickUpper":-233160}	{"ok": true, "feeGrowthInside0X128": "11343129274091808664224264604546304360770", "feeGrowthInside1X128": "252229062284584199345396396052"}
{"blockNumber":"58294786","poolId":"0x430a3b485fd705a17ca50838b1816d8b986fd914e5d410fdde3aa6bbd71416e9","stateView":"0xc3c9e198c735a4b97e3e683f391ccbdd60b69286","tickLower":-328800,"tickUpper":-322400}	{"ok": true, "feeGrowthInside0X128": "0", "feeGrowthInside1X128": "0"}
{"blockNumber":"58294908","poolId":"0xdbd2ce7bfd8f7b3066937671db26da717e194834f05889a6a4e39da86077777a","stateView":"0xc3c9e198c735a4b97e3e683f391ccbdd60b69286","tickLower":-330400,"tickUpper":-322000}	{"ok": true, "feeGrowthInside0X128": "0", "feeGrowthInside1X128": "0"}
{"blockNumber":"58294923","poolId":"0xca1aab64215de4dd0798159fb2155c787a3e154ffc1871b2286772de26e5b624","stateView":"0xc3c9e198c735a4b97e3e683f391ccbdd60b69286","tickLower":-887220,"tickUpper":887220}	{"ok": true, "feeGrowthInside0X128": "0", "feeGrowthInside1X128": "0"}
{"blockNumber":"58297089","poolId":"0xdbd2ce7bfd8f7b3066937671db26da717e194834f05889a6a4e39da86077777a","stateView":"0xc3c9e198c735a4b97e3e683f391ccbdd60b69286","tickLower":-330400,"tickUpper":-322000}	{"ok": true, "feeGrowthInside0X128": "0", "feeGrowthInside1X128": "0"}
{"blockNumber":"58299707","poolId":"0x224f2eaf3640c99bfa6077072c26f9afcd1a1d8927ade7531f2120df43e15ca4","stateView":"0xc3c9e198c735a4b97e3e683f391ccbdd60b69286","tickLower":-887220,"tickUpper":887220}	{"ok": true, "feeGrowthInside0X128": "0", "feeGrowthInside1X128": "0"}
{"blockNumber":"58304450","poolId":"0xab2722208ebc2fb7fadff720edd3c7785cafbf282607b2061f903627310674b8","stateView":"0xc3c9e198c735a4b97e3e683f391ccbdd60b69286","tickLower":-344000,"tickUpper":-336000}	{"ok": true, "feeGrowthInside0X128": "0", "feeGrowthInside1X128": "0"}
{"blockNumber":"58304510","poolId":"0xab2722208ebc2fb7fadff720edd3c7785cafbf282607b2061f903627310674b8","stateView":"0xc3c9e198c735a4b97e3e683f391ccbdd60b69286","tickLower":-344000,"tickUpper":-336000}	{"ok": true, "feeGrowthInside0X128": "0", "feeGrowthInside1X128": "0"}
{"blockNumber":"58306008","poolId":"0xdbd2ce7bfd8f7b3066937671db26da717e194834f05889a6a4e39da86077777a","stateView":"0xc3c9e198c735a4b97e3e683f391ccbdd60b69286","tickLower":-330400,"tickUpper":-322000}	{"ok": true, "feeGrowthInside0X128": "0", "feeGrowthInside1X128": "0"}
{"blockNumber":"58306317","poolId":"0xdbd2ce7bfd8f7b3066937671db26da717e194834f05889a6a4e39da86077777a","stateView":"0xc3c9e198c735a4b97e3e683f391ccbdd60b69286","tickLower":-330400,"tickUpper":-322000}	{"ok": true, "feeGrowthInside0X128": "0", "feeGrowthInside1X128": "0"}
{"blockNumber":"58312797","poolId":"0xdbd2ce7bfd8f7b3066937671db26da717e194834f05889a6a4e39da86077777a","stateView":"0xc3c9e198c735a4b97e3e683f391ccbdd60b69286","tickLower":-330400,"tickUpper":-322000}	{"ok": true, "feeGrowthInside0X128": "0", "feeGrowthInside1X128": "0"}
{"blockNumber":"58319342","poolId":"0xca1aab64215de4dd0798159fb2155c787a3e154ffc1871b2286772de26e5b624","stateView":"0xc3c9e198c735a4b97e3e683f391ccbdd60b69286","tickLower":-307200,"tickUpper":-305220}	{"ok": true, "feeGrowthInside0X128": "0", "feeGrowthInside1X128": "0"}
{"blockNumber":"58333524","poolId":"0x5b7afffbe508a142899e9cf926e4fa0bd1fc41c7508b1fc5273a2c4b1cc2a0ef","stateView":"0xc3c9e198c735a4b97e3e683f391ccbdd60b69286","tickLower":-887220,"tickUpper":887220}	{"ok": true, "feeGrowthInside0X128": "0", "feeGrowthInside1X128": "0"}
{"blockNumber":"58339317","poolId":"0x5b7afffbe508a142899e9cf926e4fa0bd1fc41c7508b1fc5273a2c4b1cc2a0ef","stateView":"0xc3c9e198c735a4b97e3e683f391ccbdd60b69286","tickLower":-887220,"tickUpper":887220}	{"ok": true, "feeGrowthInside0X128": "0", "feeGrowthInside1X128": "0"}
{"blockNumber":"58365388","poolId":"0xca1aab64215de4dd0798159fb2155c787a3e154ffc1871b2286772de26e5b624","stateView":"0xc3c9e198c735a4b97e3e683f391ccbdd60b69286","tickLower":-307200,"tickUpper":-305220}	{"ok": true, "feeGrowthInside0X128": "0", "feeGrowthInside1X128": "0"}
{"blockNumber":"58379433","poolId":"0xca1aab64215de4dd0798159fb2155c787a3e154ffc1871b2286772de26e5b624","stateView":"0xc3c9e198c735a4b97e3e683f391ccbdd60b69286","tickLower":-250680,"tickUpper":-233160}	{"ok": true, "feeGrowthInside0X128": "229541196346438763092476415498434728481416", "feeGrowthInside1X128": "4744831386260838919566795651077"}
{"blockNumber":"58379515","poolId":"0xca1aab64215de4dd0798159fb2155c787a3e154ffc1871b2286772de26e5b624","stateView":"0xc3c9e198c735a4b97e3e683f391ccbdd60b69286","tickLower":-250680,"tickUpper":-233160}	{"ok": true, "feeGrowthInside0X128": "229541196346438763092476415498434728481416", "feeGrowthInside1X128": "4744831386260838919566795651077"}
{"blockNumber":"58379726","poolId":"0xca1aab64215de4dd0798159fb2155c787a3e154ffc1871b2286772de26e5b624","stateView":"0xc3c9e198c735a4b97e3e683f391ccbdd60b69286","tickLower":-250680,"tickUpper":-233160}	{"ok": true, "feeGrowthInside0X128": "229541196346438763092476415498434728481416", "feeGrowthInside1X128": "4744831386260838919566795651077"}
{"blockNumber":"58381542","poolId":"0xca1aab64215de4dd0798159fb2155c787a3e154ffc1871b2286772de26e5b624","stateView":"0xc3c9e198c735a4b97e3e683f391ccbdd60b69286","tickLower":-250680,"tickUpper":-233160}	{"ok": true, "feeGrowthInside0X128": "231192873883494060310789222533186907309405", "feeGrowthInside1X128": "4753757193761745831456781536091"}
{"blockNumber":"58381727","poolId":"0xca1aab64215de4dd0798159fb2155c787a3e154ffc1871b2286772de26e5b624","stateView":"0xc3c9e198c735a4b97e3e683f391ccbdd60b69286","tickLower":-250680,"tickUpper":-233160}	{"ok": true, "feeGrowthInside0X128": "231192873883494060310789222533186907309405", "feeGrowthInside1X128": "4753757193761745831456781536091"}
{"blockNumber":"58432529","poolId":"0xca1aab64215de4dd0798159fb2155c787a3e154ffc1871b2286772de26e5b624","stateView":"0xc3c9e198c735a4b97e3e683f391ccbdd60b69286","tickLower":-250680,"tickUpper":-233160}	{"ok": true, "feeGrowthInside0X128": "284699353169150790484570102472982999182249", "feeGrowthInside1X128": "5857559787558431331959271486832"}
{"blockNumber":"58432545","poolId":"0xca1aab64215de4dd0798159fb2155c787a3e154ffc1871b2286772de26e5b624","stateView":"0xc3c9e198c735a4b97e3e683f391ccbdd60b69286","tickLower":-250680,"tickUpper":-233160}	{"ok": true, "feeGrowthInside0X128": "284699353169150790484570102472982999182249", "feeGrowthInside1X128": "5857559787558431331959271486832"}
{"blockNumber":"58396014","poolId":"0x6874d3d2b99e6b75ed2fae390907e1d921d4b06b7f48fc6d3fe9c547507e369c","stateView":"0xc3c9e198c735a4b97e3e683f391ccbdd60b69286","tickLower":-246550,"tickUpper":-230270}	{"ok": true, "feeGrowthInside0X128": "128814353560212711755916223574317466796741", "feeGrowthInside1X128": "2688818717965466740980455292970"}
{"blockNumber":"58409405","poolId":"0xca1aab64215de4dd0798159fb2155c787a3e154ffc1871b2286772de26e5b624","stateView":"0xc3c9e198c735a4b97e3e683f391ccbdd60b69286","tickLower":-305760,"tickUpper":-305220}	{"ok": true, "feeGrowthInside0X128": "0", "feeGrowthInside1X128": "0"}
{"blockNumber":"58409629","poolId":"0xca1aab64215de4dd0798159fb2155c787a3e154ffc1871b2286772de26e5b624","stateView":"0xc3c9e198c735a4b97e3e683f391ccbdd60b69286","tickLower":-305760,"tickUpper":-305220}	{"ok": true, "feeGrowthInside0X128": "0", "feeGrowthInside1X128": "0"}
{"blockNumber":"58409782","poolId":"0xca1aab64215de4dd0798159fb2155c787a3e154ffc1871b2286772de26e5b624","stateView":"0xc3c9e198c735a4b97e3e683f391ccbdd60b69286","tickLower":-246360,"tickUpper":-232500}	{"ok": true, "feeGrowthInside0X128": "0", "feeGrowthInside1X128": "0"}
{"blockNumber":"58409868","poolId":"0xca1aab64215de4dd0798159fb2155c787a3e154ffc1871b2286772de26e5b624","stateView":"0xc3c9e198c735a4b97e3e683f391ccbdd60b69286","tickLower":-246360,"tickUpper":-232500}	{"ok": true, "feeGrowthInside0X128": "0", "feeGrowthInside1X128": "0"}
{"blockNumber":"58413896","poolId":"0x6874d3d2b99e6b75ed2fae390907e1d921d4b06b7f48fc6d3fe9c547507e369c","stateView":"0xc3c9e198c735a4b97e3e683f391ccbdd60b69286","tickLower":-246600,"tickUpper":-238250}	{"ok": true, "feeGrowthInside0X128": "0", "feeGrowthInside1X128": "0"}
{"blockNumber":"58415735","poolId":"0xca1aab64215de4dd0798159fb2155c787a3e154ffc1871b2286772de26e5b624","stateView":"0xc3c9e198c735a4b97e3e683f391ccbdd60b69286","tickLower":-249060,"tickUpper":-248340}	{"ok": true, "feeGrowthInside0X128": "0", "feeGrowthInside1X128": "0"}
{"blockNumber":"58419562","poolId":"0x6874d3d2b99e6b75ed2fae390907e1d921d4b06b7f48fc6d3fe9c547507e369c","stateView":"0xc3c9e198c735a4b97e3e683f391ccbdd60b69286","tickLower":-887270,"tickUpper":887270}	{"ok": true, "feeGrowthInside0X128": "318540270676867579459227544265988101441844", "feeGrowthInside1X128": "6845363470133815783879352070990"}
{"blockNumber":"58419604","poolId":"0x6874d3d2b99e6b75ed2fae390907e1d921d4b06b7f48fc6d3fe9c547507e369c","stateView":"0xc3c9e198c735a4b97e3e683f391ccbdd60b69286","tickLower":-887270,"tickUpper":887270}	{"ok": true, "feeGrowthInside0X128": "318540270676867579459227544265988101441844", "feeGrowthInside1X128": "6845673239999112100442026208360"}
{"blockNumber":"58423018","poolId":"0x6874d3d2b99e6b75ed2fae390907e1d921d4b06b7f48fc6d3fe9c547507e369c","stateView":"0xc3c9e198c735a4b97e3e683f391ccbdd60b69286","tickLower":-887270,"tickUpper":887270}	{"ok": true, "feeGrowthInside0X128": "320649815558889275800266990865574185786838", "feeGrowthInside1X128": "6887118053891990584580532477137"}
{"blockNumber":"58437924","poolId":"0x6874d3d2b99e6b75ed2fae390907e1d921d4b06b7f48fc6d3fe9c547507e369c","stateView":"0xc3c9e198c735a4b97e3e683f391ccbdd60b69286","tickLower":-245410,"tickUpper":-239430}	{"ok": true, "feeGrowthInside0X128": "198865131464871224183871998529203847075737", "feeGrowthInside1X128": "4740009969211403803692469751376"}
{"blockNumber":"58446599","poolId":"0x6874d3d2b99e6b75ed2fae390907e1d921d4b06b7f48fc6d3fe9c547507e369c","stateView":"0xc3c9e198c735a4b97e3e683f391ccbdd60b69286","tickLower":-245410,"tickUpper":-239430}	{"ok": true, "feeGrowthInside0X128": "198865131464871224183871998529203847075737", "feeGrowthInside1X128": "4740009969211403803692469751376"}
{"blockNumber":"58450981","poolId":"0x6874d3d2b99e6b75ed2fae390907e1d921d4b06b7f48fc6d3fe9c547507e369c","stateView":"0xc3c9e198c735a4b97e3e683f391ccbdd60b69286","tickLower":-253300,"tickUpper":-231900}	{"ok": true, "feeGrowthInside0X128": "328434086323051153750040363797751743757821", "feeGrowthInside1X128": "7028061805643714914130805692896"}
{"blockNumber":"58450992","poolId":"0x6874d3d2b99e6b75ed2fae390907e1d921d4b06b7f48fc6d3fe9c547507e369c","stateView":"0xc3c9e198c735a4b97e3e683f391ccbdd60b69286","tickLower":-253300,"tickUpper":-231900}	{"ok": true, "feeGrowthInside0X128": "328440664572132918357987074709466334241670", "feeGrowthInside1X128": "7028061805643714914130805692896"}
{"blockNumber":"58455084","poolId":"0xca1aab64215de4dd0798159fb2155c787a3e154ffc1871b2286772de26e5b624","stateView":"0xc3c9e198c735a4b97e3e683f391ccbdd60b69286","tickLower":-246900,"tickUpper":-243960}	{"ok": true, "feeGrowthInside0X128": "0", "feeGrowthInside1X128": "0"}
{"blockNumber":"58455259","poolId":"0xca1aab64215de4dd0798159fb2155c787a3e154ffc1871b2286772de26e5b624","stateView":"0xc3c9e198c735a4b97e3e683f391ccbdd60b69286","tickLower":-246900,"tickUpper":-243960}	{"ok": true, "feeGrowthInside0X128": "123639095235778486974526369704535881779", "feeGrowthInside1X128": "0"}
{"blockNumber":"58455854","poolId":"0xca1aab64215de4dd0798159fb2155c787a3e154ffc1871b2286772de26e5b624","stateView":"0xc3c9e198c735a4b97e3e683f391ccbdd60b69286","tickLower":-246900,"tickUpper":-243960}	{"ok": true, "feeGrowthInside0X128": "291532493728615911303204502383400819016070", "feeGrowthInside1X128": "5905333838753490557154363507402"}
{"blockNumber":"58398990","poolId":"0xdbd2ce7bfd8f7b3066937671db26da717e194834f05889a6a4e39da86077777a","stateView":"0xc3c9e198c735a4b97e3e683f391ccbdd60b69286","tickLower":-330400,"tickUpper":-322000}	{"ok": true, "feeGrowthInside0X128": "0", "feeGrowthInside1X128": "0"}
{"blockNumber":"58400517","poolId":"0xdbd2ce7bfd8f7b3066937671db26da717e194834f05889a6a4e39da86077777a","stateView":"0xc3c9e198c735a4b97e3e683f391ccbdd60b69286","tickLower":-330400,"tickUpper":-322000}	{"ok": true, "feeGrowthInside0X128": "0", "feeGrowthInside1X128": "0"}
{"blockNumber":"58409608","poolId":"0xdbd2ce7bfd8f7b3066937671db26da717e194834f05889a6a4e39da86077777a","stateView":"0xc3c9e198c735a4b97e3e683f391ccbdd60b69286","tickLower":-330400,"tickUpper":-322000}	{"ok": true, "feeGrowthInside0X128": "0", "feeGrowthInside1X128": "0"}
{"blockNumber":"58411710","poolId":"0xdbd2ce7bfd8f7b3066937671db26da717e194834f05889a6a4e39da86077777a","stateView":"0xc3c9e198c735a4b97e3e683f391ccbdd60b69286","tickLower":-330400,"tickUpper":-322000}	{"ok": true, "feeGrowthInside0X128": "0", "feeGrowthInside1X128": "0"}
{"blockNumber":"58411848","poolId":"0x430a3b485fd705a17ca50838b1816d8b986fd914e5d410fdde3aa6bbd71416e9","stateView":"0xc3c9e198c735a4b97e3e683f391ccbdd60b69286","tickLower":-343200,"tickUpper":-341600}	{"ok": true, "feeGrowthInside0X128": "0", "feeGrowthInside1X128": "0"}
{"blockNumber":"58411866","poolId":"0x430a3b485fd705a17ca50838b1816d8b986fd914e5d410fdde3aa6bbd71416e9","stateView":"0xc3c9e198c735a4b97e3e683f391ccbdd60b69286","tickLower":-343200,"tickUpper":-341600}	{"ok": true, "feeGrowthInside0X128": "0", "feeGrowthInside1X128": "0"}
{"blockNumber":"58411945","poolId":"0xab2722208ebc2fb7fadff720edd3c7785cafbf282607b2061f903627310674b8","stateView":"0xc3c9e198c735a4b97e3e683f391ccbdd60b69286","tickLower":-342400,"tickUpper":-340800}	{"ok": true, "feeGrowthInside0X128": "0", "feeGrowthInside1X128": "0"}
{"blockNumber":"58415527","poolId":"0xab2722208ebc2fb7fadff720edd3c7785cafbf282607b2061f903627310674b8","stateView":"0xc3c9e198c735a4b97e3e683f391ccbdd60b69286","tickLower":-342400,"tickUpper":-340800}	{"ok": true, "feeGrowthInside0X128": "9574373722848333201159840019600585494371505", "feeGrowthInside1X128": "0"}
{"blockNumber":"58420426","poolId":"0xab2722208ebc2fb7fadff720edd3c7785cafbf282607b2061f903627310674b8","stateView":"0xc3c9e198c735a4b97e3e683f391ccbdd60b69286","tickLower":-342400,"tickUpper":-340800}	{"ok": true, "feeGrowthInside0X128": "49126153129314286216823115244498956169141803", "feeGrowthInside1X128": "0"}
{"blockNumber":"58420441","poolId":"0xab2722208ebc2fb7fadff720edd3c7785cafbf282607b2061f903627310674b8","stateView":"0xc3c9e198c735a4b97e3e683f391ccbdd60b69286","tickLower":-342400,"tickUpper":-340800}	{"ok": true, "feeGrowthInside0X128": "49126153129314286216823115244498956169141803", "feeGrowthInside1X128": "0"}
{"blockNumber":"58421287","poolId":"0xab2722208ebc2fb7fadff720edd3c7785cafbf282607b2061f903627310674b8","stateView":"0xc3c9e198c735a4b97e3e683f391ccbdd60b69286","tickLower":-342400,"tickUpper":-340800}	{"ok": true, "feeGrowthInside0X128": "120802148668078206558902147013882021205293428", "feeGrowthInside1X128": "402797089129502721432412029096"}
{"blockNumber":"58433806","poolId":"0xe53360aef410555f2e2944b26f06aa1438dcd103882f5264cd488265eced2192","stateView":"0xc3c9e198c735a4b97e3e683f391ccbdd60b69286","tickLower":-247380,"tickUpper":-242280}	{"ok": true, "feeGrowthInside0X128": "0", "feeGrowthInside1X128": "0"}
{"blockNumber":"58456202","poolId":"0xe53360aef410555f2e2944b26f06aa1438dcd103882f5264cd488265eced2192","stateView":"0xc3c9e198c735a4b97e3e683f391ccbdd60b69286","tickLower":-887220,"tickUpper":887220}	{"ok": true, "feeGrowthInside0X128": "23825378384450633824932046147023894766107119", "feeGrowthInside1X128": "18327580016763077395377725483201"}
{"blockNumber":"58435630","poolId":"0x90e4bec82e106c7db9f9ed773c5ef03105f5b07448993935d06d87b1b2ab8334","stateView":"0xc3c9e198c735a4b97e3e683f391ccbdd60b69286","tickLower":-29400,"tickUpper":-24800}	{"ok": true, "feeGrowthInside0X128": "0", "feeGrowthInside1X128": "0"}
{"blockNumber":"58438132","poolId":"0xea25063a5781564c3c3618706d10debbc1d54293440ed1692a237cad3353332c","stateView":"0xc3c9e198c735a4b97e3e683f391ccbdd60b69286","tickLower":-36200,"tickUpper":-35800}	{"ok": true, "feeGrowthInside0X128": "1831372428276926341146913077349300083", "feeGrowthInside1X128": "46385462191308565730532530197208471"}
{"blockNumber":"58379844","poolId":"0x47f5746edaa1e686a79b9c3075511d6c0d75be70432a95b12e29fdf1857800be","stateView":"0xc3c9e198c735a4b97e3e683f391ccbdd60b69286","tickLower":-345000,"tickUpper":-338000}	{"ok": true, "feeGrowthInside0X128": "0", "feeGrowthInside1X128": "0"}
{"blockNumber":"58381293","poolId":"0x47f5746edaa1e686a79b9c3075511d6c0d75be70432a95b12e29fdf1857800be","stateView":"0xc3c9e198c735a4b97e3e683f391ccbdd60b69286","tickLower":-345000,"tickUpper":-338000}	{"ok": true, "feeGrowthInside0X128": "0", "feeGrowthInside1X128": "6009583767646666433816179034"}
{"blockNumber":"58382352","poolId":"0x63b8212bd477f69f9be63dcde2a0375559f3e3baa4773f00f6c61fe426e5b337","stateView":"0xc3c9e198c735a4b97e3e683f391ccbdd60b69286","tickLower":-340000,"tickUpper":-330000}	{"ok": true, "feeGrowthInside0X128": "0", "feeGrowthInside1X128": "0"}
{"blockNumber":"58398817","poolId":"0x63b8212bd477f69f9be63dcde2a0375559f3e3baa4773f00f6c61fe426e5b337","stateView":"0xc3c9e198c735a4b97e3e683f391ccbdd60b69286","tickLower":-340000,"tickUpper":-330000}	{"ok": true, "feeGrowthInside0X128": "0", "feeGrowthInside1X128": "0"}
{"blockNumber":"58421471","poolId":"0x686de6558af438db5f03162b8dc494d5c9d9dcdf35de4b315c726c580e9cfc85","stateView":"0xc3c9e198c735a4b97e3e683f391ccbdd60b69286","tickLower":-342800,"tickUpper":-341600}	{"ok": true, "feeGrowthInside0X128": "0", "feeGrowthInside1X128": "0"}
{"blockNumber":"58424753","poolId":"0x448b60a711c42ce39171777fc15eecddecd61efa6bcb30157e4c4992859e3bc1","stateView":"0xc3c9e198c735a4b97e3e683f391ccbdd60b69286","tickLower":-887220,"tickUpper":887220}	{"ok": true, "feeGrowthInside0X128": "0", "feeGrowthInside1X128": "0"}
{"blockNumber":"58427457","poolId":"0x686de6558af438db5f03162b8dc494d5c9d9dcdf35de4b315c726c580e9cfc85","stateView":"0xc3c9e198c735a4b97e3e683f391ccbdd60b69286","tickLower":-342800,"tickUpper":-341600}	{"ok": true, "feeGrowthInside0X128": "0", "feeGrowthInside1X128": "0"}
{"blockNumber":"58427507","poolId":"0x686de6558af438db5f03162b8dc494d5c9d9dcdf35de4b315c726c580e9cfc85","stateView":"0xc3c9e198c735a4b97e3e683f391ccbdd60b69286","tickLower":-342400,"tickUpper":-341600}	{"ok": true, "feeGrowthInside0X128": "0", "feeGrowthInside1X128": "0"}
{"blockNumber":"58427591","poolId":"0x686de6558af438db5f03162b8dc494d5c9d9dcdf35de4b315c726c580e9cfc85","stateView":"0xc3c9e198c735a4b97e3e683f391ccbdd60b69286","tickLower":-342400,"tickUpper":-341600}	{"ok": true, "feeGrowthInside0X128": "0", "feeGrowthInside1X128": "0"}
{"blockNumber":"58427639","poolId":"0x686de6558af438db5f03162b8dc494d5c9d9dcdf35de4b315c726c580e9cfc85","stateView":"0xc3c9e198c735a4b97e3e683f391ccbdd60b69286","tickLower":-342400,"tickUpper":-341600}	{"ok": true, "feeGrowthInside0X128": "0", "feeGrowthInside1X128": "0"}
{"blockNumber":"58427762","poolId":"0x686de6558af438db5f03162b8dc494d5c9d9dcdf35de4b315c726c580e9cfc85","stateView":"0xc3c9e198c735a4b97e3e683f391ccbdd60b69286","tickLower":-342400,"tickUpper":-341600}	{"ok": true, "feeGrowthInside0X128": "0", "feeGrowthInside1X128": "0"}
{"blockNumber":"58455637","poolId":"0x172d0ba5a78c6f18f47e4ce0ba65f3a9bfab197866eee64f4d15280a50849430","stateView":"0xc3c9e198c735a4b97e3e683f391ccbdd60b69286","tickLower":-887220,"tickUpper":887220}	{"ok": true, "feeGrowthInside0X128": "0", "feeGrowthInside1X128": "0"}
{"blockNumber":"58460349","poolId":"0xe53360aef410555f2e2944b26f06aa1438dcd103882f5264cd488265eced2192","stateView":"0xc3c9e198c735a4b97e3e683f391ccbdd60b69286","tickLower":-887220,"tickUpper":887220}	{"ok": true, "feeGrowthInside0X128": "23827398279051076882068213049995125392499056", "feeGrowthInside1X128": "18327580016763077395377725483201"}
{"blockNumber":"58460399","poolId":"0xe53360aef410555f2e2944b26f06aa1438dcd103882f5264cd488265eced2192","stateView":"0xc3c9e198c735a4b97e3e683f391ccbdd60b69286","tickLower":-887220,"tickUpper":887220}	{"ok": true, "feeGrowthInside0X128": "23827398279051076882068213049995125392499056", "feeGrowthInside1X128": "18327580016763077395377725483201"}
{"blockNumber":"58621617","poolId":"0xe53360aef410555f2e2944b26f06aa1438dcd103882f5264cd488265eced2192","stateView":"0xc3c9e198c735a4b97e3e683f391ccbdd60b69286","tickLower":-245280,"tickUpper":-236220}	{"ok": true, "feeGrowthInside0X128": "0", "feeGrowthInside1X128": "0"}
{"blockNumber":"58627322","poolId":"0xe53360aef410555f2e2944b26f06aa1438dcd103882f5264cd488265eced2192","stateView":"0xc3c9e198c735a4b97e3e683f391ccbdd60b69286","tickLower":-247140,"tickUpper":-240600}	{"ok": true, "feeGrowthInside0X128": "0", "feeGrowthInside1X128": "0"}
{"blockNumber":"58634708","poolId":"0xe53360aef410555f2e2944b26f06aa1438dcd103882f5264cd488265eced2192","stateView":"0xc3c9e198c735a4b97e3e683f391ccbdd60b69286","tickLower":-247080,"tickUpper":-242100}	{"ok": true, "feeGrowthInside0X128": "50042386962687819810568338573881410607589", "feeGrowthInside1X128": "620399202259324806155471506575"}
{"blockNumber":"58470675","poolId":"0x6874d3d2b99e6b75ed2fae390907e1d921d4b06b7f48fc6d3fe9c547507e369c","stateView":"0xc3c9e198c735a4b97e3e683f391ccbdd60b69286","tickLower":-246510,"tickUpper":-242190}	{"ok": true, "feeGrowthInside0X128": "304438449656877819286494089226914606938743", "feeGrowthInside1X128": "6458074944844554114239185925309"}
{"blockNumber":"58470690","poolId":"0x6874d3d2b99e6b75ed2fae390907e1d921d4b06b7f48fc6d3fe9c547507e369c","stateView":"0xc3c9e198c735a4b97e3e683f391ccbdd60b69286","tickLower":-246510,"tickUpper":-242190}	{"ok": true, "feeGrowthInside0X128": "0", "feeGrowthInside1X128": "0"}
{"blockNumber":"58477278","poolId":"0x6874d3d2b99e6b75ed2fae390907e1d921d4b06b7f48fc6d3fe9c547507e369c","stateView":"0xc3c9e198c735a4b97e3e683f391ccbdd60b69286","tickLower":-247310,"tickUpper":-244130}	{"ok": true, "feeGrowthInside0X128": "115792089237316195423570985008687907772047010194406898417748110632264982929120", "feeGrowthInside1X128": "115792089237316195423570985008687907853269984663635761965711076078232004874900"}
{"blockNumber":"58484733","poolId":"0x6874d3d2b99e6b75ed2fae390907e1d921d4b06b7f48fc6d3fe9c547507e369c","stateView":"0xc3c9e198c735a4b97e3e683f391ccbdd60b69286","tickLower":-251020,"tickUpper":-244890}	{"ok": true, "feeGrowthInside0X128": "0", "feeGrowthInside1X128": "0"}
{"blockNumber":"58586792","poolId":"0x6874d3d2b99e6b75ed2fae390907e1d921d4b06b7f48fc6d3fe9c547507e369c","stateView":"0xc3c9e198c735a4b97e3e683f391ccbdd60b69286","tickLower":-251020,"tickUpper":-244890}	{"ok": true, "feeGrowthInside0X128": "30109309899811530458150702431922894281200", "feeGrowthInside1X128": "513813245668331357235490982918"}
{"blockNumber":"58488966","poolId":"0x6874d3d2b99e6b75ed2fae390907e1d921d4b06b7f48fc6d3fe9c547507e369c","stateView":"0xc3c9e198c735a4b97e3e683f391ccbdd60b69286","tickLower":-246550,"tickUpper":-230270}	{"ok": true, "feeGrowthInside0X128": "0", "feeGrowthInside1X128": "0"}
{"blockNumber":"58489032","poolId":"0xca1aab64215de4dd0798159fb2155c787a3e154ffc1871b2286772de26e5b624","stateView":"0xc3c9e198c735a4b97e3e683f391ccbdd60b69286","tickLower":-247320,"tickUpper":-230280}	{"ok": true, "feeGrowthInside0X128": "0", "feeGrowthInside1X128": "0"}
{"blockNumber":"58539191","poolId":"0xca1aab64215de4dd0798159fb2155c787a3e154ffc1871b2286772de26e5b624","stateView":"0xc3c9e198c735a4b97e3e683f391ccbdd60b69286","tickLower":-247320,"tickUpper":-230280}	{"ok": true, "feeGrowthInside0X128": "0", "feeGrowthInside1X128": "0"}
{"blockNumber":"58524353","poolId":"0x6874d3d2b99e6b75ed2fae390907e1d921d4b06b7f48fc6d3fe9c547507e369c","stateView":"0xc3c9e198c735a4b97e3e683f391ccbdd60b69286","tickLower":-248110,"tickUpper":-243220}	{"ok": true, "feeGrowthInside0X128": "0", "feeGrowthInside1X128": "0"}
{"blockNumber":"58524372","poolId":"0x6874d3d2b99e6b75ed2fae390907e1d921d4b06b7f48fc6d3fe9c547507e369c","stateView":"0xc3c9e198c735a4b97e3e683f391ccbdd60b69286","tickLower":-248110,"tickUpper":-243220}	{"ok": true, "feeGrowthInside0X128": "458495778838050935619797185555063556912059", "feeGrowthInside1X128": "9976183984666849323738847412101"}
{"blockNumber":"58524566","poolId":"0x6874d3d2b99e6b75ed2fae390907e1d921d4b06b7f48fc6d3fe9c547507e369c","stateView":"0xc3c9e198c735a4b97e3e683f391ccbdd60b69286","tickLower":-248090,"tickUpper":-246360}	{"ok": true, "feeGrowthInside0X128": "0", "feeGrowthInside1X128": "0"}
{"blockNumber":"58524593","poolId":"0x6874d3d2b99e6b75ed2fae390907e1d921d4b06b7f48fc6d3fe9c547507e369c","stateView":"0xc3c9e198c735a4b97e3e683f391ccbdd60b69286","tickLower":-248090,"tickUpper":-246360}	{"ok": true, "feeGrowthInside0X128": "0", "feeGrowthInside1X128": "0"}
{"blockNumber":"58524646","poolId":"0x6874d3d2b99e6b75ed2fae390907e1d921d4b06b7f48fc6d3fe9c547507e369c","stateView":"0xc3c9e198c735a4b97e3e683f391ccbdd60b69286","tickLower":-248090,"tickUpper":-246360}	{"ok": true, "feeGrowthInside0X128": "0", "feeGrowthInside1X128": "0"}
{"blockNumber":"58524726","poolId":"0x6874d3d2b99e6b75ed2fae390907e1d921d4b06b7f48fc6d3fe9c547507e369c","stateView":"0xc3c9e198c735a4b97e3e683f391ccbdd60b69286","tickLower":-248090,"tickUpper":-246360}	{"ok": true, "feeGrowthInside0X128": "458495778838050935619797185555063556912059", "feeGrowthInside1X128": "9976183984666849323738847412101"}
{"blockNumber":"58527683","poolId":"0x6874d3d2b99e6b75ed2fae390907e1d921d4b06b7f48fc6d3fe9c547507e369c","stateView":"0xc3c9e198c735a4b97e3e683f391ccbdd60b69286","tickLower":-248290,"tickUpper":-246370}	{"ok": true, "feeGrowthInside0X128": "115792089237316195423570985008687907450627767862895663760854702467133016758942", "feeGrowthInside1X128": "115792089237316195423570985008687907853269984656692950278760200341355350902456"}
{"blockNumber":"58631483","poolId":"0x6874d3d2b99e6b75ed2fae390907e1d921d4b06b7f48fc6d3fe9c547507e369c","stateView":"0xc3c9e198c735a4b97e3e683f391ccbdd60b69286","tickLower":-248290,"tickUpper":-246370}	{"ok": true, "feeGrowthInside0X128": "85719366937946574607369052181322682338186", "feeGrowthInside1X128": "1577973494401955845881469741980"}
{"blockNumber":"58527796","poolId":"0x6874d3d2b99e6b75ed2fae390907e1d921d4b06b7f48fc6d3fe9c547507e369c","stateView":"0xc3c9e198c735a4b97e3e683f391ccbdd60b69286","tickLower":-245960,"tickUpper":-235430}	{"ok": true, "feeGrowthInside0X128": "0", "feeGrowthInside1X128": "0"}
{"blockNumber":"58537591","poolId":"0xca1aab64215de4dd0798159fb2155c787a3e154ffc1871b2286772de26e5b624","stateView":"0xc3c9e198c735a4b97e3e683f391ccbdd60b69286","tickLower":-250680,"tickUpper":-233160}	{"ok": true, "feeGrowthInside0X128": "385710407284068325689996336073803468705937", "feeGrowthInside1X128": "7145361384697814906191080102484"}
{"blockNumber":"58539219","poolId":"0xca1aab64215de4dd0798159fb2155c787a3e154ffc1871b2286772de26e5b624","stateView":"0xc3c9e198c735a4b97e3e683f391ccbdd60b69286","tickLower":-248940,"tickUpper":-230280}	{"ok": true, "feeGrowthInside0X128": "0", "feeGrowthInside1X128": "0"}
{"blockNumber":"58539996","poolId":"0x6874d3d2b99e6b75ed2fae390907e1d921d4b06b7f48fc6d3fe9c547507e369c","stateView":"0xc3c9e198c735a4b97e3e683f391ccbdd60b69286","tickLower":-245410,"tickUpper":-239690}	{"ok": true, "feeGrowthInside0X128": "198865131464871224183871998529203847075737", "feeGrowthInside1X128": "4740009969211403803692469751376"}
{"blockNumber":"58540032","poolId":"0x6874d3d2b99e6b75ed2fae390907e1d921d4b06b7f48fc6d3fe9c547507e369c","stateView":"0xc3c9e198c735a4b97e3e683f391ccbdd60b69286","tickLower":-245410,"tickUpper":-239690}	{"ok": true, "feeGrowthInside0X128": "0", "feeGrowthInside1X128": "0"}
{"blockNumber":"58540099","poolId":"0xca1aab64215de4dd0798159fb2155c787a3e154ffc1871b2286772de26e5b624","stateView":"0xc3c9e198c735a4b97e3e683f391ccbdd60b69286","tickLower":-248580,"tickUpper":-239700}	{"ok": true, "feeGrowthInside0X128": "0", "feeGrowthInside1X128": "0"}
{"blockNumber":"58557411","poolId":"0xca1aab64215de4dd0798159fb2155c787a3e154ffc1871b2286772de26e5b624","stateView":"0xc3c9e198c735a4b97e3e683f391ccbdd60b69286","tickLower":-249060,"tickUpper":-248340}	{"ok": true, "feeGrowthInside0X128": "16054996924971552279181294493189497666413", "feeGrowthInside1X128": "256119670969940728082325396803"}
{"blockNumber":"58557426","poolId":"0xca1aab64215de4dd0798159fb2155c787a3e154ffc1871b2286772de26e5b624","stateView":"0xc3c9e198c735a4b97e3e683f391ccbdd60b69286","tickLower":-249060,"tickUpper":-248340}	{"ok": true, "feeGrowthInside0X128": "0", "feeGrowthInside1X128": "0"}
{"blockNumber":"58572315","poolId":"0xca1aab64215de4dd0798159fb2155c787a3e154ffc1871b2286772de26e5b624","stateView":"0xc3c9e198c735a4b97e3e683f391ccbdd60b69286","tickLower":-887220,"tickUpper":887220}	{"ok": true, "feeGrowthInside0X128": "401271002562755380291384474458017804184974", "feeGrowthInside1X128": "7366208079875663533360677791185"}
{"blockNumber":"58651673","poolId":"0xca1aab64215de4dd0798159fb2155c787a3e154ffc1871b2286772de26e5b624","stateView":"0xc3c9e198c735a4b97e3e683f391ccbdd60b69286","tickLower":-247980,"tickUpper":-245400}	{"ok": true, "feeGrowthInside0X128": "0", "feeGrowthInside1X128": "0"}
{"blockNumber":"58654520","poolId":"0xca1aab64215de4dd0798159fb2155c787a3e154ffc1871b2286772de26e5b624","stateView":"0xc3c9e198c735a4b97e3e683f391ccbdd60b69286","tickLower":-247980,"tickUpper":-245400}	{"ok": true, "feeGrowthInside0X128": "473903967479531225201322013113510238498845", "feeGrowthInside1X128": "9012704157291768496084691037098"}
{"blockNumber":"58514462","poolId":"0xde61c2f176be3378e956fce94538aa3fd48239f851949653777a9a6021e62339","stateView":"0xc3c9e198c735a4b97e3e683f391ccbdd60b69286","tickLower":-48286,"tickUpper":-44429}	{"ok": true, "feeGrowthInside0X128": "756763328088906082394680977047364329", "feeGrowthInside1X128": "7158775819801533575907600810328950"}
{"blockNumber":"58515464","poolId":"0xde61c2f176be3378e956fce94538aa3fd48239f851949653777a9a6021e62339","stateView":"0xc3c9e198c735a4b97e3e683f391ccbdd60b69286","tickLower":-48286,"tickUpper":-44429}	{"ok": true, "feeGrowthInside0X128": "767889184233847020740143908346979404", "feeGrowthInside1X128": "7219172490266353807893775826158718"}
{"blockNumber":"58521977","poolId":"0xa685e30445ba26e6b744e45f636fccab0d44969c873a85564cfaf4be5a61eb14","stateView":"0xc3c9e198c735a4b97e3e683f391ccbdd60b69286","tickLower":-323220,"tickUpper":-301260}	{"ok": true, "feeGrowthInside0X128": "6538133960252555551478034094437590489114253", "feeGrowthInside1X128": "154493008655027507435860661278"}
{"blockNumber":"58521992","poolId":"0xa685e30445ba26e6b744e45f636fccab0d44969c873a85564cfaf4be5a61eb14","stateView":"0xc3c9e198c735a4b97e3e683f391ccbdd60b69286","tickLower":-323220,"tickUpper":-301260}	{"ok": true, "feeGrowthInside0X128": "6538133960252555551478034094437590489114253", "feeGrowthInside1X128": "154493008655027507435860661278"}
{"blockNumber":"58558727","poolId":"0x159e6e8aee99fb988a846d491efd3f1038adc76086c3d1f02ea6ee50cd250099","stateView":"0xc3c9e198c735a4b97e3e683f391ccbdd60b69286","tickLower":66720,"tickUpper":68460}	{"ok": true, "feeGrowthInside0X128": "477028279014737496332066451499443", "feeGrowthInside1X128": "0"}
{"blockNumber":"58620642","poolId":"0x159e6e8aee99fb988a846d491efd3f1038adc76086c3d1f02ea6ee50cd250099","stateView":"0xc3c9e198c735a4b97e3e683f391ccbdd60b69286","tickLower":65100,"tickUpper":68700}	{"ok": true, "feeGrowthInside0X128": "0", "feeGrowthInside1X128": "0"}
{"blockNumber":"58620656","poolId":"0x159e6e8aee99fb988a846d491efd3f1038adc76086c3d1f02ea6ee50cd250099","stateView":"0xc3c9e198c735a4b97e3e683f391ccbdd60b69286","tickLower":65100,"tickUpper":68700}	{"ok": true, "feeGrowthInside0X128": "5410180825896010914377597165376645", "feeGrowthInside1X128": "3092704498324786025838852412112802340"}
{"blockNumber":"58625216","poolId":"0xd3e09e9e887037eaeb40a4648c037fb688da4396118e6519ea1b27925a996ffc","stateView":"0xc3c9e198c735a4b97e3e683f391ccbdd60b69286","tickLower":-316200,"tickUpper":-314400}	{"ok": true, "feeGrowthInside0X128": "0", "feeGrowthInside1X128": "0"}
{"blockNumber":"58460231","poolId":"0xc3b6814dd574f3e75e65c6b9c94285ffc5dd55ff4f0ed8be6961eb31570414af","stateView":"0xc3c9e198c735a4b97e3e683f391ccbdd60b69286","tickLower":-882000,"tickUpper":882000}	{"ok": true, "feeGrowthInside0X128": "492313185226084001369311943735959055051924576", "feeGrowthInside1X128": "0"}
{"blockNumber":"58460314","poolId":"0x44d66cb00e1e746de72bec124a99df4a40399afaa5af03569c6499a6e6508bb9","stateView":"0xc3c9e198c735a4b97e3e683f391ccbdd60b69286","tickLower":-90000,"tickUpper":882000}	{"ok": true, "feeGrowthInside0X128": "0", "feeGrowthInside1X128": "0"}
{"blockNumber":"58460335","poolId":"0x4767acbd8731b001b80973b823088d48547ba53d9e033d19b57764a0c950ecad","stateView":"0xc3c9e198c735a4b97e3e683f391ccbdd60b69286","tickLower":0,"tickUpper":882000}	{"ok": true, "feeGrowthInside0X128": "0", "feeGrowthInside1X128": "0"}
{"blockNumber":"58460363","poolId":"0x3c1c3a63da08f0e6a8fb216950bdc3528380ea3ed66bddb181f457e5fb8ea3f1","stateView":"0xc3c9e198c735a4b97e3e683f391ccbdd60b69286","tickLower":-882000,"tickUpper":882000}	{"ok": true, "feeGrowthInside0X128": "0", "feeGrowthInside1X128": "0"}
{"blockNumber":"58460414","poolId":"0xc9dd54f232751e75d0eee846e25ee7e238eb22958e3d4d3418e5782c5bf2d13c","stateView":"0xc3c9e198c735a4b97e3e683f391ccbdd60b69286","tickLower":-882000,"tickUpper":882000}	{"ok": true, "feeGrowthInside0X128": "0", "feeGrowthInside1X128": "0"}
{"blockNumber":"58465432","poolId":"0xdaa8e7440c46150d0ccb3021f0e78a56beb17acb3f5b5d4f2ab29845053966e5","stateView":"0xc3c9e198c735a4b97e3e683f391ccbdd60b69286","tickLower":-887220,"tickUpper":887220}	{"ok": true, "feeGrowthInside0X128": "0", "feeGrowthInside1X128": "0"}
{"blockNumber":"58474914","poolId":"0x227f1e84b204747153c5a67088486f04fdf2ff45191d59c43257cc4b3f4022e2","stateView":"0xc3c9e198c735a4b97e3e683f391ccbdd60b69286","tickLower":-887200,"tickUpper":887200}	{"ok": true, "feeGrowthInside0X128": "0", "feeGrowthInside1X128": "0"}
{"blockNumber":"58506178","poolId":"0x88170bcfaf00e6675a6750eaff341e8ec399f357757793128c4c67fb2770ad8b","stateView":"0xc3c9e198c735a4b97e3e683f391ccbdd60b69286","tickLower":332220,"tickUpper":338820}	{"ok": true, "feeGrowthInside0X128": "0", "feeGrowthInside1X128": "0"}
{"blockNumber":"58547700","poolId":"0x02c3f63a2a41dc8389bd5ff18003ab837f6e5e9ca2acef7f2474a33ac868ed4f","stateView":"0xc3c9e198c735a4b97e3e683f391ccbdd60b69286","tickLower":-60,"tickUpper":60}	{"ok": true, "feeGrowthInside0X128": "0", "feeGrowthInside1X128": "0"}
{"blockNumber":"58549269","poolId":"0x02c3f63a2a41dc8389bd5ff18003ab837f6e5e9ca2acef7f2474a33ac868ed4f","stateView":"0xc3c9e198c735a4b97e3e683f391ccbdd60b69286","tickLower":-60,"tickUpper":60}	{"ok": true, "feeGrowthInside0X128": "0", "feeGrowthInside1X128": "0"}
{"blockNumber":"58613585","poolId":"0x227f1e84b204747153c5a67088486f04fdf2ff45191d59c43257cc4b3f4022e2","stateView":"0xc3c9e198c735a4b97e3e683f391ccbdd60b69286","tickLower":-887200,"tickUpper":887200}	{"ok": true, "feeGrowthInside0X128": "29407624620158188472720000196", "feeGrowthInside1X128": "13490141682483908048129205424504892364441433"}
{"blockNumber":"58616899","poolId":"0x227f1e84b204747153c5a67088486f04fdf2ff45191d59c43257cc4b3f4022e2","stateView":"0xc3c9e198c735a4b97e3e683f391ccbdd60b69286","tickLower":-887200,"tickUpper":887200}	{"ok": true, "feeGrowthInside0X128": "29407624620158188472720000196", "feeGrowthInside1X128": "13490141682483908048129205424504892364441433"}
