id	output
{"poolManager":"0x8366a39cc670b4001a1121b8f6a443a643e40951","txHash":"0xdba8972f12b93851f88095306256beaeb39ed22f41e562536fbdacbd2eb328ee"}	[{"salt": "5", "amount0": "398", "amount1": "4914", "ordinal": 0, "tickLower": -100, "tickUpper": 100, "liquidityDelta": "200880403"}]
{"poolManager":"0x8366a39cc670b4001a1121b8f6a443a643e40951","txHash":"0x989be80a225f5ddeab1d9919ee2d476492f7b5cfbef37f0dec8eb98b0013f75a"}	[{"salt": "5", "amount0": "0", "amount1": "0", "ordinal": 0, "tickLower": -100, "tickUpper": 100, "liquidityDelta": "5022012750060"}]
{"poolManager":"0x8366a39cc670b4001a1121b8f6a443a643e40951","txHash":"0xc7cb9d81980cac8caea68f2e5a5ecc505e93c593c79cf7bde63e37c4721b4de8"}	[{"salt": "5", "amount0": "0", "amount1": "0", "ordinal": 0, "tickLower": -100, "tickUpper": 100, "liquidityDelta": "19989854016575"}]
{"poolManager":"0x8366a39cc670b4001a1121b8f6a443a643e40951","txHash":"0x9f02681c3a6d684e9ca27acfa304acb467dd427a4a1e539c391ed6ff07ded446"}	[{"salt": "5", "amount0": "513", "amount1": "499", "ordinal": 0, "tickLower": -100, "tickUpper": 100, "liquidityDelta": "75060768342935"}]
{"poolManager":"0x8366a39cc670b4001a1121b8f6a443a643e40951","txHash":"0x30ab755fc0790e6f0bd3e816aa2073b6f780e5f68aded6e0fdb7da146c2de61c"}	[{"salt": "4", "amount0": "9", "amount1": "107", "ordinal": 0, "tickLower": -100, "tickUpper": 100, "liquidityDelta": "-20051041647"}]
{"poolManager":"0x8366a39cc670b4001a1121b8f6a443a643e40951","txHash":"0xed5f4df1f2b987eafbf278879c0315743f1ae6a9b4c71a530712e0f700f297da"}	[{"salt": "5", "amount0": "5154", "amount1": "32019", "ordinal": 0, "tickLower": -100, "tickUpper": 100, "liquidityDelta": "200140488421581"}]
{"poolManager":"0x8366a39cc670b4001a1121b8f6a443a643e40951","txHash":"0x8c262dc8c2551f7cd8f19b7d934a3f768923addeaf06ca09bc11f299e1c8fbc7"}	[{"salt": "15", "amount0": "0", "amount1": "0", "ordinal": 0, "tickLower": -886000, "tickUpper": 886000, "liquidityDelta": "-1406700004610497752152"}]
{"poolManager":"0x8366a39cc670b4001a1121b8f6a443a643e40951","txHash":"0xa547ab1585beeb6b725d521a125f9d59b51ed65f90ee94aaa464ba87307d92a5"}	[{"salt": "19", "amount0": "0", "amount1": "0", "ordinal": 0, "tickLower": 128000, "tickUpper": 129000, "liquidityDelta": "-10486436710876835604187"}]
{"poolManager":"0x8366a39cc670b4001a1121b8f6a443a643e40951","txHash":"0xa243bd6c2250acb8a6ce294e42655a9b6a5a3c6107c0d1ff245721d5de5eb154"}	[{"salt": "21", "amount0": "0", "amount1": "6785396526245904088179", "ordinal": 0, "tickLower": 126600, "tickUpper": 128400, "liquidityDelta": "0"}]
{"poolManager":"0x8366a39cc670b4001a1121b8f6a443a643e40951","txHash":"0x908ade4e92693eabf7e2c4e5996e5ea05eb8351d2ceb531b407aa6d2ed1c60ab"}	[{"salt": "21", "amount0": "0", "amount1": "1216749930505261385441", "ordinal": 0, "tickLower": 126600, "tickUpper": 128400, "liquidityDelta": "-2770195915451217745039"}]
{"poolManager":"0x8366a39cc670b4001a1121b8f6a443a643e40951","txHash":"0x96467437ab25ac5cb11ecb70a46b715618616eebbdc5286b2ee471d5f2b05a46"}	[{"salt": "21", "amount0": "2314023749999999", "amount1": "0", "ordinal": 0, "tickLower": 126600, "tickUpper": 128400, "liquidityDelta": "-2770195915451217745040"}]
{"poolManager":"0x8366a39cc670b4001a1121b8f6a443a643e40951","txHash":"0x420b1b06b62e55abc93d3189f843837362c3bd7892c6f40a8084c7c210a33ad7"}	[{"salt": "22", "amount0": "0", "amount1": "0", "ordinal": 0, "tickLower": 128400, "tickUpper": 131400, "liquidityDelta": "-1101704343361561165945"}]
{"poolManager":"0x8366a39cc670b4001a1121b8f6a443a643e40951","txHash":"0xea0d5dc7d71b9afa9aa62e40ec3da89ea8c0491ae199a5ef40630dc59a6ad3a3"}	[{"salt": "24", "amount0": "299999999999999", "amount1": "1232005560105665826665", "ordinal": 0, "tickLower": 126800, "tickUpper": 128400, "liquidityDelta": "-6264625620284984677355"}]
{"poolManager":"0x8366a39cc670b4001a1121b8f6a443a643e40951","txHash":"0xcc4bfc21501f0c54e60dbe24cfa1f07e5fe6a9d844cd99074a0d6d7b050f2bbe"}	[{"salt": "26", "amount0": "0", "amount1": "0", "ordinal": 0, "tickLower": 128400, "tickUpper": 132600, "liquidityDelta": "-1587927504139004564158"}]
{"poolManager":"0x8366a39cc670b4001a1121b8f6a443a643e40951","txHash":"0x4ead3df93dff9bce848c699103d33df9ed5865ac7ecae5030a115d8ef6479a77"}	[{"salt": "28", "amount0": "0", "amount1": "0", "ordinal": 0, "tickLower": 127600, "tickUpper": 138040, "liquidityDelta": "-145023220029771993308"}]
{"poolManager":"0x8366a39cc670b4001a1121b8f6a443a643e40951","txHash":"0x88cd11ea816e1068c17994af5f4299b64a1b97ab34e4e141a3cdac4cf3163515"}	[{"salt": "23", "amount0": "0", "amount1": "0", "ordinal": 0, "tickLower": 128400, "tickUpper": 130200, "liquidityDelta": "-1782978525061637829972"}]
{"poolManager":"0x8366a39cc670b4001a1121b8f6a443a643e40951","txHash":"0xa19d3b93572e52699e6242a5b71cdafa387b9614fc58d27d2d961944829985eb"}	[{"salt": "31", "amount0": "0", "amount1": "0", "ordinal": 0, "tickLower": 126800, "tickUpper": 145200, "liquidityDelta": "-332271805388628217682"}]
{"poolManager":"0x8366a39cc670b4001a1121b8f6a443a643e40951","txHash":"0xd9cdef385d9923777f991ffb9a9843f96613d1726d24b12fe294dc9f48516a61"}	[{"salt": "20", "amount0": "552074180631541596211", "amount1": "22071015", "ordinal": 0, "tickLower": -885000, "tickUpper": 885000, "liquidityDelta": "0"}]
{"poolManager":"0x8366a39cc670b4001a1121b8f6a443a643e40951","txHash":"0xac0d8d732b89dda63a025c3f4c23c602bfb13226f2b819670878552a2015659e"}	[{"salt": "30", "amount0": "0", "amount1": "0", "ordinal": 0, "tickLower": 124320, "tickUpper": 133840, "liquidityDelta": "-660829324695790904062"}]
{"poolManager":"0x8366a39cc670b4001a1121b8f6a443a643e40951","txHash":"0x0cd1212ddfcd971f87f298664cf60af873ec5fc51b5d5004746fc10cfe0e9f21"}	[{"salt": "27", "amount0": "8800381169768", "amount1": "474065505013548382", "ordinal": 0, "tickLower": -887220, "tickUpper": 887220, "liquidityDelta": "-3073456959731980127"}]
{"poolManager":"0x8366a39cc670b4001a1121b8f6a443a643e40951","txHash":"0xffb379a9f61f72b181819c62917f65606214fb27ab45a801b721050c70988acb"}	[{"salt": "34", "amount0": "649024999999999", "amount1": "382979140672864630813", "ordinal": 0, "tickLower": 121680, "tickUpper": 131040, "liquidityDelta": "-586847757791198243610"}]
{"poolManager":"0x8366a39cc670b4001a1121b8f6a443a643e40951","txHash":"0x9aae895ede6827859fb5ce0408c4876b5904121708f301e6f7a8161ebfd2b86a"}	[{"salt": "38", "amount0": "1484108999999999", "amount1": "17614461", "ordinal": 0, "tickLower": -202800, "tickUpper": -202200, "liquidityDelta": "4157822656970170"}]
{"poolManager":"0x8366a39cc670b4001a1121b8f6a443a643e40951","txHash":"0xd22fee0af680baea27fe1ee2c50e4b5d036eb5255a431f96054cbcb8c091ec0e"}	[{"salt": "41", "amount0": "0", "amount1": "182699", "ordinal": 0, "tickLower": -203400, "tickUpper": -203200, "liquidityDelta": "526606270500422"}]
{"poolManager":"0x8366a39cc670b4001a1121b8f6a443a643e40951","txHash":"0x7aab05f06fdb80245b009e1d1b69ea12ab921f0c76d736d03cdba71d2e1aea39"}	[{"salt": "41", "amount0": "0", "amount1": "598831", "ordinal": 0, "tickLower": -203400, "tickUpper": -203200, "liquidityDelta": "-1086962401688249"}]
{"poolManager":"0x8366a39cc670b4001a1121b8f6a443a643e40951","txHash":"0xc0d495d1d3997dd6093f9bb4db211ba65738a53cbcf8f0bafbbce0600a17bfbd"}	[{"salt": "35", "amount0": "0", "amount1": "0", "ordinal": 0, "tickLower": -882000, "tickUpper": 882000, "liquidityDelta": "-117093133379833938388"}]
{"poolManager":"0x8366a39cc670b4001a1121b8f6a443a643e40951","txHash":"0x707b20551636b68c843a0239cd17da0809deb72a080552d78b86bc42c8f8b593"}	[{"salt": "42", "amount0": "25695794328902593", "amount1": "47706167", "ordinal": 0, "tickLower": -202600, "tickUpper": -201400, "liquidityDelta": "89577966968719"}]
{"poolManager":"0x8366a39cc670b4001a1121b8f6a443a643e40951","txHash":"0x443e9ffd4cc765ca003fd8fb8de3f9a008050ae325b88e71afbb40b5067edafb"}	[{"salt": "42", "amount0": "1794596950010831", "amount1": "0", "ordinal": 0, "tickLower": -202600, "tickUpper": -201400, "liquidityDelta": "65224421988397"}]
{"poolManager":"0x8366a39cc670b4001a1121b8f6a443a643e40951","txHash":"0x633a51d84e9d9469442653115b1bbcb78ca52ead0e291f1cfa95cdb65e0622e0"}	[{"salt": "42", "amount0": "5468823327004163", "amount1": "6565068", "ordinal": 0, "tickLower": -202600, "tickUpper": -201400, "liquidityDelta": "50821106448033"}]
{"poolManager":"0x8366a39cc670b4001a1121b8f6a443a643e40951","txHash":"0x7856611bf58ee173355a4245670df6e1ae48efceb869812ebadb4ddc1f1f06fc"}	[{"salt": "38", "amount0": "14240003099912554", "amount1": "23540149", "ordinal": 0, "tickLower": -202800, "tickUpper": -202200, "liquidityDelta": "-5080098965233594"}]
{"poolManager":"0x8366a39cc670b4001a1121b8f6a443a643e40951","txHash":"0x7a1f41f8dd9af9e36abe6df665a5668b59065ef44ee4bdcbea245b87fe055ab2"}	[{"salt": "42", "amount0": "4661016414714025", "amount1": "11054320", "ordinal": 0, "tickLower": -202600, "tickUpper": -201400, "liquidityDelta": "40555202137223"}]
{"poolManager":"0x8366a39cc670b4001a1121b8f6a443a643e40951","txHash":"0xddbc53aede272e3f3c5e0f9dd256f92075e49259a2efe6d117f69dd2e99394e5"}	[{"salt": "42", "amount0": "1053124533574544", "amount1": "2583759", "ordinal": 0, "tickLower": -202600, "tickUpper": -201400, "liquidityDelta": "11554778356133"}]
{"poolManager":"0x8366a39cc670b4001a1121b8f6a443a643e40951","txHash":"0x60c048b977c71c9f9f19eee1cc4e434810046e590c0c7c9f641b5f28d06aa8b5"}	[{"salt": "42", "amount0": "400117756265018", "amount1": "286585", "ordinal": 0, "tickLower": -202600, "tickUpper": -201400, "liquidityDelta": "3108536186920"}]
{"poolManager":"0x8366a39cc670b4001a1121b8f6a443a643e40951","txHash":"0x7fae53657f0f3769c12d742f8fcf2bdd36e06d01fc104a8dca3cbe3e87486ea1"}	[{"salt": "46", "amount0": "301998226940257", "amount1": "252353", "ordinal": 0, "tickLower": -202250, "tickUpper": -201960, "liquidityDelta": "-849247146848983"}]
{"poolManager":"0x8366a39cc670b4001a1121b8f6a443a643e40951","txHash":"0xe36ed6b467b61d2327e3b3ebe79f390474b4c01a6e0c4bbe23dbd05f8303e22f"}	[{"salt": "42", "amount0": "7987667358440323", "amount1": "12992780", "ordinal": 0, "tickLower": -202600, "tickUpper": -201400, "liquidityDelta": "0"}]
{"poolManager":"0x8366a39cc670b4001a1121b8f6a443a643e40951","txHash":"0x4b993b1b9fbd9e45072618be952788e6dc4263ef27f3f354f3ee7a7d2e9d5533"}	[{"salt": "42", "amount0": "9596501707964", "amount1": "0", "ordinal": 0, "tickLower": -202600, "tickUpper": -201400, "liquidityDelta": "16552307856379"}]
{"poolManager":"0x8366a39cc670b4001a1121b8f6a443a643e40951","txHash":"0xfaffaa95dd0a75bc61ef0c611a94ab254ee9890c689e6ecab62934846bbc1d96"}	[{"salt": "37", "amount0": "1751587196977016", "amount1": "3078026", "ordinal": 0, "tickLower": -209150, "tickUpper": -195290, "liquidityDelta": "-41468078775202"}]
{"poolManager":"0x8366a39cc670b4001a1121b8f6a443a643e40951","txHash":"0xc2b2730a0cd580f4d4cb38f6a4b7a95f7c38a7aa5b6c7a03475f8970a53bddf5"}	[{"salt": "48", "amount0": "373403574817273", "amount1": "222309", "ordinal": 0, "tickLower": -202800, "tickUpper": -201600, "liquidityDelta": "378145518473036"}]
{"poolManager":"0x8366a39cc670b4001a1121b8f6a443a643e40951","txHash":"0x5e84ec8c1511e36bba339f840d1f2529fcb0d2f2b887031b0b29ff5059270879"}	[{"salt": "49", "amount0": "0", "amount1": "0", "ordinal": 0, "tickLower": -202620, "tickUpper": -202260, "liquidityDelta": "3308858692235364"}]
{"poolManager":"0x8366a39cc670b4001a1121b8f6a443a643e40951","txHash":"0x5da8493ada23f7deeba86baad6409b6ee6ce54c5553f58d25dce0a2609f733e7"}	[{"salt": "49", "amount0": "0", "amount1": "0", "ordinal": 0, "tickLower": -202620, "tickUpper": -202260, "liquidityDelta": "-6617702322839005"}]
{"poolManager":"0x8366a39cc670b4001a1121b8f6a443a643e40951","txHash":"0x13b9900c6e2b7232822b39a2d585666beaa996dcc74c9a92db67768e1ad50a69"}	[{"salt": "53", "amount0": "0", "amount1": "0", "ordinal": 0, "tickLower": -202174, "tickUpper": -201684, "liquidityDelta": "-168357114582323"}]
{"poolManager":"0x8366a39cc670b4001a1121b8f6a443a643e40951","txHash":"0x674158203f7ee4bb9bca5c5e77bb8c86397d54bef4dbc75b62a80a9776924e04"}	[{"salt": "51", "amount0": "1570083215558865", "amount1": "2984188", "ordinal": 0, "tickLower": -202400, "tickUpper": -202300, "liquidityDelta": "-1042114551330609"}]
{"poolManager":"0x8366a39cc670b4001a1121b8f6a443a643e40951","txHash":"0xd0c6a5a6af3900f796ed7bc9eb627c51751b3d42597c8d8f7234efd2b5b050ee"}	[{"salt": "52", "amount0": "3913405375681681", "amount1": "3832509", "ordinal": 0, "tickLower": -202800, "tickUpper": -201800, "liquidityDelta": "-1796105430020310"}]
{"poolManager":"0x8366a39cc670b4001a1121b8f6a443a643e40951","txHash":"0x5afa9370e1ef90667f4a8a2d3dbec9a525eaed147c6e865a737c9bd2c5fcf549"}	[{"salt": "55", "amount0": "0", "amount1": "0", "ordinal": 0, "tickLower": -882000, "tickUpper": 882000, "liquidityDelta": "-17829412439473288204"}]
{"poolManager":"0x8366a39cc670b4001a1121b8f6a443a643e40951","txHash":"0x62a8a06565325c0f9e9b553ed0fc1f0fe94f3d01b0a98c98211e5e6e09ed9cfc"}	[{"salt": "54", "amount0": "13269265054546536", "amount1": "17107090", "ordinal": 0, "tickLower": -202800, "tickUpper": -202200, "liquidityDelta": "1745198089422037"}]
{"poolManager":"0x8366a39cc670b4001a1121b8f6a443a643e40951","txHash":"0xc635e346d653112b8622244c40fdc5407c7580291baa08e5ba72c9a104529856"}	[{"salt": "56", "amount0": "3180886956175919", "amount1": "3114464", "ordinal": 0, "tickLower": -203000, "tickUpper": -201800, "liquidityDelta": "-1166617497581317"}]
{"poolManager":"0x8366a39cc670b4001a1121b8f6a443a643e40951","txHash":"0xd1569003b6d513f8f772fc2993fcfd38623efb6c2c4b38a561de329c8a1770dd"}	[{"salt": "50", "amount0": "19378670813090", "amount1": "32415", "ordinal": 0, "tickLower": -202100, "tickUpper": -201650, "liquidityDelta": "-7352741008969748"}]
{"poolManager":"0x8366a39cc670b4001a1121b8f6a443a643e40951","txHash":"0xcf06485ae8961ceec6e6393c1385dd5477532b3b632142eedc2bc3dbdc971f41"}	[{"salt": "60", "amount0": "18895110000642", "amount1": "4683209", "ordinal": 0, "tickLower": -202600, "tickUpper": -202200, "liquidityDelta": "6552209971756207"}]
{"poolManager":"0x8366a39cc670b4001a1121b8f6a443a643e40951","txHash":"0x1d4c3d72e1e623c8ece0f46b323d728e240b5e872316bdb135855af938e3991c"}	[{"salt": "57", "amount0": "0", "amount1": "0", "ordinal": 0, "tickLower": -202200, "tickUpper": -193600, "liquidityDelta": "-698610421431488"}]
{"poolManager":"0x8366a39cc670b4001a1121b8f6a443a643e40951","txHash":"0xbf9e1e9ab081d3080103fbd8b3e759e016c124036cdd22a7c5fc80ae1bceb49a"}	[{"salt": "54", "amount0": "1459041930702917", "amount1": "10139581", "ordinal": 0, "tickLower": -202800, "tickUpper": -202200, "liquidityDelta": "832707578185055"}]
{"poolManager":"0x8366a39cc670b4001a1121b8f6a443a643e40951","txHash":"0x26c1fc6abea237415beeb162b2aa6a451a8d10e29e1be3dc06b35b75a246f9ec"}	[{"salt": "65", "amount0": "0", "amount1": "0", "ordinal": 0, "tickLower": -202944, "tickUpper": -202491, "liquidityDelta": "934562769723342"}]
{"poolManager":"0x8366a39cc670b4001a1121b8f6a443a643e40951","txHash":"0x0a614917b65b4c8df0a56d7d4893e19634770b4e4c1ad30ec39eb57043169e66"}	[{"salt": "36", "amount0": "0", "amount1": "51932439921383297114", "ordinal": 0, "tickLower": -887200, "tickUpper": 887200, "liquidityDelta": "0"}]
{"poolManager":"0x8366a39cc670b4001a1121b8f6a443a643e40951","txHash":"0xd27f6a78881008a21b2495a6f678c632eb061880e1310406b314ed5b6dafc7e9"}	[{"salt": "61", "amount0": "0", "amount1": "0", "ordinal": 0, "tickLower": -202462, "tickUpper": -202124, "liquidityDelta": "-2348761167105793"}]
{"poolManager":"0x8366a39cc670b4001a1121b8f6a443a643e40951","txHash":"0x75b516ef0babb2390661d2af9dd080d3d8f196a20481b2150019d4c5f70aec4d"}	[{"salt": "36", "amount0": "0", "amount1": "0", "ordinal": 0, "tickLower": -887200, "tickUpper": 887200, "liquidityDelta": "-6802215092338284741"}]
{"poolManager":"0x8366a39cc670b4001a1121b8f6a443a643e40951","txHash":"0xf576dd1f30d780acfc5ab81d991379e0f6355c64fec190172713829cd3b295d0"}	[{"salt": "44", "amount0": "80898029604348216", "amount1": "144159791", "ordinal": 0, "tickLower": -202800, "tickUpper": -202000, "liquidityDelta": "-3021831672984456"}]
{"poolManager":"0x8366a39cc670b4001a1121b8f6a443a643e40951","txHash":"0x1a22e5155702f8dcb549e8ef74e0b29074a60e4cd55b9a66a22c4c536fe42b1d"}	[{"salt": "48", "amount0": "6643257611506600", "amount1": "9480441", "ordinal": 0, "tickLower": -202800, "tickUpper": -201600, "liquidityDelta": "671012624035827"}]
{"poolManager":"0x8366a39cc670b4001a1121b8f6a443a643e40951","txHash":"0x7b7f432f285a1f587f63e9c5e8c157b7fb1a6523ed4166d5f2c9f3a4461576c9"}	[{"salt": "47", "amount0": "116407324216644324", "amount1": "169147154", "ordinal": 0, "tickLower": -202600, "tickUpper": -202200, "liquidityDelta": "5728400843534105"}]
{"poolManager":"0x8366a39cc670b4001a1121b8f6a443a643e40951","txHash":"0x23dcac86b7b35f9e35f6a606e18f95efcd8732d9cba874439109eb35864ba8e3"}	[{"salt": "66", "amount0": "0", "amount1": "0", "ordinal": 0, "tickLower": -202516, "tickUpper": -202319, "liquidityDelta": "-408661119739530"}]
{"poolManager":"0x8366a39cc670b4001a1121b8f6a443a643e40951","txHash":"0xe71007aeb14d4184faaa0c71092e75a5e98ca04450e847e1c8dbe11cd865ca8f"}	[{"salt": "59", "amount0": "8079047973339377", "amount1": "23776200", "ordinal": 0, "tickLower": -202600, "tickUpper": -202200, "liquidityDelta": "-5838265467013125"}]
{"poolManager":"0x8366a39cc670b4001a1121b8f6a443a643e40951","txHash":"0xfc9e59ce025c72b9f3eb1bcc066c9fccc36c354a7f344c96ca167e5e113999a7"}	[{"salt": "62", "amount0": "2371505213330609", "amount1": "6959749", "ordinal": 0, "tickLower": -202800, "tickUpper": -202000, "liquidityDelta": "-1719777407340060"}]
{"poolManager":"0x8366a39cc670b4001a1121b8f6a443a643e40951","txHash":"0x5ea12f157f49eacde3e77e33f029051412a921ff1134e062b07af6f101af479f"}	[{"salt": "54", "amount0": "8131840213379049", "amount1": "17228353", "ordinal": 0, "tickLower": -202800, "tickUpper": -202200, "liquidityDelta": "-7095828582553282"}]
{"poolManager":"0x8366a39cc670b4001a1121b8f6a443a643e40951","txHash":"0x7ec18f0f4b6c7332c192d42bf196dc82a34545e0957f595ce524283b71e60668"}	[{"salt": "70", "amount0": "2999999999999", "amount1": "0", "ordinal": 0, "tickLower": -882000, "tickUpper": 882000, "liquidityDelta": "0"}]
{"poolManager":"0x8366a39cc670b4001a1121b8f6a443a643e40951","txHash":"0xc7d12fe9f4f8f353633a78f9315b16bdaef60cdb10970002d9331575bce03f56"}	[{"salt": "43", "amount0": "0", "amount1": "0", "ordinal": 0, "tickLower": 94400, "tickUpper": 165200, "liquidityDelta": "-9165469152472647652"}]
{"poolManager":"0x8366a39cc670b4001a1121b8f6a443a643e40951","txHash":"0x83c0870ecdb638a916cc627812045e5ef33dc9908fec36b91207712e507e918b"}	[{"salt": "71", "amount0": "0", "amount1": "0", "ordinal": 0, "tickLower": -882000, "tickUpper": 882000, "liquidityDelta": "-6199717890916350876"}]
{"poolManager":"0x8366a39cc670b4001a1121b8f6a443a643e40951","txHash":"0x08d2e79393bdcf974578c757dcf5da47f0dbf8d49e5d27ca11641f21a8a9d917"}	[{"salt": "72", "amount0": "2246624999999999", "amount1": "0", "ordinal": 0, "tickLower": -882000, "tickUpper": 882000, "liquidityDelta": "0"}]
{"poolManager":"0x8366a39cc670b4001a1121b8f6a443a643e40951","txHash":"0x963faeaf3a5c865e0674f5c2a6510082ad8e4fdd02dee6b49733daa05ebad668"}	[{"salt": "68", "amount0": "5859945722448596", "amount1": "10282002", "ordinal": 0, "tickLower": -202380, "tickUpper": -202160, "liquidityDelta": "-36864571806978457"}]
{"poolManager":"0x8366a39cc670b4001a1121b8f6a443a643e40951","txHash":"0xaaf8e28efd75ea8bad6fb6346ef6ec92ef9ce96455663d438dd8afee71180cf6"}	[{"salt": "58", "amount0": "26568306807200254", "amount1": "48156101", "ordinal": 0, "tickLower": -202400, "tickUpper": -202240, "liquidityDelta": "-8161584637217557"}]
{"poolManager":"0x8366a39cc670b4001a1121b8f6a443a643e40951","txHash":"0x3f39c07993d1a108dfd06e0a1015b26e409f5cadc7a7182209db710914ff2bc1"}	[{"salt": "63", "amount0": "3626103746340397", "amount1": "7027385", "ordinal": 0, "tickLower": -202560, "tickUpper": -202320, "liquidityDelta": "-2445452170815325"}]
{"poolManager":"0x8366a39cc670b4001a1121b8f6a443a643e40951","txHash":"0x5797963d2b6872083e67078873a3a5aa4621edd579726b0220cf4ebfc7fc2707"}	[{"salt": "70", "amount0": "0", "amount1": "0", "ordinal": 0, "tickLower": -882000, "tickUpper": 882000, "liquidityDelta": "-223304412180937750448"}]
{"poolManager":"0x8366a39cc670b4001a1121b8f6a443a643e40951","txHash":"0xf7ef29bde26ee503ee9058e3cf32c1f7b1b157547f4c4c1817199f086390257e"}	[{"salt": "64", "amount0": "0", "amount1": "0", "ordinal": 0, "tickLower": -202200, "tickUpper": -201800, "liquidityDelta": "-8220334854850676"}]
{"poolManager":"0x8366a39cc670b4001a1121b8f6a443a643e40951","txHash":"0xe601243e5d5b9e023bb4aa424f88cce73c3eeb57bebb4ce5b659c695218552c8"}	[{"salt": "72", "amount0": "1002518844702140", "amount1": "0", "ordinal": 0, "tickLower": -882000, "tickUpper": 882000, "liquidityDelta": "0"}]
{"poolManager":"0x8366a39cc670b4001a1121b8f6a443a643e40951","txHash":"0xe7c537e66e9fa224e466634681461ab9d7790230821c08e5b9b141f192344d4a"}	[{"salt": "74", "amount0": "0", "amount1": "0", "ordinal": 0, "tickLower": -886000, "tickUpper": 886000, "liquidityDelta": "-11000967306231757575"}]
{"poolManager":"0x8366a39cc670b4001a1121b8f6a443a643e40951","txHash":"0xaa828aaba5919016bd2d5362748fa7c7cb0c3e59616cf1e63ec7bfc97d70ef9f"}	[{"salt": "72", "amount0": "0", "amount1": "0", "ordinal": 0, "tickLower": -882000, "tickUpper": 882000, "liquidityDelta": "6252617962655868787"}]
{"poolManager":"0x8366a39cc670b4001a1121b8f6a443a643e40951","txHash":"0x26ffda1b59a2b7ee439bb521d6a5fcb1ea495dc9e926730254e2a7dda50d6ac0"}	[{"salt": "74", "amount0": "0", "amount1": "149230572837157113409", "ordinal": 0, "tickLower": -886000, "tickUpper": 886000, "liquidityDelta": "4998475552421200949"}]
{"poolManager":"0x8366a39cc670b4001a1121b8f6a443a643e40951","txHash":"0xf56c31d63ab709b285da8ebcf789426f180bbf56050322f982479c4502abc44b"}	[{"salt": "78", "amount0": "0", "amount1": "0", "ordinal": 0, "tickLower": -202230, "tickUpper": -202000, "liquidityDelta": "-17768037140683325"}]
{"poolManager":"0x8366a39cc670b4001a1121b8f6a443a643e40951","txHash":"0x32f25f32c1be689c44cc9e12b0438df77f378f3aa8175fa07351b5ed46e1c72a"}	[{"salt": "80", "amount0": "900000000000000", "amount1": "0", "ordinal": 0, "tickLower": -887220, "tickUpper": 887220, "liquidityDelta": "-68917250780905141514"}]
{"poolManager":"0x8366a39cc670b4001a1121b8f6a443a643e40951","txHash":"0x2f21c633d950b1b8c7f6b49d70587b9b587adeee95e7deaf62579f844880735f"}	[{"salt": "79", "amount0": "0", "amount1": "0", "ordinal": 0, "tickLower": -883200, "tickUpper": 883200, "liquidityDelta": "-120866245532825653256"}]
{"poolManager":"0x8366a39cc670b4001a1121b8f6a443a643e40951","txHash":"0x5ebb3a3dcc1336e18303ff71f2f8a7768cda2d36c0ac7305416d948f50c26ff1"}	[{"salt": "47", "amount0": "21836647062867987", "amount1": "24723431", "ordinal": 0, "tickLower": -202600, "tickUpper": -202200, "liquidityDelta": "-8449383492254111"}]
{"poolManager":"0x8366a39cc670b4001a1121b8f6a443a643e40951","txHash":"0x66c83e92c4bd598a477e73b7f08365cd8e8b72b71a4bef6489f6e6b32892fb8d"}	[{"salt": "75", "amount0": "184213338095769", "amount1": "7740692181840651605805", "ordinal": 0, "tickLower": -880000, "tickUpper": 880000, "liquidityDelta": "0"}]
{"poolManager":"0x8366a39cc670b4001a1121b8f6a443a643e40951","txHash":"0x43570770b0c46ddc7d109481f34e0beeda9eec8f8d483da379b8aa18950b7175"}	[{"salt": "75", "amount0": "0", "amount1": "0", "ordinal": 0, "tickLower": -880000, "tickUpper": 880000, "liquidityDelta": "19271619992365994852"}]
{"poolManager":"0x8366a39cc670b4001a1121b8f6a443a643e40951","txHash":"0xe1af4e9d9a6968623b2ae957d8a868ae572016d1718ee8609ef8cb24085b2bd0"}	[{"salt": "47", "amount0": "0", "amount1": "0", "ordinal": 0, "tickLower": -202600, "tickUpper": -202200, "liquidityDelta": "-8449383492254111"}]
{"poolManager":"0x8366a39cc670b4001a1121b8f6a443a643e40951","txHash":"0xf7e114a322448a9cb6bb9b9866caae63151e09e778adf8327feec701ad12e985"}	[{"salt": "81", "amount0": "0", "amount1": "0", "ordinal": 0, "tickLower": 126060, "tickUpper": 145200, "liquidityDelta": "-168437050131328575713"}]
{"poolManager":"0x8366a39cc670b4001a1121b8f6a443a643e40951","txHash":"0x998eb4f9cde25c59cbc5b9045e3cbf443fc6f1876eacdcae5929766131b786bc"}	[{"salt": "72", "amount0": "6163864794921972", "amount1": "0", "ordinal": 0, "tickLower": -882000, "tickUpper": 882000, "liquidityDelta": "0"}]
{"poolManager":"0x8366a39cc670b4001a1121b8f6a443a643e40951","txHash":"0x6f6431ea09269f6a30b6d8c1cffc2ecf03328bd7d7c3bbd32923ebf60fabd42a"}	[{"salt": "82", "amount0": "0", "amount1": "0", "ordinal": 0, "tickLower": 129800, "tickUpper": 141600, "liquidityDelta": "-209013803953122159033"}]
{"poolManager":"0x8366a39cc670b4001a1121b8f6a443a643e40951","txHash":"0x932d58b9f03f49952bef0a33b06170baaf1490d076f237bdc0a48b1f99292ca9"}	[{"salt": "74", "amount0": "261267552536018", "amount1": "303646955241864281640", "ordinal": 0, "tickLower": -886000, "tickUpper": 886000, "liquidityDelta": "0"}]
{"poolManager":"0x8366a39cc670b4001a1121b8f6a443a643e40951","txHash":"0xf09c0118ff48993f049f76c7311f88f70af1a0ca89cba5c76dff444e0064ceb4"}	[{"salt": "74", "amount0": "0", "amount1": "0", "ordinal": 0, "tickLower": -886000, "tickUpper": 886000, "liquidityDelta": "37903312023974271828"}]
{"poolManager":"0x8366a39cc670b4001a1121b8f6a443a643e40951","txHash":"0x76d5c174e46c86a54f3bfcfa04a17d2c90c83a17b7d2ebe959ad2d8dace466ec"}	[{"salt": "72", "amount0": "0", "amount1": "0", "ordinal": 0, "tickLower": -882000, "tickUpper": 882000, "liquidityDelta": "-12229188646061120067"}]
{"poolManager":"0x8366a39cc670b4001a1121b8f6a443a643e40951","txHash":"0xcf16ab94ecbb13c13dfe7fb500cb29b62773c6206ae0fccca52f160f34138476"}	[{"salt": "74", "amount0": "58135450005708", "amount1": "0", "ordinal": 0, "tickLower": -886000, "tickUpper": 886000, "liquidityDelta": "0"}]
{"poolManager":"0x8366a39cc670b4001a1121b8f6a443a643e40951","txHash":"0xa4c21b456109079277a3d2a5d35e27d4821fd8016d5dcc68c523cb51c8c808b4"}	[{"salt": "79", "amount0": "0", "amount1": "0", "ordinal": 0, "tickLower": -883200, "tickUpper": 883200, "liquidityDelta": "-40288748510941884419"}]
{"poolManager":"0x8366a39cc670b4001a1121b8f6a443a643e40951","txHash":"0x895b8bb2cfc05fa59a36d4f2f03b237735a1db16f7d636388e418e09fdac2e09"}	[{"salt": "84", "amount0": "367142180719105", "amount1": "751795693040228245819", "ordinal": 0, "tickLower": 134000, "tickUpper": 146000, "liquidityDelta": "0"}]
{"poolManager":"0x8366a39cc670b4001a1121b8f6a443a643e40951","txHash":"0xfede011a558c9d9a9e20c0d9dba06ed8d24fbea5178fb3458a266d2b16daee7d"}	[{"salt": "74", "amount0": "255657078819314", "amount1": "730692169937672586434", "ordinal": 0, "tickLower": -886000, "tickUpper": 886000, "liquidityDelta": "0"}]
{"poolManager":"0x8366a39cc670b4001a1121b8f6a443a643e40951","txHash":"0x6283d9f45c5d52c8c3fca25bd209d67d1bb04ca84fa07d87e14ebabb0ab63ae3"}	[{"salt": "84", "amount0": "0", "amount1": "0", "ordinal": 0, "tickLower": 134000, "tickUpper": 146000, "liquidityDelta": "-70512778851039012695"}]
{"poolManager":"0x8366a39cc670b4001a1121b8f6a443a643e40951","txHash":"0x0cef2a9c8262fe44d26d56505685a04846830cf9a3cd249589a7ef6203ddaeeb"}	[{"salt": "86", "amount0": "0", "amount1": "0", "ordinal": 0, "tickLower": -887270, "tickUpper": -245640, "liquidityDelta": "-20282409603429406955288993987505"}]
{"poolManager":"0x8366a39cc670b4001a1121b8f6a443a643e40951","txHash":"0x930055145e1dc02feb604fa7416eccf837d34e4f309e515844819bb8b41d598c"}	[{"salt": "87", "amount0": "0", "amount1": "0", "ordinal": 0, "tickLower": -887270, "tickUpper": 887270, "liquidityDelta": "-222263468658257298510"}]
{"poolManager":"0x8366a39cc670b4001a1121b8f6a443a643e40951","txHash":"0x286cebe7c8be2a3f410a0f997b9ea00fa62f000e70f3a4cac87926d866e55a60"}	[{"salt": "88", "amount0": "0", "amount1": "0", "ordinal": 0, "tickLower": -887270, "tickUpper": -245850, "liquidityDelta": "-20282409603430532347171676246869"}]
{"poolManager":"0x8366a39cc670b4001a1121b8f6a443a643e40951","txHash":"0xb5edbfd347e9141b13979bda888b87aea91a3078e65061259e3dabcb39457cc1"}	[{"salt": "89", "amount0": "0", "amount1": "0", "ordinal": 0, "tickLower": -887270, "tickUpper": 887270, "liquidityDelta": "-221138076775575039146"}]
{"poolManager":"0x8366a39cc670b4001a1121b8f6a443a643e40951","txHash":"0x1b0a83cc3665705f1d2d2f239c49ca954ce886ecfd3ebf224bbceca879676ccf"}	[{"salt": "83", "amount0": "1698537691590499", "amount1": "2775611", "ordinal": 0, "tickLower": -202340, "tickUpper": -202000, "liquidityDelta": "-15582410399316307"}]
{"poolManager":"0x8366a39cc670b4001a1121b8f6a443a643e40951","txHash":"0xf2f2cbeddfd5e29284f67f86cc93f33ba4f5a935a25a13badb733ff0a8b51aae"}	[{"salt": "74", "amount0": "5002893908952345", "amount1": "4716238903005274718064", "ordinal": 0, "tickLower": -886000, "tickUpper": 886000, "liquidityDelta": "0"}]
{"poolManager":"0x8366a39cc670b4001a1121b8f6a443a643e40951","txHash":"0xa96447ca131ac3d76cb4b6535927070e84266b56b9ada7ef2f0446f06df835e3"}	[{"salt": "85", "amount0": "3792549622843228", "amount1": "4118408740730773331219", "ordinal": 0, "tickLower": 136000, "tickUpper": 148000, "liquidityDelta": "0"}]
{"poolManager":"0x8366a39cc670b4001a1121b8f6a443a643e40951","txHash":"0x963de3f5c22cf661fa90e9a4e74f794194614778aaa424bf941a7da635836d12"}	[{"salt": "72", "amount0": "0", "amount1": "0", "ordinal": 0, "tickLower": -882000, "tickUpper": 882000, "liquidityDelta": "-4076396215353706690"}]
{"poolManager":"0x8366a39cc670b4001a1121b8f6a443a643e40951","txHash":"0xc8d6d0681f5cbe32a12caef2beb2fd0369f08aa91038242c66045026142162ba"}	[{"salt": "85", "amount0": "786665046071375", "amount1": "0", "ordinal": 0, "tickLower": 136000, "tickUpper": 148000, "liquidityDelta": "0"}]
{"poolManager":"0x8366a39cc670b4001a1121b8f6a443a643e40951","txHash":"0x735e83e5bada2f71e230a81963e4e22da13f2337ddcb6af4d0978d391f5f3019"}	[{"salt": "74", "amount0": "546641057629021", "amount1": "0", "ordinal": 0, "tickLower": -886000, "tickUpper": 886000, "liquidityDelta": "0"}]
{"poolManager":"0x8366a39cc670b4001a1121b8f6a443a643e40951","txHash":"0xde723bdafcd81e57ec98ead0d6fcef7443e3e2e028f81234a05c5a2dc9e3cee5"}	[{"salt": "75", "amount0": "0", "amount1": "0", "ordinal": 0, "tickLower": -880000, "tickUpper": 880000, "liquidityDelta": "-40526677562068338770"}]
{"poolManager":"0x8366a39cc670b4001a1121b8f6a443a643e40951","txHash":"0x28bc0bdedaaa3f7e092518b8e6ac0b5da5ad09adae077edd9e63cba2b070ae0e"}	[{"salt": "65", "amount0": "0", "amount1": "9946167", "ordinal": 0, "tickLower": -202944, "tickUpper": -202491, "liquidityDelta": "-1459770344441946"}]
{"poolManager":"0x8366a39cc670b4001a1121b8f6a443a643e40951","txHash":"0xd8ad23f61dadb4722e696cd6771f70f803aea8440b7f95755761b8bb3bc631af"}	[{"salt": "90", "amount0": "0", "amount1": "0", "ordinal": 0, "tickLower": 249900, "tickUpper": 887270, "liquidityDelta": "-20282409603589057326275917151043"}]
{"poolManager":"0x8366a39cc670b4001a1121b8f6a443a643e40951","txHash":"0x680d0251ad8e398525c406c409d016ff8f8872f3e26218fcee3c88aea6dd7c6a"}	[{"salt": "91", "amount0": "0", "amount1": "0", "ordinal": 0, "tickLower": -887270, "tickUpper": 887270, "liquidityDelta": "-62613097671334134972"}]
{"poolManager":"0x8366a39cc670b4001a1121b8f6a443a643e40951","txHash":"0x47650340594d595aa3312e60a970e0d41c437befb5b2262b614c1ee36cbd95ad"}	[{"salt": "93", "amount0": "0", "amount1": "0", "ordinal": 0, "tickLower": -202384, "tickUpper": -200200, "liquidityDelta": "-116929174192308"}]
{"poolManager":"0x8366a39cc670b4001a1121b8f6a443a643e40951","txHash":"0x07dd28e0c4cc7085513f3888eac0353e382aede231d989ff41c96d61a2a0940c"}	[{"salt": "85", "amount0": "82018568723818", "amount1": "1184637934124282107378", "ordinal": 0, "tickLower": 136000, "tickUpper": 148000, "liquidityDelta": "0"}]
{"poolManager":"0x8366a39cc670b4001a1121b8f6a443a643e40951","txHash":"0xcf7d6f89ae23c55444c10c3e1b6296a891c35eafa22e7810a9cb60b4759e482e"}	[{"salt": "74", "amount0": "56993401926668", "amount1": "823186102460185060562", "ordinal": 0, "tickLower": -886000, "tickUpper": 886000, "liquidityDelta": "0"}]
{"poolManager":"0x8366a39cc670b4001a1121b8f6a443a643e40951","txHash":"0xecd61c67cb59873503a6024af8f6a0b1c80bb8c7903324841ff5f1725e7cd1b9"}	[{"salt": "95", "amount0": "0", "amount1": "2104672", "ordinal": 0, "tickLower": -202320, "tickUpper": -202200, "liquidityDelta": "-6238876260192042"}]
{"poolManager":"0x8366a39cc670b4001a1121b8f6a443a643e40951","txHash":"0x4ea48ab589d7ef7ad4a3db2dcc1d03739faf81792979bc99053a38e24dc9d2cb"}	[{"salt": "96", "amount0": "0", "amount1": "0", "ordinal": 0, "tickLower": -887200, "tickUpper": 887200, "liquidityDelta": "-750001487154417702773127"}]
{"poolManager":"0x8366a39cc670b4001a1121b8f6a443a643e40951","txHash":"0x016a583c34c3fe720132aba9e108a5a648ddd13b77792eb0d223752167c8453e"}	[{"salt": "102", "amount0": "0", "amount1": "0", "ordinal": 0, "tickLower": -887272, "tickUpper": -245843, "liquidityDelta": "-20282409603430532347171676246895"}]
{"poolManager":"0x8366a39cc670b4001a1121b8f6a443a643e40951","txHash":"0x0d84218b0916a5a7d42b779be2b202b27f1bd4b69858b41891d55a80615acaf3"}	[{"salt": "103", "amount0": "0", "amount1": "0", "ordinal": 0, "tickLower": -887272, "tickUpper": 887272, "liquidityDelta": "-221138076775575039120"}]
{"poolManager":"0x8366a39cc670b4001a1121b8f6a443a643e40951","txHash":"0x55f928b35f0002b489312f8ebfa7197105f7799fad0ab038abca162d57e1b69c"}	[{"salt": "99", "amount0": "0", "amount1": "0", "ordinal": 0, "tickLower": -202300, "tickUpper": -201280, "liquidityDelta": "-3257387076861606"}]
{"poolManager":"0x8366a39cc670b4001a1121b8f6a443a643e40951","txHash":"0x4e64fd22d3f48cab952d46b6647143fedba6ff522bd179c228dc0bb701dae078"}	[{"salt": "94", "amount0": "448213684955088", "amount1": "924745", "ordinal": 0, "tickLower": -202360, "tickUpper": -200820, "liquidityDelta": "2312375885377160"}]
{"poolManager":"0x8366a39cc670b4001a1121b8f6a443a643e40951","txHash":"0xa2dc952035a5f31728bae3852d9ebfde792798416954795f1db6b2e9c5cc2d83"}	[{"salt": "106", "amount0": "0", "amount1": "0", "ordinal": 0, "tickLower": -232600, "tickUpper": -200400, "liquidityDelta": "444964570715146660659690"}, {"salt": "107", "amount0": "0", "amount1": "0", "ordinal": 0, "tickLower": -200400, "tickUpper": -170400, "liquidityDelta": "2865615756506023376783960"}, {"salt": "108", "amount0": "0", "amount1": "0", "ordinal": 0, "tickLower": -170400, "tickUpper": -124400, "liquidityDelta": "2217603967794546814040536"}, {"salt": "106", "amount0": "0", "amount1": "0", "ordinal": 1, "tickLower": -232600, "tickUpper": -200400, "liquidityDelta": "0"}, {"salt": "107", "amount0": "0", "amount1": "0", "ordinal": 1, "tickLower": -200400, "tickUpper": -170400, "liquidityDelta": "0"}, {"salt": "108", "amount0": "0", "amount1": "0", "ordinal": 1, "tickLower": -170400, "tickUpper": -124400, "liquidityDelta": "0"}]
{"poolManager":"0x8366a39cc670b4001a1121b8f6a443a643e40951","txHash":"0xef722c21dcfe0200dff0ed3ac6a2d1e51cd956f444f884b151382b34901507ec"}	[{"salt": "85", "amount0": "0", "amount1": "1899132172567011855073", "ordinal": 0, "tickLower": 136000, "tickUpper": 148000, "liquidityDelta": "0"}]
{"poolManager":"0x8366a39cc670b4001a1121b8f6a443a643e40951","txHash":"0x3a8587fdae503eaf3e2149668a398509e12ea91a9cf595a0b4c1d564acd5853b"}	[{"salt": "74", "amount0": "118767578399182", "amount1": "2224550234091718060818", "ordinal": 0, "tickLower": -886000, "tickUpper": 886000, "liquidityDelta": "0"}]
{"poolManager":"0x8366a39cc670b4001a1121b8f6a443a643e40951","txHash":"0x39990813181d3171e28b1c95acc2ece8415c711710efdf3d969a54a308c75e07"}	[{"salt": "74", "amount0": "0", "amount1": "0", "ordinal": 0, "tickLower": -886000, "tickUpper": 886000, "liquidityDelta": "0"}]
{"poolManager":"0x8366a39cc670b4001a1121b8f6a443a643e40951","txHash":"0x12541c74ffe3c3102627e85e5a552d5d57ca762bd9fad24b75fb5842070ec345"}	[{"salt": "94", "amount0": "735304712086004", "amount1": "772222", "ordinal": 0, "tickLower": -202360, "tickUpper": -200820, "liquidityDelta": "-3401810926776745"}]
{"poolManager":"0x8366a39cc670b4001a1121b8f6a443a643e40951","txHash":"0xbf32f4f7174b457df41c7a5c0cbe292abea70326c68bd66134bf6021cf06d402"}	[{"salt": "100", "amount0": "1725576241464272", "amount1": "2851395", "ordinal": 0, "tickLower": -202320, "tickUpper": -202240, "liquidityDelta": "-9375965456950320"}]
{"poolManager":"0x8366a39cc670b4001a1121b8f6a443a643e40951","txHash":"0xb9c30123ec199ffc5943fd10a259871a5f2682edfe56e4665f80caffaa6d9ee9"}	[{"salt": "110", "amount0": "0", "amount1": "0", "ordinal": 0, "tickLower": -887200, "tickUpper": 887200, "liquidityDelta": "-31622776601683531499873"}]
{"poolManager":"0x8366a39cc670b4001a1121b8f6a443a643e40951","txHash":"0x35b6680ab480231d6b8150d4584a2ed898fdb2012646e4598a72f3fc235af1d3"}	[{"salt": "111", "amount0": "99999999999999", "amount1": "98029315397851502296148", "ordinal": 0, "tickLower": -887200, "tickUpper": 887200, "liquidityDelta": "-31622807951341793125728"}]
{"poolManager":"0x8366a39cc670b4001a1121b8f6a443a643e40951","txHash":"0x8392bec94968ae037c24ace7f327f07de10a6d06560eb119069421cfeae0b9ce"}	[{"salt": "112", "amount0": "0", "amount1": "0", "ordinal": 0, "tickLower": -887220, "tickUpper": 887220, "liquidityDelta": "3775406402218132749"}]
{"poolManager":"0x8366a39cc670b4001a1121b8f6a443a643e40951","txHash":"0x0cf161b0fdb012ebf9ef9ca4e0872adaee89182cbce717f1ea4ac4b5cf65edb6"}	[{"salt": "74", "amount0": "86645507812499", "amount1": "1515137468302586478417", "ordinal": 0, "tickLower": -886000, "tickUpper": 886000, "liquidityDelta": "0"}]
{"poolManager":"0x8366a39cc670b4001a1121b8f6a443a643e40951","txHash":"0xdeb8b2be5aef6e924f87b0229ccf9385c6c863fed9d082472d41f09c4a924425"}	[{"salt": "85", "amount0": "0", "amount1": "0", "ordinal": 0, "tickLower": 136000, "tickUpper": 148000, "liquidityDelta": "-67016606857438096052"}]
{"poolManager":"0x8366a39cc670b4001a1121b8f6a443a643e40951","txHash":"0x07a2e4aa8a6fd0cda88a4adb8ca9e45128b61563d2d84ea2819ca1d56fc0ab88"}	[{"salt": "74", "amount0": "0", "amount1": "0", "ordinal": 0, "tickLower": -886000, "tickUpper": 886000, "liquidityDelta": "28922582069645535665"}]
{"poolManager":"0x8366a39cc670b4001a1121b8f6a443a643e40951","txHash":"0x475286dfe8466a2956cbcdb1bbe598ae244a4629f0f9a796f346616f26541bd5"}	[{"salt": "92", "amount0": "0", "amount1": "98044781175503269839903", "ordinal": 0, "tickLower": -886000, "tickUpper": 886000, "liquidityDelta": "-152314622448261120323"}]
{"poolManager":"0x8366a39cc670b4001a1121b8f6a443a643e40951","txHash":"0x16602a30bb063a7b4d8d719504a04ec1afb5330c8b9fc1e1cf15243dfabaf9eb"}	[{"salt": "74", "amount0": "255547705208601", "amount1": "2357742526614602676264", "ordinal": 0, "tickLower": -886000, "tickUpper": 886000, "liquidityDelta": "0"}]
{"poolManager":"0x8366a39cc670b4001a1121b8f6a443a643e40951","txHash":"0x7a84a1e19326be960f0dcba46912df16e2aa19f21eb3a940580a692d9aae8d25"}	[{"salt": "74", "amount0": "541088913400502", "amount1": "0", "ordinal": 0, "tickLower": -886000, "tickUpper": 886000, "liquidityDelta": "0"}]
{"poolManager":"0x8366a39cc670b4001a1121b8f6a443a643e40951","txHash":"0x542b2e8c38ad8aabb05e539b89e22a17fb800435f9d31f5d0302d5bbb5e0f2dd"}	[{"salt": "113", "amount0": "0", "amount1": "0", "ordinal": 0, "tickLower": -221400, "tickUpper": 173200, "liquidityDelta": "-6671262101602572256155"}]
{"poolManager":"0x8366a39cc670b4001a1121b8f6a443a643e40951","txHash":"0xee4770659de27f2aa86dacb9b160ea1a6588fa173b07f2189e99d413fe7d6cc2"}	[{"salt": "74", "amount0": "100708007812499", "amount1": "1116608787008902355206", "ordinal": 0, "tickLower": -886000, "tickUpper": 886000, "liquidityDelta": "0"}]
{"poolManager":"0x8366a39cc670b4001a1121b8f6a443a643e40951","txHash":"0x5b5699c1288aaf97998ed48fae6d9d2ae25b714686138f8913e14980350dd52d"}	[{"salt": "116", "amount0": "0", "amount1": "0", "ordinal": 0, "tickLower": -115140, "tickUpper": -69060, "liquidityDelta": "-33339746514741749994680870494"}]
{"poolManager":"0x8366a39cc670b4001a1121b8f6a443a643e40951","txHash":"0x78d488478e97c62e33302db8e7e9f4fb41d9f2ec7f6ffb57109c1d75a33abd31"}	[{"salt": "112", "amount0": "5086647323740", "amount1": "3691804453516703014", "ordinal": 0, "tickLower": -887220, "tickUpper": 887220, "liquidityDelta": "-5033875202957509989"}]
{"poolManager":"0x8366a39cc670b4001a1121b8f6a443a643e40951","txHash":"0xc53388d7071f633dc60efd0328d303345a18d3136e28b3a072e0c1252251d14d"}	[{"salt": "114", "amount0": "35280485079514", "amount1": "319731631288859681372", "ordinal": 0, "tickLower": -886000, "tickUpper": 886000, "liquidityDelta": "0"}]
{"poolManager":"0x8366a39cc670b4001a1121b8f6a443a643e40951","txHash":"0x13a08a0e3aa454b90005287ae6b4c95ffa377fdd33000df71c1632ca5149d9b3"}	[{"salt": "115", "amount0": "610254259857511", "amount1": "5530467893666039438622", "ordinal": 0, "tickLower": 164000, "tickUpper": 174000, "liquidityDelta": "0"}]
{"poolManager":"0x8366a39cc670b4001a1121b8f6a443a643e40951","txHash":"0x66f83ee9c0a411c5ac18a724f2c6cc759cc036efabf469ade56dc3580f63ad6d"}	[{"salt": "114", "amount0": "0", "amount1": "0", "ordinal": 0, "tickLower": -886000, "tickUpper": 886000, "liquidityDelta": "35850522241149819313"}]
{"poolManager":"0x8366a39cc670b4001a1121b8f6a443a643e40951","txHash":"0x7f07fcc485ddfb47486a4bc86866d3f5e534ccf7eea63623a749116784fd3456"}	[{"salt": "115", "amount0": "0", "amount1": "0", "ordinal": 0, "tickLower": 164000, "tickUpper": 174000, "liquidityDelta": "-102863812724318779058"}]
{"poolManager":"0x8366a39cc670b4001a1121b8f6a443a643e40951","txHash":"0xf6a1d74aecb1335a1f732583ba15727b026e7e07be5cf97506d22d22ba2ea596"}	[{"salt": "74", "amount0": "0", "amount1": "481433474012946076411", "ordinal": 0, "tickLower": -886000, "tickUpper": 886000, "liquidityDelta": "-75491358748118260967"}]
{"poolManager":"0x8366a39cc670b4001a1121b8f6a443a643e40951","txHash":"0x6fee408aa802ec51f3d8a44932d4818b85409b4d3e90f534248ccb82f87ee4a8"}	[{"salt": "114", "amount0": "0", "amount1": "0", "ordinal": 0, "tickLower": -886000, "tickUpper": 886000, "liquidityDelta": "25470383553082864330"}]
{"poolManager":"0x8366a39cc670b4001a1121b8f6a443a643e40951","txHash":"0x6b5e236f8b6e7fd128c7ca1fb635597a00e418ac7100f074d7f8cba49aecc4fe"}	[{"salt": "118", "amount0": "0", "amount1": "0", "ordinal": 0, "tickLower": 118000, "tickUpper": 153400, "liquidityDelta": "32539766310590235680"}]
{"poolManager":"0x8366a39cc670b4001a1121b8f6a443a643e40951","txHash":"0xf2fd8b0bcaf9674bdc91d02cd0221b9443c46878cf98a09297bb15962250c66d"}	[{"salt": "118", "amount0": "0", "amount1": "0", "ordinal": 0, "tickLower": 118000, "tickUpper": 153400, "liquidityDelta": "-37438107595179502623"}]
{"poolManager":"0x8366a39cc670b4001a1121b8f6a443a643e40951","txHash":"0xa66511ea508d9de0ada13ee8040b7e0f1e8a9c116e3401bafae81d36dc9b879b"}	[{"salt": "104", "amount0": "0", "amount1": "0", "ordinal": 0, "tickLower": -887272, "tickUpper": -245843, "liquidityDelta": "-20282409603430532347171676246895"}]
{"poolManager":"0x8366a39cc670b4001a1121b8f6a443a643e40951","txHash":"0x30494a0533c8ef6b0fb855179067fa6a25c66098b504cae4a327225687a06175"}	[{"salt": "105", "amount0": "0", "amount1": "0", "ordinal": 0, "tickLower": -887272, "tickUpper": 887272, "liquidityDelta": "-221138076775575039120"}]
{"poolManager":"0x8366a39cc670b4001a1121b8f6a443a643e40951","txHash":"0xa46ae6fb6bd0c72f7bafb586e3583e07dcfeade7be0ab91d34f45702f67eb463"}	[{"salt": "120", "amount0": "0", "amount1": "91120933048115621924061", "ordinal": 0, "tickLower": -880000, "tickUpper": 880000, "liquidityDelta": "0"}]
{"poolManager":"0x8366a39cc670b4001a1121b8f6a443a643e40951","txHash":"0x18a231cb481992d995e2ecd2647e64a743b52e6baa38e66068c040d9ccac2078"}	[{"salt": "67", "amount0": "51004275681669720", "amount1": "82062321", "ordinal": 0, "tickLower": -202640, "tickUpper": -202120, "liquidityDelta": "0"}]
{"poolManager":"0x8366a39cc670b4001a1121b8f6a443a643e40951","txHash":"0xda66fff777a8c280c7dc49edbd4b8a8d2db3393442c44bc7f6293fddba0814be"}	[{"salt": "114", "amount0": "0", "amount1": "5781962949913959123569", "ordinal": 0, "tickLower": -886000, "tickUpper": 886000, "liquidityDelta": "0"}]
{"poolManager":"0x8366a39cc670b4001a1121b8f6a443a643e40951","txHash":"0x6e150036284fd5b53258d360562bc17ae1e9d95952ec547ef578cbaa3f9ab2c8"}	[{"salt": "39", "amount0": "851690985903766", "amount1": "257535835339171416971", "ordinal": 0, "tickLower": 122720, "tickUpper": 128960, "liquidityDelta": "0"}]
{"poolManager":"0x8366a39cc670b4001a1121b8f6a443a643e40951","txHash":"0x2c87a4d64b9006539dc57f299831d01c4bb9c3b50ad75fa0f5f6060690d3712e"}	[{"salt": "121", "amount0": "0", "amount1": "0", "ordinal": 0, "tickLower": -887270, "tickUpper": -347760, "liquidityDelta": "-20282409603646247970627950139512"}]
{"poolManager":"0x8366a39cc670b4001a1121b8f6a443a643e40951","txHash":"0x111312e2bdfdf75ee46122e0cbc397a30ca0971bf431b2a1e8fe21f4274f7103"}	[{"salt": "122", "amount0": "0", "amount1": "0", "ordinal": 0, "tickLower": -887270, "tickUpper": 887270, "liquidityDelta": "-5422453319301146503"}]
{"poolManager":"0x8366a39cc670b4001a1121b8f6a443a643e40951","txHash":"0xcf4d17443e3de42f065d47ef88bdaea08e5006423fd0ce0dde00474d3e979594"}	[{"salt": "120", "amount0": "54449999999999", "amount1": "302499999999999999999999", "ordinal": 0, "tickLower": -880000, "tickUpper": 880000, "liquidityDelta": "0"}]
{"poolManager":"0x8366a39cc670b4001a1121b8f6a443a643e40951","txHash":"0x11706634e46776c3d857227234cbf43cf4056c3d9aa2767c013bec82664a578e"}	[{"salt": "117", "amount0": "0", "amount1": "0", "ordinal": 0, "tickLower": -887200, "tickUpper": 230400, "liquidityDelta": "0"}]
{"poolManager":"0x8366a39cc670b4001a1121b8f6a443a643e40951","txHash":"0x2981c2a5934f99612c1292a5bce583e429fc024f32cf6df3c28607afc3a3d7c2"}	[{"salt": "117", "amount0": "99999999999", "amount1": "0", "ordinal": 0, "tickLower": -887200, "tickUpper": 230400, "liquidityDelta": "0"}]
{"poolManager":"0x8366a39cc670b4001a1121b8f6a443a643e40951","txHash":"0x909907b499bc1c7b548581d98fec7ffdc63dfe9a373eeb14ede648f128bf11cf"}	[{"salt": "117", "amount0": "0", "amount1": "1002950099999999999999", "ordinal": 0, "tickLower": -887200, "tickUpper": 230400, "liquidityDelta": "0"}]
{"poolManager":"0x8366a39cc670b4001a1121b8f6a443a643e40951","txHash":"0x4c26085506fcfc08ec8d96e45a93726add98a466fd4a1a1b79df37dfc533f40e"}	[{"salt": "127", "amount0": "0", "amount1": "0", "ordinal": 0, "tickLower": 200400, "tickUpper": 232600, "liquidityDelta": "444964570715146660667063"}, {"salt": "128", "amount0": "0", "amount1": "0", "ordinal": 0, "tickLower": 170400, "tickUpper": 200400, "liquidityDelta": "2865615756506023376784745"}, {"salt": "129", "amount0": "0", "amount1": "0", "ordinal": 0, "tickLower": 124400, "tickUpper": 170400, "liquidityDelta": "2217603967794546814040591"}, {"salt": "127", "amount0": "0", "amount1": "0", "ordinal": 1, "tickLower": 200400, "tickUpper": 232600, "liquidityDelta": "0"}, {"salt": "128", "amount0": "0", "amount1": "0", "ordinal": 1, "tickLower": 170400, "tickUpper": 200400, "liquidityDelta": "0"}, {"salt": "129", "amount0": "0", "amount1": "0", "ordinal": 1, "tickLower": 124400, "tickUpper": 170400, "liquidityDelta": "0"}]
{"poolManager":"0x8366a39cc670b4001a1121b8f6a443a643e40951","txHash":"0xc69f36cd7df33d4748bbe9cce8e6e42bba7f89cb3c5ff1510c99cae0b34ca023"}	[{"salt": "126", "amount0": "1788897486649", "amount1": "2635", "ordinal": 0, "tickLower": -202900, "tickUpper": -198640, "liquidityDelta": "26661382318176"}]
{"poolManager":"0x8366a39cc670b4001a1121b8f6a443a643e40951","txHash":"0x03c458dc49a9c47e6b16c1f95ff1be6eae1c95fd01b5f1bd6181b0390d2f71da"}	[{"salt": "124", "amount0": "56999999999", "amount1": "3000000000000000000", "ordinal": 0, "tickLower": -887220, "tickUpper": 887220, "liquidityDelta": "-8000000000000000000"}]
{"poolManager":"0x8366a39cc670b4001a1121b8f6a443a643e40951","txHash":"0x4b07be0bbb9bdb6c8ce0efa74a042e748a37b9b216f7b4acd9e1d1760965d6f8"}	[{"salt": "120", "amount0": "0", "amount1": "0", "ordinal": 0, "tickLower": -880000, "tickUpper": 880000, "liquidityDelta": "-78211626522548110339"}]
{"poolManager":"0x8366a39cc670b4001a1121b8f6a443a643e40951","txHash":"0xe4e5daba005378622f1b662eb1a475f62dd1c89d6357b3f75510e7e075062372"}	[{"salt": "160", "amount0": "0", "amount1": "0", "ordinal": 0, "tickLower": 200400, "tickUpper": 232600, "liquidityDelta": "444964570715146660667063"}, {"salt": "161", "amount0": "0", "amount1": "0", "ordinal": 0, "tickLower": 170400, "tickUpper": 200400, "liquidityDelta": "2865615756506023376784745"}, {"salt": "162", "amount0": "0", "amount1": "0", "ordinal": 0, "tickLower": 124400, "tickUpper": 170400, "liquidityDelta": "2217603967794546814040591"}, {"salt": "160", "amount0": "0", "amount1": "0", "ordinal": 1, "tickLower": 200400, "tickUpper": 232600, "liquidityDelta": "0"}, {"salt": "161", "amount0": "0", "amount1": "0", "ordinal": 1, "tickLower": 170400, "tickUpper": 200400, "liquidityDelta": "0"}, {"salt": "162", "amount0": "0", "amount1": "0", "ordinal": 1, "tickLower": 124400, "tickUpper": 170400, "liquidityDelta": "0"}]
{"poolManager":"0x8366a39cc670b4001a1121b8f6a443a643e40951","txHash":"0x24d02254fcc0b03f2fa1e4aae65d738dc4cf84d713f73638950618a1bf9c7aa9"}	[{"salt": "170", "amount0": "0", "amount1": "0", "ordinal": 0, "tickLower": 200400, "tickUpper": 232600, "liquidityDelta": "444964570715146660667063"}, {"salt": "171", "amount0": "0", "amount1": "0", "ordinal": 0, "tickLower": 170400, "tickUpper": 200400, "liquidityDelta": "2865615756506023376784745"}, {"salt": "172", "amount0": "0", "amount1": "0", "ordinal": 0, "tickLower": 124400, "tickUpper": 170400, "liquidityDelta": "2217603967794546814040591"}, {"salt": "170", "amount0": "0", "amount1": "0", "ordinal": 1, "tickLower": 200400, "tickUpper": 232600, "liquidityDelta": "0"}, {"salt": "171", "amount0": "0", "amount1": "0", "ordinal": 1, "tickLower": 170400, "tickUpper": 200400, "liquidityDelta": "0"}, {"salt": "172", "amount0": "0", "amount1": "0", "ordinal": 1, "tickLower": 124400, "tickUpper": 170400, "liquidityDelta": "0"}]
{"poolManager":"0x8366a39cc670b4001a1121b8f6a443a643e40951","txHash":"0x71648b2729f2012b85f2f66841e19544992bf907e7a4a4d196020fc75e38c878"}	[{"salt": "131", "amount0": "76157458760", "amount1": "171", "ordinal": 0, "tickLower": -203200, "tickUpper": -197600, "liquidityDelta": "-27901855656148"}]
{"poolManager":"0x8366a39cc670b4001a1121b8f6a443a643e40951","txHash":"0xd857306ab6a9215c1b8336bd04b925494dbe406a86496298112b769727abf399"}	[{"salt": "173", "amount0": "0", "amount1": "0", "ordinal": 0, "tickLower": 200400, "tickUpper": 232600, "liquidityDelta": "444964570715146660667063"}, {"salt": "174", "amount0": "0", "amount1": "0", "ordinal": 0, "tickLower": 170400, "tickUpper": 200400, "liquidityDelta": "2865615756506023376784745"}, {"salt": "175", "amount0": "0", "amount1": "0", "ordinal": 0, "tickLower": 124400, "tickUpper": 170400, "liquidityDelta": "2217603967794546814040591"}, {"salt": "173", "amount0": "0", "amount1": "0", "ordinal": 1, "tickLower": 200400, "tickUpper": 232600, "liquidityDelta": "0"}, {"salt": "174", "amount0": "0", "amount1": "0", "ordinal": 1, "tickLower": 170400, "tickUpper": 200400, "liquidityDelta": "0"}, {"salt": "175", "amount0": "0", "amount1": "0", "ordinal": 1, "tickLower": 124400, "tickUpper": 170400, "liquidityDelta": "0"}]
{"poolManager":"0x8366a39cc670b4001a1121b8f6a443a643e40951","txHash":"0xffb77a1cc0a3ee63b3d6d0e89c2d89be94b4d6e9886b5429fbfd96d1486e4363"}	[{"salt": "132", "amount0": "0", "amount1": "0", "ordinal": 0, "tickLower": -882000, "tickUpper": 882000, "liquidityDelta": "5000062862415"}]
{"poolManager":"0x8366a39cc670b4001a1121b8f6a443a643e40951","txHash":"0x07a0eebdd53eb498d648130abf29652606f95b0116c04c98cff692a9c257a24a"}	[{"salt": "199", "amount0": "49900199600798", "amount1": "0", "ordinal": 0, "tickLower": 200400, "tickUpper": 232600, "liquidityDelta": "0"}, {"salt": "200", "amount0": "0", "amount1": "0", "ordinal": 0, "tickLower": 170400, "tickUpper": 200400, "liquidityDelta": "0"}, {"salt": "201", "amount0": "0", "amount1": "0", "ordinal": 0, "tickLower": 124400, "tickUpper": 170400, "liquidityDelta": "0"}]
{"poolManager":"0x8366a39cc670b4001a1121b8f6a443a643e40951","txHash":"0x95beffaa4a4efc7c582bb1bc38dce4aa8e7a9ac76ab88793e271871e366941b7"}	[{"salt": "180", "amount0": "0", "amount1": "0", "ordinal": 0, "tickLower": -232600, "tickUpper": -200400, "liquidityDelta": "444964570715146660659690"}, {"salt": "181", "amount0": "0", "amount1": "0", "ordinal": 0, "tickLower": -200400, "tickUpper": -170400, "liquidityDelta": "2865615756506023376783960"}, {"salt": "182", "amount0": "0", "amount1": "0", "ordinal": 0, "tickLower": -170400, "tickUpper": -124400, "liquidityDelta": "2217603967794546814040536"}, {"salt": "180", "amount0": "0", "amount1": "0", "ordinal": 1, "tickLower": -232600, "tickUpper": -200400, "liquidityDelta": "0"}, {"salt": "181", "amount0": "0", "amount1": "0", "ordinal": 1, "tickLower": -200400, "tickUpper": -170400, "liquidityDelta": "0"}, {"salt": "182", "amount0": "0", "amount1": "0", "ordinal": 1, "tickLower": -170400, "tickUpper": -124400, "liquidityDelta": "0"}]
{"poolManager":"0x8366a39cc670b4001a1121b8f6a443a643e40951","txHash":"0x95ac26e2d3e28a82af7114a439a7e8492e6ed9ae4c084311212244859d5ca2ab"}	[{"salt": "183", "amount0": "0", "amount1": "0", "ordinal": 0, "tickLower": 200400, "tickUpper": 232600, "liquidityDelta": "444964570715146660667063"}, {"salt": "184", "amount0": "0", "amount1": "0", "ordinal": 0, "tickLower": 170400, "tickUpper": 200400, "liquidityDelta": "2865615756506023376784745"}, {"salt": "185", "amount0": "0", "amount1": "0", "ordinal": 0, "tickLower": 124400, "tickUpper": 170400, "liquidityDelta": "2217603967794546814040591"}, {"salt": "183", "amount0": "0", "amount1": "0", "ordinal": 1, "tickLower": 200400, "tickUpper": 232600, "liquidityDelta": "0"}, {"salt": "184", "amount0": "0", "amount1": "0", "ordinal": 1, "tickLower": 170400, "tickUpper": 200400, "liquidityDelta": "0"}, {"salt": "185", "amount0": "0", "amount1": "0", "ordinal": 1, "tickLower": 124400, "tickUpper": 170400, "liquidityDelta": "0"}]
{"poolManager":"0x8366a39cc670b4001a1121b8f6a443a643e40951","txHash":"0xc19dcc3a641f4540829f14024b59dfaf933a227a65958b97bae53e6f6fd342b2"}	[{"salt": "186", "amount0": "0", "amount1": "0", "ordinal": 0, "tickLower": 200400, "tickUpper": 232600, "liquidityDelta": "444964570715146660667063"}, {"salt": "187", "amount0": "0", "amount1": "0", "ordinal": 0, "tickLower": 170400, "tickUpper": 200400, "liquidityDelta": "2865615756506023376784745"}, {"salt": "188", "amount0": "0", "amount1": "0", "ordinal": 0, "tickLower": 124400, "tickUpper": 170400, "liquidityDelta": "2217603967794546814040591"}, {"salt": "186", "amount0": "0", "amount1": "0", "ordinal": 1, "tickLower": 200400, "tickUpper": 232600, "liquidityDelta": "0"}, {"salt": "187", "amount0": "0", "amount1": "0", "ordinal": 1, "tickLower": 170400, "tickUpper": 200400, "liquidityDelta": "0"}, {"salt": "188", "amount0": "0", "amount1": "0", "ordinal": 1, "tickLower": 124400, "tickUpper": 170400, "liquidityDelta": "0"}]
{"poolManager":"0x8366a39cc670b4001a1121b8f6a443a643e40951","txHash":"0x334a8123289fe9f93185fc130e18df0e4b2d44ad66189a216246679d24e47be3"}	[{"salt": "189", "amount0": "0", "amount1": "0", "ordinal": 0, "tickLower": 200400, "tickUpper": 232600, "liquidityDelta": "444964570715146660667063"}, {"salt": "190", "amount0": "0", "amount1": "0", "ordinal": 0, "tickLower": 170400, "tickUpper": 200400, "liquidityDelta": "2865615756506023376784745"}, {"salt": "191", "amount0": "0", "amount1": "0", "ordinal": 0, "tickLower": 124400, "tickUpper": 170400, "liquidityDelta": "2217603967794546814040591"}, {"salt": "189", "amount0": "0", "amount1": "0", "ordinal": 1, "tickLower": 200400, "tickUpper": 232600, "liquidityDelta": "0"}, {"salt": "190", "amount0": "0", "amount1": "0", "ordinal": 1, "tickLower": 170400, "tickUpper": 200400, "liquidityDelta": "0"}, {"salt": "191", "amount0": "0", "amount1": "0", "ordinal": 1, "tickLower": 124400, "tickUpper": 170400, "liquidityDelta": "0"}]
{"poolManager":"0x8366a39cc670b4001a1121b8f6a443a643e40951","txHash":"0x94af52c87aa929a70a0dab970cc5533b3d3436daec5c3afbbbafbf1122ee5264"}	[{"salt": "192", "amount0": "0", "amount1": "0", "ordinal": 0, "tickLower": 200400, "tickUpper": 232600, "liquidityDelta": "444964570715146660667063"}, {"salt": "193", "amount0": "0", "amount1": "0", "ordinal": 0, "tickLower": 170400, "tickUpper": 200400, "liquidityDelta": "2865615756506023376784745"}, {"salt": "194", "amount0": "0", "amount1": "0", "ordinal": 0, "tickLower": 124400, "tickUpper": 170400, "liquidityDelta": "2217603967794546814040591"}, {"salt": "192", "amount0": "0", "amount1": "0", "ordinal": 1, "tickLower": 200400, "tickUpper": 232600, "liquidityDelta": "0"}, {"salt": "193", "amount0": "0", "amount1": "0", "ordinal": 1, "tickLower": 170400, "tickUpper": 200400, "liquidityDelta": "0"}, {"salt": "194", "amount0": "0", "amount1": "0", "ordinal": 1, "tickLower": 124400, "tickUpper": 170400, "liquidityDelta": "0"}]
{"poolManager":"0x8366a39cc670b4001a1121b8f6a443a643e40951","txHash":"0x6be59b3ea8885733943760cbfae234877010023b56d7ab1ab653c1857f7c3453"}	[{"salt": "195", "amount0": "0", "amount1": "207", "ordinal": 0, "tickLower": -203490, "tickUpper": -201010, "liquidityDelta": "-91395285191640"}]
{"poolManager":"0x8366a39cc670b4001a1121b8f6a443a643e40951","txHash":"0x96357d0946b60f25568731bba5ca1c1f83b570efa1a5d3c2f2a2209ba67c1fc3"}	[{"salt": "42", "amount0": "8058880170113904", "amount1": "11094367", "ordinal": 0, "tickLower": -202600, "tickUpper": -201400, "liquidityDelta": "-544519588396332"}]
{"poolManager":"0x8366a39cc670b4001a1121b8f6a443a643e40951","txHash":"0x15d43002005b2a5bc31c7fef5e5bc318f61f49d7a92d04833d7f7a6f4115fd9b"}	[{"salt": "199", "amount0": "0", "amount1": "0", "ordinal": 0, "tickLower": 200400, "tickUpper": 232600, "liquidityDelta": "444964570715146660667063"}, {"salt": "200", "amount0": "0", "amount1": "0", "ordinal": 0, "tickLower": 170400, "tickUpper": 200400, "liquidityDelta": "2865615756506023376784745"}, {"salt": "201", "amount0": "0", "amount1": "0", "ordinal": 0, "tickLower": 124400, "tickUpper": 170400, "liquidityDelta": "2217603967794546814040591"}, {"salt": "199", "amount0": "0", "amount1": "0", "ordinal": 1, "tickLower": 200400, "tickUpper": 232600, "liquidityDelta": "0"}, {"salt": "200", "amount0": "0", "amount1": "0", "ordinal": 1, "tickLower": 170400, "tickUpper": 200400, "liquidityDelta": "0"}, {"salt": "201", "amount0": "0", "amount1": "0", "ordinal": 1, "tickLower": 124400, "tickUpper": 170400, "liquidityDelta": "0"}]
{"poolManager":"0x8366a39cc670b4001a1121b8f6a443a643e40951","txHash":"0xaa75a93d9f07e96c30d27d19d347d3b9ce2fc23024925824bf3cd0426d0e549d"}	[{"salt": "202", "amount0": "0", "amount1": "0", "ordinal": 0, "tickLower": 200400, "tickUpper": 232600, "liquidityDelta": "444964570715146660667063"}, {"salt": "203", "amount0": "0", "amount1": "0", "ordinal": 0, "tickLower": 170400, "tickUpper": 200400, "liquidityDelta": "2865615756506023376784745"}, {"salt": "204", "amount0": "0", "amount1": "0", "ordinal": 0, "tickLower": 124400, "tickUpper": 170400, "liquidityDelta": "2217603967794546814040591"}, {"salt": "202", "amount0": "0", "amount1": "0", "ordinal": 1, "tickLower": 200400, "tickUpper": 232600, "liquidityDelta": "0"}, {"salt": "203", "amount0": "0", "amount1": "0", "ordinal": 1, "tickLower": 170400, "tickUpper": 200400, "liquidityDelta": "0"}, {"salt": "204", "amount0": "0", "amount1": "0", "ordinal": 1, "tickLower": 124400, "tickUpper": 170400, "liquidityDelta": "0"}]
{"poolManager":"0x8366a39cc670b4001a1121b8f6a443a643e40951","txHash":"0x5bfcc731b396a96d0a90ab25abda376f518204458078a9e5e72c53fad064bb06"}	[{"salt": "196", "amount0": "244162962382", "amount1": "149999999999999999", "ordinal": 0, "tickLower": -887220, "tickUpper": 887220, "liquidityDelta": "-16337350274265069449"}]
{"poolManager":"0x8366a39cc670b4001a1121b8f6a443a643e40951","txHash":"0x5a95e27ce3c92d693201830ae3c03db932aaddbc27ab910165ffcbd34e896d97"}	[{"salt": "208", "amount0": "74249999999999", "amount1": "0", "ordinal": 0, "tickLower": -152820, "tickUpper": 170100, "liquidityDelta": "-203107569401621423896927"}]
{"poolManager":"0x8366a39cc670b4001a1121b8f6a443a643e40951","txHash":"0x870e95f1938d4ad2b5aa9dfb4a3c911153f162118b492390ab6a78ec1ec39bad"}	[{"salt": "199", "amount0": "49900199600798", "amount1": "0", "ordinal": 0, "tickLower": 200400, "tickUpper": 232600, "liquidityDelta": "0"}, {"salt": "200", "amount0": "0", "amount1": "0", "ordinal": 0, "tickLower": 170400, "tickUpper": 200400, "liquidityDelta": "0"}, {"salt": "201", "amount0": "0", "amount1": "0", "ordinal": 0, "tickLower": 124400, "tickUpper": 170400, "liquidityDelta": "0"}]
{"poolManager":"0x8366a39cc670b4001a1121b8f6a443a643e40951","txHash":"0xcd5663a6ce539f10b27a7181cf0e4ba62386868165a2690d6fcc4737181961e0"}	[{"salt": "199", "amount0": "9980039920159", "amount1": "0", "ordinal": 0, "tickLower": 200400, "tickUpper": 232600, "liquidityDelta": "0"}, {"salt": "200", "amount0": "0", "amount1": "0", "ordinal": 0, "tickLower": 170400, "tickUpper": 200400, "liquidityDelta": "0"}, {"salt": "201", "amount0": "0", "amount1": "0", "ordinal": 0, "tickLower": 124400, "tickUpper": 170400, "liquidityDelta": "0"}]
{"poolManager":"0x8366a39cc670b4001a1121b8f6a443a643e40951","txHash":"0x9fc3cb4894d103322af5c2d055d70176aa1175c2a4e34c060bf52e6d2d61ac7b"}	[{"salt": "199", "amount0": "9980039920159", "amount1": "0", "ordinal": 0, "tickLower": 200400, "tickUpper": 232600, "liquidityDelta": "0"}, {"salt": "200", "amount0": "0", "amount1": "0", "ordinal": 0, "tickLower": 170400, "tickUpper": 200400, "liquidityDelta": "0"}, {"salt": "201", "amount0": "0", "amount1": "0", "ordinal": 0, "tickLower": 124400, "tickUpper": 170400, "liquidityDelta": "0"}]
{"poolManager":"0x8366a39cc670b4001a1121b8f6a443a643e40951","txHash":"0xf5fa7b7e750fb7d3b1435815d9b4042402343fb9514216576fbd3eb123bebca5"}	[{"salt": "141", "amount0": "0", "amount1": "0", "ordinal": 0, "tickLower": 94400, "tickUpper": 165200, "liquidityDelta": "-42300976351013566358"}]
{"poolManager":"0x8366a39cc670b4001a1121b8f6a443a643e40951","txHash":"0x794455a75f62132ef8b993e5ccdd19a1e73e0c8328568acd377faa9f8fe4110b"}	[{"salt": "214", "amount0": "0", "amount1": "0", "ordinal": 0, "tickLower": -880000, "tickUpper": 880000, "liquidityDelta": "-3393983839814545608223"}]
{"poolManager":"0x8366a39cc670b4001a1121b8f6a443a643e40951","txHash":"0xdff69856304530e526a798b30afe3f99e189c410a3592fa9a3356c5108d31fa8"}	[{"salt": "199", "amount0": "9980039920159", "amount1": "0", "ordinal": 0, "tickLower": 200400, "tickUpper": 232600, "liquidityDelta": "0"}, {"salt": "200", "amount0": "0", "amount1": "0", "ordinal": 0, "tickLower": 170400, "tickUpper": 200400, "liquidityDelta": "0"}, {"salt": "201", "amount0": "0", "amount1": "0", "ordinal": 0, "tickLower": 124400, "tickUpper": 170400, "liquidityDelta": "0"}]
{"poolManager":"0x8366a39cc670b4001a1121b8f6a443a643e40951","txHash":"0x3e070e6d837e64f95f54600956ef8c1aa8b85915744ed2234c16daee4517651c"}	[{"salt": "199", "amount0": "0", "amount1": "372963224344622634251654", "ordinal": 0, "tickLower": 200400, "tickUpper": 232600, "liquidityDelta": "0"}, {"salt": "200", "amount0": "0", "amount1": "0", "ordinal": 0, "tickLower": 170400, "tickUpper": 200400, "liquidityDelta": "0"}, {"salt": "201", "amount0": "0", "amount1": "0", "ordinal": 0, "tickLower": 124400, "tickUpper": 170400, "liquidityDelta": "0"}]
{"poolManager":"0x8366a39cc670b4001a1121b8f6a443a643e40951","txHash":"0x983e29cd55e714cde4093ee55a6ebcaab09067c3fad040bb73cc8d10e53dbc76"}	[{"salt": "199", "amount0": "49900199600798", "amount1": "0", "ordinal": 0, "tickLower": 200400, "tickUpper": 232600, "liquidityDelta": "0"}, {"salt": "200", "amount0": "0", "amount1": "0", "ordinal": 0, "tickLower": 170400, "tickUpper": 200400, "liquidityDelta": "0"}, {"salt": "201", "amount0": "0", "amount1": "0", "ordinal": 0, "tickLower": 124400, "tickUpper": 170400, "liquidityDelta": "0"}]
{"poolManager":"0x8366a39cc670b4001a1121b8f6a443a643e40951","txHash":"0x35c7c0668fb0f2517f1c175e2bed52be7719522444199eb65e8bb58923b2f08e"}	[{"salt": "199", "amount0": "9980039920159", "amount1": "0", "ordinal": 0, "tickLower": 200400, "tickUpper": 232600, "liquidityDelta": "0"}, {"salt": "200", "amount0": "0", "amount1": "0", "ordinal": 0, "tickLower": 170400, "tickUpper": 200400, "liquidityDelta": "0"}, {"salt": "201", "amount0": "0", "amount1": "0", "ordinal": 0, "tickLower": 124400, "tickUpper": 170400, "liquidityDelta": "0"}]
{"poolManager":"0x8366a39cc670b4001a1121b8f6a443a643e40951","txHash":"0x3fd9da148ffbb03c956a7cf296bfaf432feca8eec6f7dddae6c542c3d7dd7eda"}	[{"salt": "199", "amount0": "99800399201596", "amount1": "0", "ordinal": 0, "tickLower": 200400, "tickUpper": 232600, "liquidityDelta": "0"}, {"salt": "200", "amount0": "0", "amount1": "0", "ordinal": 0, "tickLower": 170400, "tickUpper": 200400, "liquidityDelta": "0"}, {"salt": "201", "amount0": "0", "amount1": "0", "ordinal": 0, "tickLower": 124400, "tickUpper": 170400, "liquidityDelta": "0"}]
{"poolManager":"0x8366a39cc670b4001a1121b8f6a443a643e40951","txHash":"0x3bec99b7561a520dba04a55e8e7fce0f5b39ffc9258f4cfa0f501295284fb007"}	[{"salt": "216", "amount0": "11126364571677", "amount1": "18315", "ordinal": 0, "tickLower": -202730, "tickUpper": -202060, "liquidityDelta": "2387882059315321"}]
{"poolManager":"0x8366a39cc670b4001a1121b8f6a443a643e40951","txHash":"0xd7718fda47edfe3dea018d65e57ca977fbb41048b68173d5ddc7531cbe7a0257"}	[{"salt": "217", "amount0": "0", "amount1": "0", "ordinal": 0, "tickLower": 154000, "tickUpper": 174000, "liquidityDelta": "-234839377236190318727"}]
{"poolManager":"0x8366a39cc670b4001a1121b8f6a443a643e40951","txHash":"0x75932de14a3fcf9e25334a674b337c88912b36493ea174e6bab7583f4a70f373"}	[{"salt": "199", "amount0": "9980039920159", "amount1": "0", "ordinal": 0, "tickLower": 200400, "tickUpper": 232600, "liquidityDelta": "0"}, {"salt": "200", "amount0": "0", "amount1": "0", "ordinal": 0, "tickLower": 170400, "tickUpper": 200400, "liquidityDelta": "0"}, {"salt": "201", "amount0": "0", "amount1": "0", "ordinal": 0, "tickLower": 124400, "tickUpper": 170400, "liquidityDelta": "0"}]
{"poolManager":"0x8366a39cc670b4001a1121b8f6a443a643e40951","txHash":"0x17d6e969ff9c40602e986f12277b78c94ed553ef8667fd90d11c91947d92a4bf"}	[{"salt": "216", "amount0": "30526167370959", "amount1": "41784", "ordinal": 0, "tickLower": -202730, "tickUpper": -202060, "liquidityDelta": "2835519663353332"}]
{"poolManager":"0x8366a39cc670b4001a1121b8f6a443a643e40951","txHash":"0x996a59cc1b3c4dde7403d30dac5ab6d448c154ad1422f334617d00c9ecbaa620"}	[{"salt": "197", "amount0": "26698054222566734", "amount1": "0", "ordinal": 0, "tickLower": -883200, "tickUpper": 883200, "liquidityDelta": "-192159740476791549377"}]
{"poolManager":"0x8366a39cc670b4001a1121b8f6a443a643e40951","txHash":"0x5acb9f78ca7754bcc293c8b5cb6e7cc291aa9628952d0ac5ff728cff5fa9d451"}	[{"salt": "198", "amount0": "2811812753341089", "amount1": "0", "ordinal": 0, "tickLower": -883200, "tickUpper": 883200, "liquidityDelta": "0"}]
{"poolManager":"0x8366a39cc670b4001a1121b8f6a443a643e40951","txHash":"0x15a51a2192e5b21d370b0bf8c674b124c08460596c8a2836de0c15c501174165"}	[{"salt": "198", "amount0": "2176555459421914", "amount1": "0", "ordinal": 0, "tickLower": -883200, "tickUpper": 883200, "liquidityDelta": "-75798405574941010684"}]
{"poolManager":"0x8366a39cc670b4001a1121b8f6a443a643e40951","txHash":"0xda5c824855631ecce7b46e1465cef01dea51a0265a04c139fb5594db98f8bec2"}	[{"salt": "215", "amount0": "0", "amount1": "0", "ordinal": 0, "tickLower": 177000, "tickUpper": 188800, "liquidityDelta": "-28790254510667843324"}]
{"poolManager":"0x8366a39cc670b4001a1121b8f6a443a643e40951","txHash":"0xf3a9944838c3399bba17f942129294b006c3357d9e409646eb5ba9b2920ce116"}	[{"salt": "216", "amount0": "2345029466697240", "amount1": "3522830", "ordinal": 0, "tickLower": -202730, "tickUpper": -202060, "liquidityDelta": "-525430713257630"}]
{"poolManager":"0x8366a39cc670b4001a1121b8f6a443a643e40951","txHash":"0xbe6b6aa21ec8220502783d5c76e5db11215f769bdd2f0b7fd2b63f3a91828dfd"}	[{"salt": "216", "amount0": "1022255068957590", "amount1": "1646587", "ordinal": 0, "tickLower": -202730, "tickUpper": -202060, "liquidityDelta": "571278241596940"}]
{"poolManager":"0x8366a39cc670b4001a1121b8f6a443a643e40951","txHash":"0x867854d90955ba313c761d4c9b33ae24ce7b223d3ce712f9f92673ad276767bb"}	[{"salt": "220", "amount0": "3890163995229513", "amount1": "6399999999999999999999999", "ordinal": 0, "tickLower": -883200, "tickUpper": 883200, "liquidityDelta": "0"}]
{"poolManager":"0x8366a39cc670b4001a1121b8f6a443a643e40951","txHash":"0x5f8638430431ea9162332fbe51643df185a18ffd1ee496a7aed943a2cbd35280"}	[{"salt": "220", "amount0": "0", "amount1": "0", "ordinal": 0, "tickLower": -883200, "tickUpper": 883200, "liquidityDelta": "252907569147045633254"}]
{"poolManager":"0x8366a39cc670b4001a1121b8f6a443a643e40951","txHash":"0x23918af20ab29b0cd5ee38b5dfd68c4643605f8a243a85f4769c46790ad16cd2"}	[{"salt": "220", "amount0": "4219761136365077", "amount1": "0", "ordinal": 0, "tickLower": -883200, "tickUpper": 883200, "liquidityDelta": "0"}]
{"poolManager":"0x8366a39cc670b4001a1121b8f6a443a643e40951","txHash":"0xd664f6ffc1774d940ebd4879b2f81c7dfdedc9c64318f2cf7b1039ffc7754ef8"}	[{"salt": "220", "amount0": "3679862510253308", "amount1": "0", "ordinal": 0, "tickLower": -883200, "tickUpper": 883200, "liquidityDelta": "0"}]
{"poolManager":"0x8366a39cc670b4001a1121b8f6a443a643e40951","txHash":"0xbc132c6083c3c0741a25f8c7cc2d329c07e1e38391dbb4158f2092ed6850f27f"}	[{"salt": "223", "amount0": "513492651444", "amount1": "0", "ordinal": 0, "tickLower": -883200, "tickUpper": 883200, "liquidityDelta": "62495308874197976417"}]
{"poolManager":"0x8366a39cc670b4001a1121b8f6a443a643e40951","txHash":"0xca0786e948b045aa805ecc3e40fdeb2ccbbb7706a15acc9a0b59338a4f191df4"}	[{"salt": "223", "amount0": "126056619706011", "amount1": "0", "ordinal": 0, "tickLower": -883200, "tickUpper": 883200, "liquidityDelta": "37561845014567040064"}]
{"poolManager":"0x8366a39cc670b4001a1121b8f6a443a643e40951","txHash":"0x6fab061b5fec1fdcc7f1e662b19216c25ce4f879f09eba5295fadb077e05e458"}	[{"salt": "220", "amount0": "4027018985062208", "amount1": "0", "ordinal": 0, "tickLower": -883200, "tickUpper": 883200, "liquidityDelta": "0"}]
{"poolManager":"0x8366a39cc670b4001a1121b8f6a443a643e40951","txHash":"0x3d46e17fb1ce2139a16f2946e7109d8625b84e59121de97f27e9e9669beed2fb"}	[{"salt": "223", "amount0": "762275557721968", "amount1": "0", "ordinal": 0, "tickLower": -883200, "tickUpper": 883200, "liquidityDelta": "0"}]
{"poolManager":"0x8366a39cc670b4001a1121b8f6a443a643e40951","txHash":"0x0a328bcf1b0a380604fd120af3eae49ae0f68f647902de5e9d100d1f186f6c00"}	[{"salt": "227", "amount0": "0", "amount1": "0", "ordinal": 0, "tickLower": -880000, "tickUpper": 880000, "liquidityDelta": "32938625190835623594"}]
{"poolManager":"0x8366a39cc670b4001a1121b8f6a443a643e40951","txHash":"0x432ff2cae33fdcad65c6659a56783f674fd532fb243df044e3069ee3fe5d3e3f"}	[{"salt": "223", "amount0": "287563810786490", "amount1": "0", "ordinal": 0, "tickLower": -883200, "tickUpper": 883200, "liquidityDelta": "0"}]
{"poolManager":"0x8366a39cc670b4001a1121b8f6a443a643e40951","txHash":"0xbec64cf88e84bb5139fe0208fbbaebd5fa13351bf05b1311d7c8c88524564735"}	[{"salt": "220", "amount0": "4090281011495001", "amount1": "0", "ordinal": 0, "tickLower": -883200, "tickUpper": 883200, "liquidityDelta": "0"}]
{"poolManager":"0x8366a39cc670b4001a1121b8f6a443a643e40951","txHash":"0x43885d6198a7624110607385418fa5924c264b560497e1ebc43e8ccfffcf711a"}	[{"salt": "223", "amount0": "2357707210951133", "amount1": "0", "ordinal": 0, "tickLower": -883200, "tickUpper": 883200, "liquidityDelta": "0"}]
{"poolManager":"0x8366a39cc670b4001a1121b8f6a443a643e40951","txHash":"0xde42d948be0cc0426cfc2f47dd9a8735daa7b14663fab1815c15903bf04edac0"}	[{"salt": "223", "amount0": "193985613945340", "amount1": "0", "ordinal": 0, "tickLower": -883200, "tickUpper": 883200, "liquidityDelta": "0"}]
{"poolManager":"0x8366a39cc670b4001a1121b8f6a443a643e40951","txHash":"0x1c0c0adaaca9ad7ebb419772e7fce4685161b432a99b83a0763afae9dfd08d2e"}	[{"salt": "229", "amount0": "0", "amount1": "0", "ordinal": 0, "tickLower": 187000, "tickUpper": 220000, "liquidityDelta": "35564309202677683456"}]
{"poolManager":"0x8366a39cc670b4001a1121b8f6a443a643e40951","txHash":"0x6ef74835acbc416d34462a0de11a7afd9180bbb1f24d4a8013e429dfc3b8e48f"}	[{"salt": "199", "amount0": "9980039920159", "amount1": "0", "ordinal": 0, "tickLower": 200400, "tickUpper": 232600, "liquidityDelta": "0"}, {"salt": "200", "amount0": "0", "amount1": "0", "ordinal": 0, "tickLower": 170400, "tickUpper": 200400, "liquidityDelta": "0"}, {"salt": "201", "amount0": "0", "amount1": "0", "ordinal": 0, "tickLower": 124400, "tickUpper": 170400, "liquidityDelta": "0"}]
{"poolManager":"0x8366a39cc670b4001a1121b8f6a443a643e40951","txHash":"0xc96e1e7921caf25c42ea7282e50fcc7a2953e948e33f9bca27b32d356329387b"}	[{"salt": "199", "amount0": "798403193612774", "amount1": "0", "ordinal": 0, "tickLower": 200400, "tickUpper": 232600, "liquidityDelta": "0"}, {"salt": "200", "amount0": "0", "amount1": "0", "ordinal": 0, "tickLower": 170400, "tickUpper": 200400, "liquidityDelta": "0"}, {"salt": "201", "amount0": "0", "amount1": "0", "ordinal": 0, "tickLower": 124400, "tickUpper": 170400, "liquidityDelta": "0"}]
{"poolManager":"0x8366a39cc670b4001a1121b8f6a443a643e40951","txHash":"0xfb6f0589b3a968d6f2610ddb66451493dc571e10f1f41984388162c2774f17fd"}	[{"salt": "223", "amount0": "0", "amount1": "11234956650836174307662", "ordinal": 0, "tickLower": -883200, "tickUpper": 883200, "liquidityDelta": "0"}]
{"poolManager":"0x8366a39cc670b4001a1121b8f6a443a643e40951","txHash":"0x6adb0578a4368e36dad43bc311004372e3d244dc7f6708e9c41be3d13c67969f"}	[{"salt": "229", "amount0": "0", "amount1": "0", "ordinal": 0, "tickLower": 187000, "tickUpper": 220000, "liquidityDelta": "-36986881570784790794"}]
{"poolManager":"0x8366a39cc670b4001a1121b8f6a443a643e40951","txHash":"0xf3e1d76a9b5254645546fee96a8496362f111d0bc9e337c79ac51182e646d328"}	[{"salt": "230", "amount0": "0", "amount1": "7520570336408259240584", "ordinal": 0, "tickLower": -883200, "tickUpper": 883200, "liquidityDelta": "0"}]
{"poolManager":"0x8366a39cc670b4001a1121b8f6a443a643e40951","txHash":"0xe5db4e2b85d28b4d9a06858a5e2c89d08a8ebc3ec47648d63858e5842dd72bd5"}	[{"salt": "227", "amount0": "0", "amount1": "0", "ordinal": 0, "tickLower": -880000, "tickUpper": 880000, "liquidityDelta": "7804001555470815267"}]
{"poolManager":"0x8366a39cc670b4001a1121b8f6a443a643e40951","txHash":"0xe24d0deae89d0c4e58f407407fd40c02cfb0a569934e8e89b5beb47fbd790afc"}	[{"salt": "230", "amount0": "0", "amount1": "0", "ordinal": 0, "tickLower": -883200, "tickUpper": 883200, "liquidityDelta": "1121354839199259253"}]
{"poolManager":"0x8366a39cc670b4001a1121b8f6a443a643e40951","txHash":"0xc83c67b4d5fc00d960e84108e4bdd9de2aa1d58ed655cd1cf4d2b4530461e1c0"}	[{"salt": "228", "amount0": "1732499999999999", "amount1": "0", "ordinal": 0, "tickLower": -882000, "tickUpper": 882000, "liquidityDelta": "-2079886385059884036078"}]
{"poolManager":"0x8366a39cc670b4001a1121b8f6a443a643e40951","txHash":"0x4d74899dabb53dc36724384e9cb7e8b2e7387a9c596528fde256bb25c343c080"}	[{"salt": "223", "amount0": "0", "amount1": "0", "ordinal": 0, "tickLower": -883200, "tickUpper": 883200, "liquidityDelta": "-100078536145810628356"}]
{"poolManager":"0x8366a39cc670b4001a1121b8f6a443a643e40951","txHash":"0x8e096302cacb2a8d9cbcd62e465185430be4a655524f51b4e92464620366c5a0"}	[{"salt": "227", "amount0": "0", "amount1": "0", "ordinal": 0, "tickLower": -880000, "tickUpper": 880000, "liquidityDelta": "61683021404896426700"}]
{"poolManager":"0x8366a39cc670b4001a1121b8f6a443a643e40951","txHash":"0x74f7efda4d9ade841659e84c33e3592132cc7c7008177c393a3d3b85736ff944"}	[{"salt": "235", "amount0": "0", "amount1": "0", "ordinal": 0, "tickLower": -885000, "tickUpper": 885000, "liquidityDelta": "-93494331892951711195378"}]
{"poolManager":"0x8366a39cc670b4001a1121b8f6a443a643e40951","txHash":"0x3b0b2b1f02f339c73d3de76de1e11871824dd9e3f7a3593a28accf3ca7fe4fa3"}	[{"salt": "234", "amount0": "0", "amount1": "0", "ordinal": 0, "tickLower": 18000, "tickUpper": 126000, "liquidityDelta": "-942253423636734737"}]
{"poolManager":"0x8366a39cc670b4001a1121b8f6a443a643e40951","txHash":"0x1a451abce14ddeb85f2922cb8cd94b39841266774c319dd6282ce8b96129637f"}	[{"salt": "232", "amount0": "0", "amount1": "84471972449388740774945", "ordinal": 0, "tickLower": 179200, "tickUpper": 185600, "liquidityDelta": "0"}]
{"poolManager":"0x8366a39cc670b4001a1121b8f6a443a643e40951","txHash":"0x3d6a4385ddd30dd04d4e6902d50e488e7fc140886a34eb2efe0a1e68eebceef1"}	[{"salt": "230", "amount0": "0", "amount1": "70302475237276039096020", "ordinal": 0, "tickLower": -883200, "tickUpper": 883200, "liquidityDelta": "0"}]
{"poolManager":"0x8366a39cc670b4001a1121b8f6a443a643e40951","txHash":"0x35e2dd6d080f7bda99b3ba1b0c13a5bd83ac72587b53180e06e0bae7e56a7030"}	[{"salt": "199", "amount0": "99800399201596", "amount1": "0", "ordinal": 0, "tickLower": 200400, "tickUpper": 232600, "liquidityDelta": "0"}, {"salt": "200", "amount0": "0", "amount1": "0", "ordinal": 0, "tickLower": 170400, "tickUpper": 200400, "liquidityDelta": "0"}, {"salt": "201", "amount0": "0", "amount1": "0", "ordinal": 0, "tickLower": 124400, "tickUpper": 170400, "liquidityDelta": "0"}]
{"poolManager":"0x8366a39cc670b4001a1121b8f6a443a643e40951","txHash":"0xa3d5a272805256851e25106b0ca0edc7abf3012c7b6dadf1055cad0c8029aa68"}	[{"salt": "216", "amount0": "6976649727011378", "amount1": "11251014", "ordinal": 0, "tickLower": -202730, "tickUpper": -202060, "liquidityDelta": "-5300154660915616"}]
{"poolManager":"0x8366a39cc670b4001a1121b8f6a443a643e40951","txHash":"0x6220d1ad77c16569e6a86cbae971c3ebf06aed379647e3795a00154105633bb1"}	[{"salt": "199", "amount0": "998003992015968", "amount1": "0", "ordinal": 0, "tickLower": 200400, "tickUpper": 232600, "liquidityDelta": "0"}, {"salt": "200", "amount0": "0", "amount1": "0", "ordinal": 0, "tickLower": 170400, "tickUpper": 200400, "liquidityDelta": "0"}, {"salt": "201", "amount0": "0", "amount1": "0", "ordinal": 0, "tickLower": 124400, "tickUpper": 170400, "liquidityDelta": "0"}]
{"poolManager":"0x8366a39cc670b4001a1121b8f6a443a643e40951","txHash":"0xca9af94f9a2211848bd7d48dc60c8e1da27dca919c526b20528403acf5af245b"}	[{"salt": "220", "amount0": "14591578467917958", "amount1": "654930620185359169951065", "ordinal": 0, "tickLower": -883200, "tickUpper": 883200, "liquidityDelta": "0"}]
{"poolManager":"0x8366a39cc670b4001a1121b8f6a443a643e40951","txHash":"0xade163d7006ebbc0e5f62579b0246f1f983c303e1e1cedced0f380f3d1f7696a"}	[{"salt": "220", "amount0": "0", "amount1": "0", "ordinal": 0, "tickLower": -883200, "tickUpper": 883200, "liquidityDelta": "73090794798229107221"}]
{"poolManager":"0x8366a39cc670b4001a1121b8f6a443a643e40951","txHash":"0xace3bb08da1899f79599a645b301297a9eb19b0da52921a19947a4417afc8963"}	[{"salt": "227", "amount0": "0", "amount1": "0", "ordinal": 0, "tickLower": -880000, "tickUpper": 880000, "liquidityDelta": "-132807992653606348478"}]
{"poolManager":"0x8366a39cc670b4001a1121b8f6a443a643e40951","txHash":"0x3c0fa73e8a8e6ce911fd4488e14a13898c3e730691d4aeaa73d899c21dedf908"}	[{"salt": "199", "amount0": "998003992015968", "amount1": "0", "ordinal": 0, "tickLower": 200400, "tickUpper": 232600, "liquidityDelta": "0"}, {"salt": "200", "amount0": "0", "amount1": "0", "ordinal": 0, "tickLower": 170400, "tickUpper": 200400, "liquidityDelta": "0"}, {"salt": "201", "amount0": "0", "amount1": "0", "ordinal": 0, "tickLower": 124400, "tickUpper": 170400, "liquidityDelta": "0"}]
{"poolManager":"0x8366a39cc670b4001a1121b8f6a443a643e40951","txHash":"0x6be71f8efe0a08954e63082813997fb1d2d6795724e12cb1a5db18b571d9e4c0"}	[{"salt": "220", "amount0": "338278118597641", "amount1": "2337350161749928250648997", "ordinal": 0, "tickLower": -883200, "tickUpper": 883200, "liquidityDelta": "0"}]
{"poolManager":"0x8366a39cc670b4001a1121b8f6a443a643e40951","txHash":"0x3882621b0b80f8f1cc6ec363c3dd4f075194c5ea531817f9d03b18e873a4992f"}	[{"salt": "220", "amount0": "65141405245326", "amount1": "0", "ordinal": 0, "tickLower": -883200, "tickUpper": 883200, "liquidityDelta": "143430864213242769346"}]
{"poolManager":"0x8366a39cc670b4001a1121b8f6a443a643e40951","txHash":"0x454970c9919acc12750e5f703084c4c5e372dc87438393df8fea5ff6295b50c1"}	[{"salt": "199", "amount0": "998003992015968", "amount1": "0", "ordinal": 0, "tickLower": 200400, "tickUpper": 232600, "liquidityDelta": "0"}, {"salt": "200", "amount0": "0", "amount1": "0", "ordinal": 0, "tickLower": 170400, "tickUpper": 200400, "liquidityDelta": "0"}, {"salt": "201", "amount0": "0", "amount1": "0", "ordinal": 0, "tickLower": 124400, "tickUpper": 170400, "liquidityDelta": "0"}]
{"poolManager":"0x8366a39cc670b4001a1121b8f6a443a643e40951","txHash":"0xc0bf101d0f1ef7ae7ad35a561b7311f03a828753de385fc37a05e9f34dcb6b9f"}	[{"salt": "232", "amount0": "0", "amount1": "125847618779229955248961", "ordinal": 0, "tickLower": 179200, "tickUpper": 185600, "liquidityDelta": "0"}]
{"poolManager":"0x8366a39cc670b4001a1121b8f6a443a643e40951","txHash":"0x3470259f5662f4746700331bcc2f7ead1a4394ca444b1bd980c8e9e389a8b982"}	[{"salt": "230", "amount0": "120230890423458", "amount1": "246682654672013436623055", "ordinal": 0, "tickLower": -883200, "tickUpper": 883200, "liquidityDelta": "0"}]
{"poolManager":"0x8366a39cc670b4001a1121b8f6a443a643e40951","txHash":"0x66a0b73199095749dfecb77cedf6d8ac528f9f990c9fd24151ec9d14d6f2af32"}	[{"salt": "239", "amount0": "0", "amount1": "0", "ordinal": 0, "tickLower": -883200, "tickUpper": 883200, "liquidityDelta": "-23762738014464174076"}]
{"poolManager":"0x8366a39cc670b4001a1121b8f6a443a643e40951","txHash":"0x2a3434a4962d52a4a064ffd9d7f23fbd4612109c58580eb20f1ba15f2b6d3eb4"}	[{"salt": "232", "amount0": "0", "amount1": "0", "ordinal": 0, "tickLower": 179200, "tickUpper": 185600, "liquidityDelta": "-152297061130702140118"}]
{"poolManager":"0x8366a39cc670b4001a1121b8f6a443a643e40951","txHash":"0x2432752260f6c6aa32c5ffc217395a18141bb9e5442bfb286975577de9a5a6c3"}	[{"salt": "230", "amount0": "0", "amount1": "0", "ordinal": 0, "tickLower": -883200, "tickUpper": 883200, "liquidityDelta": "-68112950235637973465"}]
{"poolManager":"0x8366a39cc670b4001a1121b8f6a443a643e40951","txHash":"0x960238be84df94b7c16988a4c7db3d8815d0bce3113a0423afc50f006987acca"}	[{"salt": "199", "amount0": "0", "amount1": "10828407553872941828599631", "ordinal": 0, "tickLower": 200400, "tickUpper": 232600, "liquidityDelta": "0"}, {"salt": "200", "amount0": "0", "amount1": "0", "ordinal": 0, "tickLower": 170400, "tickUpper": 200400, "liquidityDelta": "0"}, {"salt": "201", "amount0": "0", "amount1": "0", "ordinal": 0, "tickLower": 124400, "tickUpper": 170400, "liquidityDelta": "0"}]
{"poolManager":"0x8366a39cc670b4001a1121b8f6a443a643e40951","txHash":"0x9647a3022310aeb65434c30671e081ecf8adb5c54b8130afbbf6e6f14b70db09"}	[{"salt": "199", "amount0": "0", "amount1": "22450161222416243690812699", "ordinal": 0, "tickLower": 200400, "tickUpper": 232600, "liquidityDelta": "0"}, {"salt": "200", "amount0": "0", "amount1": "0", "ordinal": 0, "tickLower": 170400, "tickUpper": 200400, "liquidityDelta": "0"}, {"salt": "201", "amount0": "0", "amount1": "0", "ordinal": 0, "tickLower": 124400, "tickUpper": 170400, "liquidityDelta": "0"}]
{"poolManager":"0x8366a39cc670b4001a1121b8f6a443a643e40951","txHash":"0x8eb1a4dc1981e2ae804d610adee6cd04273279e0c23a188e237b796fe6a35d60"}	[{"salt": "236", "amount0": "6807592842759640", "amount1": "54887169412535639119634", "ordinal": 0, "tickLower": -884000, "tickUpper": 884000, "liquidityDelta": "-2236882206503860334692"}]
{"poolManager":"0x8366a39cc670b4001a1121b8f6a443a643e40951","txHash":"0x0979a9c197a95eb02cbb963adfb35d7741352075917db63fe38decef64d92bcf"}	[{"salt": "231", "amount0": "250157564652806774", "amount1": "2901853765653192695383391", "ordinal": 0, "tickLower": -880000, "tickUpper": 880000, "liquidityDelta": "0"}]
{"poolManager":"0x8366a39cc670b4001a1121b8f6a443a643e40951","txHash":"0x696730c9d84f8e3fb5c95caf42ed7138f90f4e22138d6d66f4ef50454001bf07"}	[{"salt": "159", "amount0": "4162204434173257", "amount1": "6813787", "ordinal": 0, "tickLower": -202720, "tickUpper": -202100, "liquidityDelta": "0"}]
{"poolManager":"0x8366a39cc670b4001a1121b8f6a443a643e40951","txHash":"0x22948be592bec420bfcec7f635806fec7baa9995051bc11434dd78d822a0b282"}	[{"salt": "220", "amount0": "2481437586799359", "amount1": "8607986482019714821889994", "ordinal": 0, "tickLower": -883200, "tickUpper": 883200, "liquidityDelta": "0"}]
{"poolManager":"0x8366a39cc670b4001a1121b8f6a443a643e40951","txHash":"0x6645b26d5b2d91c9863336c688272cf1ff4058e1592c56affceb285bc303a793"}	[{"salt": "220", "amount0": "0", "amount1": "0", "ordinal": 0, "tickLower": -883200, "tickUpper": 883200, "liquidityDelta": "242407740991295261034"}]
{"poolManager":"0x8366a39cc670b4001a1121b8f6a443a643e40951","txHash":"0xd5cd832264dccf9fc1f4aa9352ea9272ef493df2d53d6017bdfe991939445717"}	[{"salt": "159", "amount0": "164714648784818", "amount1": "237902", "ordinal": 0, "tickLower": -202720, "tickUpper": -202100, "liquidityDelta": "12609828006728"}]
{"poolManager":"0x8366a39cc670b4001a1121b8f6a443a643e40951","txHash":"0xde432738f625d3aa3f1c7afeeb4c58e8c25c482dc174d785a255d013cddde317"}	[{"salt": "17", "amount0": "0", "amount1": "0", "ordinal": 0, "tickLower": -881400, "tickUpper": 881400, "liquidityDelta": "-599644355316"}]
{"poolManager":"0x8366a39cc670b4001a1121b8f6a443a643e40951","txHash":"0x7c8bb0fa587dc6662415ddd1a04d80ac8ab251d7f51943516f97d949f6f56112"}	[{"salt": "247", "amount0": "0", "amount1": "0", "ordinal": 0, "tickLower": 281910, "tickUpper": 281950, "liquidityDelta": "-3985500975738032392"}]
{"poolManager":"0x8366a39cc670b4001a1121b8f6a443a643e40951","txHash":"0xe9f70715e1a913e04b4eba4086e99f9be59a3b550dcf6241a7e4ae85868aff17"}	[{"salt": "248", "amount0": "278883", "amount1": "0", "ordinal": 0, "tickLower": 281950, "tickUpper": 282030, "liquidityDelta": "-1490085374646211125"}]
{"poolManager":"0x8366a39cc670b4001a1121b8f6a443a643e40951","txHash":"0x066a5865b888729154838c02de82de8772a008665bf3dd5526a0ff1f11ba42ec"}	[{"salt": "155", "amount0": "14249999999", "amount1": "0", "ordinal": 0, "tickLower": -887220, "tickUpper": 887220, "liquidityDelta": "-8000000000000000000"}]
{"poolManager":"0x8366a39cc670b4001a1121b8f6a443a643e40951","txHash":"0x6285af21bb339fa9452cdaf79e7fe8a95b790c9dc3403b4175021b5dae3e3d4b"}	[{"salt": "248", "amount0": "0", "amount1": "121591925940987943", "ordinal": 0, "tickLower": 281950, "tickUpper": 282030, "liquidityDelta": "1014430747057875404"}]
{"poolManager":"0x8366a39cc670b4001a1121b8f6a443a643e40951","txHash":"0x316fdfc7634794cf9cb1f8e53e316d62e7fbd3ea2737b9b1e54d4585e810f833"}	[{"salt": "248", "amount0": "0", "amount1": "5161443931791834", "ordinal": 0, "tickLower": 281950, "tickUpper": 282030, "liquidityDelta": "-1511125871939945780"}]
{"poolManager":"0x8366a39cc670b4001a1121b8f6a443a643e40951","txHash":"0x106171251609c68499e221a74de84f92d82b1e8ff2463b5df508bcc2fd9301e4"}	[{"salt": "231", "amount0": "129662077908977503", "amount1": "2321265618082958415720199", "ordinal": 0, "tickLower": -880000, "tickUpper": 880000, "liquidityDelta": "0"}]
{"poolManager":"0x8366a39cc670b4001a1121b8f6a443a643e40951","txHash":"0x37296f0fc1c22bc032b71e47b33d5a645f6118b802971b329f06d55d545f674d"}	[{"salt": "256", "amount0": "1424999999", "amount1": "29999999999999999", "ordinal": 0, "tickLower": -887220, "tickUpper": 887220, "liquidityDelta": "-5999912668986243459"}]
{"poolManager":"0x8366a39cc670b4001a1121b8f6a443a643e40951","txHash":"0x88b9bb8aa3044003d60d404c391c46fc4190ecc0bb9c87715f4da3425c83a8db"}	[{"salt": "257", "amount0": "0", "amount1": "0", "ordinal": 0, "tickLower": -204620, "tickUpper": -202390, "liquidityDelta": "-705467752919034"}]
{"poolManager":"0x8366a39cc670b4001a1121b8f6a443a643e40951","txHash":"0x544a152164457c8d62b51d0cbff86fa4a268b51eaba7c69ccb58910bbd1e59bf"}	[{"salt": "259", "amount0": "0", "amount1": "0", "ordinal": 0, "tickLower": -202360, "tickUpper": -201940, "liquidityDelta": "-3380116578564814"}]
{"poolManager":"0x8366a39cc670b4001a1121b8f6a443a643e40951","txHash":"0x4d141b19ec05b9688fbfbdd952bf7613865f16e4d95a69b0a3630c0296c2ae58"}	[{"salt": "260", "amount0": "41403982875870", "amount1": "191794", "ordinal": 0, "tickLower": -202388, "tickUpper": -202382, "liquidityDelta": "-233848717168742098"}]
{"poolManager":"0x8366a39cc670b4001a1121b8f6a443a643e40951","txHash":"0xca63ae4005343d68da300c72e91e698ac0d797977d3048b6b6cc7953f2074fbe"}	[{"salt": "114", "amount0": "364941159945361", "amount1": "16551669800124554314344", "ordinal": 0, "tickLower": -886000, "tickUpper": 886000, "liquidityDelta": "-67267747051661419962"}]
{"poolManager":"0x8366a39cc670b4001a1121b8f6a443a643e40951","txHash":"0x323707a06ee622b173329a18ef96f99518c45384e9fbc4b45deb6f33d129e7eb"}	[{"salt": "328", "amount0": "838874213675305", "amount1": "0", "ordinal": 0, "tickLower": 79320, "tickUpper": 79500, "liquidityDelta": "-8822173812427494242996"}]
{"poolManager":"0x8366a39cc670b4001a1121b8f6a443a643e40951","txHash":"0x06c46b365b81e4416fcd748edf7ba17f006d1000549c3bba79994a380a05991a"}	[{"salt": "243", "amount0": "19180016632941738", "amount1": "343466112687222657547771", "ordinal": 0, "tickLower": -880000, "tickUpper": 880000, "liquidityDelta": "-66299029544336478008"}]
{"poolManager":"0x8366a39cc670b4001a1121b8f6a443a643e40951","txHash":"0x065cffdc5d3063d610a4e20a0e4936bdb63e053dcbe35e25d4a1eda636ecef09"}	[{"salt": "253", "amount0": "125103533664116110", "amount1": "3296289738777954743079671", "ordinal": 0, "tickLower": -885000, "tickUpper": 885000, "liquidityDelta": "0"}]
{"poolManager":"0x8366a39cc670b4001a1121b8f6a443a643e40951","txHash":"0x41764a63d0c354ced0fcd658c91a42c229c73fdc6af30a650791d8b603bb8854"}	[{"salt": "337", "amount0": "213568", "amount1": "0", "ordinal": 0, "tickLower": 277380, "tickUpper": 286800, "liquidityDelta": "922705798063522766"}]
{"poolManager":"0x8366a39cc670b4001a1121b8f6a443a643e40951","txHash":"0x8e99a5b5ffa53b3dbd5bc8a1c2189c8f6b228cb5246010d580581f9942e9f95b"}	[{"salt": "159", "amount0": "1566401658520471", "amount1": "2684012", "ordinal": 0, "tickLower": -202720, "tickUpper": -202100, "liquidityDelta": "0"}]
{"poolManager":"0x8366a39cc670b4001a1121b8f6a443a643e40951","txHash":"0x4a611afa05c74953a059391b7dffbd1d448e3d92c336b9768336f1246518b2f7"}	[{"salt": "251", "amount0": "16814387561488138", "amount1": "0", "ordinal": 0, "tickLower": -871200, "tickUpper": 871200, "liquidityDelta": "-476949132632561420715"}]
{"poolManager":"0x8366a39cc670b4001a1121b8f6a443a643e40951","txHash":"0x05e8fc4cc888c2790299748139534b86b024e65b598ef98446f57ff9a77a532d"}	[{"salt": "347", "amount0": "300000000010", "amount1": "0", "ordinal": 0, "tickLower": -887272, "tickUpper": 887272, "liquidityDelta": "-525007641574929252396"}]
{"poolManager":"0x8366a39cc670b4001a1121b8f6a443a643e40951","txHash":"0x05daed930ae109637a449677586856f4c9a95d3690a6557e7998a218f75b6f5e"}	[{"salt": "354", "amount0": "0", "amount1": "0", "ordinal": 0, "tickLower": -202600, "tickUpper": -202200, "liquidityDelta": "102406977772816"}]
{"poolManager":"0x8366a39cc670b4001a1121b8f6a443a643e40951","txHash":"0x51ec267ed0af0ef526b4082c90e33456e507a5a53d5156a1b4d5532b19661710"}	[{"salt": "337", "amount0": "40570358", "amount1": "110717215425754585391", "ordinal": 0, "tickLower": 277380, "tickUpper": 286800, "liquidityDelta": "138399400087180758"}]
{"poolManager":"0x8366a39cc670b4001a1121b8f6a443a643e40951","txHash":"0xb404d8c95809a8528d604a2237b7c0b3044c7dc032188c01b619f0111e7bdf92"}	[{"salt": "356", "amount0": "0", "amount1": "0", "ordinal": 0, "tickLower": -887200, "tickUpper": 887200, "liquidityDelta": "-22360454551"}]
{"poolManager":"0x8366a39cc670b4001a1121b8f6a443a643e40951","txHash":"0xaaa75461409b05680bd4d0aa075ed79255fe4b905a07d91da2ab8d908c7d0e1e"}	[{"salt": "226", "amount0": "0", "amount1": "0", "ordinal": 0, "tickLower": -880000, "tickUpper": 880000, "liquidityDelta": "-2544026039123975374"}]
{"poolManager":"0x8366a39cc670b4001a1121b8f6a443a643e40951","txHash":"0x95b7e019d37fdd904013ecc141f636db07d6ada8e60b2cda8b61d6b9b0bbb17d"}	[{"salt": "241", "amount0": "5105509132088829", "amount1": "150089379922104405526901", "ordinal": 0, "tickLower": -882000, "tickUpper": 882000, "liquidityDelta": "0"}]
{"poolManager":"0x8366a39cc670b4001a1121b8f6a443a643e40951","txHash":"0x9b1074882dc04e4dd3b0e9d39968d0415899c17b7c9e800b32fcc82277028e73"}	[{"salt": "241", "amount0": "0", "amount1": "0", "ordinal": 0, "tickLower": -882000, "tickUpper": 882000, "liquidityDelta": "27447578484379245772"}]
{"poolManager":"0x8366a39cc670b4001a1121b8f6a443a643e40951","txHash":"0x9684b367c980c3084883609fca02dfeebccc509598df617d27e2a86a419efea0"}	[{"salt": "327", "amount0": "689976816709628", "amount1": "176828046804756146806", "ordinal": 0, "tickLower": -885000, "tickUpper": 885000, "liquidityDelta": "0"}]
{"poolManager":"0x8366a39cc670b4001a1121b8f6a443a643e40951","txHash":"0x08702a24231345b73edae796dfe01f3eaa62353bfec08adaf2dedd3a0fef670c"}	[{"salt": "327", "amount0": "0", "amount1": "0", "ordinal": 0, "tickLower": -885000, "tickUpper": 885000, "liquidityDelta": "-28373419533332718346"}]
{"poolManager":"0x8366a39cc670b4001a1121b8f6a443a643e40951","txHash":"0x5b7ffc3d414d658379f82f849ad772900c0f8f7555dd59db75289b1c9070f7e0"}	[{"salt": "360", "amount0": "0", "amount1": "24414", "ordinal": 0, "tickLower": -203072, "tickUpper": -201456, "liquidityDelta": "18826562158193"}]
{"poolManager":"0x8366a39cc670b4001a1121b8f6a443a643e40951","txHash":"0x51a4b9bda2da9af5f2c7b0308758ef23a06dd026f4f4a680f6f6373d2620bea1"}	[{"salt": "231", "amount0": "45102017189012461", "amount1": "2164807944612172603096316", "ordinal": 0, "tickLower": -880000, "tickUpper": 880000, "liquidityDelta": "0"}]
{"poolManager":"0x8366a39cc670b4001a1121b8f6a443a643e40951","txHash":"0x2e54bf55e127c7977711855600703587e507f8cfb41743b9cbe0e2ce8c8c2773"}	[{"salt": "231", "amount0": "0", "amount1": "0", "ordinal": 0, "tickLower": -880000, "tickUpper": 880000, "liquidityDelta": "-557257595062013803685"}]
{"poolManager":"0x8366a39cc670b4001a1121b8f6a443a643e40951","txHash":"0x639fcfc5e2262c6f30f71f86b33cfc99f49549976771e3a6fe6c3d580a7def81"}	[{"salt": "365", "amount0": "0", "amount1": "0", "ordinal": 0, "tickLower": -232600, "tickUpper": -200400, "liquidityDelta": "444964570715146660659690"}, {"salt": "366", "amount0": "0", "amount1": "0", "ordinal": 0, "tickLower": -200400, "tickUpper": -170400, "liquidityDelta": "2865615756506023376783960"}, {"salt": "367", "amount0": "0", "amount1": "0", "ordinal": 0, "tickLower": -170400, "tickUpper": -124400, "liquidityDelta": "2217603967794546814040536"}, {"salt": "365", "amount0": "0", "amount1": "0", "ordinal": 1, "tickLower": -232600, "tickUpper": -200400, "liquidityDelta": "0"}, {"salt": "366", "amount0": "0", "amount1": "0", "ordinal": 1, "tickLower": -200400, "tickUpper": -170400, "liquidityDelta": "0"}, {"salt": "367", "amount0": "0", "amount1": "0", "ordinal": 1, "tickLower": -170400, "tickUpper": -124400, "liquidityDelta": "0"}]
{"poolManager":"0x8366a39cc670b4001a1121b8f6a443a643e40951","txHash":"0xe057e93c9b7e847d0bbdba99635891bf3aaf380b02e6b75e2316d37b81ac4d06"}	[{"salt": "365", "amount0": "0", "amount1": "49900199600798", "ordinal": 0, "tickLower": -232600, "tickUpper": -200400, "liquidityDelta": "0"}, {"salt": "366", "amount0": "0", "amount1": "0", "ordinal": 0, "tickLower": -200400, "tickUpper": -170400, "liquidityDelta": "0"}, {"salt": "367", "amount0": "0", "amount1": "0", "ordinal": 0, "tickLower": -170400, "tickUpper": -124400, "liquidityDelta": "0"}]
{"poolManager":"0x8366a39cc670b4001a1121b8f6a443a643e40951","txHash":"0x30d7ed948710522132c16eb4e69a6c75abd4c074c64298cf396a6f7102b97cad"}	[{"salt": "97", "amount0": "13390299099465982", "amount1": "24128661", "ordinal": 0, "tickLower": -202421, "tickUpper": -201072, "liquidityDelta": "-652480072711343"}]
{"poolManager":"0x8366a39cc670b4001a1121b8f6a443a643e40951","txHash":"0x7f9e07640ea243853e1317fefc13c76ff4b57538fedf5cc926581b02ff0f5099"}	[{"salt": "338", "amount0": "714885588440328", "amount1": "1348538", "ordinal": 0, "tickLower": -202600, "tickUpper": -201220, "liquidityDelta": "-387170627056373"}]
{"poolManager":"0x8366a39cc670b4001a1121b8f6a443a643e40951","txHash":"0x16cfee1a46ba52ff0796e6e2e0cd6c38c102a4dc183c2e4ab2acbd59d000f3f5"}	[{"salt": "159", "amount0": "996479633766799", "amount1": "1768952", "ordinal": 0, "tickLower": -202720, "tickUpper": -202100, "liquidityDelta": "-780937652714021"}]
{"poolManager":"0x8366a39cc670b4001a1121b8f6a443a643e40951","txHash":"0x291493450b41cc196566251508ca24f895a4873496278680dae54fe0ba4614e1"}	[{"salt": "264", "amount0": "0", "amount1": "0", "ordinal": 0, "tickLower": -874000, "tickUpper": 874000, "liquidityDelta": "933678437677"}]
{"poolManager":"0x8366a39cc670b4001a1121b8f6a443a643e40951","txHash":"0xec5eb943a2059143e5e1fb4d85cd44affd42614515025cecddb437c7bb5da7b0"}	[{"salt": "351", "amount0": "681137836919", "amount1": "1301", "ordinal": 0, "tickLower": -202920, "tickUpper": -201900, "liquidityDelta": "-482080798940"}]
{"poolManager":"0x8366a39cc670b4001a1121b8f6a443a643e40951","txHash":"0x251e5a1c821593f3c18b23a100af794646d23ed0ab542730b1c6a084dfe177f6"}	[{"salt": "349", "amount0": "0", "amount1": "0", "ordinal": 0, "tickLower": -203020, "tickUpper": -202420, "liquidityDelta": "-840761773482"}]
{"poolManager":"0x8366a39cc670b4001a1121b8f6a443a643e40951","txHash":"0x0a3364cd00b1fab8a6430180a407bb1901539e4ea64b44100da057d61cc84342"}	[{"salt": "346", "amount0": "1426980199305", "amount1": "2699", "ordinal": 0, "tickLower": -202400, "tickUpper": -201800, "liquidityDelta": "-831687194899"}]
{"poolManager":"0x8366a39cc670b4001a1121b8f6a443a643e40951","txHash":"0xa66c2dccf8a771c0303419a59e109ab0fa8d35692ba46a159951340d7a9ed558"}	[{"salt": "344", "amount0": "0", "amount1": "0", "ordinal": 0, "tickLower": -203310, "tickUpper": -202720, "liquidityDelta": "-867717303478"}]
{"poolManager":"0x8366a39cc670b4001a1121b8f6a443a643e40951","txHash":"0x387dada28bce8987f39e004cabd54d9aabfb4313ed6080b96bee5e2d5e1d3b1f"}	[{"salt": "343", "amount0": "662647911182", "amount1": "1325", "ordinal": 0, "tickLower": -202100, "tickUpper": -201500, "liquidityDelta": "-830277348535"}]
{"poolManager":"0x8366a39cc670b4001a1121b8f6a443a643e40951","txHash":"0x7bb38447a6fca29d7138b46798e2c13c06d50bd68ebee5cfc9003e0280518ef4"}	[{"salt": "109", "amount0": "52617740821262511", "amount1": "98585768", "ordinal": 0, "tickLower": -202368, "tickUpper": -201297, "liquidityDelta": "-4785632312585423"}]
{"poolManager":"0x8366a39cc670b4001a1121b8f6a443a643e40951","txHash":"0xf1d76e7c1a4ac4b41ebdf07b93caf3c1f5590ee8bfc122bf37ee92199ff64a35"}	[{"salt": "240", "amount0": "11749639116112", "amount1": "25978162312954321", "ordinal": 0, "tickLower": -887200, "tickUpper": 887200, "liquidityDelta": "0"}]
{"poolManager":"0x8366a39cc670b4001a1121b8f6a443a643e40951","txHash":"0xc384acc71c857fdcc9181fb9228142b2f8be3d14e561b746a2c31da30b3093b9"}	[{"salt": "240", "amount0": "0", "amount1": "0", "ordinal": 0, "tickLower": -887200, "tickUpper": 887200, "liquidityDelta": "-870041971965017198"}]
{"poolManager":"0x8366a39cc670b4001a1121b8f6a443a643e40951","txHash":"0xeeb234d4861d7cb67e74975ca82524996c027bd765952743604554f7820dc9ae"}	[{"salt": "361", "amount0": "69299999999999", "amount1": "0", "ordinal": 0, "tickLower": -887200, "tickUpper": 887200, "liquidityDelta": "-31622807953636212555730"}]
{"poolManager":"0x8366a39cc670b4001a1121b8f6a443a643e40951","txHash":"0xb570ccd7d7c26e50d6a905a96b21134a7c09b97e8969330c0da05249b45ff4b4"}	[{"salt": "10", "amount0": "1099999999999999", "amount1": "194387426269023790192712", "ordinal": 0, "tickLower": -887220, "tickUpper": 191160, "liquidityDelta": "-70667687107962706887307"}]
{"poolManager":"0x8366a39cc670b4001a1121b8f6a443a643e40951","txHash":"0x437f4754206f2d551c3eccf92f56914b17085aaf2b87167685c171a3800331ae"}	[{"salt": "374", "amount0": "6189979564898", "amount1": "12700", "ordinal": 0, "tickLower": -201920, "tickUpper": -201820, "liquidityDelta": "-77862581125829"}]
{"poolManager":"0x8366a39cc670b4001a1121b8f6a443a643e40951","txHash":"0x22a3c915d4409ff3a264bc0029ebab2e1376315e1eb433e216d15c24910ede77"}	[{"salt": "377", "amount0": "14445091215669", "amount1": "24578", "ordinal": 0, "tickLower": -201930, "tickUpper": -201720, "liquidityDelta": "0"}]
{"poolManager":"0x8366a39cc670b4001a1121b8f6a443a643e40951","txHash":"0x5db850760d97db94b3b94b86af9df49e681f8a584427680039109ecc63dddd3b"}	[{"salt": "377", "amount0": "266429933917", "amount1": "0", "ordinal": 0, "tickLower": -201930, "tickUpper": -201720, "liquidityDelta": "25574472812131"}]
{"poolManager":"0x8366a39cc670b4001a1121b8f6a443a643e40951","txHash":"0xa0773aaacab1d76d8b71fd33b41f09a6ff4a02ce27ae179809b8988dbff99915"}	[{"salt": "377", "amount0": "53807655179252", "amount1": "82555", "ordinal": 0, "tickLower": -201930, "tickUpper": -201720, "liquidityDelta": "-105384599238848"}]
{"poolManager":"0x8366a39cc670b4001a1121b8f6a443a643e40951","txHash":"0x7d9de7c7409e457d2b0f21d7cc538098a62f06e94b0a841f655b8639d169d1d2"}	[{"salt": "380", "amount0": "31135280615458", "amount1": "46224", "ordinal": 0, "tickLower": -202020, "tickUpper": -201760, "liquidityDelta": "108192454092448"}]
{"poolManager":"0x8366a39cc670b4001a1121b8f6a443a643e40951","txHash":"0x329b7d096a13e359a84003633df457c4c216a3fe572724656ee38af2b1eb5b13"}	[{"salt": "380", "amount0": "6540649776284", "amount1": "10986", "ordinal": 0, "tickLower": -202020, "tickUpper": -201760, "liquidityDelta": "0"}]
{"poolManager":"0x8366a39cc670b4001a1121b8f6a443a643e40951","txHash":"0x6d037be6e7c840260a46c11edb03327d4b142bfa7b6bfe766fce6eb688e9db87"}	[{"salt": "380", "amount0": "0", "amount1": "701", "ordinal": 0, "tickLower": -202020, "tickUpper": -201760, "liquidityDelta": "29310526427559"}]
{"poolManager":"0x8366a39cc670b4001a1121b8f6a443a643e40951","txHash":"0x4a12ad4e64ccba5c37e1844c0a78ab76cd187d1058426e18e4a7f03ca212e07f"}	[{"salt": "375", "amount0": "0", "amount1": "0", "ordinal": 0, "tickLower": -880000, "tickUpper": 880000, "liquidityDelta": "-32369232836662951"}]
{"poolManager":"0x8366a39cc670b4001a1121b8f6a443a643e40951","txHash":"0x21337f4edad8273a790b92eba0c0780681dcb05f7ca6d267c23ccfbf9b3e12d1"}	[{"salt": "382", "amount0": "0", "amount1": "9", "ordinal": 0, "tickLower": -202250, "tickUpper": -201640, "liquidityDelta": "733857857613383"}]
{"poolManager":"0x8366a39cc670b4001a1121b8f6a443a643e40951","txHash":"0x48b527445dbb0aea1b65e5017390886f661fd9e1eb905a03adaacd3d7eaccfd6"}	[{"salt": "382", "amount0": "0", "amount1": "14835", "ordinal": 0, "tickLower": -202250, "tickUpper": -201640, "liquidityDelta": "27948173543158"}]
{"poolManager":"0x8366a39cc670b4001a1121b8f6a443a643e40951","txHash":"0xe6977d1299cde26616f18d5e78591daab6d68c42e339da1b98fd20d8e3a738aa"}	[{"salt": "382", "amount0": "30764406189348", "amount1": "47313", "ordinal": 0, "tickLower": -202250, "tickUpper": -201640, "liquidityDelta": "29209998282643"}]
{"poolManager":"0x8366a39cc670b4001a1121b8f6a443a643e40951","txHash":"0x26ccdc2098c5ca01b4c0667378480e0d19ae3738fc79235e6b6f73c2b6691a18"}	[{"salt": "384", "amount0": "0", "amount1": "0", "ordinal": 0, "tickLower": -885000, "tickUpper": 885000, "liquidityDelta": "-2513756263880160258085"}]
{"poolManager":"0x8366a39cc670b4001a1121b8f6a443a643e40951","txHash":"0x4c18c6600387b8938492f2ec69a73f21aad519d838f350ff7ffb9c2bdc3f2d41"}	[{"salt": "386", "amount0": "0", "amount1": "0", "ordinal": 0, "tickLower": -884000, "tickUpper": 884000, "liquidityDelta": "-996545476638081852485"}]
{"poolManager":"0x8366a39cc670b4001a1121b8f6a443a643e40951","txHash":"0x4f998a0d5080429b56a3556c34db047195bd9aae1b2f9b380ebadbe02b09b4e7"}	[{"salt": "386", "amount0": "0", "amount1": "0", "ordinal": 0, "tickLower": -884000, "tickUpper": 884000, "liquidityDelta": "-996545476638081852485"}]
{"poolManager":"0x8366a39cc670b4001a1121b8f6a443a643e40951","txHash":"0xaa8b1efe0d1fc4e6eb902c79b73e9581e4ae6b68985ba4b377042670cd319456"}	[{"salt": "394", "amount0": "0", "amount1": "0", "ordinal": 0, "tickLower": -887200, "tickUpper": 92000, "liquidityDelta": "-100529677718730994388"}]
{"poolManager":"0x8366a39cc670b4001a1121b8f6a443a643e40951","txHash":"0x267a404dcc2f9b109f0816f2aebc26b8d7312c081d514ba26fd2182e866de7b1"}	[{"salt": "387", "amount0": "1011264860008860", "amount1": "5535451979438433", "ordinal": 0, "tickLower": -887000, "tickUpper": 887000, "liquidityDelta": "-229421712262152855"}]
{"poolManager":"0x8366a39cc670b4001a1121b8f6a443a643e40951","txHash":"0x9f6c8b876bb7c589d904801c8a65df2165a9bda88e0d43a9b7b589f365d7acf1"}	[{"salt": "401", "amount0": "0", "amount1": "0", "ordinal": 0, "tickLower": -887272, "tickUpper": -247546, "liquidityDelta": "-20282409603439750521625642727781"}]
{"poolManager":"0x8366a39cc670b4001a1121b8f6a443a643e40951","txHash":"0xcb2220e47ede52cebc077c1a7ea696f2507086ed4af4bef0cb3372f5c3a29854"}	[{"salt": "402", "amount0": "0", "amount1": "0", "ordinal": 0, "tickLower": -887272, "tickUpper": 887272, "liquidityDelta": "-211919902321608558234"}]
{"poolManager":"0x8366a39cc670b4001a1121b8f6a443a643e40951","txHash":"0x65ec50a585dbd13fb282e0ebd4f82e2e1b1ab215ae05a5a6018f79224175efe5"}	[{"salt": "353", "amount0": "334469035508311", "amount1": "586352", "ordinal": 0, "tickLower": -203070, "tickUpper": -201710, "liquidityDelta": "-60883371378272"}]
{"poolManager":"0x8366a39cc670b4001a1121b8f6a443a643e40951","txHash":"0xbd18a56853664b50aa886f946d0aa3bf7066c3326199decbfbced49900af2253"}	[{"salt": "348", "amount0": "41936577889286", "amount1": "73766", "ordinal": 0, "tickLower": -203170, "tickUpper": -201070, "liquidityDelta": "-6850105248394"}]
{"poolManager":"0x8366a39cc670b4001a1121b8f6a443a643e40951","txHash":"0xcc4d77223047f0f33033cc0b417294b6c506d803c7f088186fd14529f0be04fb"}	[{"salt": "399", "amount0": "57852446691753", "amount1": "140824264873795", "ordinal": 0, "tickLower": -887000, "tickUpper": 887000, "liquidityDelta": "15010959361511823"}]
{"poolManager":"0x8366a39cc670b4001a1121b8f6a443a643e40951","txHash":"0xd3bdab23aae209d61a441cd40774b38d384638c0891c89a90a451f21b84033ca"}	[{"salt": "399", "amount0": "117813254563834", "amount1": "472728247570037", "ordinal": 0, "tickLower": -887000, "tickUpper": 887000, "liquidityDelta": "-16718909410932297"}]
{"poolManager":"0x8366a39cc670b4001a1121b8f6a443a643e40951","txHash":"0x679d9e6d934a645bb3eaa17e5908602bd20b81c3297b1ca236eb6faad2daa45b"}	[{"salt": "399", "amount0": "14253263204184", "amount1": "57353360587594", "ordinal": 0, "tickLower": -887000, "tickUpper": 887000, "liquidityDelta": "-16718909410932298"}]
{"poolManager":"0x8366a39cc670b4001a1121b8f6a443a643e40951","txHash":"0x388b39a19613265ab16d9ff9f16c925b1b230ecb59f17afeb3986b137ed94243"}	[{"salt": "414", "amount0": "0", "amount1": "0", "ordinal": 0, "tickLower": -201920, "tickUpper": -201220, "liquidityDelta": "-1543798210948644"}]
{"poolManager":"0x8366a39cc670b4001a1121b8f6a443a643e40951","txHash":"0xec77a8bdb19faf8b19ea8ba892d7a952a3fce6b8c6f413896dc039acccddbe46"}	[{"salt": "412", "amount0": "338019278575195", "amount1": "1361268277368326", "ordinal": 0, "tickLower": 13000, "tickUpper": 14000, "liquidityDelta": "-349431852207029803"}]
{"poolManager":"0x8366a39cc670b4001a1121b8f6a443a643e40951","txHash":"0xf1f8c21b49274c01c8436648f5c822eabeea1954f310d38a26e951859a88cdc2"}	[{"salt": "417", "amount0": "232531965402812", "amount1": "1350436231774652", "ordinal": 0, "tickLower": 13000, "tickUpper": 15000, "liquidityDelta": "298069522634957864"}]
{"poolManager":"0x8366a39cc670b4001a1121b8f6a443a643e40951","txHash":"0x65af3bc941c99ef6052fd954cf44aa3a54d4dbb2767927cb6e21866a8e7c58f4"}	[{"salt": "363", "amount0": "43999999999999", "amount1": "0", "ordinal": 0, "tickLower": -880000, "tickUpper": 880000, "liquidityDelta": "0"}]
{"poolManager":"0x8366a39cc670b4001a1121b8f6a443a643e40951","txHash":"0xeed319afe17d0f0b669561276e413b69579a63dd3b09ae2f7eb7e9b81e86eb52"}	[{"salt": "416", "amount0": "69703333699060", "amount1": "127050", "ordinal": 0, "tickLower": -202250, "tickUpper": -201640, "liquidityDelta": "-395397982912360"}]
{"poolManager":"0x8366a39cc670b4001a1121b8f6a443a643e40951","txHash":"0xdbce9f3fdb2f6bd6374e7d55b9573994ba1ec51939b9e02f90047f2117bba859"}	[{"salt": "410", "amount0": "0", "amount1": "0", "ordinal": 0, "tickLower": -887200, "tickUpper": 207200, "liquidityDelta": "-31690866724818211737594"}]
{"poolManager":"0x8366a39cc670b4001a1121b8f6a443a643e40951","txHash":"0xc980221b268fbb7bee6cf8fd4a2249c694d197585bc824eec28e70ff0887f5d8"}	[{"salt": "431", "amount0": "0", "amount1": "0", "ordinal": 0, "tickLower": -887200, "tickUpper": 207200, "liquidityDelta": "-31690866724818211737594"}]
{"poolManager":"0x8366a39cc670b4001a1121b8f6a443a643e40951","txHash":"0xfe0c6f636ed782c72f7a29ffa2928984cdcdef9c5443ff20886dda889ce91267"}	[{"salt": "424", "amount0": "0", "amount1": "0", "ordinal": 0, "tickLower": -887200, "tickUpper": 207200, "liquidityDelta": "-31690866724818211737594"}]
{"poolManager":"0x8366a39cc670b4001a1121b8f6a443a643e40951","txHash":"0xa7330fedba463aa6704b79cdbc0645fe7ab67c95f9b1ed261f93101e2aabf235"}	[{"salt": "363", "amount0": "0", "amount1": "0", "ordinal": 0, "tickLower": -880000, "tickUpper": 880000, "liquidityDelta": "-47898052633155404149"}]
{"poolManager":"0x8366a39cc670b4001a1121b8f6a443a643e40951","txHash":"0x557f3cca72e1e4531aaa8b11c51418ba14c073fa908ed45cdb4fcd79d071033d"}	[{"salt": "433", "amount0": "0", "amount1": "1251108076010220120", "ordinal": 0, "tickLower": -882000, "tickUpper": 882000, "liquidityDelta": "0"}]
{"poolManager":"0x8366a39cc670b4001a1121b8f6a443a643e40951","txHash":"0x8ac4f69d3e5d765b0b2aed8069ae9641e76bd12437666f5c5455922a81f5ec6f"}	[{"salt": "433", "amount0": "0", "amount1": "0", "ordinal": 0, "tickLower": -882000, "tickUpper": 882000, "liquidityDelta": "18312859406677580"}]
{"poolManager":"0x8366a39cc670b4001a1121b8f6a443a643e40951","txHash":"0x30a9a4c41e1a59d75fa1d0cd1953bd31d5bb17797ab6402d9cfeffc049c8bc64"}	[{"salt": "434", "amount0": "0", "amount1": "0", "ordinal": 0, "tickLower": -882000, "tickUpper": 882000, "liquidityDelta": "-13038711074776943743"}]
{"poolManager":"0x8366a39cc670b4001a1121b8f6a443a643e40951","txHash":"0xc62ddcbbfc60f0b1e4e05d744f887b6bd5203910675a5c93dc5c7c7ee3179fea"}	[{"salt": "429", "amount0": "0", "amount1": "0", "ordinal": 0, "tickLower": -882000, "tickUpper": 882000, "liquidityDelta": "3773175515822643319"}]
{"poolManager":"0x8366a39cc670b4001a1121b8f6a443a643e40951","txHash":"0x68901fff62d7d078c5de31ffb350731e029eab4c3efe5255a4e646ff93376729"}	[{"salt": "309", "amount0": "0", "amount1": "94397241", "ordinal": 0, "tickLower": -874000, "tickUpper": 874000, "liquidityDelta": "-2094628331332"}]
{"poolManager":"0x8366a39cc670b4001a1121b8f6a443a643e40951","txHash":"0xf607dd6163a4a2dffafaa2e71821cf7f274501aae2f7d6f8abc56f02773ec6f7"}	[{"salt": "417", "amount0": "955203804126527", "amount1": "4184501408410782", "ordinal": 0, "tickLower": 13000, "tickUpper": 15000, "liquidityDelta": "-321076153707273131"}]
{"poolManager":"0x8366a39cc670b4001a1121b8f6a443a643e40951","txHash":"0xd9de4e834bb0e4a8a5724c42356891cbe59143a049c483188e54be54e882ac6a"}	[{"salt": "440", "amount0": "0", "amount1": "0", "ordinal": 0, "tickLower": -887272, "tickUpper": 887272, "liquidityDelta": "-9999999999949999999999"}]
{"poolManager":"0x8366a39cc670b4001a1121b8f6a443a643e40951","txHash":"0xb25a197b38ccc3dd6a53b194ea994e91be1b7ed16a078562ad624d06ff5126a8"}	[{"salt": "417", "amount0": "0", "amount1": "0", "ordinal": 0, "tickLower": 13000, "tickUpper": 15000, "liquidityDelta": "-321076153707273131"}]
{"poolManager":"0x8366a39cc670b4001a1121b8f6a443a643e40951","txHash":"0x9dd4467c9122d5f9083c206722470a91f86390ed0be231d60ac29aed50fa2d86"}	[{"salt": "443", "amount0": "0", "amount1": "0", "ordinal": 0, "tickLower": -887000, "tickUpper": 887000, "liquidityDelta": "15698410257257767"}]
{"poolManager":"0x8366a39cc670b4001a1121b8f6a443a643e40951","txHash":"0x398f953813c667aa81770e3094c197f49668747afbbefa76e2153f8d1e7e07a7"}	[{"salt": "406", "amount0": "0", "amount1": "0", "ordinal": 0, "tickLower": -887272, "tickUpper": -384005, "liquidityDelta": "-20282409603644677423947251285750"}]
{"poolManager":"0x8366a39cc670b4001a1121b8f6a443a643e40951","txHash":"0x114e5eb419acf6f4fb64edf169fb3ecabb95b4121a2de009526383395bf4535c"}	[{"salt": "407", "amount0": "0", "amount1": "0", "ordinal": 0, "tickLower": -887272, "tickUpper": 887272, "liquidityDelta": "-6993000000000000265"}]
{"poolManager":"0x8366a39cc670b4001a1121b8f6a443a643e40951","txHash":"0x85f72ec57253b6349a7a7e3f76d0449c93abf1b456d12490b4c6b7e673818920"}	[{"salt": "354", "amount0": "0", "amount1": "202785", "ordinal": 0, "tickLower": -202600, "tickUpper": -202200, "liquidityDelta": "-239191389410781"}]
{"poolManager":"0x8366a39cc670b4001a1121b8f6a443a643e40951","txHash":"0xade2d076f60d6970e0b88dbef1369333a9eeb36c7c5b579630f225553a41952a"}	[{"salt": "442", "amount0": "0", "amount1": "1033372606599807808610", "ordinal": 0, "tickLower": -887000, "tickUpper": 887000, "liquidityDelta": "0"}]
{"poolManager":"0x8366a39cc670b4001a1121b8f6a443a643e40951","txHash":"0x1ea88c7e3067618a1b3af2b4688273ae3d441c85f26ceffa8d5201530c528b62"}	[{"salt": "446", "amount0": "0", "amount1": "0", "ordinal": 0, "tickLower": -887200, "tickUpper": 203000, "liquidityDelta": "-39095916497508424169487"}]
{"poolManager":"0x8366a39cc670b4001a1121b8f6a443a643e40951","txHash":"0x4edc0afd4af8ef9203b84ba86c92d2a232cef3c03d1531e07cefd37769e5798c"}	[{"salt": "429", "amount0": "0", "amount1": "0", "ordinal": 0, "tickLower": -882000, "tickUpper": 882000, "liquidityDelta": "-67077080524048580712"}]
{"poolManager":"0x8366a39cc670b4001a1121b8f6a443a643e40951","txHash":"0xa0254b7cfd5f5d9c455c70846d1df36b107d56fd4a27f4f1d4c77407f5a61b4b"}	[{"salt": "405", "amount0": "176654847185574", "amount1": "22193731959463038671", "ordinal": 0, "tickLower": 119000, "tickUpper": 126000, "liquidityDelta": "3527874455600917734278"}]
{"poolManager":"0x8366a39cc670b4001a1121b8f6a443a643e40951","txHash":"0xd03b6d59a14ed62d89dc5d9ce7c861c6351ca25e16bc1c9c4e4451088e1463c9"}	[{"salt": "445", "amount0": "604999999999", "amount1": "24723634705013516256372", "ordinal": 0, "tickLower": 200309, "tickUpper": 246364, "liquidityDelta": "-496931205951698970597228"}]
{"poolManager":"0x8366a39cc670b4001a1121b8f6a443a643e40951","txHash":"0xa1461327cb1fabc3f15f1d7878251015ee9ab56e2d179d1d2dd498d83bc7f35d"}	[{"salt": "418", "amount0": "683358481239628", "amount1": "1163862", "ordinal": 0, "tickLower": -201930, "tickUpper": -201710, "liquidityDelta": "-4851264204117432"}]
{"poolManager":"0x8366a39cc670b4001a1121b8f6a443a643e40951","txHash":"0x98f0150ef3b4e8e9f1c650a165a5033a949337b2f23c13caa217e618404b16f9"}	[{"salt": "453", "amount0": "0", "amount1": "0", "ordinal": 0, "tickLower": -887200, "tickUpper": 196200, "liquidityDelta": "-54926779983099980573321"}]
{"poolManager":"0x8366a39cc670b4001a1121b8f6a443a643e40951","txHash":"0x6275f5c5f9957f7d29cb1e352e80f75d72f67cfcd43e8b506dba4d9d9b2fd420"}	[{"salt": "451", "amount0": "0", "amount1": "0", "ordinal": 0, "tickLower": -887200, "tickUpper": 196200, "liquidityDelta": "-54926779983099980573321"}]
{"poolManager":"0x8366a39cc670b4001a1121b8f6a443a643e40951","txHash":"0x4d27e2f69a6f9de6d07eaf01e95f31ce23954799fa33fce9c3c9a817daf73fa8"}	[{"salt": "455", "amount0": "0", "amount1": "0", "ordinal": 0, "tickLower": -201950, "tickUpper": -201730, "liquidityDelta": "-4848933955352047"}]
{"poolManager":"0x8366a39cc670b4001a1121b8f6a443a643e40951","txHash":"0xf2de678d8a04ecbccc4a6ed925249f0380bdc1920ab4a535294d526d54160f2b"}	[{"salt": "261", "amount0": "0", "amount1": "0", "ordinal": 0, "tickLower": -874000, "tickUpper": 874000, "liquidityDelta": "2107850814586"}]
{"poolManager":"0x8366a39cc670b4001a1121b8f6a443a643e40951","txHash":"0xfd88cffa546c106b498732dba6bee54fb7dca4dcbbf22f810182e4c9182e63be"}	[{"salt": "262", "amount0": "0", "amount1": "0", "ordinal": 0, "tickLower": -874000, "tickUpper": 874000, "liquidityDelta": "2342938078185"}]
{"poolManager":"0x8366a39cc670b4001a1121b8f6a443a643e40951","txHash":"0xd3546226798c1df998d999262426ffd8cd2b4436a8d105d0edb49154f731fbc2"}	[{"salt": "263", "amount0": "0", "amount1": "0", "ordinal": 0, "tickLower": -874000, "tickUpper": 874000, "liquidityDelta": "1437670674310"}]
{"poolManager":"0x8366a39cc670b4001a1121b8f6a443a643e40951","txHash":"0xfad007f533f0eaf88c259c58b5ed11f9cba5a4f791432d76c169a46c7a4dd1c5"}	[{"salt": "265", "amount0": "0", "amount1": "0", "ordinal": 0, "tickLower": -874000, "tickUpper": 874000, "liquidityDelta": "863408156597"}]
{"poolManager":"0x8366a39cc670b4001a1121b8f6a443a643e40951","txHash":"0xcda8c16bd1b72463c7dc36333667c95c46aa1f85578b05d9dd5f0eb30e404d06"}	[{"salt": "266", "amount0": "0", "amount1": "0", "ordinal": 0, "tickLower": -874000, "tickUpper": 874000, "liquidityDelta": "1662910096749"}]
{"poolManager":"0x8366a39cc670b4001a1121b8f6a443a643e40951","txHash":"0x9ee3869aa428dc5cddb0f3d9338abb350857674d363bb2e252fd10c608572541"}	[{"salt": "267", "amount0": "0", "amount1": "0", "ordinal": 0, "tickLower": -874000, "tickUpper": 874000, "liquidityDelta": "1037552685089"}]
{"poolManager":"0x8366a39cc670b4001a1121b8f6a443a643e40951","txHash":"0x41fbd9dbf2b7887865c4d57dcb0d79241077d726ec33cefe6ce7048c01d2de88"}	[{"salt": "268", "amount0": "0", "amount1": "0", "ordinal": 0, "tickLower": -874000, "tickUpper": 874000, "liquidityDelta": "1885214624113"}]
{"poolManager":"0x8366a39cc670b4001a1121b8f6a443a643e40951","txHash":"0xfaaf42bf8f8bbcd708712d5771b3bbb527d1dc13db603d8fb0d959131fcbe520"}	[{"salt": "269", "amount0": "0", "amount1": "0", "ordinal": 0, "tickLower": -874000, "tickUpper": 874000, "liquidityDelta": "1084825364953"}]
{"poolManager":"0x8366a39cc670b4001a1121b8f6a443a643e40951","txHash":"0x11e0f3aad9443c67f2ba70220b5452b0c225dcc49ebecf0df4adff8550d45cc6"}	[{"salt": "270", "amount0": "0", "amount1": "0", "ordinal": 0, "tickLower": -874000, "tickUpper": 874000, "liquidityDelta": "755399305096"}]
{"poolManager":"0x8366a39cc670b4001a1121b8f6a443a643e40951","txHash":"0xfef2294e45d61359114292c2e5d5bd5fe693d47ebd329a617a6039a31c2f3eb2"}	[{"salt": "271", "amount0": "0", "amount1": "0", "ordinal": 0, "tickLower": -874000, "tickUpper": 874000, "liquidityDelta": "794834959315"}]
{"poolManager":"0x8366a39cc670b4001a1121b8f6a443a643e40951","txHash":"0x36a463c1a362fe0e792a146f93ce52aca78337a9de40bc934d53057ac82ca78f"}	[{"salt": "272", "amount0": "0", "amount1": "0", "ordinal": 0, "tickLower": -874000, "tickUpper": 874000, "liquidityDelta": "1100985413626"}]
{"poolManager":"0x8366a39cc670b4001a1121b8f6a443a643e40951","txHash":"0xc7ee34d45b765b5373960497cb2934df75cdf89bbee220afb5c0552652535d11"}	[{"salt": "273", "amount0": "0", "amount1": "0", "ordinal": 0, "tickLower": -874000, "tickUpper": 874000, "liquidityDelta": "1500283885248"}]
{"poolManager":"0x8366a39cc670b4001a1121b8f6a443a643e40951","txHash":"0x0f13d8e0a0342a4d1aeab5e5612706846132d8d7755ae205454968938d4f390a"}	[{"salt": "274", "amount0": "0", "amount1": "0", "ordinal": 0, "tickLower": -874000, "tickUpper": 874000, "liquidityDelta": "448432801396"}]
{"poolManager":"0x8366a39cc670b4001a1121b8f6a443a643e40951","txHash":"0x162dab31eb3d8006efccd17f399ec52dfe19d38efe7b9f7738162d4df9081179"}	[{"salt": "275", "amount0": "0", "amount1": "0", "ordinal": 0, "tickLower": -874000, "tickUpper": 874000, "liquidityDelta": "3606348146621"}]
{"poolManager":"0x8366a39cc670b4001a1121b8f6a443a643e40951","txHash":"0x160bf56753e86adc1c20339df4d9b74a490878f96c1adbf9a29064c72fa8c19f"}	[{"salt": "276", "amount0": "0", "amount1": "0", "ordinal": 0, "tickLower": -874000, "tickUpper": 874000, "liquidityDelta": "2614964681018"}]
{"poolManager":"0x8366a39cc670b4001a1121b8f6a443a643e40951","txHash":"0xfb93694f7191de33bca19d4d9319133e6c353e845c281d963b0128d8ff701067"}	[{"salt": "277", "amount0": "0", "amount1": "0", "ordinal": 0, "tickLower": -874000, "tickUpper": 874000, "liquidityDelta": "2637598143343"}]
{"poolManager":"0x8366a39cc670b4001a1121b8f6a443a643e40951","txHash":"0xdeb61289d49b2fdba9bdd0db41019f0fe3cc8205b135b18885683af8bb4cc3a6"}	[{"salt": "278", "amount0": "0", "amount1": "0", "ordinal": 0, "tickLower": -874000, "tickUpper": 874000, "liquidityDelta": "2446010588295"}]
{"poolManager":"0x8366a39cc670b4001a1121b8f6a443a643e40951","txHash":"0x6e315def3741830a2b471ad43fc3e4d716a3d40534b89acaea84a28e269b8b97"}	[{"salt": "279", "amount0": "0", "amount1": "0", "ordinal": 0, "tickLower": -874000, "tickUpper": 874000, "liquidityDelta": "2575124125061"}]
{"poolManager":"0x8366a39cc670b4001a1121b8f6a443a643e40951","txHash":"0x8e5d15987d01e59fccf7b15d0a740e8ae1e372248e69d7015e2437017b46fcd1"}	[{"salt": "280", "amount0": "0", "amount1": "0", "ordinal": 0, "tickLower": -874000, "tickUpper": 874000, "liquidityDelta": "3214394802617"}]
{"poolManager":"0x8366a39cc670b4001a1121b8f6a443a643e40951","txHash":"0x9c2d36134b8c2ce0ef6a45225732d647817142b4e320c3100e7972e902b3efd5"}	[{"salt": "281", "amount0": "9499999", "amount1": "0", "ordinal": 0, "tickLower": -874000, "tickUpper": 874000, "liquidityDelta": "1925087220182"}]
{"poolManager":"0x8366a39cc670b4001a1121b8f6a443a643e40951","txHash":"0x82d9b62b3f33ce331705bd33e9a3f86e8a782a075a7555b12bbb1a3a49186d2e"}	[{"salt": "282", "amount0": "0", "amount1": "0", "ordinal": 0, "tickLower": -874000, "tickUpper": 874000, "liquidityDelta": "1154962061320"}]
{"poolManager":"0x8366a39cc670b4001a1121b8f6a443a643e40951","txHash":"0xfc7505bdd0997b81004607db2b25d98f13a73f06fd10ba2192e1709f0acc1ceb"}	[{"salt": "429", "amount0": "0", "amount1": "0", "ordinal": 0, "tickLower": -882000, "tickUpper": 882000, "liquidityDelta": "-67077080524048580713"}]
{"poolManager":"0x8366a39cc670b4001a1121b8f6a443a643e40951","txHash":"0x732a9e222a8f7405290bb4d1ffe3640598c88010e88398400dbe432859ef4158"}	[{"salt": "283", "amount0": "0", "amount1": "0", "ordinal": 0, "tickLower": -874000, "tickUpper": 874000, "liquidityDelta": "4356805042265"}]
{"poolManager":"0x8366a39cc670b4001a1121b8f6a443a643e40951","txHash":"0x7cf0f83fb3bbe55d7ef0918d607a9e864d5ae49400d0a76e7c1ff5e6a22d42c1"}	[{"salt": "285", "amount0": "0", "amount1": "0", "ordinal": 0, "tickLower": -874000, "tickUpper": 874000, "liquidityDelta": "2163612511442"}]
{"poolManager":"0x8366a39cc670b4001a1121b8f6a443a643e40951","txHash":"0x708d26b6e3ea59ff8210ac283bf657359ba07ac9a36bb6d0130c19a84d3beaad"}	[{"salt": "286", "amount0": "0", "amount1": "0", "ordinal": 0, "tickLower": -874000, "tickUpper": 874000, "liquidityDelta": "1465694342244"}]
{"poolManager":"0x8366a39cc670b4001a1121b8f6a443a643e40951","txHash":"0x7dfe2ce31ff34140488004c1da0470b1072fb66c5a18193eb7f71aceb9706189"}	[{"salt": "287", "amount0": "0", "amount1": "0", "ordinal": 0, "tickLower": -874000, "tickUpper": 874000, "liquidityDelta": "4421570156311"}]
{"poolManager":"0x8366a39cc670b4001a1121b8f6a443a643e40951","txHash":"0xde997c7166bc01c27da5d6bb66982575c683c7ba48e4d781ce209a6bcdba5d49"}	[{"salt": "288", "amount0": "0", "amount1": "0", "ordinal": 0, "tickLower": -874000, "tickUpper": 874000, "liquidityDelta": "7042651745738"}]
{"poolManager":"0x8366a39cc670b4001a1121b8f6a443a643e40951","txHash":"0x345448e1229ead040166dd0bff86d745e843fd936cfeb97ba418a369a8a2d355"}	[{"salt": "289", "amount0": "0", "amount1": "0", "ordinal": 0, "tickLower": -874000, "tickUpper": 874000, "liquidityDelta": "384012762882"}]
{"poolManager":"0x8366a39cc670b4001a1121b8f6a443a643e40951","txHash":"0xc51f335ce289c173259b75d51d60b67727231ad4efc3ffb0e860ef8efb442087"}	[{"salt": "290", "amount0": "0", "amount1": "0", "ordinal": 0, "tickLower": -874000, "tickUpper": 874000, "liquidityDelta": "2252082044225"}]
{"poolManager":"0x8366a39cc670b4001a1121b8f6a443a643e40951","txHash":"0x3e3674598848ed85e799540b5d29d003b633663c592cdbdbc538597b1dfec46a"}	[{"salt": "291", "amount0": "0", "amount1": "0", "ordinal": 0, "tickLower": -874000, "tickUpper": 874000, "liquidityDelta": "1325479096181"}]
{"poolManager":"0x8366a39cc670b4001a1121b8f6a443a643e40951","txHash":"0x0cc573f0db2838cc03b7e8b225b98ab8a45aa9e87e4e57eac1de88f45669f6cf"}	[{"salt": "293", "amount0": "0", "amount1": "0", "ordinal": 0, "tickLower": -874000, "tickUpper": 874000, "liquidityDelta": "2916239714672"}]
{"poolManager":"0x8366a39cc670b4001a1121b8f6a443a643e40951","txHash":"0x743a76794fbe36cc4d352846f44ce575fdb273111a28e264d3886c0f06087ed7"}	[{"salt": "294", "amount0": "0", "amount1": "0", "ordinal": 0, "tickLower": -874000, "tickUpper": 874000, "liquidityDelta": "3341284783875"}]
{"poolManager":"0x8366a39cc670b4001a1121b8f6a443a643e40951","txHash":"0x30f9f2561c541fa097e4edee9eb062bf7233f2c9ad320e6fc270e27b85afaddd"}	[{"salt": "295", "amount0": "0", "amount1": "1160783", "ordinal": 0, "tickLower": -874000, "tickUpper": 874000, "liquidityDelta": "726625153813"}]
{"poolManager":"0x8366a39cc670b4001a1121b8f6a443a643e40951","txHash":"0x4676f645b61ee2bb4d37a587383537049d4d96633ead018003c2475b90cf35b1"}	[{"salt": "296", "amount0": "0", "amount1": "0", "ordinal": 0, "tickLower": -874000, "tickUpper": 874000, "liquidityDelta": "3189986048569"}]
{"poolManager":"0x8366a39cc670b4001a1121b8f6a443a643e40951","txHash":"0xd83b029c10c28c2123b217c7fd691740e57325032442d98407a2f176782abed4"}	[{"salt": "297", "amount0": "0", "amount1": "0", "ordinal": 0, "tickLower": -874000, "tickUpper": 874000, "liquidityDelta": "1282659955837"}]
{"poolManager":"0x8366a39cc670b4001a1121b8f6a443a643e40951","txHash":"0x1ea4467cfdcbe69bc71a4fa281272377f25b58b8ff0beb3e8855e2d05f831ff9"}	[{"salt": "298", "amount0": "0", "amount1": "0", "ordinal": 0, "tickLower": -874000, "tickUpper": 874000, "liquidityDelta": "5677912252412"}]
{"poolManager":"0x8366a39cc670b4001a1121b8f6a443a643e40951","txHash":"0x1aa84249a1587f9b5bce97cbdc188375b9ebd05cfb598af95907318d83a37f5d"}	[{"salt": "457", "amount0": "333636274695350", "amount1": "0", "ordinal": 0, "tickLower": -885000, "tickUpper": 885000, "liquidityDelta": "35452938799736520519"}]
{"poolManager":"0x8366a39cc670b4001a1121b8f6a443a643e40951","txHash":"0xfa5e75ed58abccc05ef08118b824871cf9a5040a4dfbd1c9d2e231732173cbdf"}	[{"salt": "299", "amount0": "0", "amount1": "0", "ordinal": 0, "tickLower": -874000, "tickUpper": 874000, "liquidityDelta": "1990747476283"}]
{"poolManager":"0x8366a39cc670b4001a1121b8f6a443a643e40951","txHash":"0xd9d1b751fb25a77f66d6a3d3683f82a29bd1460cdafa662eab3db36469006b05"}	[{"salt": "300", "amount0": "0", "amount1": "0", "ordinal": 0, "tickLower": -874000, "tickUpper": 874000, "liquidityDelta": "931562876917"}]
{"poolManager":"0x8366a39cc670b4001a1121b8f6a443a643e40951","txHash":"0x4a868f1bd178a800a141947c6c77c23f062354370abb2a4cbbc8bc43c571c766"}	[{"salt": "301", "amount0": "0", "amount1": "0", "ordinal": 0, "tickLower": -874000, "tickUpper": 874000, "liquidityDelta": "810113247916"}]
{"poolManager":"0x8366a39cc670b4001a1121b8f6a443a643e40951","txHash":"0x99181f68988f08db24299909281f9a1080f483e5cf097a59e544b08c893397ae"}	[{"salt": "302", "amount0": "0", "amount1": "0", "ordinal": 0, "tickLower": -874000, "tickUpper": 874000, "liquidityDelta": "3282438186551"}]
{"poolManager":"0x8366a39cc670b4001a1121b8f6a443a643e40951","txHash":"0xc4869654bbba8cd2d7fea4bebb4a4ad7aabf72cc516f6150820b9497b970a2aa"}	[{"salt": "303", "amount0": "0", "amount1": "0", "ordinal": 0, "tickLower": -874000, "tickUpper": 874000, "liquidityDelta": "1023785894799"}]
{"poolManager":"0x8366a39cc670b4001a1121b8f6a443a643e40951","txHash":"0xdf773f5c680b59e0048f50805b24a8dbd0eb74a2effe44d9998d9e13edfafea2"}	[{"salt": "304", "amount0": "0", "amount1": "0", "ordinal": 0, "tickLower": -874000, "tickUpper": 874000, "liquidityDelta": "651550879346"}]
{"poolManager":"0x8366a39cc670b4001a1121b8f6a443a643e40951","txHash":"0xe647291e6de10c61c40367c87e22752adc79151f42b78fa25fd1ee1d4cf6d6e1"}	[{"salt": "305", "amount0": "0", "amount1": "0", "ordinal": 0, "tickLower": -874000, "tickUpper": 874000, "liquidityDelta": "3724155054931"}]
{"poolManager":"0x8366a39cc670b4001a1121b8f6a443a643e40951","txHash":"0x0cbf264d3abcdd64820ed330cc78fe94cdf545179b5aeb09cbbeec4da45dde0b"}	[{"salt": "447", "amount0": "0", "amount1": "0", "ordinal": 0, "tickLower": -887272, "tickUpper": -247546, "liquidityDelta": "-20282409603439750521625642727781"}]
{"poolManager":"0x8366a39cc670b4001a1121b8f6a443a643e40951","txHash":"0xf57865c25953b9600dd225b88e69f2029e6b7280650fa2f755b887ddeef23194"}	[{"salt": "448", "amount0": "0", "amount1": "0", "ordinal": 0, "tickLower": -887272, "tickUpper": 887272, "liquidityDelta": "-211919902321608558234"}]
{"poolManager":"0x8366a39cc670b4001a1121b8f6a443a643e40951","txHash":"0xe98d0572b37fed002a55652d063b277fe53f3c874fd27755304ffc5b4ec7d908"}	[{"salt": "307", "amount0": "0", "amount1": "0", "ordinal": 0, "tickLower": -874000, "tickUpper": 874000, "liquidityDelta": "484709105017"}]
{"poolManager":"0x8366a39cc670b4001a1121b8f6a443a643e40951","txHash":"0x44847544462edc4bd83fce05781c8fef3364ddcd3f7ac876f8ea90ecd37f9fb6"}	[{"salt": "457", "amount0": "0", "amount1": "0", "ordinal": 0, "tickLower": -885000, "tickUpper": 885000, "liquidityDelta": "0"}]
{"poolManager":"0x8366a39cc670b4001a1121b8f6a443a643e40951","txHash":"0x99b084691a212e8d26359874d1c31d397ebf37c40568b18672425f42f4524cd1"}	[{"salt": "311", "amount0": "0", "amount1": "0", "ordinal": 0, "tickLower": -874000, "tickUpper": 874000, "liquidityDelta": "2735657298550"}]
{"poolManager":"0x8366a39cc670b4001a1121b8f6a443a643e40951","txHash":"0x1f1dd4faad8dfd301d9f22703df23c1b1b00cc38ab9aac763658e04a5c4a16a4"}	[{"salt": "312", "amount0": "0", "amount1": "0", "ordinal": 0, "tickLower": -874000, "tickUpper": 874000, "liquidityDelta": "345334799505"}]
{"poolManager":"0x8366a39cc670b4001a1121b8f6a443a643e40951","txHash":"0x7b83d0e32fbd17ef700eda2027f9e109290c3a4c0ca58dc3223a0a7055dfb250"}	[{"salt": "313", "amount0": "0", "amount1": "0", "ordinal": 0, "tickLower": -874000, "tickUpper": 874000, "liquidityDelta": "2186940109950"}]
{"poolManager":"0x8366a39cc670b4001a1121b8f6a443a643e40951","txHash":"0xc8805b79b21a004a5c69f23579b9263df13ebc76478eceb46612eee6401d1ac7"}	[{"salt": "314", "amount0": "0", "amount1": "0", "ordinal": 0, "tickLower": -874000, "tickUpper": 874000, "liquidityDelta": "1783929017266"}]
{"poolManager":"0x8366a39cc670b4001a1121b8f6a443a643e40951","txHash":"0x070422110392ec5a60a3de552c02e2cbd95204d7855fc132c5a589ad866f97dd"}	[{"salt": "315", "amount0": "0", "amount1": "0", "ordinal": 0, "tickLower": -874000, "tickUpper": 874000, "liquidityDelta": "1959552858803"}]
{"poolManager":"0x8366a39cc670b4001a1121b8f6a443a643e40951","txHash":"0x5dc34b155ac9daef36d170535b6237662837ec09feefc960d66f3126ed707dd4"}	[{"salt": "316", "amount0": "0", "amount1": "0", "ordinal": 0, "tickLower": -874000, "tickUpper": 874000, "liquidityDelta": "1937876214662"}]
{"poolManager":"0x8366a39cc670b4001a1121b8f6a443a643e40951","txHash":"0xf4e3011b05dcbd3f55a387f937ea4c8698ad4f82add0ddffbd453f0a0bc625f7"}	[{"salt": "317", "amount0": "0", "amount1": "0", "ordinal": 0, "tickLower": -874000, "tickUpper": 874000, "liquidityDelta": "8007505816588"}]
{"poolManager":"0x8366a39cc670b4001a1121b8f6a443a643e40951","txHash":"0xd1a2dd867818a1a363083e0d546b05ff6bb2ad253c43c946dc361a81fb5dacdd"}	[{"salt": "318", "amount0": "0", "amount1": "0", "ordinal": 0, "tickLower": -874000, "tickUpper": 874000, "liquidityDelta": "7221910707682"}]
{"poolManager":"0x8366a39cc670b4001a1121b8f6a443a643e40951","txHash":"0x3c85b703232ba054acb2a9a0a7a388b9ff91307425523c74e82c3ca7dd2c6058"}	[{"salt": "319", "amount0": "0", "amount1": "0", "ordinal": 0, "tickLower": -874000, "tickUpper": 874000, "liquidityDelta": "6315520948512"}]
{"poolManager":"0x8366a39cc670b4001a1121b8f6a443a643e40951","txHash":"0xaf0fa4a7eebfeb9e167d2e9adadfbfb48a319269ffa6bc0ee1252dd192eb8b4f"}	[{"salt": "320", "amount0": "0", "amount1": "0", "ordinal": 0, "tickLower": -874000, "tickUpper": 874000, "liquidityDelta": "725482315447"}]
{"poolManager":"0x8366a39cc670b4001a1121b8f6a443a643e40951","txHash":"0xbeeba26b3fa0ed5ec066b8d045549dd41fcfe340b052634065e4ba53f529e5e2"}	[{"salt": "321", "amount0": "0", "amount1": "0", "ordinal": 0, "tickLower": -874000, "tickUpper": 874000, "liquidityDelta": "4532097378411"}]
{"poolManager":"0x8366a39cc670b4001a1121b8f6a443a643e40951","txHash":"0x2c1cf3e2eed9cd7a2753cbe1a61af86abf98a865ea19c2c999a77d6446a6f99d"}	[{"salt": "322", "amount0": "0", "amount1": "0", "ordinal": 0, "tickLower": -874000, "tickUpper": 874000, "liquidityDelta": "6480863619335"}]
{"poolManager":"0x8366a39cc670b4001a1121b8f6a443a643e40951","txHash":"0x18a52e9ddb266f3a2b0e04518cf669f876cd94621514391153c93d89af1dae62"}	[{"salt": "323", "amount0": "0", "amount1": "0", "ordinal": 0, "tickLower": -874000, "tickUpper": 874000, "liquidityDelta": "5618310305623"}]
{"poolManager":"0x8366a39cc670b4001a1121b8f6a443a643e40951","txHash":"0x13bfbf8eafa3a6998daa936585408fc4b5ca6898fbb9c3ddf711add5aaf42442"}	[{"salt": "324", "amount0": "0", "amount1": "0", "ordinal": 0, "tickLower": -874000, "tickUpper": 874000, "liquidityDelta": "402011153786"}]
{"poolManager":"0x8366a39cc670b4001a1121b8f6a443a643e40951","txHash":"0x4d42c1a27ee2a875d59f17e0c369c2c1b474d50657c3a5ac9a13e14c19b9fef0"}	[{"salt": "458", "amount0": "4361414572568854", "amount1": "8071568225329504910720", "ordinal": 0, "tickLower": -884400, "tickUpper": 884400, "liquidityDelta": "0"}]
{"poolManager":"0x8366a39cc670b4001a1121b8f6a443a643e40951","txHash":"0xbf8850068cb581747acb0d48d51329b066ae229156b70e49c3477fe4243b1661"}	[{"salt": "368", "amount0": "66169959275588806", "amount1": "100533208753445297114546", "ordinal": 0, "tickLower": -881400, "tickUpper": 881400, "liquidityDelta": "0"}]
{"poolManager":"0x8366a39cc670b4001a1121b8f6a443a643e40951","txHash":"0xe7e884e44085d05050cdc62713a7018ca612109a2919cb591a397e49d11a3105"}	[{"salt": "456", "amount0": "192622621631888", "amount1": "326800", "ordinal": 0, "tickLower": -201970, "tickUpper": -201720, "liquidityDelta": "-4265966600270438"}]
{"poolManager":"0x8366a39cc670b4001a1121b8f6a443a643e40951","txHash":"0x6d709cb036c2eaa630c2da64289a32b686a527442aae00c985a29195c3d94a71"}	[{"salt": "458", "amount0": "8486943150471267", "amount1": "20003150295234498163226", "ordinal": 0, "tickLower": -884400, "tickUpper": 884400, "liquidityDelta": "0"}]
{"poolManager":"0x8366a39cc670b4001a1121b8f6a443a643e40951","txHash":"0xa3dbe4eecc083b1c42530a9b86361c0be34cdfd14f63a8cdba724f47fbdae0d6"}	[{"salt": "477", "amount0": "0", "amount1": "0", "ordinal": 0, "tickLower": -884800, "tickUpper": 884800, "liquidityDelta": "8765571240194738596"}]
{"poolManager":"0x8366a39cc670b4001a1121b8f6a443a643e40951","txHash":"0x72aff1529ad0add1b0d0db9e160ccde06e4b9e247d0590ba66336423d8463c01"}	[{"salt": "408", "amount0": "0", "amount1": "32065538811976027134914", "ordinal": 0, "tickLower": -883200, "tickUpper": 883200, "liquidityDelta": "-138225562110018131302"}]
{"poolManager":"0x8366a39cc670b4001a1121b8f6a443a643e40951","txHash":"0x84b8f872abc789fd8bc6951e3535355d1e41eaff5d50ea293afd888bd573f44f"}	[{"salt": "477", "amount0": "0", "amount1": "0", "ordinal": 0, "tickLower": -884800, "tickUpper": 884800, "liquidityDelta": "213197348572040406027"}]
{"poolManager":"0x8366a39cc670b4001a1121b8f6a443a643e40951","txHash":"0x129919f1b9a8c5d6f4000a7b5077ed614903006bcfc8724af75101b126ffa669"}	[{"salt": "458", "amount0": "0", "amount1": "6619584972203720482106", "ordinal": 0, "tickLower": -884400, "tickUpper": 884400, "liquidityDelta": "0"}]
{"poolManager":"0x8366a39cc670b4001a1121b8f6a443a643e40951","txHash":"0xb90069cd915518de5be28de42186bb07dc77a6714a55564954d306c8998ac6f9"}	[{"salt": "442", "amount0": "261914299109899", "amount1": "388186401517297956094", "ordinal": 0, "tickLower": -887000, "tickUpper": 887000, "liquidityDelta": "0"}]
{"poolManager":"0x8366a39cc670b4001a1121b8f6a443a643e40951","txHash":"0xf9b6bd061afef2c923fb1706a40779eade9b961044f8b8cf6d0dbb932add2eac"}	[{"salt": "442", "amount0": "0", "amount1": "0", "ordinal": 0, "tickLower": -887000, "tickUpper": 887000, "liquidityDelta": "-40630780218467912238"}]
{"poolManager":"0x8366a39cc670b4001a1121b8f6a443a643e40951","txHash":"0x3c31da58df576dfe110bffb82e67142df0c34ea58dfcb03bbd3c2bc836af6463"}	[{"salt": "457", "amount0": "3245124999999999", "amount1": "4103894402479720296301", "ordinal": 0, "tickLower": -885000, "tickUpper": 885000, "liquidityDelta": "0"}]
{"poolManager":"0x8366a39cc670b4001a1121b8f6a443a643e40951","txHash":"0xac49d7ff45ea98f7c9f3a787f21fdcc1822d0a21e627bc824450bfa5c2c215a4"}	[{"salt": "457", "amount0": "0", "amount1": "0", "ordinal": 0, "tickLower": -885000, "tickUpper": 885000, "liquidityDelta": "48169089355164098057"}]
{"poolManager":"0x8366a39cc670b4001a1121b8f6a443a643e40951","txHash":"0xd08d974af6518425b0b3ee59300fc29d7f33b4060302d202b82faef3fd708ae1"}	[{"salt": "458", "amount0": "0", "amount1": "0", "ordinal": 0, "tickLower": -884400, "tickUpper": 884400, "liquidityDelta": "-122797701448939815940"}]
{"poolManager":"0x8366a39cc670b4001a1121b8f6a443a643e40951","txHash":"0xe9068a3cf698a3ee96fed2c6052520531843e5d5831247a5ba80dd56fb8e8aca"}	[{"salt": "157", "amount0": "502132040501307741", "amount1": "2229026266797604357", "ordinal": 0, "tickLower": 13000, "tickUpper": 14000, "liquidityDelta": "-67146439235786526253"}]
{"poolManager":"0x8366a39cc670b4001a1121b8f6a443a643e40951","txHash":"0x2ed54c12e3c2195088979f1e033609c5d9e1fe1b10c4a9a00bf27aee5f2b0ab7"}	[{"salt": "490", "amount0": "137929304810195", "amount1": "320562", "ordinal": 0, "tickLower": -202480, "tickUpper": -201530, "liquidityDelta": "4038355096834979"}]
{"poolManager":"0x8366a39cc670b4001a1121b8f6a443a643e40951","txHash":"0x9e477e7c8e7b43748a7b4461ba61a497f0ab1737e9ce42745396a0c16dce2cc9"}	[{"salt": "490", "amount0": "67624364434034", "amount1": "160431", "ordinal": 0, "tickLower": -202480, "tickUpper": -201530, "liquidityDelta": "135400794438149"}]
{"poolManager":"0x8366a39cc670b4001a1121b8f6a443a643e40951","txHash":"0x8e1e49ea9927b2d784fa8aa57ee0eba5e38a41044ce299c85fe1565c1685422b"}	[{"salt": "495", "amount0": "0", "amount1": "0", "ordinal": 0, "tickLower": 114000, "tickUpper": 138000, "liquidityDelta": "-997752716246061979187"}]
{"poolManager":"0x8366a39cc670b4001a1121b8f6a443a643e40951","txHash":"0x67199dca11e61be23f6b96f3d900ab7b372c11227baa7f543525c01ba0ba5985"}	[{"salt": "371", "amount0": "1210650066616382", "amount1": "2044450", "ordinal": 0, "tickLower": -203260, "tickUpper": -200600, "liquidityDelta": "0"}]
{"poolManager":"0x8366a39cc670b4001a1121b8f6a443a643e40951","txHash":"0x497d18459a81b30374b0be688adeafc0adbbef5f9cdbfd89538210324c69f60d"}	[{"salt": "409", "amount0": "671600350081232", "amount1": "1151607", "ordinal": 0, "tickLower": -203190, "tickUpper": -200820, "liquidityDelta": "2242938104185301"}]
{"poolManager":"0x8366a39cc670b4001a1121b8f6a443a643e40951","txHash":"0xa55a61e5fd06a98f6e4ebf39c9add9272ed3af8e519f0151c6170c0ed1d72b36"}	[{"salt": "369", "amount0": "381625375472896", "amount1": "437453", "ordinal": 0, "tickLower": -202200, "tickUpper": -201600, "liquidityDelta": "61163360227199"}]
{"poolManager":"0x8366a39cc670b4001a1121b8f6a443a643e40951","txHash":"0xe122ee1c1b4af9a3a242e5c1e180565062646d72d3cdbf628fbbf9fc1a6c0d37"}	[{"salt": "409", "amount0": "547419962449", "amount1": "17068", "ordinal": 0, "tickLower": -203190, "tickUpper": -200820, "liquidityDelta": "204022817731283"}]
{"poolManager":"0x8366a39cc670b4001a1121b8f6a443a643e40951","txHash":"0xa3c3b74eb29302bcd7715ba58aad6d03bb58fdf75c6d56e55653041efa4204b7"}	[{"salt": "457", "amount0": "0", "amount1": "11596734848213979232182", "ordinal": 0, "tickLower": -885000, "tickUpper": 885000, "liquidityDelta": "0"}]
{"poolManager":"0x8366a39cc670b4001a1121b8f6a443a643e40951","txHash":"0x149e8fa0168cc6ba383ca8aa42aa69d40169bf37c1ca1e8e65fe67110ac25ac8"}	[{"salt": "442", "amount0": "53491039024457", "amount1": "0", "ordinal": 0, "tickLower": -887000, "tickUpper": 887000, "liquidityDelta": "-40630780218467912238"}]
{"poolManager":"0x8366a39cc670b4001a1121b8f6a443a643e40951","txHash":"0xbafabdaf12ba53a48aec54485bcf02cb011110b2d1dad9e373341f856c7ffff3"}	[{"salt": "450", "amount0": "1529999999999999", "amount1": "0", "ordinal": 0, "tickLower": -887200, "tickUpper": 189200, "liquidityDelta": "-77943447091408414902864"}]
{"poolManager":"0x8366a39cc670b4001a1121b8f6a443a643e40951","txHash":"0x2933a01957e8aea07f4d738ec768386d7cdd273ea882c05a34db7ea61502bb67"}	[{"salt": "457", "amount0": "4869312146620282", "amount1": "14603378958054089103040", "ordinal": 0, "tickLower": -885000, "tickUpper": 885000, "liquidityDelta": "0"}]
{"poolManager":"0x8366a39cc670b4001a1121b8f6a443a643e40951","txHash":"0x58e0bc87b93069a7c3ae37a3f14fd41fd644ebcee1ea889ea3b84b6d5338ebf8"}	[{"salt": "501", "amount0": "0", "amount1": "0", "ordinal": 0, "tickLower": 145200, "tickUpper": 158400, "liquidityDelta": "-323855089037569725430"}]
{"poolManager":"0x8366a39cc670b4001a1121b8f6a443a643e40951","txHash":"0x207f4b1617c81c644691e773dc23c41e43e63aff658efa2dea1f380cc1b17db3"}	[{"salt": "457", "amount0": "0", "amount1": "1373543263113424598678", "ordinal": 0, "tickLower": -885000, "tickUpper": 885000, "liquidityDelta": "0"}]
{"poolManager":"0x8366a39cc670b4001a1121b8f6a443a643e40951","txHash":"0xa90b1ceee8f8ee9d163bad6ffe510a3e07990c36ce60c72fc881ef1e7ea657f9"}	[{"salt": "502", "amount0": "117608034823974212", "amount1": "178217449734392525812", "ordinal": 0, "tickLower": -887000, "tickUpper": 887000, "liquidityDelta": "-4670915814415179662459"}]
{"poolManager":"0x8366a39cc670b4001a1121b8f6a443a643e40951","txHash":"0xc96aafe59434b69bfe5b98644031b84c0515ef3910677e2a6592808ff921f486"}	[{"salt": "501", "amount0": "1179163631037088", "amount1": "0", "ordinal": 0, "tickLower": 145200, "tickUpper": 158400, "liquidityDelta": "291430831956802072641"}]
{"poolManager":"0x8366a39cc670b4001a1121b8f6a443a643e40951","txHash":"0xd3fe72f05e617e941e47d0bfb30e3b2c0df3c84c3f97b7748e828226ca199672"}	[{"salt": "457", "amount0": "860148403066649", "amount1": "2614033371097135987152", "ordinal": 0, "tickLower": -885000, "tickUpper": 885000, "liquidityDelta": "0"}]
{"poolManager":"0x8366a39cc670b4001a1121b8f6a443a643e40951","txHash":"0x316163f871454f52002ef6892bb6ef07e7c5cf5aaf4e5ff557c4d82f45e3e965"}	[{"salt": "501", "amount0": "6078975844425247", "amount1": "0", "ordinal": 0, "tickLower": 145200, "tickUpper": 158400, "liquidityDelta": "0"}]
{"poolManager":"0x8366a39cc670b4001a1121b8f6a443a643e40951","txHash":"0xdc01f30e16600bc7f6341618e1da8d368d72d9cf92e3f00994cf80e29e14e4cf"}	[{"salt": "477", "amount0": "24488915748295616", "amount1": "71474295423552006729424", "ordinal": 0, "tickLower": -884800, "tickUpper": 884800, "liquidityDelta": "0"}]
{"poolManager":"0x8366a39cc670b4001a1121b8f6a443a643e40951","txHash":"0xb5934f5d492a66671d4f3a9208630c0067e194db9bba10f701d8beaeef184ecf"}	[{"salt": "501", "amount0": "0", "amount1": "0", "ordinal": 0, "tickLower": 145200, "tickUpper": 158400, "liquidityDelta": "642140057139550735600"}]
{"poolManager":"0x8366a39cc670b4001a1121b8f6a443a643e40951","txHash":"0x92bc579895fda0098b0a9cdbaaf6affa4f4b0b918e58b1e7c64ff917c8a7ab53"}	[{"salt": "457", "amount0": "34258290621978", "amount1": "0", "ordinal": 0, "tickLower": -885000, "tickUpper": 885000, "liquidityDelta": "-107501114468387999380"}]
{"poolManager":"0x8366a39cc670b4001a1121b8f6a443a643e40951","txHash":"0x93f9a88e599dcddd97557692390b926520991a07160ebebd6fb17af44bbd711c"}	[{"salt": "505", "amount0": "500000000000", "amount1": "50000000000000000000", "ordinal": 0, "tickLower": -887270, "tickUpper": 887270, "liquidityDelta": "-519597321684433733853"}]
{"poolManager":"0x8366a39cc670b4001a1121b8f6a443a643e40951","txHash":"0xaf355ae5651e4fadcfb4b0243dc8636239212462c67eb3e047b9040bf4e3174f"}	[{"salt": "501", "amount0": "29671509668395401", "amount1": "0", "ordinal": 0, "tickLower": 145200, "tickUpper": 158400, "liquidityDelta": "0"}]
{"poolManager":"0x8366a39cc670b4001a1121b8f6a443a643e40951","txHash":"0x225578b7a02cda167748a2a5a467856c94a26a7564ba45fd93d98e6cc4193c43"}	[{"salt": "501", "amount0": "0", "amount1": "78248171024284325008810", "ordinal": 0, "tickLower": 145200, "tickUpper": 158400, "liquidityDelta": "0"}]
{"poolManager":"0x8366a39cc670b4001a1121b8f6a443a643e40951","txHash":"0x0cf8e999dce399b1e91fb50995f9683604ed46344c00261149d5fe91f6d5e798"}	[{"salt": "507", "amount0": "6910517287", "amount1": "10", "ordinal": 0, "tickLower": -887270, "tickUpper": 887270, "liquidityDelta": "145552548363"}]
{"poolManager":"0x8366a39cc670b4001a1121b8f6a443a643e40951","txHash":"0x5bac4d59847bac6a18d1e6db56b4a6d820ef1012d9bfae5f3be2a192e6098658"}	[{"salt": "501", "amount0": "0", "amount1": "24541605507785172426090", "ordinal": 0, "tickLower": 145200, "tickUpper": 158400, "liquidityDelta": "0"}]
{"poolManager":"0x8366a39cc670b4001a1121b8f6a443a643e40951","txHash":"0x4d3d40d6a89a2f0bd4697b8ab3c0becb16696d624b8dd86ad4308248c7a246b2"}	[{"salt": "501", "amount0": "122637381986842404", "amount1": "345033004382901404524053", "ordinal": 0, "tickLower": 145200, "tickUpper": 158400, "liquidityDelta": "0"}]
{"poolManager":"0x8366a39cc670b4001a1121b8f6a443a643e40951","txHash":"0xc64b625fa5bf5e3b80b2a62193616c282fee326bd158eaed708a5123155d5099"}	[{"salt": "499", "amount0": "0", "amount1": "0", "ordinal": 0, "tickLower": -887272, "tickUpper": -247546, "liquidityDelta": "-20282409603439750521625642727781"}]
{"poolManager":"0x8366a39cc670b4001a1121b8f6a443a643e40951","txHash":"0xbc93c70af01383ac97a3e2f31eb129f860d70f524971654792ffa6b39dc8d6d1"}	[{"salt": "500", "amount0": "0", "amount1": "0", "ordinal": 0, "tickLower": -887272, "tickUpper": 887272, "liquidityDelta": "-211919902321608558234"}]
{"poolManager":"0x8366a39cc670b4001a1121b8f6a443a643e40951","txHash":"0xecd6949b7e81fd8a69ab608aad4b6f4a0dd497e93401f202b07ba4e3c3c837b1"}	[{"salt": "496", "amount0": "25744384288736251", "amount1": "61337269607126878807", "ordinal": 0, "tickLower": -887200, "tickUpper": 887200, "liquidityDelta": "0"}]
{"poolManager":"0x8366a39cc670b4001a1121b8f6a443a643e40951","txHash":"0xb5e46ad34b5bb79adf49dc78254999ca9ff7fa51769001d44b64084ffccf9021"}	[{"salt": "501", "amount0": "29521663178083707", "amount1": "64377438344570303915583", "ordinal": 0, "tickLower": 145200, "tickUpper": 158400, "liquidityDelta": "0"}]
{"poolManager":"0x8366a39cc670b4001a1121b8f6a443a643e40951","txHash":"0x510387ec5c7cc4a246fba92bb889ef550117808096d2c68cc2e6302d7ffdef4c"}	[{"salt": "513", "amount0": "0", "amount1": "0", "ordinal": 0, "tickLower": -68600, "tickUpper": -60000, "liquidityDelta": "46344255335587980"}]
{"poolManager":"0x8366a39cc670b4001a1121b8f6a443a643e40951","txHash":"0xb8352877118175959b716e32ac484aad8da19f72481ccac804aba328351800fa"}	[{"salt": "501", "amount0": "4547856974766184", "amount1": "0", "ordinal": 0, "tickLower": 145200, "tickUpper": 158400, "liquidityDelta": "0"}]
{"poolManager":"0x8366a39cc670b4001a1121b8f6a443a643e40951","txHash":"0x2c8c6dab029028e4c58cf47b52ad51daa55118e6ab7eaf529b0cd8170ee6ddbd"}	[{"salt": "477", "amount0": "154925014897928261", "amount1": "240486171806796005518631", "ordinal": 0, "tickLower": -884800, "tickUpper": 884800, "liquidityDelta": "0"}]
{"poolManager":"0x8366a39cc670b4001a1121b8f6a443a643e40951","txHash":"0xe45211f8c5104139461cd29844164d621433e12bc9cbca6e2680de784834e6e1"}	[{"salt": "477", "amount0": "0", "amount1": "0", "ordinal": 0, "tickLower": -884800, "tickUpper": 884800, "liquidityDelta": "117616915218370295291"}]
{"poolManager":"0x8366a39cc670b4001a1121b8f6a443a643e40951","txHash":"0x1016f364f8a1587202630c15494fcddcfa35468d6f439f28c645ddd43cff068c"}	[{"salt": "501", "amount0": "0", "amount1": "57467931231377577313306", "ordinal": 0, "tickLower": 145200, "tickUpper": 158400, "liquidityDelta": "0"}]
{"poolManager":"0x8366a39cc670b4001a1121b8f6a443a643e40951","txHash":"0x69cf02c9c1e88027f4c50fab3ce8b3e9fa43a9e9e6b08157ae45ac87117914eb"}	[{"salt": "506", "amount0": "0", "amount1": "0", "ordinal": 0, "tickLower": -887272, "tickUpper": 887272, "liquidityDelta": "-1718134407237949120230"}]
{"poolManager":"0x8366a39cc670b4001a1121b8f6a443a643e40951","txHash":"0x657f358ae0e3c9e93463fbee38bdfa37c586f1e0251aa811ed276799f62e4aea"}	[{"salt": "501", "amount0": "0", "amount1": "26136187800512924005256", "ordinal": 0, "tickLower": 145200, "tickUpper": 158400, "liquidityDelta": "0"}]
{"poolManager":"0x8366a39cc670b4001a1121b8f6a443a643e40951","txHash":"0x7f26a13aa61cbfae61fe08e63b6d999f8193e231fe9b4f90ac731fe5b4fe07bf"}	[{"salt": "514", "amount0": "0", "amount1": "0", "ordinal": 0, "tickLower": -882000, "tickUpper": 882000, "liquidityDelta": "-71354392695502317178"}]
{"poolManager":"0x8366a39cc670b4001a1121b8f6a443a643e40951","txHash":"0x4cb32e5c962ea32a6e4efabe5d83189355c4695a02014469762e90d051ad1a7b"}	[{"salt": "501", "amount0": "0", "amount1": "0", "ordinal": 0, "tickLower": 145200, "tickUpper": 158400, "liquidityDelta": "140491341329585442841"}]
{"poolManager":"0x8366a39cc670b4001a1121b8f6a443a643e40951","txHash":"0xad222be250aaec68aed32e3726323bb168e0e90eb1ad0e4a185be5be837c7e0f"}	[{"salt": "510", "amount0": "0", "amount1": "0", "ordinal": 0, "tickLower": -887200, "tickUpper": 196200, "liquidityDelta": "-54926779983099980573321"}]
{"poolManager":"0x8366a39cc670b4001a1121b8f6a443a643e40951","txHash":"0x91065696b04e56a3fa644ddf6742ec31a10b8be460f7433c27a2829dc0e48564"}	[{"salt": "516", "amount0": "0", "amount1": "0", "ordinal": 0, "tickLower": -208870, "tickUpper": -195000, "liquidityDelta": "-675698495782"}]
{"poolManager":"0x8366a39cc670b4001a1121b8f6a443a643e40951","txHash":"0x5a767cf806f4c310e734fff10105bcd510bd0ed5e15a1fcbed675a441fede02f"}	[{"salt": "516", "amount0": "14029480", "amount1": "7", "ordinal": 0, "tickLower": -208870, "tickUpper": -195000, "liquidityDelta": "0"}]
{"poolManager":"0x8366a39cc670b4001a1121b8f6a443a643e40951","txHash":"0x3e4a0ba66e1e2392858c20b23e845868b6093f0b207d4b9492b5d16be4e1a0c6"}	[{"salt": "516", "amount0": "0", "amount1": "0", "ordinal": 0, "tickLower": -208870, "tickUpper": -195000, "liquidityDelta": "-675698495782"}]
{"poolManager":"0x8366a39cc670b4001a1121b8f6a443a643e40951","txHash":"0xdb4b0bdbdc79df6e027d90fe88af0762cb178415de3df1ec4b0d09cfcef4876b"}	[{"salt": "511", "amount0": "0", "amount1": "0", "ordinal": 0, "tickLower": -887272, "tickUpper": -223456, "liquidityDelta": "-20282409603264662671990006096559"}]
{"poolManager":"0x8366a39cc670b4001a1121b8f6a443a643e40951","txHash":"0x1830dedc2bae7165714bae8ad0ccb43586abbe3e11168a000067724fa70c7984"}	[{"salt": "512", "amount0": "0", "amount1": "0", "ordinal": 0, "tickLower": -887272, "tickUpper": 887272, "liquidityDelta": "-387007751957245189456"}]
{"poolManager":"0x8366a39cc670b4001a1121b8f6a443a643e40951","txHash":"0x7bc80925b892434b24a6b48b58f7815af19c96f61578312a373ff43f894b70f2"}	[{"salt": "497", "amount0": "22754997414721771", "amount1": "77470118334639632873691", "ordinal": 0, "tickLower": 136800, "tickUpper": 151200, "liquidityDelta": "0"}]
{"poolManager":"0x8366a39cc670b4001a1121b8f6a443a643e40951","txHash":"0x69fcbf00b6e49674951c692158feaab5ac0da4b159037acd990991404c61456e"}	[{"salt": "518", "amount0": "15544546915", "amount1": "25", "ordinal": 0, "tickLower": -208850, "tickUpper": -194990, "liquidityDelta": "0"}]
{"poolManager":"0x8366a39cc670b4001a1121b8f6a443a643e40951","txHash":"0x8070eccbde059974817ca0587fcc7a92ab60b7f08e45cec39209f7d8527f38c0"}	[{"salt": "518", "amount0": "0", "amount1": "0", "ordinal": 0, "tickLower": -208850, "tickUpper": -194990, "liquidityDelta": "-1654361926445"}]
{"poolManager":"0x8366a39cc670b4001a1121b8f6a443a643e40951","txHash":"0x42e8a73d6c9780d03edb93f692925c2473815324b67546fd81fc73d92857c561"}	[{"salt": "497", "amount0": "0", "amount1": "0", "ordinal": 0, "tickLower": 136800, "tickUpper": 151200, "liquidityDelta": "586312145093938317185"}]
{"poolManager":"0x8366a39cc670b4001a1121b8f6a443a643e40951","txHash":"0x7a073b0480f5812188fd848ccd15d7491cae24efcc205fdbb3a17fa79298d935"}	[{"salt": "513", "amount0": "225226016681394", "amount1": "917921363729", "ordinal": 0, "tickLower": -68600, "tickUpper": -60000, "liquidityDelta": "0"}]
{"poolManager":"0x8366a39cc670b4001a1121b8f6a443a643e40951","txHash":"0x08e81b2752ab8c89c2f1841dae248ffa82d2426054b6ba6f1638638c972bd247"}	[{"salt": "501", "amount0": "0", "amount1": "0", "ordinal": 0, "tickLower": 145200, "tickUpper": 158400, "liquidityDelta": "-1397917319463507976512"}]
{"poolManager":"0x8366a39cc670b4001a1121b8f6a443a643e40951","txHash":"0x03668c6bba13b25600a76ce6c92834afac8cf6560f198e480688d1b111c65674"}	[{"salt": "521", "amount0": "0", "amount1": "25459830482593124495867", "ordinal": 0, "tickLower": -885000, "tickUpper": 885000, "liquidityDelta": "0"}]
{"poolManager":"0x8366a39cc670b4001a1121b8f6a443a643e40951","txHash":"0xfc5c2aadd400c53e3bcd075cf28399368b9857d05868fa07a011c84a3f6b2b1c"}	[{"salt": "521", "amount0": "0", "amount1": "0", "ordinal": 0, "tickLower": -885000, "tickUpper": 885000, "liquidityDelta": "99502618260720613930"}]
{"poolManager":"0x8366a39cc670b4001a1121b8f6a443a643e40951","txHash":"0xa6a9170626deaf0bd40115a4a5a8c7a6ab4f635c5806a11232230af1cc7fcd6b"}	[{"salt": "521", "amount0": "1287982204800565", "amount1": "4832886099402297920333", "ordinal": 0, "tickLower": -885000, "tickUpper": 885000, "liquidityDelta": "0"}]
{"poolManager":"0x8366a39cc670b4001a1121b8f6a443a643e40951","txHash":"0xab79bff13ca916e107acb6ee6e7fa58bbf017ec46b6e4587403dd012e9ea6a88"}	[{"salt": "521", "amount0": "0", "amount1": "0", "ordinal": 0, "tickLower": -885000, "tickUpper": 885000, "liquidityDelta": "-255609875297175380550"}]
{"poolManager":"0x8366a39cc670b4001a1121b8f6a443a643e40951","txHash":"0xb2fa9f565637b69075ae877d1921a3648f1945cdd31909b2587001611c8f8b31"}	[{"salt": "477", "amount0": "2559140249228207", "amount1": "29194533635485057388748", "ordinal": 0, "tickLower": -884800, "tickUpper": 884800, "liquidityDelta": "0"}]
{"poolManager":"0x8366a39cc670b4001a1121b8f6a443a643e40951","txHash":"0x9e42cf71fac3af296873ef48785ea670f9d80bf36c58bef13e5ba046078d174b"}	[{"salt": "522", "amount0": "0", "amount1": "363168495439657649203", "ordinal": 0, "tickLower": -887220, "tickUpper": 887220, "liquidityDelta": "0"}]
{"poolManager":"0x8366a39cc670b4001a1121b8f6a443a643e40951","txHash":"0xd213b2e172d0170c48f3eecd68669f124fbe7fa46d717c23778f457b42e96a52"}	[{"salt": "523", "amount0": "0", "amount1": "4", "ordinal": 0, "tickLower": -208850, "tickUpper": -194980, "liquidityDelta": "0"}]
{"poolManager":"0x8366a39cc670b4001a1121b8f6a443a643e40951","txHash":"0x904f9cbfb0628d325eeb6bd24830e2f452ee3aad69c96dc0057cbf4cdaacb0f5"}	[{"salt": "522", "amount0": "0", "amount1": "0", "ordinal": 0, "tickLower": -887220, "tickUpper": 887220, "liquidityDelta": "-70360987574604694134"}]
{"poolManager":"0x8366a39cc670b4001a1121b8f6a443a643e40951","txHash":"0x1272530a7bc5965a3c87784a7e166893e6f16da644b7f660e6b86eee0f72fa30"}	[{"salt": "523", "amount0": "0", "amount1": "1", "ordinal": 0, "tickLower": -208850, "tickUpper": -194980, "liquidityDelta": "-1239905440267"}]
{"poolManager":"0x8366a39cc670b4001a1121b8f6a443a643e40951","txHash":"0xb4b08927d4cfaf656a3109b2778899e4061ebe8b31e5bc27c02ac3c6150d2afc"}	[{"salt": "477", "amount0": "4398458568510997", "amount1": "8174469417935817068524", "ordinal": 0, "tickLower": -884800, "tickUpper": 884800, "liquidityDelta": "0"}]
{"poolManager":"0x8366a39cc670b4001a1121b8f6a443a643e40951","txHash":"0xce5fa8a0a7e0421be8541a016ebbc3a2b05d34468b7b32c5de1160d39db41d16"}	[{"salt": "220", "amount0": "696915329380950", "amount1": "16419707672162687013579738", "ordinal": 0, "tickLower": -883200, "tickUpper": 883200, "liquidityDelta": "0"}]
{"poolManager":"0x8366a39cc670b4001a1121b8f6a443a643e40951","txHash":"0xa28f8d946637f70a89965740327bfd708aecc18a98652a4306259426557b38fd"}	[{"salt": "380", "amount0": "687388725240774", "amount1": "1178973", "ordinal": 0, "tickLower": -202020, "tickUpper": -201760, "liquidityDelta": "0"}]
{"poolManager":"0x8366a39cc670b4001a1121b8f6a443a643e40951","txHash":"0xbc092a57b696f369b9c34c26351c490599c45e65dc449cdac03e10331c5eaf2a"}	[{"salt": "524", "amount0": "0", "amount1": "0", "ordinal": 0, "tickLower": 145200, "tickUpper": 158400, "liquidityDelta": "-1259189629533356784152"}]
{"poolManager":"0x8366a39cc670b4001a1121b8f6a443a643e40951","txHash":"0xfc786944b46406a6efff9b93bdc884e4927252bfa7f55333862afaead5785bb6"}	[{"salt": "380", "amount0": "0", "amount1": "0", "ordinal": 0, "tickLower": -202020, "tickUpper": -201760, "liquidityDelta": "-235524369025859"}]
{"poolManager":"0x8366a39cc670b4001a1121b8f6a443a643e40951","txHash":"0x3f18c166c4e99d683574caefe4671055c33eed3753a1cf83afcc8f4dd15481ce"}	[{"salt": "411", "amount0": "84549571024741", "amount1": "145846", "ordinal": 0, "tickLower": -201970, "tickUpper": -201900, "liquidityDelta": "0"}]
{"poolManager":"0x8366a39cc670b4001a1121b8f6a443a643e40951","txHash":"0x19cb62643107cfcbadba09f4b92da211c9a8f011a4633b52aa4a02cc3ae7e2a2"}	[{"salt": "411", "amount0": "0", "amount1": "0", "ordinal": 0, "tickLower": -201970, "tickUpper": -201900, "liquidityDelta": "-85734635875898"}]
{"poolManager":"0x8366a39cc670b4001a1121b8f6a443a643e40951","txHash":"0x4cf2f335c4ed26d767ae6d7429598eb4882b06e4e5980f2f2019ef98fb32a236"}	[{"salt": "477", "amount0": "0", "amount1": "9594691162329222420848", "ordinal": 0, "tickLower": -884800, "tickUpper": 884800, "liquidityDelta": "0"}]
{"poolManager":"0x8366a39cc670b4001a1121b8f6a443a643e40951","txHash":"0xf10bdea22566eab02328cd3c0de57376a246d8b34a9c492bb7b5cbfd63ba3e2e"}	[{"salt": "488", "amount0": "2695055943700195", "amount1": "0", "ordinal": 0, "tickLower": -883200, "tickUpper": 883200, "liquidityDelta": "0"}]
{"poolManager":"0x8366a39cc670b4001a1121b8f6a443a643e40951","txHash":"0x8fb8be91a5104a5a908a3fa244846bdd3cff102af22c74f3bcabb86b5077dc96"}	[{"salt": "529", "amount0": "223915940193", "amount1": "0", "ordinal": 0, "tickLower": -201970, "tickUpper": -201860, "liquidityDelta": "47929679957995"}]
{"poolManager":"0x8366a39cc670b4001a1121b8f6a443a643e40951","txHash":"0x62ab5b8310a4ee452c5269f831c21d54869f13cee18ee072338b1648703546cd"}	[{"salt": "530", "amount0": "0", "amount1": "0", "ordinal": 0, "tickLower": -887272, "tickUpper": -247546, "liquidityDelta": "-20282409603439750521625642727781"}]
{"poolManager":"0x8366a39cc670b4001a1121b8f6a443a643e40951","txHash":"0x917ff33afdaafc14af0a393895fe80f74ea0333e44511e0893a3c0914ea2e861"}	[{"salt": "531", "amount0": "0", "amount1": "0", "ordinal": 0, "tickLower": -887272, "tickUpper": 887272, "liquidityDelta": "-211919902321608558234"}]
{"poolManager":"0x8366a39cc670b4001a1121b8f6a443a643e40951","txHash":"0xd956dc0cc36a8188ddd42025d711ddc9f90c54a228879120b3391d034964d619"}	[{"salt": "477", "amount0": "1308942566014540", "amount1": "2686513525452182277837", "ordinal": 0, "tickLower": -884800, "tickUpper": 884800, "liquidityDelta": "0"}]
{"poolManager":"0x8366a39cc670b4001a1121b8f6a443a643e40951","txHash":"0x8505779f7f326437a353961f7ff07472352006aecbcf1b0c9e583da6b0dded0d"}	[{"salt": "360", "amount0": "1416781099763842", "amount1": "2583582", "ordinal": 0, "tickLower": -203072, "tickUpper": -201456, "liquidityDelta": "-277203219717133"}]
{"poolManager":"0x8366a39cc670b4001a1121b8f6a443a643e40951","txHash":"0x9efd96f361186dc2e394203157e7df8bca3278409202984a13228e2e663a3a17"}	[{"salt": "532", "amount0": "0", "amount1": "0", "ordinal": 0, "tickLower": -202544, "tickUpper": -201040, "liquidityDelta": "88548378706627"}]
{"poolManager":"0x8366a39cc670b4001a1121b8f6a443a643e40951","txHash":"0xcf9c5857a3e25f83c5f077d00941894b5007305115f0bcf72bc0256dad93f068"}	[{"salt": "532", "amount0": "0", "amount1": "0", "ordinal": 0, "tickLower": -202544, "tickUpper": -201040, "liquidityDelta": "54823416470899"}]
{"poolManager":"0x8366a39cc670b4001a1121b8f6a443a643e40951","txHash":"0xf221965f8c0d46df51f5a316e30deb3ee9bd32ee848ef8eb3e5c4b498fc08a6d"}	[{"salt": "532", "amount0": "0", "amount1": "0", "ordinal": 0, "tickLower": -202544, "tickUpper": -201040, "liquidityDelta": "5404033351417"}]
{"poolManager":"0x8366a39cc670b4001a1121b8f6a443a643e40951","txHash":"0x56b3aa28c80343e7473dea3d79f456c706b2777e6bde2b85807de39e2b3a4b9b"}	[{"salt": "532", "amount0": "0", "amount1": "0", "ordinal": 0, "tickLower": -202544, "tickUpper": -201040, "liquidityDelta": "707991038197"}]
{"poolManager":"0x8366a39cc670b4001a1121b8f6a443a643e40951","txHash":"0x1ff1f0119cb9eb569d19fb5fa1c58f86e8bfdfecdeaf20898038e2dfcc786f51"}	[{"salt": "497", "amount0": "1037775762485177", "amount1": "3804107036163042774351", "ordinal": 0, "tickLower": 136800, "tickUpper": 151200, "liquidityDelta": "-1288471897105405338668"}]
{"poolManager":"0x8366a39cc670b4001a1121b8f6a443a643e40951","txHash":"0xa3af2a6a97d49cb7d689ecab4a2b6255ffe9a55b2eef5d46634fe0145c6e5a03"}	[{"salt": "534", "amount0": "0", "amount1": "0", "ordinal": 0, "tickLower": -202920, "tickUpper": -201960, "liquidityDelta": "2586555955256038"}]
{"poolManager":"0x8366a39cc670b4001a1121b8f6a443a643e40951","txHash":"0x61f07862938cd8c7bd18b34ddbfeaea1e283c947cda6d44073187d84d0d9edbc"}	[{"salt": "525", "amount0": "0", "amount1": "23124428466727356237", "ordinal": 0, "tickLower": -887200, "tickUpper": 887200, "liquidityDelta": "-28839512828380755077"}]
{"poolManager":"0x8366a39cc670b4001a1121b8f6a443a643e40951","txHash":"0xe27012952045a52f418be1cf4ad56f59cc6e5cb661c837ca44cc66e6d61c0a0a"}	[{"salt": "477", "amount0": "16129944942787333", "amount1": "16960808425574802400627", "ordinal": 0, "tickLower": -884800, "tickUpper": 884800, "liquidityDelta": "0"}]
{"poolManager":"0x8366a39cc670b4001a1121b8f6a443a643e40951","txHash":"0xbb759c32e00111966ca59d0032866b90f98ebcfb602a4e2379033b4544c9a24e"}	[{"salt": "528", "amount0": "44736430838660682", "amount1": "43510002155557857484740", "ordinal": 0, "tickLower": 145600, "tickUpper": 162400, "liquidityDelta": "0"}]
{"poolManager":"0x8366a39cc670b4001a1121b8f6a443a643e40951","txHash":"0xbd6d5ed0ad0b125a0638a74db110f65957db38da646a2f29ef392edc3ff54855"}	[{"salt": "533", "amount0": "28206715187657742", "amount1": "0", "ordinal": 0, "tickLower": 132000, "tickUpper": 151800, "liquidityDelta": "0"}]
{"poolManager":"0x8366a39cc670b4001a1121b8f6a443a643e40951","txHash":"0xfe885bdb118fa1bb0b0f017abbd7f7d1d6e3fa2816684725df0ffc0b85e3370b"}	[{"salt": "528", "amount0": "0", "amount1": "3417022942774375850994", "ordinal": 0, "tickLower": 145600, "tickUpper": 162400, "liquidityDelta": "0"}]
{"poolManager":"0x8366a39cc670b4001a1121b8f6a443a643e40951","txHash":"0x794f614a0ef2b9c7464e28402a0d102ecdd7737f50520c91c4a815b7d339c428"}	[{"salt": "528", "amount0": "0", "amount1": "0", "ordinal": 0, "tickLower": 145600, "tickUpper": 162400, "liquidityDelta": "-880206622135847849742"}]
{"poolManager":"0x8366a39cc670b4001a1121b8f6a443a643e40951","txHash":"0x47295e1d623a51f15655b7614b8e790e1113bbc419d52608ea859835b4315f1e"}	[{"salt": "535", "amount0": "0", "amount1": "0", "ordinal": 0, "tickLower": -64800, "tickUpper": -58000, "liquidityDelta": "-13590510347670"}]
{"poolManager":"0x8366a39cc670b4001a1121b8f6a443a643e40951","txHash":"0x72595b279484469b22df4a8326b159ec6fd2ecb84f214eeb47ebdf3a143d5d5e"}	[{"salt": "536", "amount0": "0", "amount1": "0", "ordinal": 0, "tickLower": 151200, "tickUpper": 156800, "liquidityDelta": "-1571724303372907423001"}]
{"poolManager":"0x8366a39cc670b4001a1121b8f6a443a643e40951","txHash":"0xe3accf4c56bd6d0e8290106875c4a24b9ca01b672e4478adc5518d15cee36d0a"}	[{"salt": "493", "amount0": "1345677156327906", "amount1": "1873489406322120334587", "ordinal": 0, "tickLower": 125400, "tickUpper": 165000, "liquidityDelta": "0"}]
{"poolManager":"0x8366a39cc670b4001a1121b8f6a443a643e40951","txHash":"0x34d3b26d973dffa69e73b68f7a109acd836b7eb21509a5d7a8a1700c6192fb72"}	[{"salt": "403", "amount0": "3073511403585268", "amount1": "5286528", "ordinal": 0, "tickLower": -201950, "tickUpper": -200310, "liquidityDelta": "-2878623041934989"}]
{"poolManager":"0x8366a39cc670b4001a1121b8f6a443a643e40951","txHash":"0x70f97395b7b30b3e1f92a086b772eb0d600f2efc2aeb100bef43348a8fc566e1"}	[{"salt": "493", "amount0": "0", "amount1": "0", "ordinal": 0, "tickLower": 125400, "tickUpper": 165000, "liquidityDelta": "1495958349087400124"}]
{"poolManager":"0x8366a39cc670b4001a1121b8f6a443a643e40951","txHash":"0xb25b4a0c545118edfd73f1bb7a56b1b6441e71b4457103708648b7c6bb1cd82d"}	[{"salt": "540", "amount0": "0", "amount1": "0", "ordinal": 0, "tickLower": 210000, "tickUpper": 216000, "liquidityDelta": "8262856959253448844389"}]
{"poolManager":"0x8366a39cc670b4001a1121b8f6a443a643e40951","txHash":"0xdc12867df0f8631873970ad554cd61224a8498620e96911431dc7701b36c02d9"}	[{"salt": "529", "amount0": "57102551954827", "amount1": "77973", "ordinal": 0, "tickLower": -201970, "tickUpper": -201860, "liquidityDelta": "0"}]
{"poolManager":"0x8366a39cc670b4001a1121b8f6a443a643e40951","txHash":"0x2e64ef4821a4652af2785bc3d712facd3f40dead42057644fe5352a45afe0a3d"}	[{"salt": "529", "amount0": "0", "amount1": "0", "ordinal": 0, "tickLower": -201970, "tickUpper": -201860, "liquidityDelta": "-339897054526679"}]
{"poolManager":"0x8366a39cc670b4001a1121b8f6a443a643e40951","txHash":"0x92aa013418587d34841003c3f7e8be937d2e72f7e9df26720201faeaa4de7faa"}	[{"salt": "529", "amount0": "101608191282", "amount1": "0", "ordinal": 0, "tickLower": -201970, "tickUpper": -201860, "liquidityDelta": "-339897054526680"}]
{"poolManager":"0x8366a39cc670b4001a1121b8f6a443a643e40951","txHash":"0x92397719fde686e2d140cdeacfe0d7c162a4807568736b9271629ba18d47b418"}	[{"salt": "546", "amount0": "99541302159", "amount1": "476", "ordinal": 0, "tickLower": -201980, "tickUpper": -201900, "liquidityDelta": "109343974936784"}]
{"poolManager":"0x8366a39cc670b4001a1121b8f6a443a643e40951","txHash":"0x22d28cbedcb7c3ab169fe2c3c3a589fd1b85bcf6e3a02394354099823ad71399"}	[{"salt": "542", "amount0": "2787511965290", "amount1": "8243", "ordinal": 0, "tickLower": -202020, "tickUpper": -201890, "liquidityDelta": "0"}]
{"poolManager":"0x8366a39cc670b4001a1121b8f6a443a643e40951","txHash":"0x9117dbf6b023f5d1c1d0724fb7161284f3c49a688141baddf4e0e99761af98e8"}	[{"salt": "542", "amount0": "0", "amount1": "0", "ordinal": 0, "tickLower": -202020, "tickUpper": -201890, "liquidityDelta": "35035498055669"}]
{"poolManager":"0x8366a39cc670b4001a1121b8f6a443a643e40951","txHash":"0xc3903c57baf106f67a03f88c5be8ac6a8e06d3d34491cf757f65cd0e8c6c0a01"}	[{"salt": "537", "amount0": "4301756226486590", "amount1": "152227837140144308629953", "ordinal": 0, "tickLower": 145600, "tickUpper": 156800, "liquidityDelta": "0"}]
{"poolManager":"0x8366a39cc670b4001a1121b8f6a443a643e40951","txHash":"0x05244e4ca0e5331943628a57a8817dffeaf5711adc427e2ace8ed9521714efbb"}	[{"salt": "543", "amount0": "0", "amount1": "0", "ordinal": 0, "tickLower": -887270, "tickUpper": -383610, "liquidityDelta": "-20282409603641675423947251286881"}]
{"poolManager":"0x8366a39cc670b4001a1121b8f6a443a643e40951","txHash":"0x9c23fac49a8d150b8244abe3547e699b7f4f8bc570c3aeeda8cdc119ab28e293"}	[{"salt": "544", "amount0": "0", "amount1": "0", "ordinal": 0, "tickLower": -887270, "tickUpper": 887270, "liquidityDelta": "-9994999999999999134"}]
{"poolManager":"0x8366a39cc670b4001a1121b8f6a443a643e40951","txHash":"0xf6c8fd9aa0d5e18cbc0736ad72cee1e44ad057a836be4ada6dcc5d6e5a10ff4c"}	[{"salt": "533", "amount0": "0", "amount1": "95161571331716764554312", "ordinal": 0, "tickLower": 132000, "tickUpper": 151800, "liquidityDelta": "0"}]
{"poolManager":"0x8366a39cc670b4001a1121b8f6a443a643e40951","txHash":"0xa581eff508a42ee80e4e965c864eac2f003b79f44585bbc8a4ca59c297b3c3fd"}	[{"salt": "533", "amount0": "0", "amount1": "0", "ordinal": 0, "tickLower": 132000, "tickUpper": 151800, "liquidityDelta": "77088038528849613418"}]
{"poolManager":"0x8366a39cc670b4001a1121b8f6a443a643e40951","txHash":"0xff96d175c44d7a295ad7b65ee0c420809226398a071c69f0d96f7e74687d61b3"}	[{"salt": "533", "amount0": "0", "amount1": "0", "ordinal": 0, "tickLower": 132000, "tickUpper": 151800, "liquidityDelta": "373335228451877321635"}]
{"poolManager":"0x8366a39cc670b4001a1121b8f6a443a643e40951","txHash":"0x50067bc1a7f7a2a5af84cbda0c91681c8c59fadb7f03199e2ef3b221db6d123a"}	[{"salt": "549", "amount0": "0", "amount1": "0", "ordinal": 0, "tickLower": 142800, "tickUpper": 148800, "liquidityDelta": "629837233574606374971"}]
{"poolManager":"0x8366a39cc670b4001a1121b8f6a443a643e40951","txHash":"0x628894d90dc9f098b2267e1e7ba7901a2336e922b2f2a96712ef5aa295a833c3"}	[{"salt": "359", "amount0": "1451830684786350", "amount1": "6755762936974888", "ordinal": 0, "tickLower": 10000, "tickUpper": 16000, "liquidityDelta": "0"}]
{"poolManager":"0x8366a39cc670b4001a1121b8f6a443a643e40951","txHash":"0x9bcb89c3c6fb613934b3ff274b391e70be9a15c457c3b0931069c2222a934f4b"}	[{"salt": "359", "amount0": "0", "amount1": "0", "ordinal": 0, "tickLower": 10000, "tickUpper": 16000, "liquidityDelta": "14016497134430422"}]
{"poolManager":"0x8366a39cc670b4001a1121b8f6a443a643e40951","txHash":"0x9a0a68b2a82f00f5815c8a5520bc14a228958528eef8f5c41f19ba6705b02d43"}	[{"salt": "547", "amount0": "0", "amount1": "0", "ordinal": 0, "tickLower": 293610, "tickUpper": 887270, "liquidityDelta": "-20282409603501700423947251256614"}]
{"poolManager":"0x8366a39cc670b4001a1121b8f6a443a643e40951","txHash":"0x2c8f6504845f31cedb0e9e8aeb5dbaba85b052d00dde22d503c32cb81b281f8f"}	[{"salt": "548", "amount0": "0", "amount1": "0", "ordinal": 0, "tickLower": -887270, "tickUpper": 887270, "liquidityDelta": "-149970000000000029401"}]
{"poolManager":"0x8366a39cc670b4001a1121b8f6a443a643e40951","txHash":"0x8315d3b0516b324252dd439cbc94b486c8a888f4abe738933c6fd86e86498cf8"}	[{"salt": "69", "amount0": "548149167007920", "amount1": "1150952", "ordinal": 0, "tickLower": -203200, "tickUpper": -201400, "liquidityDelta": "-25871722416160"}]
{"poolManager":"0x8366a39cc670b4001a1121b8f6a443a643e40951","txHash":"0x8be9989669318ab3627e0529b203d0515f10f0059c3016be5fd7900b1126a045"}	[{"salt": "554", "amount0": "0", "amount1": "208635178126624312934", "ordinal": 0, "tickLower": -887200, "tickUpper": 887200, "liquidityDelta": "114106680613111101884"}]
{"poolManager":"0x8366a39cc670b4001a1121b8f6a443a643e40951","txHash":"0x4dbe967d2426e735557e9f341d4784e6864c5d6ad3a1dc9ae78df378a97307da"}	[{"salt": "555", "amount0": "154999208385412", "amount1": "302058", "ordinal": 0, "tickLower": -203880, "tickUpper": -200310, "liquidityDelta": "-4252491759239773"}]
{"poolManager":"0x8366a39cc670b4001a1121b8f6a443a643e40951","txHash":"0xd3cfed8630a5a6c386657907b17adde2b1edd035ec1e8bcfe9a5174f8e9c7c06"}	[{"salt": "553", "amount0": "2588444100000000", "amount1": "661596540940465022669744", "ordinal": 0, "tickLower": -887220, "tickUpper": 887220, "liquidityDelta": "-22359742701919678953276"}]
{"poolManager":"0x8366a39cc670b4001a1121b8f6a443a643e40951","txHash":"0x3f2c38aa990d99ce307ab3847e1ff2ebf83dddf006706335751b9b1ae591e4bb"}	[{"salt": "368", "amount0": "21952684974588182", "amount1": "29829404131337756076441", "ordinal": 0, "tickLower": -881400, "tickUpper": 881400, "liquidityDelta": "0"}]
{"poolManager":"0x8366a39cc670b4001a1121b8f6a443a643e40951","txHash":"0xefae9d7c4e2d531abeb4e832cb77a1944fb9a57e6fd68bee454a1fedc597099e"}	[{"salt": "253", "amount0": "6801723426566151", "amount1": "0", "ordinal": 0, "tickLower": -885000, "tickUpper": 885000, "liquidityDelta": "0"}]
{"poolManager":"0x8366a39cc670b4001a1121b8f6a443a643e40951","txHash":"0xbb2d23c10b184a6b2b3c84506325b9542bdbbf9f7ef041ecae4c157e45fb8820"}	[{"salt": "18", "amount0": "0", "amount1": "85623544833546431069722", "ordinal": 0, "tickLower": -885000, "tickUpper": 885000, "liquidityDelta": "-1319660221661686"}]
{"poolManager":"0x8366a39cc670b4001a1121b8f6a443a643e40951","txHash":"0x33e1104c6e5d63b7f3deac91cdd94bad791f1891be7c3e92988e3ba3718b19b3"}	[{"salt": "554", "amount0": "7452153298909", "amount1": "2534125825307351437113", "ordinal": 0, "tickLower": -887200, "tickUpper": 887200, "liquidityDelta": "-215084952469698464892"}]
{"poolManager":"0x8366a39cc670b4001a1121b8f6a443a643e40951","txHash":"0xbcb92a07807f3151fb56d9d37e89297d48daab6352c792df9bb3c57cb2ff0fca"}	[{"salt": "16", "amount0": "5771099837426523", "amount1": "343469766816000833225675", "ordinal": 0, "tickLower": -885000, "tickUpper": 885000, "liquidityDelta": "0"}]
{"poolManager":"0x8366a39cc670b4001a1121b8f6a443a643e40951","txHash":"0xca3fd057b21366f86a1e2e194c8009c414ef86edba829d7df1b624d2d01b637e"}	[{"salt": "11", "amount0": "0", "amount1": "367971956290850933172742", "ordinal": 0, "tickLower": -885000, "tickUpper": 885000, "liquidityDelta": "-146512498828220424916"}]
{"poolManager":"0x8366a39cc670b4001a1121b8f6a443a643e40951","txHash":"0x4e56635e4d346fb4c490d0b3f4deeed3e6cac9a88ecb0af941791b09da09cff6"}	[{"salt": "237", "amount0": "0", "amount1": "187388292138015312897857", "ordinal": 0, "tickLower": -884000, "tickUpper": 884000, "liquidityDelta": "0"}]
{"poolManager":"0x8366a39cc670b4001a1121b8f6a443a643e40951","txHash":"0x53b477770edb9ca4204d843705b794f0695c8f0ea105ff6949de9193e36e6b07"}	[{"salt": "13", "amount0": "3407352575049102", "amount1": "0", "ordinal": 0, "tickLower": -885000, "tickUpper": 885000, "liquidityDelta": "0"}]
{"poolManager":"0x8366a39cc670b4001a1121b8f6a443a643e40951","txHash":"0xe8c7982d477f4c8b6dd481b982ab8256025003697f78a2ef4a325f8e54c3b63f"}	[{"salt": "559", "amount0": "0", "amount1": "0", "ordinal": 0, "tickLower": -887272, "tickUpper": 887272, "liquidityDelta": "3091620521819"}]
{"poolManager":"0x8366a39cc670b4001a1121b8f6a443a643e40951","txHash":"0xecee8bc06ba2724a084a26ad0c51a98f6cd67d09dba374a95b9ba7a7ae1976c8"}	[{"salt": "559", "amount0": "0", "amount1": "0", "ordinal": 0, "tickLower": -887272, "tickUpper": 887272, "liquidityDelta": "607143803788"}]
{"poolManager":"0x8366a39cc670b4001a1121b8f6a443a643e40951","txHash":"0x6db8799314c38953326d628b03446932c521adda3abda0ef85c82775b17d70c6"}	[{"salt": "559", "amount0": "0", "amount1": "0", "ordinal": 0, "tickLower": -887272, "tickUpper": 887272, "liquidityDelta": "-5757584641392"}]
{"poolManager":"0x8366a39cc670b4001a1121b8f6a443a643e40951","txHash":"0x2e7adfca927da7244d25dd43cbfb681c884e6dd18c9d17ce5ac1a9b4c2202314"}	[{"salt": "563", "amount0": "0", "amount1": "0", "ordinal": 0, "tickLower": -887268, "tickUpper": 887268, "liquidityDelta": "-5599431309645"}]
{"poolManager":"0x8366a39cc670b4001a1121b8f6a443a643e40951","txHash":"0xf229c7f6d359d2af7a863af65d61858b68b3fc7178de7d8f51c2f315ae7d0b14"}	[{"salt": "564", "amount0": "18741903785573", "amount1": "98447508397083944748", "ordinal": 0, "tickLower": -887200, "tickUpper": 887200, "liquidityDelta": "172053182292653353762"}]
{"poolManager":"0x8366a39cc670b4001a1121b8f6a443a643e40951","txHash":"0xd445093530ad92c8bc865c1048223d521f7dbea9012616fb850134971b163a87"}	[{"salt": "567", "amount0": "0", "amount1": "0", "ordinal": 0, "tickLower": -887272, "tickUpper": 887272, "liquidityDelta": "-5354538861750"}]
{"poolManager":"0x8366a39cc670b4001a1121b8f6a443a643e40951","txHash":"0x208a0aaccebc41a9b4f4918f43b9650cae6525fad7504957b2bf674272f36266"}	[{"salt": "570", "amount0": "77807793", "amount1": "56", "ordinal": 0, "tickLower": -887270, "tickUpper": 887270, "liquidityDelta": "-5358002328683"}]
{"poolManager":"0x8366a39cc670b4001a1121b8f6a443a643e40951","txHash":"0x6b77a4e5849c130b6bb7af14df1e5baa6b96b53d75b76a0e2ada957cf4459f2f"}	[{"salt": "571", "amount0": "92370765172", "amount1": "659", "ordinal": 0, "tickLower": -887272, "tickUpper": 887272, "liquidityDelta": "-5442660646647"}]
{"poolManager":"0x8366a39cc670b4001a1121b8f6a443a643e40951","txHash":"0x36b5a65644c4fcab857f95a6db95b6a0a0fda194edc4bfae8a8bdeb31740bd52"}	[{"salt": "491", "amount0": "5679626645491584", "amount1": "17433386748382194216", "ordinal": 0, "tickLower": -887200, "tickUpper": 887200, "liquidityDelta": "0"}]
{"poolManager":"0x8366a39cc670b4001a1121b8f6a443a643e40951","txHash":"0xb80e2abeb542db0aaeb2af86df400d1f68ac6dad5904c531c0709f496320dc90"}	[{"salt": "426", "amount0": "5265134673804482", "amount1": "16109976567306097749", "ordinal": 0, "tickLower": -887200, "tickUpper": 887200, "liquidityDelta": "0"}]
{"poolManager":"0x8366a39cc670b4001a1121b8f6a443a643e40951","txHash":"0xfd76866f60a864a3af1de1a1621a0c39217b86eddb0c593799b849dab92d2bb8"}	[{"salt": "545", "amount0": "37736784652224", "amount1": "67562", "ordinal": 0, "tickLower": -202050, "tickUpper": -201800, "liquidityDelta": "-98865621990001"}]
{"poolManager":"0x8366a39cc670b4001a1121b8f6a443a643e40951","txHash":"0xbeff986fe894ce2d4d3f54c7b8624bc7c5882a6ea4ae7be293bcb3eb80b7b6da"}	[{"salt": "542", "amount0": "49091919167704", "amount1": "85124", "ordinal": 0, "tickLower": -202020, "tickUpper": -201890, "liquidityDelta": "0"}]
{"poolManager":"0x8366a39cc670b4001a1121b8f6a443a643e40951","txHash":"0x9f27a2083cccc9a67b6cb4d18111240acbbf403d2513dccddbfde8baf1926e42"}	[{"salt": "542", "amount0": "528680669239", "amount1": "0", "ordinal": 0, "tickLower": -202020, "tickUpper": -201890, "liquidityDelta": "135651182525539"}]
{"poolManager":"0x8366a39cc670b4001a1121b8f6a443a643e40951","txHash":"0x5c95c75de532635a0549aa152caf6b284aa801bf38193a64cdad189275b368f2"}	[{"salt": "426", "amount0": "0", "amount1": "0", "ordinal": 0, "tickLower": -887200, "tickUpper": 887200, "liquidityDelta": "-10000004406380063700"}]
{"poolManager":"0x8366a39cc670b4001a1121b8f6a443a643e40951","txHash":"0x9bbecba38392dda7dde8a723a96f0a4b4abd8929462049ae7a53275eb801a9e1"}	[{"salt": "491", "amount0": "0", "amount1": "0", "ordinal": 0, "tickLower": -887200, "tickUpper": 887200, "liquidityDelta": "-10821489626232385530"}]
{"poolManager":"0x8366a39cc670b4001a1121b8f6a443a643e40951","txHash":"0xdc69d178bdeeb615713fe3cfd048ad60a4b833a36076b64fdb783453deb605f3"}	[{"salt": "496", "amount0": "70262011456562", "amount1": "17858976796549956387", "ordinal": 0, "tickLower": -887200, "tickUpper": 887200, "liquidityDelta": "-49194990109209276570"}]
{"poolManager":"0x8366a39cc670b4001a1121b8f6a443a643e40951","txHash":"0x4d1b183fe8194233dcab7ada4a82466b45985138e894be641401d59f2679e27c"}	[{"salt": "572", "amount0": "0", "amount1": "0", "ordinal": 0, "tickLower": -887270, "tickUpper": -351420, "liquidityDelta": "-20282409603635874847034710229069"}]
{"poolManager":"0x8366a39cc670b4001a1121b8f6a443a643e40951","txHash":"0x54778c5198836292de336cb9b2dccb58d6fad5697a05d86fc0165a2c8f7f6ee7"}	[{"salt": "573", "amount0": "2500000000002", "amount1": "1135743778151871335", "ordinal": 0, "tickLower": -887270, "tickUpper": 887270, "liquidityDelta": "-15795576912541056946"}]
{"poolManager":"0x8366a39cc670b4001a1121b8f6a443a643e40951","txHash":"0x464b6f1ca07b6ba2d5b71fbb259930e94805bb5ef8173f7eeda9fb630fd40d92"}	[{"salt": "537", "amount0": "12285069671257989", "amount1": "268136090344786280360456", "ordinal": 0, "tickLower": 145600, "tickUpper": 156800, "liquidityDelta": "0"}]
{"poolManager":"0x8366a39cc670b4001a1121b8f6a443a643e40951","txHash":"0x37c388fb9cd6e34d3aedf877f1b03b6f9e6ab90eb8fe09992b26663bb52288bf"}	[{"salt": "537", "amount0": "16588187997966019", "amount1": "0", "ordinal": 0, "tickLower": 145600, "tickUpper": 156800, "liquidityDelta": "0"}]
{"poolManager":"0x8366a39cc670b4001a1121b8f6a443a643e40951","txHash":"0xfcf48a5b3b87942b1dabd3932c24b3cd07d8ef201aa7a8deef97e936b77b8572"}	[{"salt": "564", "amount0": "385912634243471", "amount1": "16674088697123115962046", "ordinal": 0, "tickLower": -887200, "tickUpper": 887200, "liquidityDelta": "0"}]
{"poolManager":"0x8366a39cc670b4001a1121b8f6a443a643e40951","txHash":"0x2960f5014676b22f50745e26fc246a8d6fa1f99f8b31794f1ff140c807450ec2"}	[{"salt": "564", "amount0": "0", "amount1": "175028516292823711161", "ordinal": 0, "tickLower": -887200, "tickUpper": 887200, "liquidityDelta": "-221076935860311566246"}]
{"poolManager":"0x8366a39cc670b4001a1121b8f6a443a643e40951","txHash":"0x8fb48b4bd07b3bfa68daa37d621ff59cb6a381c2d2eaf7c1608568ab7ff42904"}	[{"salt": "537", "amount0": "12184983703353668", "amount1": "0", "ordinal": 0, "tickLower": 145600, "tickUpper": 156800, "liquidityDelta": "0"}]
{"poolManager":"0x8366a39cc670b4001a1121b8f6a443a643e40951","txHash":"0x1dcae5066018d800da9c7e13b4f5501020c8797b9639876265c0faba1d1c57aa"}	[{"salt": "539", "amount0": "0", "amount1": "0", "ordinal": 0, "tickLower": -887200, "tickUpper": 196200, "liquidityDelta": "-54926779983099980573321"}]
{"poolManager":"0x8366a39cc670b4001a1121b8f6a443a643e40951","txHash":"0xa117dc83e6e84e469e4fc6b37e5391046bbab843a470af43cb8cf53a116aa8d6"}	[{"salt": "515", "amount0": "0", "amount1": "0", "ordinal": 0, "tickLower": -887200, "tickUpper": 196200, "liquidityDelta": "-54926779983099980573321"}]
{"poolManager":"0x8366a39cc670b4001a1121b8f6a443a643e40951","txHash":"0xcfac8d151afdbc55e4811ca9ea7929e020aa4c7b9a3361d5ef4a11b8930b37af"}	[{"salt": "576", "amount0": "0", "amount1": "0", "ordinal": 0, "tickLower": -887272, "tickUpper": -111741, "liquidityDelta": "-20282409583653670424047025220488"}]
{"poolManager":"0x8366a39cc670b4001a1121b8f6a443a643e40951","txHash":"0xfe52cac3a5e3529dcab550fd2b37ae7cdd79df0f7bf2bc9ebb2787621c0ef34f"}	[{"salt": "577", "amount0": "5000000000015", "amount1": "36359999999636411436425", "ordinal": 0, "tickLower": -887272, "tickUpper": 887272, "liquidityDelta": "-19997999999900226065527"}]
{"poolManager":"0x8366a39cc670b4001a1121b8f6a443a643e40951","txHash":"0xa4747b509f4d587a27a37f6859bda430937b048f32ab7865c562111f5d5d5e2c"}	[{"salt": "537", "amount0": "14634685757594306", "amount1": "54160042955050092789431", "ordinal": 0, "tickLower": 145600, "tickUpper": 156800, "liquidityDelta": "0"}]
{"poolManager":"0x8366a39cc670b4001a1121b8f6a443a643e40951","txHash":"0x82b4ef750147473b460148a643e5cb979883c35465f3ad18c59edfa79ab80139"}	[{"salt": "578", "amount0": "424115999999999", "amount1": "18509145200077577655896", "ordinal": 0, "tickLower": -887220, "tickUpper": 887220, "liquidityDelta": "-28106431310929523250747"}]
{"poolManager":"0x8366a39cc670b4001a1121b8f6a443a643e40951","txHash":"0x9a4cffe56ed91e7aef24517637fad755f3d474fb6d8c55c750c89fa8e90803b0"}	[{"salt": "580", "amount0": "0", "amount1": "0", "ordinal": 0, "tickLower": -887220, "tickUpper": -245640, "liquidityDelta": "-20282409603429406955288993986834"}]
{"poolManager":"0x8366a39cc670b4001a1121b8f6a443a643e40951","txHash":"0x5ee3e6aa6822a386c6f4f53a0d4d426435b8a41b444f20c322c2a4d291085b65"}	[{"salt": "581", "amount0": "9000000000000", "amount1": "1346195007736413818525", "ordinal": 0, "tickLower": -887220, "tickUpper": 887220, "liquidityDelta": "-222263468658257299181"}]
{"poolManager":"0x8366a39cc670b4001a1121b8f6a443a643e40951","txHash":"0xe1422feb54f9fa42d4aeec538a2f4a88426c56e8bb633eb9d0e64472bf04d7ae"}	[{"salt": "537", "amount0": "2530220362276222", "amount1": "0", "ordinal": 0, "tickLower": 145600, "tickUpper": 156800, "liquidityDelta": "0"}]
{"poolManager":"0x8366a39cc670b4001a1121b8f6a443a643e40951","txHash":"0x3274d54fe20d30a16cbdba1aa6dad87e99d8998f1202613dc1ba0a72f9c248fb"}	[{"salt": "537", "amount0": "25200421881781672", "amount1": "0", "ordinal": 0, "tickLower": 145600, "tickUpper": 156800, "liquidityDelta": "0"}]
{"poolManager":"0x8366a39cc670b4001a1121b8f6a443a643e40951","txHash":"0x6d3e00aada0b3b9bc8402df97c69bc58f32600a70e8c49619b0a0cedc9fb5cdc"}	[{"salt": "579", "amount0": "0", "amount1": "0", "ordinal": 0, "tickLower": -882000, "tickUpper": 882000, "liquidityDelta": "-7140201575988884"}]
{"poolManager":"0x8366a39cc670b4001a1121b8f6a443a643e40951","txHash":"0x9bcf08f5082e784f0ae742364df4860153df2615d9d23940c5d13a7d87b255b3"}	[{"salt": "1036", "amount0": "1161393289069585", "amount1": "4369345193871520404", "ordinal": 0, "tickLower": -887200, "tickUpper": 68800, "liquidityDelta": "0"}]
{"poolManager":"0x8366a39cc670b4001a1121b8f6a443a643e40951","txHash":"0x7d2ddcb78929855157686e5521d16352205bcb45d89e592413968edf149139c2"}	[{"salt": "1036", "amount0": "0", "amount1": "0", "ordinal": 0, "tickLower": -887200, "tickUpper": 68800, "liquidityDelta": "0"}]
{"poolManager":"0x8366a39cc670b4001a1121b8f6a443a643e40951","txHash":"0x1ffa1709922b7024402ade310065e8db50756d94e8a9920167131b22b0dc87d2"}	[{"salt": "1036", "amount0": "0", "amount1": "0", "ordinal": 0, "tickLower": -887200, "tickUpper": 68800, "liquidityDelta": "0"}]
{"poolManager":"0x8366a39cc670b4001a1121b8f6a443a643e40951","txHash":"0xe333c0ffb45ecce98cbf1e42f9950a860241a7ac10116be6ef382b4d740f3144"}	[{"salt": "1036", "amount0": "0", "amount1": "162279126806292241", "ordinal": 0, "tickLower": -887200, "tickUpper": 68800, "liquidityDelta": "0"}]
{"poolManager":"0x8366a39cc670b4001a1121b8f6a443a643e40951","txHash":"0x1df04e2b59dd077cca44d2f9887a089905f90504cc1fb0ad523d5489825cd0cb"}	[{"salt": "1173", "amount0": "0", "amount1": "0", "ordinal": 0, "tickLower": -884000, "tickUpper": 884000, "liquidityDelta": "-7353943665803009720"}]
{"poolManager":"0x8366a39cc670b4001a1121b8f6a443a643e40951","txHash":"0xe26e8288b0f5c612570c6adddef0736849eac4b657b20cec0b6d648c7ef1eba9"}	[{"salt": "1172", "amount0": "0", "amount1": "0", "ordinal": 0, "tickLower": -884000, "tickUpper": 884000, "liquidityDelta": "-3319837172248496197"}]
{"poolManager":"0x8366a39cc670b4001a1121b8f6a443a643e40951","txHash":"0x0b3176612d4bc5d00a35cbca28cc76234fb82c5b23b27f092bf656fdd17a8bdd"}	[{"salt": "1036", "amount0": "6781999999999999", "amount1": "136114184571645233", "ordinal": 0, "tickLower": -887200, "tickUpper": 68800, "liquidityDelta": "0"}]
{"poolManager":"0x8366a39cc670b4001a1121b8f6a443a643e40951","txHash":"0x5f201b75bbefb1294bde4f3396a2d69e3fb08c945348203174797479ae954d72"}	[{"salt": "1199", "amount0": "0", "amount1": "0", "ordinal": 0, "tickLower": 156000, "tickUpper": 162000, "liquidityDelta": "-323855766073390363188"}]
{"poolManager":"0x8366a39cc670b4001a1121b8f6a443a643e40951","txHash":"0x6cf254e5fe6211426fdc92756610f06312bb2bf5a7df0cf72ebdac81d8e8a5c4"}	[{"salt": "1036", "amount0": "0", "amount1": "678905141495619278", "ordinal": 0, "tickLower": -887200, "tickUpper": 68800, "liquidityDelta": "0"}]
{"poolManager":"0x8366a39cc670b4001a1121b8f6a443a643e40951","txHash":"0xcb6a6daab900a859efc4717081484bdb42175b4759d6df6454a23bb56e019895"}	[{"salt": "1049", "amount0": "45917440", "amount1": "116384982205502855898766", "ordinal": 0, "tickLower": 353000, "tickUpper": 364000, "liquidityDelta": "0"}]
{"poolManager":"0x8366a39cc670b4001a1121b8f6a443a643e40951","txHash":"0x2b3d2253a0bb0a43c604300e497a5c9b9c5b43497c8db93e69c17baa13104749"}	[{"salt": "1048", "amount0": "24533177", "amount1": "35482195321427297268251", "ordinal": 0, "tickLower": 347400, "tickUpper": 358200, "liquidityDelta": "0"}]
{"poolManager":"0x8366a39cc670b4001a1121b8f6a443a643e40951","txHash":"0x38857e738b07f9ea5ead48aa1b72e068b06eed3819cb5d09c1bb1b9343257f6e"}	[{"salt": "1198", "amount0": "868308615654042", "amount1": "2302526731835353896786", "ordinal": 0, "tickLower": -886000, "tickUpper": 886000, "liquidityDelta": "0"}]
{"poolManager":"0x8366a39cc670b4001a1121b8f6a443a643e40951","txHash":"0xf88fe56bc5ab5a81464ba6f07eb871b2d3a702d7d1db3aad0903179ca93bbf85"}	[{"salt": "869", "amount0": "41027308", "amount1": "50947844806362513511354", "ordinal": 0, "tickLower": 336000, "tickUpper": 349800, "liquidityDelta": "0"}]
{"poolManager":"0x8366a39cc670b4001a1121b8f6a443a643e40951","txHash":"0xa36a6474d15f64882a223a64bda89b688c6bcb4e8ea22c0e2c943db0d9ad4b97"}	[{"salt": "537", "amount0": "27410985204744977", "amount1": "56710349584705174868381", "ordinal": 0, "tickLower": 145600, "tickUpper": 156800, "liquidityDelta": "0"}]
{"poolManager":"0x8366a39cc670b4001a1121b8f6a443a643e40951","txHash":"0xab08b2d42f23d9cadb3443a88b7e160ccf39c8347c2c913e7e8ab770c96fae3a"}	[{"salt": "537", "amount0": "7344549916631275", "amount1": "4521960853516094799621", "ordinal": 0, "tickLower": 145600, "tickUpper": 156800, "liquidityDelta": "0"}]
{"poolManager":"0x8366a39cc670b4001a1121b8f6a443a643e40951","txHash":"0x6964c50122901f1a48c40c55f4351065f49fb04e0937c1f13dc6513a71022078"}	[{"salt": "585", "amount0": "0", "amount1": "0", "ordinal": 0, "tickLower": -884000, "tickUpper": 884000, "liquidityDelta": "-124141140553680922152"}]
{"poolManager":"0x8366a39cc670b4001a1121b8f6a443a643e40951","txHash":"0x210f8d3eeb3252919f428af8e94f6dae0284eea70ca6bc203e1782e9c50f2a6f"}	[{"salt": "586", "amount0": "512546692341673", "amount1": "25824956101379373515401", "ordinal": 0, "tickLower": -884000, "tickUpper": 884000, "liquidityDelta": "0"}]
{"poolManager":"0x8366a39cc670b4001a1121b8f6a443a643e40951","txHash":"0x6651211fed2c32ae55ceffa79441c4c45adf116cfb7cc6906c44a55465b0ce39"}	[{"salt": "356", "amount0": "9999", "amount1": "2505482797430", "ordinal": 0, "tickLower": -887200, "tickUpper": 887200, "liquidityDelta": "2266795804522"}]
{"poolManager":"0x8366a39cc670b4001a1121b8f6a443a643e40951","txHash":"0xcdb57969362405b673bdf917325be41561eeb59dafa3fa6f1ca236d3e7cead30"}	[{"salt": "575", "amount0": "0", "amount1": "0", "ordinal": 0, "tickLower": -887200, "tickUpper": 74000, "liquidityDelta": "-247281004408868062820"}]
{"poolManager":"0x8366a39cc670b4001a1121b8f6a443a643e40951","txHash":"0xb9811f41c4171ff3e37b63b7a9ffd07533712936aeeec02ed5221a95c19b7b40"}	[{"salt": "123", "amount0": "5159237517618148", "amount1": "876360", "ordinal": 0, "tickLower": -246400, "tickUpper": -207200, "liquidityDelta": "0"}]
{"poolManager":"0x8366a39cc670b4001a1121b8f6a443a643e40951","txHash":"0xb9e83ddd265376d89ae5361ae008f6efbf8502a86b7d0f590e2c4d9026f6aca3"}	[{"salt": "123", "amount0": "0", "amount1": "0", "ordinal": 0, "tickLower": -246400, "tickUpper": -207200, "liquidityDelta": "105805495322"}]
{"poolManager":"0x8366a39cc670b4001a1121b8f6a443a643e40951","txHash":"0xa558ec205be82f8682a44ba9fe138e0668780f4113925403711c21de5cb5a1dc"}	[{"salt": "586", "amount0": "791118956182193", "amount1": "14738038728930983896444", "ordinal": 0, "tickLower": -884000, "tickUpper": 884000, "liquidityDelta": "-105150615264682275313"}]
{"poolManager":"0x8366a39cc670b4001a1121b8f6a443a643e40951","txHash":"0x4f5c30f238242fbffc585bbc3ec2ca8da3880a32f9b5e6a4bbb86ba5dc46cbd7"}	[{"salt": "137", "amount0": "322851261726280313", "amount1": "0", "ordinal": 0, "tickLower": -882000, "tickUpper": 882000, "liquidityDelta": "0"}]
{"poolManager":"0x8366a39cc670b4001a1121b8f6a443a643e40951","txHash":"0xedcbae8ad7006cc83765f7152ab396ec8ee909660776b1a305f558ae45d0df09"}	[{"salt": "537", "amount0": "36712532548129316", "amount1": "58881141420297802977239", "ordinal": 0, "tickLower": 145600, "tickUpper": 156800, "liquidityDelta": "0"}]
{"poolManager":"0x8366a39cc670b4001a1121b8f6a443a643e40951","txHash":"0x524f53851e2eb9e1d582942724d9b09c54777a9f5dd5b43c52fb7f0b0fa26ab9"}	[{"salt": "533", "amount0": "95049123217068076", "amount1": "64314004552528246851411", "ordinal": 0, "tickLower": 132000, "tickUpper": 151800, "liquidityDelta": "0"}]
{"poolManager":"0x8366a39cc670b4001a1121b8f6a443a643e40951","txHash":"0x775a7da64604fc18da8611ab9f0f39f7767c00cbacfb7ff3aeac9db649f0e1ad"}	[{"salt": "533", "amount0": "0", "amount1": "19182833560641386769747", "ordinal": 0, "tickLower": 132000, "tickUpper": 151800, "liquidityDelta": "0"}]
{"poolManager":"0x8366a39cc670b4001a1121b8f6a443a643e40951","txHash":"0x49acacc296f0d5a208089e5d439b05a18b58256ea008b687365adcf0b5c914f3"}	[{"salt": "493", "amount0": "591035917677820", "amount1": "3390363721352475753048", "ordinal": 0, "tickLower": 125400, "tickUpper": 165000, "liquidityDelta": "0"}]
{"poolManager":"0x8366a39cc670b4001a1121b8f6a443a643e40951","txHash":"0xfa119fa4f34cbd4620f08eb4ad44f4e68c797ee7bf5f6972505a861dac42911b"}	[{"salt": "493", "amount0": "0", "amount1": "0", "ordinal": 0, "tickLower": 125400, "tickUpper": 165000, "liquidityDelta": "2949685168667695185"}]
{"poolManager":"0x8366a39cc670b4001a1121b8f6a443a643e40951","txHash":"0x11233088e90ccb9e7fa094ba821f52928fc0be411fa63bd1f756ef67db7aa7a2"}	[{"salt": "537", "amount0": "40278536147506688", "amount1": "142785100015077365907331", "ordinal": 0, "tickLower": 145600, "tickUpper": 156800, "liquidityDelta": "0"}]
{"poolManager":"0x8366a39cc670b4001a1121b8f6a443a643e40951","txHash":"0x5e0e3b0c31520edc49aa2e0b07075e55fdd2137918307faee94418cdf4febda3"}	[{"salt": "422", "amount0": "222745859401992476", "amount1": "621840152914670425956117", "ordinal": 0, "tickLower": -884400, "tickUpper": 884400, "liquidityDelta": "0"}]
{"poolManager":"0x8366a39cc670b4001a1121b8f6a443a643e40951","txHash":"0x044f436cfa3b7f1c3619ddfc41a3d5d1c573f4246a226d0e727a6f09655210a2"}	[{"salt": "546", "amount0": "235316555456982", "amount1": "404964", "ordinal": 0, "tickLower": -201980, "tickUpper": -201900, "liquidityDelta": "-308423953919954"}]
{"poolManager":"0x8366a39cc670b4001a1121b8f6a443a643e40951","txHash":"0x0bf0106cff6ebc254540297d19f65831c6ed09eefd35720206b4c198ca2dedfc"}	[{"salt": "542", "amount0": "194282388960332", "amount1": "337319", "ordinal": 0, "tickLower": -202020, "tickUpper": -201890, "liquidityDelta": "-326777766033444"}]
{"poolManager":"0x8366a39cc670b4001a1121b8f6a443a643e40951","txHash":"0xcab7c36fdd36a8b5cf2a120d6e5c5ee99526fb0360d6bd2c3638dd8018e6b2e0"}	[{"salt": "383", "amount0": "871311219778280", "amount1": "1501454", "ordinal": 0, "tickLower": -203020, "tickUpper": -201170, "liquidityDelta": "-216842423409582"}]
{"poolManager":"0x8366a39cc670b4001a1121b8f6a443a643e40951","txHash":"0xf9a02d8a70950be7d692b3625a7b7860fbe8d34a3a656a734a193eed61149efb"}	[{"salt": "587", "amount0": "1068987111664816451233", "amount1": "0", "ordinal": 0, "tickLower": -887220, "tickUpper": 887220, "liquidityDelta": "-220399525087863631172"}]
{"poolManager":"0x8366a39cc670b4001a1121b8f6a443a643e40951","txHash":"0x5acfcfdad77e1377c977454d48a8ae2e10fa1569a883e901c9b2549718230201"}	[{"salt": "584", "amount0": "0", "amount1": "337310707438663715513", "ordinal": 0, "tickLower": -887220, "tickUpper": 887220, "liquidityDelta": "-107356375053153259089"}]
{"poolManager":"0x8366a39cc670b4001a1121b8f6a443a643e40951","txHash":"0xc74b755271865d9d52611708923d6a06a1f0e76fe7d73d7cebd3f42eee7259a4"}	[{"salt": "588", "amount0": "9411161557016413123", "amount1": "0", "ordinal": 0, "tickLower": -887220, "tickUpper": 887220, "liquidityDelta": "-21779702173871246701"}]
{"poolManager":"0x8366a39cc670b4001a1121b8f6a443a643e40951","txHash":"0x9f55df66d7e83402d004c01098d9382118e55afb3d992cf4d788f9497638ea7b"}	[{"salt": "591", "amount0": "0", "amount1": "0", "ordinal": 0, "tickLower": -887220, "tickUpper": 887220, "liquidityDelta": "-86902017002861540882"}]
{"poolManager":"0x8366a39cc670b4001a1121b8f6a443a643e40951","txHash":"0xa7df14f5d8f4ef9519c92072776859b6f10408efff19ad217483ed1d5db3c6f1"}	[{"salt": "592", "amount0": "0", "amount1": "0", "ordinal": 0, "tickLower": -887220, "tickUpper": 887220, "liquidityDelta": "-40911866901373503224"}]
{"poolManager":"0x8366a39cc670b4001a1121b8f6a443a643e40951","txHash":"0x5aea9b2bea3391721ea9b7363e048c92ba71adf907df00fc451fc455ed51d5db"}	[{"salt": "593", "amount0": "0", "amount1": "0", "ordinal": 0, "tickLower": -887220, "tickUpper": 887220, "liquidityDelta": "-1001217878221634374"}]
{"poolManager":"0x8366a39cc670b4001a1121b8f6a443a643e40951","txHash":"0x99950c8f1c150e73b4cd6e2c5381c26de289775748918e400bd3e661ed574501"}	[{"salt": "601", "amount0": "0", "amount1": "0", "ordinal": 0, "tickLower": -887220, "tickUpper": 887220, "liquidityDelta": "-121797477989277898539"}]
{"poolManager":"0x8366a39cc670b4001a1121b8f6a443a643e40951","txHash":"0xcf6e901535c1a1cfc736c2c1655382f1de36a28977af09897f72abce08685dfb"}	[{"salt": "477", "amount0": "92636414340729110", "amount1": "1015981212774327504931094", "ordinal": 0, "tickLower": -884800, "tickUpper": 884800, "liquidityDelta": "0"}]
{"poolManager":"0x8366a39cc670b4001a1121b8f6a443a643e40951","txHash":"0xe4f6cc6a74ad6329a96e46738d63e95cbcf6377fc7cf342f715de511b1257ad9"}	[{"salt": "540", "amount0": "9998477307543421", "amount1": "28837241586326563302404915", "ordinal": 0, "tickLower": 210000, "tickUpper": 216000, "liquidityDelta": "-8346886013076365273314"}]
{"poolManager":"0x8366a39cc670b4001a1121b8f6a443a643e40951","txHash":"0x1db51fb71e4634a03ef485aeb363c86f7df893e560413304d641ca9d9820d055"}	[{"salt": "549", "amount0": "0", "amount1": "9032254620196789798889", "ordinal": 0, "tickLower": 142800, "tickUpper": 148800, "liquidityDelta": "-699819148416229298509"}]
{"poolManager":"0x8366a39cc670b4001a1121b8f6a443a643e40951","txHash":"0x014ec1b646472ff5d686cadfac8deb4258c0788b0657f94698ce6b56344adfc1"}	[{"salt": "596", "amount0": "20304237", "amount1": "73036363529147488070693", "ordinal": 0, "tickLower": 351000, "tickUpper": 357000, "liquidityDelta": "0"}]
{"poolManager":"0x8366a39cc670b4001a1121b8f6a443a643e40951","txHash":"0x6683d4536a55d3fc3f35e52dfbd5ee7115669c8b796cf92e91aebe69d767d778"}	[{"salt": "596", "amount0": "0", "amount1": "0", "ordinal": 0, "tickLower": 351000, "tickUpper": 357000, "liquidityDelta": "6784974306428694"}]
{"poolManager":"0x8366a39cc670b4001a1121b8f6a443a643e40951","txHash":"0x019a55159f182ff4c5dcbad94825e66de28c80cbfbc8550b70024d1172b40127"}	[{"salt": "604", "amount0": "0", "amount1": "0", "ordinal": 0, "tickLower": 71400, "tickUpper": 80000, "liquidityDelta": "-3765348809337823012931"}]
{"poolManager":"0x8366a39cc670b4001a1121b8f6a443a643e40951","txHash":"0xb4e089cda3ff31e1c00b5b71355dc5d1453839d3a6317cd6c672e77fa6d5fefe"}	[{"salt": "537", "amount0": "0", "amount1": "53687869607773401070770", "ordinal": 0, "tickLower": 145600, "tickUpper": 156800, "liquidityDelta": "738325099096572301645"}]
{"poolManager":"0x8366a39cc670b4001a1121b8f6a443a643e40951","txHash":"0x0c9c9b613aad7ebe55faa2676494cc678f36e9ee62dc8586d2c6c9ea63b200a2"}	[{"salt": "477", "amount0": "0", "amount1": "10488853735279892346005", "ordinal": 0, "tickLower": -884800, "tickUpper": 884800, "liquidityDelta": "0"}]
{"poolManager":"0x8366a39cc670b4001a1121b8f6a443a643e40951","txHash":"0x322b1da590ad5d04bd60616f85acf6242dc2166726a4b4443c92ac161143771b"}	[{"salt": "596", "amount0": "0", "amount1": "1725725242208132977640", "ordinal": 0, "tickLower": 351000, "tickUpper": 357000, "liquidityDelta": "0"}]
{"poolManager":"0x8366a39cc670b4001a1121b8f6a443a643e40951","txHash":"0x23ba955698f2dd28f3de19a425af2bdf5d40fa354ed0db99c5e0d2c3278e5564"}	[{"salt": "603", "amount0": "276806003170", "amount1": "0", "ordinal": 0, "tickLower": -885600, "tickUpper": 885600, "liquidityDelta": "-10488"}]
{"poolManager":"0x8366a39cc670b4001a1121b8f6a443a643e40951","txHash":"0xbdc1c431a9d9c069fb819ae5d70a82a338a014d1ebc4884114242163aa272cef"}	[{"salt": "537", "amount0": "0", "amount1": "31836664880385625704010", "ordinal": 0, "tickLower": 145600, "tickUpper": 156800, "liquidityDelta": "0"}]
{"poolManager":"0x8366a39cc670b4001a1121b8f6a443a643e40951","txHash":"0x4735bbd99c41f87707034d168c95d563695c39601fdd23eb1a971f9f2096dd26"}	[{"salt": "596", "amount0": "24302157", "amount1": "49223946741968466532532", "ordinal": 0, "tickLower": 351000, "tickUpper": 357000, "liquidityDelta": "0"}]
{"poolManager":"0x8366a39cc670b4001a1121b8f6a443a643e40951","txHash":"0x81dbc4cbe3495693364415bd1aff1b30b2bbbe9ebbd19e5fb71c97399cf77fcd"}	[{"salt": "596", "amount0": "0", "amount1": "0", "ordinal": 0, "tickLower": 351000, "tickUpper": 357000, "liquidityDelta": "7856938834706515"}]
{"poolManager":"0x8366a39cc670b4001a1121b8f6a443a643e40951","txHash":"0xfe00ea28998b141f79fb02ac9447cf780bf8f05df8557cb8bb0fedc12edaa7eb"}	[{"salt": "606", "amount0": "50885484609990", "amount1": "254668216203371808357", "ordinal": 0, "tickLower": -884800, "tickUpper": 884800, "liquidityDelta": "38004338558383457170"}]
{"poolManager":"0x8366a39cc670b4001a1121b8f6a443a643e40951","txHash":"0xb95f81056bdcde18ba54a204b6af38035f6b051f9a7cdada8e8548be94b215a1"}	[{"salt": "533", "amount0": "0", "amount1": "133166895670241191717486", "ordinal": 0, "tickLower": 132000, "tickUpper": 151800, "liquidityDelta": "-1474704648238547348762"}]
{"poolManager":"0x8366a39cc670b4001a1121b8f6a443a643e40951","txHash":"0x856c7f8081aecd4e7269f6adc242bae359284a109052d83327400dc8deb96db1"}	[{"salt": "814", "amount0": "0", "amount1": "100714272132047711", "ordinal": 0, "tickLower": -884000, "tickUpper": 884000, "liquidityDelta": "0"}]
{"poolManager":"0x8366a39cc670b4001a1121b8f6a443a643e40951","txHash":"0xb2c164a87e71f9a3b02d1569aeabcf251a0832fbcd2a0d5cf6febfb51ea8bb36"}	[{"salt": "596", "amount0": "8186291", "amount1": "16405447185367783323967", "ordinal": 0, "tickLower": 351000, "tickUpper": 357000, "liquidityDelta": "-41959897565433939"}]
{"poolManager":"0x8366a39cc670b4001a1121b8f6a443a643e40951","txHash":"0x15deb248f04aff85ecad24c1edc4fcf5eb133013b8610ff49a712c393b9e1797"}	[{"salt": "605", "amount0": "3102510", "amount1": "5834838136737789587618", "ordinal": 0, "tickLower": 351000, "tickUpper": 354000, "liquidityDelta": "-4564073535567366"}]
{"poolManager":"0x8366a39cc670b4001a1121b8f6a443a643e40951","txHash":"0x7f1fcd8b33c39beed90aa853c6e4e786302883e9ab48201f07173361a51252ca"}	[{"salt": "612", "amount0": "0", "amount1": "0", "ordinal": 0, "tickLower": 353400, "tickUpper": 362400, "liquidityDelta": "11713996052661777"}]
{"poolManager":"0x8366a39cc670b4001a1121b8f6a443a643e40951","txHash":"0x36ba1ef7ae0e40c1b06ff3f5f8c2bfee1226fb19e65e2d1ee90e81b32486e54e"}	[{"salt": "612", "amount0": "0", "amount1": "0", "ordinal": 0, "tickLower": 353400, "tickUpper": 362400, "liquidityDelta": "52062204678496786"}]
{"poolManager":"0x8366a39cc670b4001a1121b8f6a443a643e40951","txHash":"0x57427c64bc729dba72054863d08070b8c9e35f3f6e44f0e056ac1e33a2e131c4"}	[{"salt": "612", "amount0": "0", "amount1": "0", "ordinal": 0, "tickLower": 353400, "tickUpper": 362400, "liquidityDelta": "65077755848120983"}]
{"poolManager":"0x8366a39cc670b4001a1121b8f6a443a643e40951","txHash":"0x0ceece5482324584decb1ef8ad373dcf31d948f1bf0e1adac4eee9c6d8bf22ca"}	[{"salt": "611", "amount0": "10628726", "amount1": "18979693302975201288250", "ordinal": 0, "tickLower": 353600, "tickUpper": 355200, "liquidityDelta": "0"}]
{"poolManager":"0x8366a39cc670b4001a1121b8f6a443a643e40951","txHash":"0x8201feb53de155b628bc1999c9e684bbb78a1bf84286f4a029890cb923c80e15"}	[{"salt": "611", "amount0": "5379289", "amount1": "0", "ordinal": 0, "tickLower": 353600, "tickUpper": 355200, "liquidityDelta": "32262898485020159"}]
{"poolManager":"0x8366a39cc670b4001a1121b8f6a443a643e40951","txHash":"0x3ba810a0b904dcc0f6b49fa5bd3320c70b2569808a5e2718029de2bfe47994ff"}	[{"salt": "612", "amount0": "3027111", "amount1": "7117384988615700483093", "ordinal": 0, "tickLower": 353400, "tickUpper": 362400, "liquidityDelta": "0"}]
{"poolManager":"0x8366a39cc670b4001a1121b8f6a443a643e40951","txHash":"0xc626bf79543db284e19560969d6b8a8794049e3f44e9635e1ac0a26bf140250d"}	[{"salt": "443", "amount0": "1371062905786484", "amount1": "15759773793750474", "ordinal": 0, "tickLower": -887000, "tickUpper": 887000, "liquidityDelta": "0"}]
{"poolManager":"0x8366a39cc670b4001a1121b8f6a443a643e40951","txHash":"0x4549016eaae50d740b6cc2fd8c0daa731f3261bc06cc6dde02dc9801edad4eaf"}	[{"salt": "615", "amount0": "0", "amount1": "12250906165979819", "ordinal": 0, "tickLower": 120900, "tickUpper": 134760, "liquidityDelta": "19243375966189160651"}]
{"poolManager":"0x8366a39cc670b4001a1121b8f6a443a643e40951","txHash":"0x058e845331c4ba63e2eb05f86a0ef6f774faa2042c89296fe80f8c4fdc9e601f"}	[{"salt": "611", "amount0": "3483984", "amount1": "0", "ordinal": 0, "tickLower": 353600, "tickUpper": 355200, "liquidityDelta": "-156495728332619566"}]
{"poolManager":"0x8366a39cc670b4001a1121b8f6a443a643e40951","txHash":"0xe06cb0dca7ecbd8bc74e3769f354aaac249205a1cc46e04cc967eef095c3b2c1"}	[{"salt": "422", "amount0": "0", "amount1": "9126841622860909197408", "ordinal": 0, "tickLower": -884400, "tickUpper": 884400, "liquidityDelta": "0"}]
{"poolManager":"0x8366a39cc670b4001a1121b8f6a443a643e40951","txHash":"0xf0ba79e749a9a31c87beeabace23796295b020def9bca7d01c47fb7a2d33bd7c"}	[{"salt": "422", "amount0": "0", "amount1": "0", "ordinal": 0, "tickLower": -884400, "tickUpper": 884400, "liquidityDelta": "-109484972004194680207"}]
{"poolManager":"0x8366a39cc670b4001a1121b8f6a443a643e40951","txHash":"0xe9c388d78d2525c8d10613143be27268b698bf7f4285551e6087441281c15735"}	[{"salt": "612", "amount0": "475170", "amount1": "935865716337938464473", "ordinal": 0, "tickLower": 353400, "tickUpper": 362400, "liquidityDelta": "-130155511696241965"}]
{"poolManager":"0x8366a39cc670b4001a1121b8f6a443a643e40951","txHash":"0xd04fc7065a6437276c3435e43763166d8d6b8b94789eaf0a7a9db6dba66f2047"}	[{"salt": "615", "amount0": "1130564220711", "amount1": "0", "ordinal": 0, "tickLower": 120900, "tickUpper": 134760, "liquidityDelta": "-19451570985914519020"}]
{"poolManager":"0x8366a39cc670b4001a1121b8f6a443a643e40951","txHash":"0x6bc29c665b466f5496304c5c59878f17a70051c133dd2908f3c2b91569a194d9"}	[{"salt": "621", "amount0": "0", "amount1": "0", "ordinal": 0, "tickLower": 351600, "tickUpper": 365400, "liquidityDelta": "-129663988698239448"}]
{"poolManager":"0x8366a39cc670b4001a1121b8f6a443a643e40951","txHash":"0x83b1d1efc420cd019970b89b898e1755e546260178914ded2f5acace7c1836de"}	[{"salt": "608", "amount0": "66680989139795904", "amount1": "0", "ordinal": 0, "tickLower": 128800, "tickUpper": 151200, "liquidityDelta": "0"}]
{"poolManager":"0x8366a39cc670b4001a1121b8f6a443a643e40951","txHash":"0x650528a18e042e24d88739698581a5b6c0ffb19a2120873e06bf077867c62e1a"}	[{"salt": "623", "amount0": "0", "amount1": "0", "ordinal": 0, "tickLower": -887272, "tickUpper": 887272, "liquidityDelta": "-100000154223379187156"}]
{"poolManager":"0x8366a39cc670b4001a1121b8f6a443a643e40951","txHash":"0x8f2086c9aa423b3dd605b37e31541ba08d496effc5e2ef7ad09e697efd980e11"}	[{"salt": "644", "amount0": "0", "amount1": "0", "ordinal": 0, "tickLower": -886400, "tickUpper": 886400, "liquidityDelta": "-94656652581831436086"}]
{"poolManager":"0x8366a39cc670b4001a1121b8f6a443a643e40951","txHash":"0x3c790b7f447da6dd8583a1b3651b8f962f8bc04d55e63618bfd688d67d4073d2"}	[{"salt": "368", "amount0": "3341988133820261", "amount1": "0", "ordinal": 0, "tickLower": -881400, "tickUpper": 881400, "liquidityDelta": "-23261916646342185955"}]
{"poolManager":"0x8366a39cc670b4001a1121b8f6a443a643e40951","txHash":"0x47856891b4da090faa8a10ea104cc4df68a90c03aeb4bdeafde03b43daee5999"}	[{"salt": "791", "amount0": "106244330302126", "amount1": "209944", "ordinal": 0, "tickLower": -201840, "tickUpper": -201630, "liquidityDelta": "-4255257764136386"}]
{"poolManager":"0x8366a39cc670b4001a1121b8f6a443a643e40951","txHash":"0x0c23038a4823aea228c89f477b1b807c8fdbe320792e1832326cf2424e8e4363"}	[{"salt": "714", "amount0": "5018319009056", "amount1": "15115", "ordinal": 0, "tickLower": -201880, "tickUpper": -201610, "liquidityDelta": "-179099791162357"}]
{"poolManager":"0x8366a39cc670b4001a1121b8f6a443a643e40951","txHash":"0x8c72a439833c6a6ac8329821eb30264988e12fe9b306ec469c9bf43cd2154042"}	[{"salt": "493", "amount0": "73824880133856", "amount1": "555189086533631225462", "ordinal": 0, "tickLower": 125400, "tickUpper": 165000, "liquidityDelta": "0"}]
{"poolManager":"0x8366a39cc670b4001a1121b8f6a443a643e40951","txHash":"0x0121e6fb7f347be53bbbe4d0bb41e735b60c1b6c8d566568993f8adfdd338c3b"}	[{"salt": "493", "amount0": "0", "amount1": "0", "ordinal": 0, "tickLower": 125400, "tickUpper": 165000, "liquidityDelta": "1903011203943116785"}]
{"poolManager":"0x8366a39cc670b4001a1121b8f6a443a643e40951","txHash":"0xa8147052324eac613c3431d07908406d702d1aa36d5a85677147da29e3b91b14"}	[{"salt": "622", "amount0": "4447017", "amount1": "7845405124212463670103", "ordinal": 0, "tickLower": 351000, "tickUpper": 365400, "liquidityDelta": "-122197629260294429"}]
{"poolManager":"0x8366a39cc670b4001a1121b8f6a443a643e40951","txHash":"0x484ddaae07d2416f7ce3fdfd530b07f6606c03b239a96c49fde99553b48f5325"}	[{"salt": "620", "amount0": "32158818", "amount1": "55164364449246980760653", "ordinal": 0, "tickLower": 350400, "tickUpper": 357600, "liquidityDelta": "0"}]
{"poolManager":"0x8366a39cc670b4001a1121b8f6a443a643e40951","txHash":"0xc7f77602e5a530039a3a9131c4b2b4d93d7bd00ee1a23ecabcbf5ce63b5ac29d"}	[{"salt": "616", "amount0": "0", "amount1": "0", "ordinal": 0, "tickLower": -202600, "tickUpper": -201800, "liquidityDelta": "160164398994727"}]
{"poolManager":"0x8366a39cc670b4001a1121b8f6a443a643e40951","txHash":"0x60aaa0d66d89c5606cd8f5d41bbcd36685a3f7c7fa389db86ddf4277aa4f3474"}	[{"salt": "624", "amount0": "534499", "amount1": "886155835367633574211", "ordinal": 0, "tickLower": 350400, "tickUpper": 365400, "liquidityDelta": "-115407080170895033"}]
{"poolManager":"0x8366a39cc670b4001a1121b8f6a443a643e40951","txHash":"0xc71f8d314f26a846258a4b21a6fc55700e8a0c6d271f0c7ed99c9947eb297ae2"}	[{"salt": "613", "amount0": "0", "amount1": "0", "ordinal": 0, "tickLower": 352440, "tickUpper": 360360, "liquidityDelta": "-137478114360992314"}]
{"poolManager":"0x8366a39cc670b4001a1121b8f6a443a643e40951","txHash":"0x08dd218469047c4fdd65f2a5d0da62e3704cff9b67ff80e2a75dbf606f8d4b13"}	[{"salt": "620", "amount0": "621898", "amount1": "1031056435750868879359", "ordinal": 0, "tickLower": 350400, "tickUpper": 357600, "liquidityDelta": "-134277976843714758"}]
{"poolManager":"0x8366a39cc670b4001a1121b8f6a443a643e40951","txHash":"0xa69742fbed2a02093a05fad7a433c6e570accd374e3214fa022eec376d556b2b"}	[{"salt": "627", "amount0": "0", "amount1": "0", "ordinal": 0, "tickLower": 349800, "tickUpper": 364200, "liquidityDelta": "76757089946292503"}]
{"poolManager":"0x8366a39cc670b4001a1121b8f6a443a643e40951","txHash":"0xd092220c76d34e3aa535a6f21aec3ea23599311175a24ad2cdc35b9d1dee3913"}	[{"salt": "627", "amount0": "0", "amount1": "0", "ordinal": 0, "tickLower": 349800, "tickUpper": 364200, "liquidityDelta": "-191892724865731258"}]
{"poolManager":"0x8366a39cc670b4001a1121b8f6a443a643e40951","txHash":"0xf360e5a3f4b5a4d9bf85581f3ed8f7425933ac97b52c4ca7110bc7dd5eec2786"}	[{"salt": "628", "amount0": "409181", "amount1": "22597105549173815734523", "ordinal": 0, "tickLower": 347652, "tickUpper": 357642, "liquidityDelta": "0"}]
{"poolManager":"0x8366a39cc670b4001a1121b8f6a443a643e40951","txHash":"0x950bbf970c1050df1b8ccf26914902b754ef6c801ef020c5c1ca4e3351331b68"}	[{"salt": "628", "amount0": "0", "amount1": "0", "ordinal": 0, "tickLower": 347652, "tickUpper": 357642, "liquidityDelta": "-125996549252346775"}]
{"poolManager":"0x8366a39cc670b4001a1121b8f6a443a643e40951","txHash":"0x75efd6221afe28a751c427f98a0c5b8413bf0f8713b5ba74de11bafb2bf74a5d"}	[{"salt": "632", "amount0": "0", "amount1": "0", "ordinal": 0, "tickLower": 348000, "tickUpper": 352800, "liquidityDelta": "-219366864613943627"}]
{"poolManager":"0x8366a39cc670b4001a1121b8f6a443a643e40951","txHash":"0x77a6f5bb0cf40cafb72f1866a3490d30e5fb73d3a723cb0feb8ae2fa4851e2d0"}	[{"salt": "608", "amount0": "44963696275548962", "amount1": "0", "ordinal": 0, "tickLower": 128800, "tickUpper": 151200, "liquidityDelta": "-1787728386010620323501"}]
{"poolManager":"0x8366a39cc670b4001a1121b8f6a443a643e40951","txHash":"0x3fbecb05605ff93232f3dcf0c17396ac800eb7d32300a0693602f47532acafc6"}	[{"salt": "60", "amount0": "146536186933596975", "amount1": "271267581", "ordinal": 0, "tickLower": -202600, "tickUpper": -202200, "liquidityDelta": "-10448854889744482"}]
{"poolManager":"0x8366a39cc670b4001a1121b8f6a443a643e40951","txHash":"0x54ac0dcbf547264d0d149a4abf4a6b889ae476eb14e9eb23a9830b22f2a49553"}	[{"salt": "634", "amount0": "0", "amount1": "0", "ordinal": 0, "tickLower": 151200, "tickUpper": 162400, "liquidityDelta": "-1924603132782426163687"}]
{"poolManager":"0x8366a39cc670b4001a1121b8f6a443a643e40951","txHash":"0xcf125c787a0adeadb53379faa9cc154c04ee3ba9abc37151d1ce941dc66c22ba"}	[{"salt": "630", "amount0": "50036046", "amount1": "104745125518446892375159", "ordinal": 0, "tickLower": 348000, "tickUpper": 361800, "liquidityDelta": "-180593607801240105"}]
{"poolManager":"0x8366a39cc670b4001a1121b8f6a443a643e40951","txHash":"0xf73bdf56cec32c02ad028b6aa088bbdca3db5a39489910cdd52aeb96e2bfa4e4"}	[{"salt": "637", "amount0": "11350912", "amount1": "23601418664831444241538", "ordinal": 0, "tickLower": 352200, "tickUpper": 368400, "liquidityDelta": "0"}]
{"poolManager":"0x8366a39cc670b4001a1121b8f6a443a643e40951","txHash":"0x499ed278e618b52b39acbaa1f04fbf1ee37b0eef84f53f20e0f21544001fd175"}	[{"salt": "637", "amount0": "0", "amount1": "0", "ordinal": 0, "tickLower": 352200, "tickUpper": 368400, "liquidityDelta": "-240035109957270867"}]
{"poolManager":"0x8366a39cc670b4001a1121b8f6a443a643e40951","txHash":"0x130f10d1542b13ba7673f1b15e3aae149d4d25af4a8c27225d16ff710ea28e93"}	[{"salt": "639", "amount0": "0", "amount1": "0", "ordinal": 0, "tickLower": 134400, "tickUpper": 151200, "liquidityDelta": "7332204809921023856"}]
{"poolManager":"0x8366a39cc670b4001a1121b8f6a443a643e40951","txHash":"0x453c99f2b8ed021adaa7c707bbf54dbf50c2030b5ce32d08e9d05e62336ef1de"}	[{"salt": "477", "amount0": "40564624582720581", "amount1": "61065784765492737582468", "ordinal": 0, "tickLower": -884800, "tickUpper": 884800, "liquidityDelta": "0"}]
{"poolManager":"0x8366a39cc670b4001a1121b8f6a443a643e40951","txHash":"0x449b07f7187a40629209ecaf0d63f6443e8e0e251a2f6a538c2f41a6cd843a5b"}	[{"salt": "641", "amount0": "0", "amount1": "0", "ordinal": 0, "tickLower": 350400, "tickUpper": 357000, "liquidityDelta": "129985697000153038"}]
{"poolManager":"0x8366a39cc670b4001a1121b8f6a443a643e40951","txHash":"0x1c4e12d04165c90049fd1a7310530453200441537af07ace8a35043bce0ebfc6"}	[{"salt": "642", "amount0": "0", "amount1": "0", "ordinal": 0, "tickLower": -886000, "tickUpper": 886000, "liquidityDelta": "222677312970452968488"}]
{"poolManager":"0x8366a39cc670b4001a1121b8f6a443a643e40951","txHash":"0x2cf55a53b497dd10cb28dfe24782f58d9c822d2e36dcb9c954d4b7a878e3bf3a"}	[{"salt": "633", "amount0": "124837136", "amount1": "227538846744171941545512", "ordinal": 0, "tickLower": 347160, "tickUpper": 353760, "liquidityDelta": "0"}]
{"poolManager":"0x8366a39cc670b4001a1121b8f6a443a643e40951","txHash":"0x597af70ee512b4ebe19dcafda340c8d25577af6d37e592bd512f69f3b6a76ca8"}	[{"salt": "619", "amount0": "18411603498013141", "amount1": "36669873951843993538523", "ordinal": 0, "tickLower": -884000, "tickUpper": 884000, "liquidityDelta": "0"}]
{"poolManager":"0x8366a39cc670b4001a1121b8f6a443a643e40951","txHash":"0xb6a179cfb993fc684034c8214b609bf3a907ca94fb5ee71cd3a5afe59fa19c0d"}	[{"salt": "631", "amount0": "0", "amount1": "0", "ordinal": 0, "tickLower": -874800, "tickUpper": 874800, "liquidityDelta": "-2000039800215763"}]
{"poolManager":"0x8366a39cc670b4001a1121b8f6a443a643e40951","txHash":"0xe08a7fa78317560f32cd2382ece318ebfeb4d29161207d32b7ffd4ab381b6547"}	[{"salt": "368", "amount0": "7027337808077304", "amount1": "98249459436319221267772", "ordinal": 0, "tickLower": -881400, "tickUpper": 881400, "liquidityDelta": "0"}]
{"poolManager":"0x8366a39cc670b4001a1121b8f6a443a643e40951","txHash":"0x01276efd405f05cee5e7f44daac0c30e1b2c0b217850b9a8edd879bec54c5c74"}	[{"salt": "633", "amount0": "44862592", "amount1": "51365601367641812668679", "ordinal": 0, "tickLower": 347160, "tickUpper": 353760, "liquidityDelta": "0"}]
{"poolManager":"0x8366a39cc670b4001a1121b8f6a443a643e40951","txHash":"0xd2eab5290fbfc4bb975b2d4e43714486e196586d91a63165f0cad2c0590fe723"}	[{"salt": "643", "amount0": "0", "amount1": "0", "ordinal": 0, "tickLower": 348480, "tickUpper": 349800, "liquidityDelta": "20416045253241660"}]
{"poolManager":"0x8366a39cc670b4001a1121b8f6a443a643e40951","txHash":"0x39a42ec2acd1fd892faea2eda70cf31208f93ef19334f8302ecf043215bcc1e3"}	[{"salt": "641", "amount0": "0", "amount1": "0", "ordinal": 0, "tickLower": 350400, "tickUpper": 357000, "liquidityDelta": "-144428552222392264"}]
{"poolManager":"0x8366a39cc670b4001a1121b8f6a443a643e40951","txHash":"0xd4c7fe56529d2956fbb0359aba181cc498a2d665f3ecb4546e97fe250de39375"}	[{"salt": "645", "amount0": "0", "amount1": "0", "ordinal": 0, "tickLower": 140000, "tickUpper": 151200, "liquidityDelta": "395690564577824694156"}]
{"poolManager":"0x8366a39cc670b4001a1121b8f6a443a643e40951","txHash":"0x791a171de2a65de4f38e5dabb254226fed13bb31f06cfa7772091f9e02f61a6a"}	[{"salt": "643", "amount0": "8900110", "amount1": "0", "ordinal": 0, "tickLower": 348480, "tickUpper": 349800, "liquidityDelta": "-150601378224660159"}]
{"poolManager":"0x8366a39cc670b4001a1121b8f6a443a643e40951","txHash":"0xe827f4b9871d796311841b9271ecd2b3a11779a7187cb20842f960972ed805b5"}	[{"salt": "633", "amount0": "21302760", "amount1": "9040550436003196235830", "ordinal": 0, "tickLower": 347160, "tickUpper": 353760, "liquidityDelta": "-159677682796390845"}]
{"poolManager":"0x8366a39cc670b4001a1121b8f6a443a643e40951","txHash":"0x49d9d96ee7db094fc766fa58da3821433d2555782c8e8d84d67f29682bf0a7e3"}	[{"salt": "619", "amount0": "269823495710641", "amount1": "0", "ordinal": 0, "tickLower": -884000, "tickUpper": 884000, "liquidityDelta": "0"}]
{"poolManager":"0x8366a39cc670b4001a1121b8f6a443a643e40951","txHash":"0x2acb04725782c3790cf8234079d804c1af83f5b982c170bc84f21935bff3954d"}	[{"salt": "619", "amount0": "0", "amount1": "0", "ordinal": 0, "tickLower": -884000, "tickUpper": 884000, "liquidityDelta": "-116180519689403776308"}]
{"poolManager":"0x8366a39cc670b4001a1121b8f6a443a643e40951","txHash":"0xb6b40a4fef47255949897a204a16ca51d1a3d4c6b3df2adab75b51d9f1269fc5"}	[{"salt": "651", "amount0": "0", "amount1": "0", "ordinal": 0, "tickLower": -885600, "tickUpper": 885600, "liquidityDelta": "-114226081398586557675"}]
{"poolManager":"0x8366a39cc670b4001a1121b8f6a443a643e40951","txHash":"0xca15f5d0e4224cdad439aaeb3c3d3993bc2fed0fe014c7f323cbc4fc4fa838e8"}	[{"salt": "646", "amount0": "633914524339700", "amount1": "0", "ordinal": 0, "tickLower": -884400, "tickUpper": 884400, "liquidityDelta": "0"}]
{"poolManager":"0x8366a39cc670b4001a1121b8f6a443a643e40951","txHash":"0xb6c6d126ad49ee3ad1966b773060e15812639d8c8d7aa544d364cbffdd9aece1"}	[{"salt": "649", "amount0": "178168576657", "amount1": "290", "ordinal": 0, "tickLower": -203480, "tickUpper": -200450, "liquidityDelta": "-1628563048792"}]
{"poolManager":"0x8366a39cc670b4001a1121b8f6a443a643e40951","txHash":"0x74f8875b261f7917444a50a9c425d5885d174bb4a3e326f8f0b6bd10aba7cf51"}	[{"salt": "359", "amount0": "79183077570074", "amount1": "353119073635255", "ordinal": 0, "tickLower": 10000, "tickUpper": 16000, "liquidityDelta": "0"}]
{"poolManager":"0x8366a39cc670b4001a1121b8f6a443a643e40951","txHash":"0x1ec359be8261b043b37d55ca8f9b4dd8eb015bd9e8716d346182969491db6e30"}	[{"salt": "358", "amount0": "40091487301470", "amount1": "70192", "ordinal": 0, "tickLower": -203190, "tickUpper": -200310, "liquidityDelta": "0"}]
{"poolManager":"0x8366a39cc670b4001a1121b8f6a443a643e40951","txHash":"0x0974b6fd1388d01cbfeaefe6a152e712d8d3750d02f4dada5ef9d50f3e2d5717"}	[{"salt": "645", "amount0": "13764829201431758", "amount1": "6931540500115370417089", "ordinal": 0, "tickLower": 140000, "tickUpper": 151200, "liquidityDelta": "0"}]
{"poolManager":"0x8366a39cc670b4001a1121b8f6a443a643e40951","txHash":"0x80e782c5cb98990c2303bc48e1453588da242ca4c8f32ddc44b67dd4fd094f2c"}	[{"salt": "477", "amount0": "9117034874748257", "amount1": "4591055620850604266074", "ordinal": 0, "tickLower": -884800, "tickUpper": 884800, "liquidityDelta": "0"}]
{"poolManager":"0x8366a39cc670b4001a1121b8f6a443a643e40951","txHash":"0xca4637f4fa1ec8aa83203a41b06125f215ecba025121e45e533812d31f46b0e6"}	[{"salt": "48", "amount0": "29239200917088650", "amount1": "62523105", "ordinal": 0, "tickLower": -202800, "tickUpper": -201600, "liquidityDelta": "96072139349476"}]
{"poolManager":"0x8366a39cc670b4001a1121b8f6a443a643e40951","txHash":"0xe59ce9b7b6b8130e9b90fd61360bb0567b472431412ae36d7199718ba83be543"}	[{"salt": "648", "amount0": "32425631", "amount1": "55080491218477586145184", "ordinal": 0, "tickLower": 348600, "tickUpper": 362400, "liquidityDelta": "0"}]
{"poolManager":"0x8366a39cc670b4001a1121b8f6a443a643e40951","txHash":"0x5f18179f70fdacc0407869d3a198d614e9af8e43ce7bde3aa44b67420050f3e8"}	[{"salt": "369", "amount0": "35155107099556", "amount1": "179793", "ordinal": 0, "tickLower": -202200, "tickUpper": -201600, "liquidityDelta": "-133693680137762"}]
{"poolManager":"0x8366a39cc670b4001a1121b8f6a443a643e40951","txHash":"0x392c8becc5eadcb72ee9438360060f00e7347c52dec2f0ff3c99fd09bbd6ba5f"}	[{"salt": "646", "amount0": "0", "amount1": "0", "ordinal": 0, "tickLower": -884400, "tickUpper": 884400, "liquidityDelta": "-736041403769359448162"}]
{"poolManager":"0x8366a39cc670b4001a1121b8f6a443a643e40951","txHash":"0xab6c235957a97363f94dda25a39716f93827bdb0b05428c1767e06d1c23cfd94"}	[{"salt": "371", "amount0": "699731441282659", "amount1": "1224561", "ordinal": 0, "tickLower": -203260, "tickUpper": -200600, "liquidityDelta": "0"}]
{"poolManager":"0x8366a39cc670b4001a1121b8f6a443a643e40951","txHash":"0x50ccaeaf3016946a7ca5ea284243cd878e297495215786eddb4f6b283c5a81c7"}	[{"salt": "652", "amount0": "3785977453863877", "amount1": "7974089559684292398811", "ordinal": 0, "tickLower": -884000, "tickUpper": 884000, "liquidityDelta": "0"}]
{"poolManager":"0x8366a39cc670b4001a1121b8f6a443a643e40951","txHash":"0x67cd9dccf2f7055dad8928a04561aa8b7476154c3edd8398fcd07d695f34772c"}	[{"salt": "382", "amount0": "3852574339385656", "amount1": "6662318", "ordinal": 0, "tickLower": -202250, "tickUpper": -201640, "liquidityDelta": "-792714604597227"}]
{"poolManager":"0x8366a39cc670b4001a1121b8f6a443a643e40951","txHash":"0x7a17e6f8de70dbf931e55a6f7b7131e2295f7451821c529a3f906ced40f286a9"}	[{"salt": "660", "amount0": "0", "amount1": "0", "ordinal": 0, "tickLower": -887216, "tickUpper": 887216, "liquidityDelta": "-27082481905"}]
{"poolManager":"0x8366a39cc670b4001a1121b8f6a443a643e40951","txHash":"0xe85519314087e0b26bce7dc4d00c118318cf6cbe720f50f14e1ef951b7936bf7"}	[{"salt": "647", "amount0": "104832405", "amount1": "132910680745515222468760", "ordinal": 0, "tickLower": 346200, "tickUpper": 357600, "liquidityDelta": "-69672139546422924"}]
{"poolManager":"0x8366a39cc670b4001a1121b8f6a443a643e40951","txHash":"0x26542471221002821b5f9f456f898d47d2cd1e842bcb89d45d767697af0479f0"}	[{"salt": "665", "amount0": "2805084371", "amount1": "20", "ordinal": 0, "tickLower": -202080, "tickUpper": -201480, "liquidityDelta": "780277853228981"}]
{"poolManager":"0x8366a39cc670b4001a1121b8f6a443a643e40951","txHash":"0xec4c0776ce30a6c2007989a891182e8d1297bf2881e7997aa93159c34d7b0192"}	[{"salt": "537", "amount0": "217267544523044509", "amount1": "199987017952152911503330", "ordinal": 0, "tickLower": 145600, "tickUpper": 156800, "liquidityDelta": "0"}]
{"poolManager":"0x8366a39cc670b4001a1121b8f6a443a643e40951","txHash":"0xf218a5391882174ec32656b5818f8d8d2a591d150c82c153eb8a2993f721e08a"}	[{"salt": "665", "amount0": "11139940437690", "amount1": "12768", "ordinal": 0, "tickLower": -202080, "tickUpper": -201480, "liquidityDelta": "35634183082472"}]
{"poolManager":"0x8366a39cc670b4001a1121b8f6a443a643e40951","txHash":"0xd716c5ff4ae7cd48e4d49fae01fc8aa27e36acc583a4a36c438a24e4cbaf6607"}	[{"salt": "358", "amount0": "653182351804", "amount1": "1366", "ordinal": 0, "tickLower": -203190, "tickUpper": -200310, "liquidityDelta": "6082731615347"}]
{"poolManager":"0x8366a39cc670b4001a1121b8f6a443a643e40951","txHash":"0xc8a0e8ec1ce47a9c60ad2b1eeaf0fc31b34c2a970079842566d6a17c20a31059"}	[{"salt": "537", "amount0": "0", "amount1": "31571494609970408230486", "ordinal": 0, "tickLower": 145600, "tickUpper": 156800, "liquidityDelta": "0"}]
{"poolManager":"0x8366a39cc670b4001a1121b8f6a443a643e40951","txHash":"0xe238a6ceee50a97cc76269d47581a1547184f90f7c7f57a82faf3d9832dd3819"}	[{"salt": "665", "amount0": "25631840934925", "amount1": "41779", "ordinal": 0, "tickLower": -202080, "tickUpper": -201480, "liquidityDelta": "-817523223252651"}]
{"poolManager":"0x8366a39cc670b4001a1121b8f6a443a643e40951","txHash":"0xf2284043ecfffea937a5367bb9c08061866b933fc99ab511498a2bb5b7b172f9"}	[{"salt": "661", "amount0": "3100353", "amount1": "5246021848342388889509", "ordinal": 0, "tickLower": 350400, "tickUpper": 356400, "liquidityDelta": "0"}]
{"poolManager":"0x8366a39cc670b4001a1121b8f6a443a643e40951","txHash":"0x5d433f3fcfc2c9dba68ded35847b69db2c5156ebe2e97bcd65bce8b4afbf0eb3"}	[{"salt": "671", "amount0": "0", "amount1": "129", "ordinal": 0, "tickLower": -203150, "tickUpper": -197100, "liquidityDelta": "685274398847"}]
{"poolManager":"0x8366a39cc670b4001a1121b8f6a443a643e40951","txHash":"0x2912490ac44e695fc7c7cf5f6eba7de0886abe828aa733c459784fd9de41dec5"}	[{"salt": "648", "amount0": "48286573", "amount1": "63190068524259347870396", "ordinal": 0, "tickLower": 348600, "tickUpper": 362400, "liquidityDelta": "0"}]
{"poolManager":"0x8366a39cc670b4001a1121b8f6a443a643e40951","txHash":"0x902d162ea69cee5648281826082ec4a7b7ce0739f575e6ba8b02d374a8968623"}	[{"salt": "661", "amount0": "0", "amount1": "0", "ordinal": 0, "tickLower": 350400, "tickUpper": 356400, "liquidityDelta": "-155704822405324921"}]
{"poolManager":"0x8366a39cc670b4001a1121b8f6a443a643e40951","txHash":"0xfebf7d7486b6c87f8ad0715385e7492f6eb4a16bf100998b1056a6fdbb064605"}	[{"salt": "432", "amount0": "1865506913517281", "amount1": "3297271", "ordinal": 0, "tickLower": -202130, "tickUpper": -201720, "liquidityDelta": "-584618035720177"}]
{"poolManager":"0x8366a39cc670b4001a1121b8f6a443a643e40951","txHash":"0xf920c88a35d920cec2f3440f662755f1c8dce1acc093bf89e8b462df5c762ec9"}	[{"salt": "673", "amount0": "14474668", "amount1": "113", "ordinal": 0, "tickLower": -203350, "tickUpper": -200330, "liquidityDelta": "-8487068258095"}]
{"poolManager":"0x8366a39cc670b4001a1121b8f6a443a643e40951","txHash":"0xe26a4e7466fbcb4a0846610ef537fcd3c381ecd7957cebe4c965d0cdcf58c6a3"}	[{"salt": "392", "amount0": "176481909154804", "amount1": "308279", "ordinal": 0, "tickLower": -202150, "tickUpper": -201740, "liquidityDelta": "-36391617964544"}]
{"poolManager":"0x8366a39cc670b4001a1121b8f6a443a643e40951","txHash":"0xff32b1cf9013c5c30a69b2de28c79fb73f19e693c20b2e450f2afe28aba58b3e"}	[{"salt": "663", "amount0": "164536844117841", "amount1": "370432", "ordinal": 0, "tickLower": -202230, "tickUpper": -201087, "liquidityDelta": "-772164398071815"}]
{"poolManager":"0x8366a39cc670b4001a1121b8f6a443a643e40951","txHash":"0x55ab31f5aa60f3324a1a4f4bf1b35a91a220235f6485411f666d135419fc79cb"}	[{"salt": "670", "amount0": "0", "amount1": "0", "ordinal": 0, "tickLower": -340000, "tickUpper": -334000, "liquidityDelta": "-689873381947416"}]
{"poolManager":"0x8366a39cc670b4001a1121b8f6a443a643e40951","txHash":"0x4bf0f47818e42e8671e7cdcfa8a54089ad33ff739aaa3c8e169ac02fb9d6737a"}	[{"salt": "652", "amount0": "6783433140366766", "amount1": "12327092741979858139213", "ordinal": 0, "tickLower": -884000, "tickUpper": 884000, "liquidityDelta": "0"}]
{"poolManager":"0x8366a39cc670b4001a1121b8f6a443a643e40951","txHash":"0x533c42e84b81486e5889bc005ab1e3652bee617af91f11a3035551a2fa8ef26b"}	[{"salt": "606", "amount0": "9415591898239366", "amount1": "12022963533891547524708", "ordinal": 0, "tickLower": -884800, "tickUpper": 884800, "liquidityDelta": "0"}]
{"poolManager":"0x8366a39cc670b4001a1121b8f6a443a643e40951","txHash":"0x6b89e4091ea521202dd1174df8df615ca10d167ed14e109aff6eb23db9d822ce"}	[{"salt": "679", "amount0": "538170500563", "amount1": "831", "ordinal": 0, "tickLower": -203330, "tickUpper": -200280, "liquidityDelta": "-22701681167870"}]
{"poolManager":"0x8366a39cc670b4001a1121b8f6a443a643e40951","txHash":"0x0e4ce128199122bd520e66c5346404a492708ac0e23e52f30dd8923e3b86e2b4"}	[{"salt": "639", "amount0": "3672587584493625", "amount1": "3151695854957557353015", "ordinal": 0, "tickLower": 134400, "tickUpper": 151200, "liquidityDelta": "0"}]
{"poolManager":"0x8366a39cc670b4001a1121b8f6a443a643e40951","txHash":"0x10fde22589ffeb216bbd4dccf4027a050d10fc423b17776d3cbd94bea4fe1de5"}	[{"salt": "639", "amount0": "0", "amount1": "0", "ordinal": 0, "tickLower": 134400, "tickUpper": 151200, "liquidityDelta": "0"}]
{"poolManager":"0x8366a39cc670b4001a1121b8f6a443a643e40951","txHash":"0x74e2a1f286acd3473c4b3907789313f1cdfa25ab89caa5abfe8275b2e02ccf32"}	[{"salt": "639", "amount0": "0", "amount1": "0", "ordinal": 0, "tickLower": 134400, "tickUpper": 151200, "liquidityDelta": "0"}]
{"poolManager":"0x8366a39cc670b4001a1121b8f6a443a643e40951","txHash":"0x8370da38a1f5a27b8c277f603df925a242227d190294f3ab1cb3aca6e0bb143c"}	[{"salt": "477", "amount0": "18633012995249433", "amount1": "19223137733180575435900", "ordinal": 0, "tickLower": -884800, "tickUpper": 884800, "liquidityDelta": "0"}]
{"poolManager":"0x8366a39cc670b4001a1121b8f6a443a643e40951","txHash":"0x7354656389515f351424d4fc79b14f84714df68a306d4c11486c8caa101f46b6"}	[{"salt": "645", "amount0": "28131979849945331", "amount1": "29022945644938645392767", "ordinal": 0, "tickLower": 140000, "tickUpper": 151200, "liquidityDelta": "0"}]
{"poolManager":"0x8366a39cc670b4001a1121b8f6a443a643e40951","txHash":"0xeebc200f86c136378ef5316387c6f3f53d2c3bcf81a5be5e59d0db6039ca4f5b"}	[{"salt": "639", "amount0": "0", "amount1": "0", "ordinal": 0, "tickLower": 134400, "tickUpper": 151200, "liquidityDelta": "44438677823130857927"}]
{"poolManager":"0x8366a39cc670b4001a1121b8f6a443a643e40951","txHash":"0x169f930052c1a8f3b1b40b7781c8122d9b3b5e615c759ce20d3c766b529f4c2b"}	[{"salt": "477", "amount0": "0", "amount1": "0", "ordinal": 0, "tickLower": -884800, "tickUpper": 884800, "liquidityDelta": "-343116873209840324082"}]
{"poolManager":"0x8366a39cc670b4001a1121b8f6a443a643e40951","txHash":"0xd9468acbe489c783278f88671aed540a4a54cc8da026ad2df79cca61d1bb8da8"}	[{"salt": "645", "amount0": "0", "amount1": "0", "ordinal": 0, "tickLower": 140000, "tickUpper": 151200, "liquidityDelta": "-518035218768775398678"}]
{"poolManager":"0x8366a39cc670b4001a1121b8f6a443a643e40951","txHash":"0x7e58cb926679ed4603b7032085b51f85977bd62819895d9c689fcc5ce4ffca6c"}	[{"salt": "537", "amount0": "14603040062427785", "amount1": "0", "ordinal": 0, "tickLower": 145600, "tickUpper": 156800, "liquidityDelta": "0"}]
{"poolManager":"0x8366a39cc670b4001a1121b8f6a443a643e40951","txHash":"0x38f092f40eef726f3d343c387a3d40a2689db8f2c27a83ae6f41a34b9e558dbc"}	[{"salt": "688", "amount0": "92608034228", "amount1": "163", "ordinal": 0, "tickLower": -203220, "tickUpper": -200480, "liquidityDelta": "2062234556938"}]
{"poolManager":"0x8366a39cc670b4001a1121b8f6a443a643e40951","txHash":"0x0fff0f99bc37c80f1c3b75ab7af5b7eec15b1ad09c88b1013fbaae0a0015e2cb"}	[{"salt": "666", "amount0": "85262242547374", "amount1": "0", "ordinal": 0, "tickLower": -884400, "tickUpper": 884400, "liquidityDelta": "0"}]
{"poolManager":"0x8366a39cc670b4001a1121b8f6a443a643e40951","txHash":"0x0ebd4b3268c086302a3b264556698d8edd5c097f734b6e4a65a400a5537ffd63"}	[{"salt": "652", "amount0": "2296014571969171", "amount1": "4363331924392717012811", "ordinal": 0, "tickLower": -884000, "tickUpper": 884000, "liquidityDelta": "0"}]
{"poolManager":"0x8366a39cc670b4001a1121b8f6a443a643e40951","txHash":"0xa9c26e27e8776931c3383adca8db885493cae22e9b3fd05830d8e6dffecbcc94"}	[{"salt": "688", "amount0": "0", "amount1": "0", "ordinal": 0, "tickLower": -203220, "tickUpper": -200480, "liquidityDelta": "1034874436079"}]
{"poolManager":"0x8366a39cc670b4001a1121b8f6a443a643e40951","txHash":"0x51a138bd6dfd73f49133e2d5ac5b4c49c45469cc0b0954b62983e067f23a1d3c"}	[{"salt": "119", "amount0": "996748730006169", "amount1": "2596137", "ordinal": 0, "tickLower": -203200, "tickUpper": -202000, "liquidityDelta": "-107233831347617"}]
{"poolManager":"0x8366a39cc670b4001a1121b8f6a443a643e40951","txHash":"0x7a287b2396c778238148a36a1962c318b7ca445f4834b5fb704a0f22192df36e"}	[{"salt": "245", "amount0": "285357743580681", "amount1": "1838575", "ordinal": 0, "tickLower": -203000, "tickUpper": -201800, "liquidityDelta": "-122166539039480"}]
{"poolManager":"0x8366a39cc670b4001a1121b8f6a443a643e40951","txHash":"0x6c36db0984d17727c8e7cbd96b015f8a2c347795da92487b666c098db3dfde22"}	[{"salt": "699", "amount0": "0", "amount1": "0", "ordinal": 0, "tickLower": -885000, "tickUpper": 885000, "liquidityDelta": "-2364030746888191578968"}]
{"poolManager":"0x8366a39cc670b4001a1121b8f6a443a643e40951","txHash":"0x28329da8b85b1b8caa8f570d4caf9c6b591798f1f89e12f00be5b8a86c88cf26"}	[{"salt": "218", "amount0": "2858895936927538", "amount1": "33233818044003560532380", "ordinal": 0, "tickLower": 153200, "tickUpper": 167600, "liquidityDelta": "-275893629219906305470"}]
{"poolManager":"0x8366a39cc670b4001a1121b8f6a443a643e40951","txHash":"0xfc28f86c262c8cf6abd72c8d972f5ac7fcf5d8aca21ea013462167b0482d23be"}	[{"salt": "685", "amount0": "23729790", "amount1": "25129828767726996830409", "ordinal": 0, "tickLower": 342000, "tickUpper": 348600, "liquidityDelta": "0"}]
{"poolManager":"0x8366a39cc670b4001a1121b8f6a443a643e40951","txHash":"0x8422b1f831b8e836f8672dccf57ef115e9a5dd133a948b710794cb1fa3b92441"}	[{"salt": "701", "amount0": "6335999999999999", "amount1": "931584369578906292", "ordinal": 0, "tickLower": -883200, "tickUpper": 883200, "liquidityDelta": "0"}]
{"poolManager":"0x8366a39cc670b4001a1121b8f6a443a643e40951","txHash":"0x542f0a5a3b8d48970036acd7f97109852059b534b07f74ebc0609ca9a69d5601"}	[{"salt": "701", "amount0": "0", "amount1": "0", "ordinal": 0, "tickLower": -883200, "tickUpper": 883200, "liquidityDelta": "27665615403198314"}]
{"poolManager":"0x8366a39cc670b4001a1121b8f6a443a643e40951","txHash":"0xe74a1d500b62e12d0469ea9bc1588a2f23a2ee438dd40f742d3b156b2e7df1cc"}	[{"salt": "703", "amount0": "0", "amount1": "596160689989883", "ordinal": 0, "tickLower": 15000, "tickUpper": 16000, "liquidityDelta": "3395448506861936768"}]
{"poolManager":"0x8366a39cc670b4001a1121b8f6a443a643e40951","txHash":"0x6e062eecf64ea9f0a5a035adae6bf4599c24889b22ec9dcf1b3c1640a8ab28fd"}	[{"salt": "703", "amount0": "13865983461505", "amount1": "0", "ordinal": 0, "tickLower": 15000, "tickUpper": 16000, "liquidityDelta": "857509840722717278"}]
{"poolManager":"0x8366a39cc670b4001a1121b8f6a443a643e40951","txHash":"0x7427efd26dc9e80964f45d4e02cfdc38a32615cf11a96613700c2ed6aa031a91"}	[{"salt": "685", "amount0": "791531", "amount1": "14339852119549946241", "ordinal": 0, "tickLower": 342000, "tickUpper": 348600, "liquidityDelta": "3440783173555435"}]
{"poolManager":"0x8366a39cc670b4001a1121b8f6a443a643e40951","txHash":"0x5dcfd6c99fbdf0f279def316f7c4e20ea9ec79f39d78752efeaefecd726f9016"}	[{"salt": "705", "amount0": "0", "amount1": "0", "ordinal": 0, "tickLower": 140800, "tickUpper": 179200, "liquidityDelta": "-137227272018936606367"}]
{"poolManager":"0x8366a39cc670b4001a1121b8f6a443a643e40951","txHash":"0xae6a4725b1ad901398ab0cd36c877e51f1c02184aa4f760453940e6371445d05"}	[{"salt": "409", "amount0": "9442988758268782", "amount1": "16824650", "ordinal": 0, "tickLower": -203190, "tickUpper": -200820, "liquidityDelta": "-3075178066787631"}]
{"poolManager":"0x8366a39cc670b4001a1121b8f6a443a643e40951","txHash":"0xc0b1e53b4b1441a9267d8158683acd187a0ca705a25ce329176d5710ff78b56c"}	[{"salt": "707", "amount0": "0", "amount1": "0", "ordinal": 0, "tickLower": -883200, "tickUpper": 883200, "liquidityDelta": "-375916601944425970660"}]
{"poolManager":"0x8366a39cc670b4001a1121b8f6a443a643e40951","txHash":"0x4a7a9ed913c2f4333330a9fc55fb1250c46b18636bccab3106cadcc1ea70f4a6"}	[{"salt": "706", "amount0": "520103998992", "amount1": "3380437616531761274493", "ordinal": 0, "tickLower": -887272, "tickUpper": 887272, "liquidityDelta": "-408258753276035264149"}]
{"poolManager":"0x8366a39cc670b4001a1121b8f6a443a643e40951","txHash":"0x12f977c8f66b2405303f78156a7c04e13922cfb568019e1968e1e95107b7e5fb"}	[{"salt": "700", "amount0": "0", "amount1": "0", "ordinal": 0, "tickLower": 348600, "tickUpper": 360600, "liquidityDelta": "-82230383139393439"}]
{"poolManager":"0x8366a39cc670b4001a1121b8f6a443a643e40951","txHash":"0x82201b34b8b61075977cd8530637e35f5bf3adc7356fc0411eb6c53927fdd3e1"}	[{"salt": "675", "amount0": "83936052", "amount1": "109973250775661930090017", "ordinal": 0, "tickLower": 346800, "tickUpper": 358800, "liquidityDelta": "0"}]
{"poolManager":"0x8366a39cc670b4001a1121b8f6a443a643e40951","txHash":"0xf3389978b487fd73ac74de1439fb2c06890a8c597557ae73f999c3b79fbd2ef0"}	[{"salt": "648", "amount0": "4263717", "amount1": "5734237283958611219916", "ordinal": 0, "tickLower": 348600, "tickUpper": 362400, "liquidityDelta": "-111655933704225250"}]
{"poolManager":"0x8366a39cc670b4001a1121b8f6a443a643e40951","txHash":"0xb7df3c1530652e2653d4e904886d27abf4686c492f2657479cbe68623a24e352"}	[{"salt": "672", "amount0": "0", "amount1": "0", "ordinal": 0, "tickLower": 349200, "tickUpper": 357000, "liquidityDelta": "-118475100418514790"}]
{"poolManager":"0x8366a39cc670b4001a1121b8f6a443a643e40951","txHash":"0xd9bd9a2b92086255be187779054fbf5a085b75af7394295cf14c665bc015322b"}	[{"salt": "710", "amount0": "0", "amount1": "0", "ordinal": 0, "tickLower": 348000, "tickUpper": 361200, "liquidityDelta": "-111782026781375694"}]
{"poolManager":"0x8366a39cc670b4001a1121b8f6a443a643e40951","txHash":"0xe156b2f5e3f03a44be2a4938569863cb25d5fa6a816f04079b9ed86f4adc75ee"}	[{"salt": "550", "amount0": "167493098643282", "amount1": "413", "ordinal": 0, "tickLower": -276341, "tickUpper": -276335, "liquidityDelta": "95697104456181813"}]
{"poolManager":"0x8366a39cc670b4001a1121b8f6a443a643e40951","txHash":"0x1bf42815b87e54360fadb41ea948be80aae57618b074fb44b78c68badc3605ea"}	[{"salt": "652", "amount0": "0", "amount1": "233726321758177178799", "ordinal": 0, "tickLower": -884000, "tickUpper": 884000, "liquidityDelta": "0"}]
{"poolManager":"0x8366a39cc670b4001a1121b8f6a443a643e40951","txHash":"0xde5c56bcfa5bd7936d07193c69708e1289ee86f077232871fd7835a939840220"}	[{"salt": "652", "amount0": "0", "amount1": "0", "ordinal": 0, "tickLower": -884000, "tickUpper": 884000, "liquidityDelta": "-116180519689403775075"}]
{"poolManager":"0x8366a39cc670b4001a1121b8f6a443a643e40951","txHash":"0x412abb3429bbeadafe7cc5ab6de30b118b058c61be105d586e707acba7a84164"}	[{"salt": "550", "amount0": "563775059335", "amount1": "4", "ordinal": 0, "tickLower": -276341, "tickUpper": -276335, "liquidityDelta": "239474529097309287"}]
{"poolManager":"0x8366a39cc670b4001a1121b8f6a443a643e40951","txHash":"0x4020f22a88b0814bb607de0f2063186290bffa16efa13bf56d97f1f9264d3ebe"}	[{"salt": "709", "amount0": "5359017", "amount1": "6844992148205045166755", "ordinal": 0, "tickLower": 347400, "tickUpper": 359400, "liquidityDelta": "-77441890733561474"}]
{"poolManager":"0x8366a39cc670b4001a1121b8f6a443a643e40951","txHash":"0xbd43249235c899846f6b72d94cd1a2d6472deb4b0cf375f20ef82042f6cbbc70"}	[{"salt": "713", "amount0": "0", "amount1": "0", "ordinal": 0, "tickLower": -886800, "tickUpper": 886800, "liquidityDelta": "-126599878540508956330"}]
{"poolManager":"0x8366a39cc670b4001a1121b8f6a443a643e40951","txHash":"0x6c602d6402b7bd21baff0ddc164ee461b897a61d390f9ca4c25c60673abb24cf"}	[{"salt": "715", "amount0": "0", "amount1": "0", "ordinal": 0, "tickLower": 346800, "tickUpper": 358800, "liquidityDelta": "-150306499388423159"}]
{"poolManager":"0x8366a39cc670b4001a1121b8f6a443a643e40951","txHash":"0xa12618faa335dfddcc79bded81eafd2f1f05268cebcc662fce55a92eea31e47b"}	[{"salt": "685", "amount0": "30874197", "amount1": "29758205980339894829600", "ordinal": 0, "tickLower": 342000, "tickUpper": 348600, "liquidityDelta": "0"}]
{"poolManager":"0x8366a39cc670b4001a1121b8f6a443a643e40951","txHash":"0x39a54ef8ddc82533e85032d815668596dfc366ae77f8d18a66d6bde61837b03d"}	[{"salt": "490", "amount0": "19624135124086831", "amount1": "34810030", "ordinal": 0, "tickLower": -202480, "tickUpper": -201530, "liquidityDelta": "-5986667860883758"}]
{"poolManager":"0x8366a39cc670b4001a1121b8f6a443a643e40951","txHash":"0x8fa3151fcaf5c6ce3663c9513f66ab3640e6362fa66bb962e7fc8bcbf93a7485"}	[{"salt": "639", "amount0": "0", "amount1": "1313896546092246634037", "ordinal": 0, "tickLower": 134400, "tickUpper": 151200, "liquidityDelta": "-89848573131568674825"}]
{"poolManager":"0x8366a39cc670b4001a1121b8f6a443a643e40951","txHash":"0xf6150d9a341dc67f8fb728df86f58b5ef6a71ada4da1833470e7fe2523357636"}	[{"salt": "67", "amount0": "109933036344577327", "amount1": "183895859", "ordinal": 0, "tickLower": -202640, "tickUpper": -202120, "liquidityDelta": "0"}]
{"poolManager":"0x8366a39cc670b4001a1121b8f6a443a643e40951","txHash":"0x9482342fd82b7a295f9795f6ab88cb80e2406b1c9024c7fa4e358d3ac744b733"}	[{"salt": "712", "amount0": "57878279", "amount1": "71446128582605004811645", "ordinal": 0, "tickLower": 345600, "tickUpper": 358800, "liquidityDelta": "0"}]
{"poolManager":"0x8366a39cc670b4001a1121b8f6a443a643e40951","txHash":"0x7b80ea8ff34138d2c79034bc2c1f9f6e6f8389ba2095e5a7a5746064c5b7eada"}	[{"salt": "719", "amount0": "0", "amount1": "0", "ordinal": 0, "tickLower": 346800, "tickUpper": 360600, "liquidityDelta": "-102046299009569129"}]
{"poolManager":"0x8366a39cc670b4001a1121b8f6a443a643e40951","txHash":"0xc2b5ce9e188b34586171c1a77238d5683fcf08a1b0933fc6fbd704543d5e0b15"}	[{"salt": "720", "amount0": "393457", "amount1": "29805911633187261474", "ordinal": 0, "tickLower": 340200, "tickUpper": 354000, "liquidityDelta": "25332797224082936"}]
{"poolManager":"0x8366a39cc670b4001a1121b8f6a443a643e40951","txHash":"0xcf38f44247c2422aaddea456fafe54d2a28fcdb42564b29efa8e370a6c0b73f6"}	[{"salt": "711", "amount0": "4080524", "amount1": "5059623545974573659074", "ordinal": 0, "tickLower": 347400, "tickUpper": 357000, "liquidityDelta": "0"}]
{"poolManager":"0x8366a39cc670b4001a1121b8f6a443a643e40951","txHash":"0xe3644920151693dbc109edc727ee1a91428b5c3d99882567e53f61a4d48f7c5c"}	[{"salt": "685", "amount0": "31905678", "amount1": "35980487294701374823633", "ordinal": 0, "tickLower": 342000, "tickUpper": 348600, "liquidityDelta": "0"}]
{"poolManager":"0x8366a39cc670b4001a1121b8f6a443a643e40951","txHash":"0x774a58f0b1daf1ef0c7bd75b897e6fc6f3c572ebcdfd065dcb7a10a2c2bbb0c5"}	[{"salt": "685", "amount0": "0", "amount1": "0", "ordinal": 0, "tickLower": 342000, "tickUpper": 348600, "liquidityDelta": "6668780932062504"}]
{"poolManager":"0x8366a39cc670b4001a1121b8f6a443a643e40951","txHash":"0x6055a37baef42f664701ff733ffe63ef1d3d82a148f79578830110aa7200c26e"}	[{"salt": "717", "amount0": "48215165", "amount1": "56203274246649967631710", "ordinal": 0, "tickLower": 346200, "tickUpper": 358200, "liquidityDelta": "-145864489776792065"}]
{"poolManager":"0x8366a39cc670b4001a1121b8f6a443a643e40951","txHash":"0xd655a429308577ee6a1c5f2f9801a8033f6442c977a30c9efd2b8965eb222d99"}	[{"salt": "640", "amount0": "16376067", "amount1": "24686696867272424711", "ordinal": 0, "tickLower": 278520, "tickUpper": 283860, "liquidityDelta": "0"}]
{"poolManager":"0x8366a39cc670b4001a1121b8f6a443a643e40951","txHash":"0xfdf7f1b748fb0adaf366f48b9c1153f7391f02741247d25046f37586fb8e0108"}	[{"salt": "723", "amount0": "0", "amount1": "0", "ordinal": 0, "tickLower": 346800, "tickUpper": 355800, "liquidityDelta": "-187146860482690043"}]
{"poolManager":"0x8366a39cc670b4001a1121b8f6a443a643e40951","txHash":"0x46ff6e202d5905cd0cc084bf343e3fe8c00340b90b70dda7d6173fa471e4bb55"}	[{"salt": "726", "amount0": "0", "amount1": "0", "ordinal": 0, "tickLower": 345600, "tickUpper": 354600, "liquidityDelta": "-176248804484610378"}]
{"poolManager":"0x8366a39cc670b4001a1121b8f6a443a643e40951","txHash":"0x864f7aa5b87bfb0f5facdcf641852b1b45eaf0f928ab00ee3a831aba0d7abfe9"}	[{"salt": "722", "amount0": "1967815", "amount1": "1560702033353143047614", "ordinal": 0, "tickLower": 336600, "tickUpper": 353400, "liquidityDelta": "1576500501207785"}]
{"poolManager":"0x8366a39cc670b4001a1121b8f6a443a643e40951","txHash":"0xa40e5f4ca96417ed58737558ff8734b3b6796c0d3debd1d96e08db2321f8ac42"}	[{"salt": "711", "amount0": "0", "amount1": "0", "ordinal": 0, "tickLower": 347400, "tickUpper": 357000, "liquidityDelta": "-91726734065611874"}]
{"poolManager":"0x8366a39cc670b4001a1121b8f6a443a643e40951","txHash":"0xa95dc949d995166e11de991a2edfe7c9aa12beae97888dd8643d1e7c4fb71de3"}	[{"salt": "685", "amount0": "32956931", "amount1": "28578157713142541134601", "ordinal": 0, "tickLower": 342000, "tickUpper": 348600, "liquidityDelta": "0"}]
{"poolManager":"0x8366a39cc670b4001a1121b8f6a443a643e40951","txHash":"0x0fbc0210970db688485c76b0bffacd70d38034a04bc9b27f3411cfebce029d4f"}	[{"salt": "718", "amount0": "2617059", "amount1": "2272069236325362337725", "ordinal": 0, "tickLower": 341400, "tickUpper": 345600, "liquidityDelta": "5414475939868686"}]
{"poolManager":"0x8366a39cc670b4001a1121b8f6a443a643e40951","txHash":"0x8a7fa87fdc11b41358a26ff0b751170bc8eb939b7a4b8f35560fbae9bb475d17"}	[{"salt": "718", "amount0": "0", "amount1": "0", "ordinal": 0, "tickLower": 341400, "tickUpper": 345600, "liquidityDelta": "430471130528169"}]
{"poolManager":"0x8366a39cc670b4001a1121b8f6a443a643e40951","txHash":"0x076e5d8cf7833833fd21b69721ef06b9b0e60c9a1e6e07fda11aaa8e2f77e312"}	[{"salt": "704", "amount0": "1368681635647379", "amount1": "0", "ordinal": 0, "tickLower": -883200, "tickUpper": 883200, "liquidityDelta": "-81040968964868763346"}]
{"poolManager":"0x8366a39cc670b4001a1121b8f6a443a643e40951","txHash":"0xede61ad017725388c2da1689205ef3a6c9cad30e68713c08dfd51d1da1d24e15"}	[{"salt": "728", "amount0": "0", "amount1": "0", "ordinal": 0, "tickLower": 346800, "tickUpper": 354600, "liquidityDelta": "-106007913951336199"}]
{"poolManager":"0x8366a39cc670b4001a1121b8f6a443a643e40951","txHash":"0x04925e8148ea9bc3e61cecabcab5af675859c0e0bf19b77bc1bfa7bb3312bad6"}	[{"salt": "718", "amount0": "118722", "amount1": "0", "ordinal": 0, "tickLower": 341400, "tickUpper": 345600, "liquidityDelta": "70767824070128101"}]
{"poolManager":"0x8366a39cc670b4001a1121b8f6a443a643e40951","txHash":"0xf8ad7e78183a7ccfff30e1564282a9c52b6c175eb30da2f7a9a36f0b5d529db1"}	[{"salt": "712", "amount0": "11611799", "amount1": "6736422427096238685778", "ordinal": 0, "tickLower": 345600, "tickUpper": 358800, "liquidityDelta": "-132189811763708499"}]
{"poolManager":"0x8366a39cc670b4001a1121b8f6a443a643e40951","txHash":"0xc80406c84a6bc88732170ceba613977819e5b4e994751baf8c1b82bb448bece5"}	[{"salt": "685", "amount0": "12716694", "amount1": "9605878149308389800510", "ordinal": 0, "tickLower": 342000, "tickUpper": 348600, "liquidityDelta": "0"}]
{"poolManager":"0x8366a39cc670b4001a1121b8f6a443a643e40951","txHash":"0x322c1a86a0a7f86176a748808529d2a6c3911ca711d0c466445850283020a174"}	[{"salt": "718", "amount0": "13712183", "amount1": "11036935885908379072920", "ordinal": 0, "tickLower": 341400, "tickUpper": 345600, "liquidityDelta": "9337478878424250"}]
{"poolManager":"0x8366a39cc670b4001a1121b8f6a443a643e40951","txHash":"0x4bb31bb33522605a34b5cc1f5f6198d9f5d91c2f54549a2333c5cc1508de2d7a"}	[{"salt": "725", "amount0": "6126635", "amount1": "6539481894387512717655", "ordinal": 0, "tickLower": 345600, "tickUpper": 357600, "liquidityDelta": "-141553754923538737"}]
{"poolManager":"0x8366a39cc670b4001a1121b8f6a443a643e40951","txHash":"0xff4b5ad24b3fdbd31b456f3962d5419fb35b1cccdcfc2825d0a443c770b2962c"}	[{"salt": "795", "amount0": "231063217218", "amount1": "280", "ordinal": 0, "tickLower": -202528, "tickUpper": -200304, "liquidityDelta": "697161222351949"}]
{"poolManager":"0x8366a39cc670b4001a1121b8f6a443a643e40951","txHash":"0x07ef4732900e752c024a995c078811807466fb61833c8d58846aefa211685c8c"}	[{"salt": "789", "amount0": "10792038", "amount1": "13770951486408358063772", "ordinal": 0, "tickLower": 341400, "tickUpper": 354000, "liquidityDelta": "-136081405279728585"}]
{"poolManager":"0x8366a39cc670b4001a1121b8f6a443a643e40951","txHash":"0xaa027e9b9894ae523fd3b753e40531ab9e6002284aef4e501fd19e12e8ed4434"}	[{"salt": "798", "amount0": "8320501116766", "amount1": "13986", "ordinal": 0, "tickLower": -201760, "tickUpper": -201420, "liquidityDelta": "0"}]
{"poolManager":"0x8366a39cc670b4001a1121b8f6a443a643e40951","txHash":"0xb7525c72f8e6daa9dc91be43d148544b4db02e075b74200fc02c9b3402fd0a45"}	[{"salt": "795", "amount0": "36172112337764", "amount1": "30623", "ordinal": 0, "tickLower": -202528, "tickUpper": -200304, "liquidityDelta": "-702047466490315"}]
{"poolManager":"0x8366a39cc670b4001a1121b8f6a443a643e40951","txHash":"0x493fd8916fd7245351a9554f39b752b4417f54b7378de92e679f46a78f393d35"}	[{"salt": "788", "amount0": "0", "amount1": "0", "ordinal": 0, "tickLower": -883200, "tickUpper": 883200, "liquidityDelta": "-43564714700290114560"}]
{"poolManager":"0x8366a39cc670b4001a1121b8f6a443a643e40951","txHash":"0x91dd28b4605b64466d96af3f73df690f591f08b8d5fcd7828392ca7123cd5d90"}	[{"salt": "784", "amount0": "2796393", "amount1": "2746562692582246075976", "ordinal": 0, "tickLower": 345000, "tickUpper": 351000, "liquidityDelta": "0"}]
{"poolManager":"0x8366a39cc670b4001a1121b8f6a443a643e40951","txHash":"0x1a704e8cb265944d53a4cf0c7864b9a812128522cf826ce5aafaaa46080922e0"}	[{"salt": "805", "amount0": "0", "amount1": "0", "ordinal": 0, "tickLower": 144000, "tickUpper": 158400, "liquidityDelta": "-1091696588617241891473"}]
{"poolManager":"0x8366a39cc670b4001a1121b8f6a443a643e40951","txHash":"0x45970cbd008db7708fbf0f4d5813b80515a055ea1ce625b09f73cba84da9bb6e"}	[{"salt": "716", "amount0": "10338799892285722", "amount1": "10329330977571091536565", "ordinal": 0, "tickLower": -886400, "tickUpper": 886400, "liquidityDelta": "0"}]
{"poolManager":"0x8366a39cc670b4001a1121b8f6a443a643e40951","txHash":"0xcfc7ad82dad54f66e8ec84c703205a247d00fec19d4dc7ebd22906b2bbe01bd7"}	[{"salt": "666", "amount0": "0", "amount1": "0", "ordinal": 0, "tickLower": -884400, "tickUpper": 884400, "liquidityDelta": "-421055681128959724683"}]
{"poolManager":"0x8366a39cc670b4001a1121b8f6a443a643e40951","txHash":"0x2f4d2b6fe1fbbe9894f0287b575198076a2282a8bbc1fefdea98f284f0adf15d"}	[{"salt": "787", "amount0": "0", "amount1": "0", "ordinal": 0, "tickLower": -880000, "tickUpper": 880000, "liquidityDelta": "-64908485832594221575"}]
{"poolManager":"0x8366a39cc670b4001a1121b8f6a443a643e40951","txHash":"0x570aa038a7e4ca89ad77006d19f3d7773fff138f4c90490a4bd9fc0151818fdc"}	[{"salt": "804", "amount0": "0", "amount1": "0", "ordinal": 0, "tickLower": -884000, "tickUpper": 884000, "liquidityDelta": "-99970455250692451069"}]
{"poolManager":"0x8366a39cc670b4001a1121b8f6a443a643e40951","txHash":"0x972689d4fda3d61fd533175415e75ce30b73369a6d65c7e659371206f6a59ad9"}	[{"salt": "811", "amount0": "0", "amount1": "11189657666413996", "ordinal": 0, "tickLower": 10000, "tickUpper": 25000, "liquidityDelta": "-82593083239252834"}]
{"poolManager":"0x8366a39cc670b4001a1121b8f6a443a643e40951","txHash":"0x66a3a13048c3ba16377539422f23e3c1d3e3af152fd8c3b011f2252faa33e213"}	[{"salt": "809", "amount0": "128207321850721", "amount1": "5101474974244284", "ordinal": 0, "tickLower": -885000, "tickUpper": 885000, "liquidityDelta": "0"}]
{"poolManager":"0x8366a39cc670b4001a1121b8f6a443a643e40951","txHash":"0x9753796e43bfec66849dd825b5378eaf4460c97ea073fb6eabf9cdaa7db7250f"}	[{"salt": "809", "amount0": "0", "amount1": "556205983214535225", "ordinal": 0, "tickLower": -885000, "tickUpper": 885000, "liquidityDelta": "0"}]
{"poolManager":"0x8366a39cc670b4001a1121b8f6a443a643e40951","txHash":"0x0419a7f373d2ea5422e867c1731be4b16d464e87ff4419d7fed8818b5f201d50"}	[{"salt": "810", "amount0": "0", "amount1": "0", "ordinal": 0, "tickLower": -884000, "tickUpper": 884000, "liquidityDelta": "-361203017510978"}]
{"poolManager":"0x8366a39cc670b4001a1121b8f6a443a643e40951","txHash":"0x903a4b9e582bf40c74b64dfa3a6a379f2df5c630958f8c6a10d0cd90d74440d3"}	[{"salt": "809", "amount0": "0", "amount1": "0", "ordinal": 0, "tickLower": -885000, "tickUpper": 885000, "liquidityDelta": "-37654998906302941"}]
{"poolManager":"0x8366a39cc670b4001a1121b8f6a443a643e40951","txHash":"0x79a733991ceed4b84fd9d263e578e9ae07129698b3676a72e2481a52891f1f07"}	[{"salt": "786", "amount0": "0", "amount1": "0", "ordinal": 0, "tickLower": -886000, "tickUpper": 886000, "liquidityDelta": "-3088788351372590186"}]
{"poolManager":"0x8366a39cc670b4001a1121b8f6a443a643e40951","txHash":"0xee972a2748975c63577f4b1766e10d1a533eb9c10ce3ba7028934893540c309a"}	[{"salt": "808", "amount0": "729689", "amount1": "1463628838082085393299", "ordinal": 0, "tickLower": 352000, "tickUpper": 358000, "liquidityDelta": "-16967383666878212"}]
{"poolManager":"0x8366a39cc670b4001a1121b8f6a443a643e40951","txHash":"0x582b6344651b935468e48c778b3e95f04238584673c4ff70ec7f01ac3f84036f"}	[{"salt": "810", "amount0": "1217226", "amount1": "805344724148574084189", "ordinal": 0, "tickLower": -884000, "tickUpper": 884000, "liquidityDelta": "0"}]
{"poolManager":"0x8366a39cc670b4001a1121b8f6a443a643e40951","txHash":"0xad5150c5bd1d87098f7c09523e2a2e4c8572e908de60c5f68a4a988a5bea07df"}	[{"salt": "810", "amount0": "0", "amount1": "0", "ordinal": 0, "tickLower": -884000, "tickUpper": 884000, "liquidityDelta": "-1083609052532935"}]
{"poolManager":"0x8366a39cc670b4001a1121b8f6a443a643e40951","txHash":"0x779818962257f4f2f2a8ad28fa0b1c010760d2709e52747389a0bbc9f07fe428"}	[{"salt": "729", "amount0": "0", "amount1": "0", "ordinal": 0, "tickLower": -886400, "tickUpper": 886400, "liquidityDelta": "-205008389285514633807"}]
{"poolManager":"0x8366a39cc670b4001a1121b8f6a443a643e40951","txHash":"0x62525c128bdd73cc69d5856d83f3045e6d5f5593818a4f72aa5b0cfb8cb8521c"}	[{"salt": "731", "amount0": "0", "amount1": "0", "ordinal": 0, "tickLower": 345000, "tickUpper": 359400, "liquidityDelta": "-150949974983444779"}]
{"poolManager":"0x8366a39cc670b4001a1121b8f6a443a643e40951","txHash":"0x54f3ad450d721be00ac0f4e496c8688b73f7214bbf8758b386e1607b45aa9e92"}	[{"salt": "718", "amount0": "19037731", "amount1": "13060400746559063693548", "ordinal": 0, "tickLower": 341400, "tickUpper": 345600, "liquidityDelta": "0"}]
{"poolManager":"0x8366a39cc670b4001a1121b8f6a443a643e40951","txHash":"0x87ab7701274afb3ef8c90ee04bbe7ca7f4ca11d7f186ca2fa73a5c4bae62e59b"}	[{"salt": "718", "amount0": "0", "amount1": "0", "ordinal": 0, "tickLower": 341400, "tickUpper": 345600, "liquidityDelta": "13369680680570728"}]
{"poolManager":"0x8366a39cc670b4001a1121b8f6a443a643e40951","txHash":"0x222cb3ff91c361bf4b163c2e849bc5628d9f7b4bb9bd95825e372b8f08c2be16"}	[{"salt": "727", "amount0": "1932670", "amount1": "1878330039971822953530", "ordinal": 0, "tickLower": 345000, "tickUpper": 354600, "liquidityDelta": "-162584956602833817"}]
{"poolManager":"0x8366a39cc670b4001a1121b8f6a443a643e40951","txHash":"0x3a4d145eb2df6c9d3395a7acd5a3bfeebbcb21bebc3eaf2c52beb8d93322c9ba"}	[{"salt": "685", "amount0": "15701449", "amount1": "10198983915615183046990", "ordinal": 0, "tickLower": 342000, "tickUpper": 348600, "liquidityDelta": "0"}]
{"poolManager":"0x8366a39cc670b4001a1121b8f6a443a643e40951","txHash":"0xce8f16cd152df8d370152272411ab4dd0aca1584b1470a02c51efd16dfe9b4e7"}	[{"salt": "733", "amount0": "0", "amount1": "0", "ordinal": 0, "tickLower": 344400, "tickUpper": 358800, "liquidityDelta": "-146488948730553552"}]
{"poolManager":"0x8366a39cc670b4001a1121b8f6a443a643e40951","txHash":"0x23e460fd78b381d5b447a77f04b65a88fd098d9526bf980bd2a4fe0b3639b606"}	[{"salt": "734", "amount0": "0", "amount1": "0", "ordinal": 0, "tickLower": 344400, "tickUpper": 353400, "liquidityDelta": "-165985371072402334"}]
{"poolManager":"0x8366a39cc670b4001a1121b8f6a443a643e40951","txHash":"0xd34341c9342379629d10a2476c4e5090a6ac026c1e99c071df0dbe372046a715"}	[{"salt": "732", "amount0": "0", "amount1": "0", "ordinal": 0, "tickLower": 345000, "tickUpper": 357000, "liquidityDelta": "-137370415264300680"}]
{"poolManager":"0x8366a39cc670b4001a1121b8f6a443a643e40951","txHash":"0x949201f5998bc9ba725bb8dae795cac0273a1a2d509e4ab2e6b4ab942e681036"}	[{"salt": "685", "amount0": "13810754", "amount1": "7815122437006172926862", "ordinal": 0, "tickLower": 342000, "tickUpper": 348600, "liquidityDelta": "0"}]
{"poolManager":"0x8366a39cc670b4001a1121b8f6a443a643e40951","txHash":"0x1603d7866e8bdfa0894930e0b3a309e0ecaed28cea52c40d07d7826f8b9c165b"}	[{"salt": "736", "amount0": "0", "amount1": "0", "ordinal": 0, "tickLower": 343800, "tickUpper": 357600, "liquidityDelta": "-146387870368710429"}]
{"poolManager":"0x8366a39cc670b4001a1121b8f6a443a643e40951","txHash":"0x63c906cf56c32a7bc4c7c297f551d631dd9495c8fd8a4bddd9792881740dc089"}	[{"salt": "718", "amount0": "22547692", "amount1": "12362127372797754280506", "ordinal": 0, "tickLower": 341400, "tickUpper": 345600, "liquidityDelta": "6622148941140831"}]
{"poolManager":"0x8366a39cc670b4001a1121b8f6a443a643e40951","txHash":"0xb98303d26f248b9620acd5dbf3b219f83966fee8f90b2c12a7da35b97dcb9f8e"}	[{"salt": "675", "amount0": "26707076", "amount1": "27198494968216353943406", "ordinal": 0, "tickLower": 346800, "tickUpper": 358800, "liquidityDelta": "-112682310049585903"}]
{"poolManager":"0x8366a39cc670b4001a1121b8f6a443a643e40951","txHash":"0xbd7cd5dc2586e0ac979dca885f68ecf9d7905baafc63a3e371d05e764b744553"}	[{"salt": "718", "amount0": "0", "amount1": "0", "ordinal": 0, "tickLower": 341400, "tickUpper": 345600, "liquidityDelta": "5059404569119072"}]
{"poolManager":"0x8366a39cc670b4001a1121b8f6a443a643e40951","txHash":"0x1551f3d498eac07df4002dd99a27636bf1ac89aaf49af326f754e1f7cd0fca24"}	[{"salt": "729", "amount0": "0", "amount1": "0", "ordinal": 0, "tickLower": -886400, "tickUpper": 886400, "liquidityDelta": "-224587002926184214562"}]
{"poolManager":"0x8366a39cc670b4001a1121b8f6a443a643e40951","txHash":"0x404616ef48ee974e51c8d575c27e1378ee54c86557ee67b9ca0c2e4bc0672dc5"}	[{"salt": "730", "amount0": "0", "amount1": "0", "ordinal": 0, "tickLower": 346200, "tickUpper": 353400, "liquidityDelta": "-109891544581068713"}]
{"poolManager":"0x8366a39cc670b4001a1121b8f6a443a643e40951","txHash":"0xcbe90d5fc7d30927ed6b3f24e9ed5ebeb83049319cc8360059bb8c4670487d60"}	[{"salt": "740", "amount0": "0", "amount1": "0", "ordinal": 0, "tickLower": 345000, "tickUpper": 352200, "liquidityDelta": "-103492269580382907"}]
{"poolManager":"0x8366a39cc670b4001a1121b8f6a443a643e40951","txHash":"0xc00f52635e84e22c7bfdb19a3b59865f020e57eb1f34f7b05314bcfe8c0ff2d8"}	[{"salt": "640", "amount0": "6834305", "amount1": "10184262371475017344", "ordinal": 0, "tickLower": 278520, "tickUpper": 283860, "liquidityDelta": "0"}]
{"poolManager":"0x8366a39cc670b4001a1121b8f6a443a643e40951","txHash":"0x7b7715d8a8651f130d1816a5585919e453c759a072e8dfe5b41d8b928be68680"}	[{"salt": "718", "amount0": "7372525", "amount1": "8543189647856432367485", "ordinal": 0, "tickLower": 341400, "tickUpper": 345600, "liquidityDelta": "0"}]
{"poolManager":"0x8366a39cc670b4001a1121b8f6a443a643e40951","txHash":"0x325722c0bbaacd7896f422dfcc5966b4cd49195833f6a7783b628377b7dd0478"}	[{"salt": "718", "amount0": "0", "amount1": "0", "ordinal": 0, "tickLower": 341400, "tickUpper": 345600, "liquidityDelta": "2020566558911039"}]
{"poolManager":"0x8366a39cc670b4001a1121b8f6a443a643e40951","txHash":"0xbfcfaf26cb61976077fdd9bd0a54b6c9ce801c9699361d60fd55840bb55e1757"}	[{"salt": "688", "amount0": "4986967679282", "amount1": "8600", "ordinal": 0, "tickLower": -203220, "tickUpper": -200480, "liquidityDelta": "-6464579951817"}]
{"poolManager":"0x8366a39cc670b4001a1121b8f6a443a643e40951","txHash":"0xd74f644c365b248591c8b2ab45c62a2abcb876339933567f29b8029877f8643b"}	[{"salt": "488", "amount0": "4995005283108224", "amount1": "55255062065645946827621", "ordinal": 0, "tickLower": -883200, "tickUpper": 883200, "liquidityDelta": "0"}]
{"poolManager":"0x8366a39cc670b4001a1121b8f6a443a643e40951","txHash":"0xd5dae71bc2cac9660019e7a7cbfbd1f8af6431a13ef0f38c7bbe5c8db8dd8ba9"}	[{"salt": "488", "amount0": "0", "amount1": "0", "ordinal": 0, "tickLower": -883200, "tickUpper": 883200, "liquidityDelta": "16256373631797139252"}]
{"poolManager":"0x8366a39cc670b4001a1121b8f6a443a643e40951","txHash":"0xca662c97034519508f669c1a1f19d7bce144dd42e27231dd08e75e204824e39a"}	[{"salt": "685", "amount0": "15797056", "amount1": "13090101030865282943926", "ordinal": 0, "tickLower": 342000, "tickUpper": 348600, "liquidityDelta": "-53222509841640035"}]
{"poolManager":"0x8366a39cc670b4001a1121b8f6a443a643e40951","txHash":"0xcdbded0d025eebb19bfec697943450eb2192c7f10ed81ef65af8a7b51bbca78c"}	[{"salt": "743", "amount0": "5468236", "amount1": "4009815835550698453521", "ordinal": 0, "tickLower": 336600, "tickUpper": 343200, "liquidityDelta": "11740026750066165"}]
{"poolManager":"0x8366a39cc670b4001a1121b8f6a443a643e40951","txHash":"0xa638905de14ef33641d4bedd89cc05b64080140709f513d4cc0e8ba63c3b2cfe"}	[{"salt": "743", "amount0": "0", "amount1": "0", "ordinal": 0, "tickLower": 336600, "tickUpper": 343200, "liquidityDelta": "515299964229670"}]
{"poolManager":"0x8366a39cc670b4001a1121b8f6a443a643e40951","txHash":"0x84e5d11e166beada25795a684c188cb42a372db2c759080685f01d5eef84ee68"}	[{"salt": "718", "amount0": "18754452", "amount1": "12891634149399432450303", "ordinal": 0, "tickLower": 341400, "tickUpper": 345600, "liquidityDelta": "0"}]
{"poolManager":"0x8366a39cc670b4001a1121b8f6a443a643e40951","txHash":"0xf0df4c60e27368aaf1617270b15590aa8e7be88e54b364fe0f00ff0ead1a12ee"}	[{"salt": "743", "amount0": "0", "amount1": "0", "ordinal": 0, "tickLower": 336600, "tickUpper": 343200, "liquidityDelta": "1656697524012926"}]
{"poolManager":"0x8366a39cc670b4001a1121b8f6a443a643e40951","txHash":"0x0e168d746b1e37aea4b066c5a9bd6825d6559fecbef6f6894eaa7bf021105229"}	[{"salt": "638", "amount0": "6669295", "amount1": "11242200562237500781350", "ordinal": 0, "tickLower": 350400, "tickUpper": 368400, "liquidityDelta": "-205221946928605856"}]
{"poolManager":"0x8366a39cc670b4001a1121b8f6a443a643e40951","txHash":"0xfb11e65a4101abbc00cd7608dc32430330ff41e8909f11179fda37f81a427b92"}	[{"salt": "737", "amount0": "2091173141202480", "amount1": "21700808398580265394168", "ordinal": 0, "tickLower": -884000, "tickUpper": 884000, "liquidityDelta": "-98812736549029801521"}]
{"poolManager":"0x8366a39cc670b4001a1121b8f6a443a643e40951","txHash":"0x00222e9f657f71cab623b8bac0cfebb4f2e2a34ed9c1a90e004e478803b01ffd"}	[{"salt": "739", "amount0": "19543154", "amount1": "16466275352650354445428", "ordinal": 0, "tickLower": 343200, "tickUpper": 357000, "liquidityDelta": "-142061668043130208"}]
{"poolManager":"0x8366a39cc670b4001a1121b8f6a443a643e40951","txHash":"0x68af79de5ded217aac73aa98d2287615198a93162b8ca84994b4f9c26bb2a509"}	[{"salt": "742", "amount0": "1565763", "amount1": "1347123765883055106499", "ordinal": 0, "tickLower": 343800, "tickUpper": 352800, "liquidityDelta": "-81314576418589587"}]
{"poolManager":"0x8366a39cc670b4001a1121b8f6a443a643e40951","txHash":"0xe56b24a9b1154124a1623ff6189e65205fe80e255059bfd5eb4ed0ec574e27ca"}	[{"salt": "750", "amount0": "561035", "amount1": "0", "ordinal": 0, "tickLower": 340800, "tickUpper": 354600, "liquidityDelta": "-151197783117400019"}]
{"poolManager":"0x8366a39cc670b4001a1121b8f6a443a643e40951","txHash":"0xe9113ecfb6511ef2b071917b268a8cd2f0de0edceb988e5949534cffc013fb63"}	[{"salt": "718", "amount0": "22301975", "amount1": "9005053289327351267529", "ordinal": 0, "tickLower": 341400, "tickUpper": 345600, "liquidityDelta": "0"}]
{"poolManager":"0x8366a39cc670b4001a1121b8f6a443a643e40951","txHash":"0xf15fb801cd8cfbea5f665a20f9d4d361c650cbbc1cc63820dc351cd6baf0c6a7"}	[{"salt": "735", "amount0": "8072248", "amount1": "7029079560375992421241", "ordinal": 0, "tickLower": 343800, "tickUpper": 352800, "liquidityDelta": "-161080003595322007"}]
{"poolManager":"0x8366a39cc670b4001a1121b8f6a443a643e40951","txHash":"0x393cfaa94c2d6844abb72a0a138d7ebe9eba5b4d2ccaae6eb8d3cb5da026a3c9"}	[{"salt": "743", "amount0": "18894503", "amount1": "7252857357484499860914", "ordinal": 0, "tickLower": 336600, "tickUpper": 343200, "liquidityDelta": "1983038009280497"}]
{"poolManager":"0x8366a39cc670b4001a1121b8f6a443a643e40951","txHash":"0x88767324ef4c81aca9004bf35737a73720d56672d6d46c9b538bc2594d1592fb"}	[{"salt": "537", "amount0": "0", "amount1": "0", "ordinal": 0, "tickLower": 145600, "tickUpper": 156800, "liquidityDelta": "-2025115699268716370820"}]
{"poolManager":"0x8366a39cc670b4001a1121b8f6a443a643e40951","txHash":"0xbd79da96ec0a9dea98fb308ed5d27feb3161f86d40dbbf64892a4bbf60f07c15"}	[{"salt": "743", "amount0": "7058399", "amount1": "4916195316969212280712", "ordinal": 0, "tickLower": 336600, "tickUpper": 343200, "liquidityDelta": "0"}]
{"poolManager":"0x8366a39cc670b4001a1121b8f6a443a643e40951","txHash":"0x7de706c652e6ae7a9a7773692bec68ffc323bfe92b45cc67a4bf6bba4f1f7b82"}	[{"salt": "743", "amount0": "0", "amount1": "1659408440833637641653", "ordinal": 0, "tickLower": 336600, "tickUpper": 343200, "liquidityDelta": "2056703982317933"}]
{"poolManager":"0x8366a39cc670b4001a1121b8f6a443a643e40951","txHash":"0xda82deff64ab04b38ca939c845fc6b548525e2b40cf05fd17ba35707ebc920e9"}	[{"salt": "738", "amount0": "17271355", "amount1": "14552148761361715941725", "ordinal": 0, "tickLower": 343200, "tickUpper": 355200, "liquidityDelta": "-125547671369291823"}]
{"poolManager":"0x8366a39cc670b4001a1121b8f6a443a643e40951","txHash":"0xaaaf6754a4f87cc6b8e627769e1856d2ed38db12e71b59a37e00c31fd858a38a"}	[{"salt": "751", "amount0": "12030405", "amount1": "8140469857970574075527", "ordinal": 0, "tickLower": 340800, "tickUpper": 346800, "liquidityDelta": "-98005827845934796"}]
{"poolManager":"0x8366a39cc670b4001a1121b8f6a443a643e40951","txHash":"0xfde9e7abd350ed2031ca7191cf80402a93a93a92f07bcbe1a1bfba0fba165cbd"}	[{"salt": "755", "amount0": "0", "amount1": "0", "ordinal": 0, "tickLower": 342000, "tickUpper": 354000, "liquidityDelta": "-118236698855608656"}]
{"poolManager":"0x8366a39cc670b4001a1121b8f6a443a643e40951","txHash":"0x54c6b4c2d22dfeee167f1e25aa90a6f962a398f6eb12a12b9126ef76049029b4"}	[{"salt": "718", "amount0": "5544817", "amount1": "3791112923843172183415", "ordinal": 0, "tickLower": 341400, "tickUpper": 345600, "liquidityDelta": "0"}]
{"poolManager":"0x8366a39cc670b4001a1121b8f6a443a643e40951","txHash":"0xc85b14b4d7b19cb5f24fa044a2a196f038daaeeddff876bad644cf7e4e6ba6e2"}	[{"salt": "743", "amount0": "5253464", "amount1": "1604537863666608969245", "ordinal": 0, "tickLower": 336600, "tickUpper": 343200, "liquidityDelta": "1128049063617765"}]
{"poolManager":"0x8366a39cc670b4001a1121b8f6a443a643e40951","txHash":"0xfe2e30429a53366823451f0e3e9bb378de00c0a9066b34ea7c7d1b4b2c21fe85"}	[{"salt": "743", "amount0": "0", "amount1": "0", "ordinal": 0, "tickLower": 336600, "tickUpper": 343200, "liquidityDelta": "332077969581136"}]
{"poolManager":"0x8366a39cc670b4001a1121b8f6a443a643e40951","txHash":"0xa6e4993720b286dbb9396ecca6307f2d27388efb1f76576170683b6a242ca4b2"}	[{"salt": "635", "amount0": "0", "amount1": "0", "ordinal": 0, "tickLower": 154800, "tickUpper": 158400, "liquidityDelta": "-5579289510828972643484"}]
{"poolManager":"0x8366a39cc670b4001a1121b8f6a443a643e40951","txHash":"0xe41dda7e82c8161a241bd3edb3591dd394e7c2117b6c839063ac674c4df09e37"}	[{"salt": "741", "amount0": "14722159", "amount1": "12404298862287829225626", "ordinal": 0, "tickLower": 343200, "tickUpper": 355200, "liquidityDelta": "-107017242791247122"}]
{"poolManager":"0x8366a39cc670b4001a1121b8f6a443a643e40951","txHash":"0xea1ec8e693b9d26563626da4c9999f21964c7bbe404febd4ffe27bd94b5b5fb5"}	[{"salt": "743", "amount0": "9567004", "amount1": "6994539643699318792418", "ordinal": 0, "tickLower": 336600, "tickUpper": 343200, "liquidityDelta": "0"}]
{"poolManager":"0x8366a39cc670b4001a1121b8f6a443a643e40951","txHash":"0xaafe5015ab58b08c8d3cbf57575406a99dd274b07a49ff13b13e71e701f33a44"}	[{"salt": "743", "amount0": "1255937", "amount1": "659760369670715398599", "ordinal": 0, "tickLower": 336600, "tickUpper": 343200, "liquidityDelta": "1348341186095551"}]
{"poolManager":"0x8366a39cc670b4001a1121b8f6a443a643e40951","txHash":"0xb65bbbfcb5deccda87bb660fe53509bbfa29fb9869af1da4f9f9ed716079be44"}	[{"salt": "685", "amount0": "2651039", "amount1": "1302667554510644471138", "ordinal": 0, "tickLower": 342000, "tickUpper": 348600, "liquidityDelta": "-17740836613880012"}]
{"poolManager":"0x8366a39cc670b4001a1121b8f6a443a643e40951","txHash":"0xbeb444abb455116807693cc35fb59ae461417589a94071dcce576eb24dc9807a"}	[{"salt": "752", "amount0": "56011537", "amount1": "36627364156942814790513", "ordinal": 0, "tickLower": 340800, "tickUpper": 354600, "liquidityDelta": "0"}]
{"poolManager":"0x8366a39cc670b4001a1121b8f6a443a643e40951","txHash":"0x2ff884c84c9d17bb8ffc297676060f3c1daace03288f2b49b5f3ba1f9adb07cc"}	[{"salt": "753", "amount0": "43245145", "amount1": "28294709066672865693295", "ordinal": 0, "tickLower": 340800, "tickUpper": 349800, "liquidityDelta": "138643883692982766"}]
{"poolManager":"0x8366a39cc670b4001a1121b8f6a443a643e40951","txHash":"0x7b79ad931da3b1ff0911676e774206bc6fa8538f0dd332cdb7dbf88144b516eb"}	[{"salt": "752", "amount0": "0", "amount1": "0", "ordinal": 0, "tickLower": 340800, "tickUpper": 354600, "liquidityDelta": "-176397413636966689"}]
{"poolManager":"0x8366a39cc670b4001a1121b8f6a443a643e40951","txHash":"0x89d4e9a2d6b55c58e8044e11f228926383d3f05ca172056bc6494bde4dd13a3a"}	[{"salt": "743", "amount0": "9999254", "amount1": "5379181739104487544954", "ordinal": 0, "tickLower": 336600, "tickUpper": 343200, "liquidityDelta": "0"}]
{"poolManager":"0x8366a39cc670b4001a1121b8f6a443a643e40951","txHash":"0x98b2cfda6634b7f1037b4abe8d2bcbdc3b4908c06f96555c9ed3ffc9e84fa162"}	[{"salt": "743", "amount0": "0", "amount1": "0", "ordinal": 0, "tickLower": 336600, "tickUpper": 343200, "liquidityDelta": "1541789672015520"}]
{"poolManager":"0x8366a39cc670b4001a1121b8f6a443a643e40951","txHash":"0x3aeea5724a7346fc109594df494d8481bcb630a916975d0a5a99fdf246c48009"}	[{"salt": "718", "amount0": "2981395", "amount1": "2033959329118765680448", "ordinal": 0, "tickLower": 341400, "tickUpper": 345600, "liquidityDelta": "0"}]
{"poolManager":"0x8366a39cc670b4001a1121b8f6a443a643e40951","txHash":"0x0ffeed9fd88fe31e794775260293b6a43f0a6c938f1142caceec4244f86860db"}	[{"salt": "718", "amount0": "0", "amount1": "0", "ordinal": 0, "tickLower": 341400, "tickUpper": 345600, "liquidityDelta": "-117944553437096029"}]
{"poolManager":"0x8366a39cc670b4001a1121b8f6a443a643e40951","txHash":"0x4c447f555854eae456d9f68c74e60a1a5c482dacdce06148435e8da8727f535a"}	[{"salt": "743", "amount0": "10122850", "amount1": "6478603360759219938698", "ordinal": 0, "tickLower": 336600, "tickUpper": 343200, "liquidityDelta": "0"}]
{"poolManager":"0x8366a39cc670b4001a1121b8f6a443a643e40951","txHash":"0xd8300536b35792d72db29c15ae49e29fdf3b5d5b16a6caa07e1b1656980b1ec6"}	[{"salt": "766", "amount0": "0", "amount1": "0", "ordinal": 0, "tickLower": 134400, "tickUpper": 145600, "liquidityDelta": "-1057482807010260020645"}]
{"poolManager":"0x8366a39cc670b4001a1121b8f6a443a643e40951","txHash":"0x2a516a3631bf54132c1f4dbe57eed203842e52d5f08c87cd10c84cdf78aff14b"}	[{"salt": "488", "amount0": "2243029659254092", "amount1": "0", "ordinal": 0, "tickLower": -883200, "tickUpper": 883200, "liquidityDelta": "-96509128313467144413"}]
{"poolManager":"0x8366a39cc670b4001a1121b8f6a443a643e40951","txHash":"0x6880c6deeed8592f06a24d3cdbfc4fee2ab41fc62db7974a6542aab82e5a0758"}	[{"salt": "67", "amount0": "0", "amount1": "0", "ordinal": 0, "tickLower": -202640, "tickUpper": -202120, "liquidityDelta": "-11294488945649256"}]
{"poolManager":"0x8366a39cc670b4001a1121b8f6a443a643e40951","txHash":"0x693234ef56e72430b68cd74a86fb4a1438d49975d51617d3bb273963c60f2216"}	[{"salt": "767", "amount0": "5291607", "amount1": "4527706695190500358591", "ordinal": 0, "tickLower": 334200, "tickUpper": 345600, "liquidityDelta": "0"}]
{"poolManager":"0x8366a39cc670b4001a1121b8f6a443a643e40951","txHash":"0xd740331586263fe03081abb3eab455f5c16d3aa46cfbd7a18ebe64e09dd6c589"}	[{"salt": "743", "amount0": "7147067", "amount1": "6115310735329057945919", "ordinal": 0, "tickLower": 336600, "tickUpper": 343200, "liquidityDelta": "1880179861981105"}]
{"poolManager":"0x8366a39cc670b4001a1121b8f6a443a643e40951","txHash":"0x90366b2aeaa9c8940f1a67cb311b0ae350a7068461c9172b7c512a806e6ff63b"}	[{"salt": "743", "amount0": "0", "amount1": "0", "ordinal": 0, "tickLower": 336600, "tickUpper": 343200, "liquidityDelta": "1044663350559076"}]
{"poolManager":"0x8366a39cc670b4001a1121b8f6a443a643e40951","txHash":"0x69319c15249d1b1a40e95dc7c31c26a3e7f268075ebe72d5cb3b11fc06e198c4"}	[{"salt": "815", "amount0": "0", "amount1": "0", "ordinal": 0, "tickLower": -882000, "tickUpper": 882000, "liquidityDelta": "-766495973207290"}]
{"poolManager":"0x8366a39cc670b4001a1121b8f6a443a643e40951","txHash":"0xf7808c8db43f2b60c91c7d1e48f118e3cf06154c7c46c283e2b96382003659b2"}	[{"salt": "757", "amount0": "3948246", "amount1": "2909512989019088016494", "ordinal": 0, "tickLower": 342000, "tickUpper": 348600, "liquidityDelta": "0"}]
{"poolManager":"0x8366a39cc670b4001a1121b8f6a443a643e40951","txHash":"0x2e0172e4b5ec6a8f91eafa5c16605a055b6e9a4af0d2824a4462732064875d52"}	[{"salt": "225", "amount0": "910521587082477511552", "amount1": "1589984", "ordinal": 0, "tickLower": -340000, "tickUpper": -336000, "liquidityDelta": "-11444410068159578"}]
{"poolManager":"0x8366a39cc670b4001a1121b8f6a443a643e40951","txHash":"0x528c6ecd2469c09ddca723c8f6407f082e2a80fb379816bae310b18715ef5045"}	[{"salt": "767", "amount0": "3496258", "amount1": "1976182421050324927248", "ordinal": 0, "tickLower": 334200, "tickUpper": 345600, "liquidityDelta": "-45114064121930541"}]
{"poolManager":"0x8366a39cc670b4001a1121b8f6a443a643e40951","txHash":"0xbe39cd222a0462eaba8776e0ec17cba40f6549a6b4088b7e7067394436426aee"}	[{"salt": "625", "amount0": "3053889020236", "amount1": "7785", "ordinal": 0, "tickLower": -887247, "tickUpper": 887247, "liquidityDelta": "-2894501147610"}]
{"poolManager":"0x8366a39cc670b4001a1121b8f6a443a643e40951","txHash":"0x1a99d6d4229525fdeada1e779f87e52ab603942c84c5fd155c072668944d09d7"}	[{"salt": "774", "amount0": "0", "amount1": "0", "ordinal": 0, "tickLower": 344000, "tickUpper": 358000, "liquidityDelta": "-107358470582967471"}]
{"poolManager":"0x8366a39cc670b4001a1121b8f6a443a643e40951","txHash":"0x44a38eeba4b0b53eea21b04791e2cd27aabb19f18727ce2b0129932fdeffe222"}	[{"salt": "760", "amount0": "23058761", "amount1": "24885721688935541328456", "ordinal": 0, "tickLower": 340800, "tickUpper": 354600, "liquidityDelta": "0"}]
{"poolManager":"0x8366a39cc670b4001a1121b8f6a443a643e40951","txHash":"0x9417b1764cf158ac7b3b8857db6943587a4de0e4c243f6a29aab89cbdd6ec1e7"}	[{"salt": "768", "amount0": "0", "amount1": "0", "ordinal": 0, "tickLower": -887272, "tickUpper": -266438, "liquidityDelta": "-20282409602328807997171511273252"}]
{"poolManager":"0x8366a39cc670b4001a1121b8f6a443a643e40951","txHash":"0xaea7d87da1ba89fd000910cc1308de6d4eb00a00c335c86f1ceb93377f71646e"}	[{"salt": "769", "amount0": "450000000000154", "amount1": "361692314100665204173", "ordinal": 0, "tickLower": -887272, "tickUpper": 887272, "liquidityDelta": "-1322862426775740012763"}]
{"poolManager":"0x8366a39cc670b4001a1121b8f6a443a643e40951","txHash":"0xdaa9dd3bcb59f0b1353d4bda99f2fe69f95a4e8e65e53a2a79bef77afbb8e6e6"}	[{"salt": "493", "amount0": "946004682576706", "amount1": "0", "ordinal": 0, "tickLower": 125400, "tickUpper": 165000, "liquidityDelta": "0"}]
{"poolManager":"0x8366a39cc670b4001a1121b8f6a443a643e40951","txHash":"0xa920c434a26692e63d37a07c0c682948015626546de88b49adc2aaf44e78ca6c"}	[{"salt": "541", "amount0": "0", "amount1": "39619919313892101507492", "ordinal": 0, "tickLower": 183600, "tickUpper": 190400, "liquidityDelta": "0"}]
{"poolManager":"0x8366a39cc670b4001a1121b8f6a443a643e40951","txHash":"0x46ae97eac47453b39ce5e6beedc3652c187e9fb2edc4c5dd40a0f03502c3e124"}	[{"salt": "541", "amount0": "0", "amount1": "0", "ordinal": 0, "tickLower": 183600, "tickUpper": 190400, "liquidityDelta": "-51801942311461776914"}]
{"poolManager":"0x8366a39cc670b4001a1121b8f6a443a643e40951","txHash":"0x07dd5d4ba6b1ac0a3753d8a42f6a9b632077dd687d2a8002afd3b92681c68910"}	[{"salt": "775", "amount0": "63061005342814", "amount1": "0", "ordinal": 0, "tickLower": -884000, "tickUpper": 884000, "liquidityDelta": "260265100952090806319"}]
{"poolManager":"0x8366a39cc670b4001a1121b8f6a443a643e40951","txHash":"0xe5ce86202127af73496596fc2fe63fbf1c4215bcead832aee0f8a386ae3fa672"}	[{"salt": "780", "amount0": "0", "amount1": "0", "ordinal": 0, "tickLower": -887220, "tickUpper": 235620, "liquidityDelta": "0"}]
{"poolManager":"0x8366a39cc670b4001a1121b8f6a443a643e40951","txHash":"0xa23f250a6b753e6105d19da7e177514530d05cc901e5f9f413a1402ed0a54015"}	[{"salt": "48", "amount0": "0", "amount1": "4499869", "ordinal": 0, "tickLower": -202800, "tickUpper": -201600, "liquidityDelta": "0"}]
{"poolManager":"0x8366a39cc670b4001a1121b8f6a443a643e40951","txHash":"0xdb49324c7a5e5e0602206a1d1577547741047919e22cd948355a8ff1d7f33c5d"}	[{"salt": "753", "amount0": "65989885", "amount1": "92272312121604221690463", "ordinal": 0, "tickLower": 340800, "tickUpper": 349800, "liquidityDelta": "-277287767385965532"}]
{"poolManager":"0x8366a39cc670b4001a1121b8f6a443a643e40951","txHash":"0x6f63ba37bec317b35eb786aa8174d722c4763c9d0df09fbba910bd87d4ba3fbe"}	[{"salt": "757", "amount0": "15932929", "amount1": "23098166070574107053795", "ordinal": 0, "tickLower": 342000, "tickUpper": 348600, "liquidityDelta": "-98444659633993755"}]
{"poolManager":"0x8366a39cc670b4001a1121b8f6a443a643e40951","txHash":"0x536c463a0959c0dcd9e2a6c991a59450acfb1dc578c477f3ed9a76fda4605441"}	[{"salt": "779", "amount0": "2406513088288440", "amount1": "3815860", "ordinal": 0, "tickLower": -201720, "tickUpper": -201700, "liquidityDelta": "-104433160753583642"}]
{"poolManager":"0x8366a39cc670b4001a1121b8f6a443a643e40951","txHash":"0xf6846df9d275290a01360069b4b3657df7bd016392863456a1a725844426bf9a"}	[{"salt": "783", "amount0": "184874179876106", "amount1": "321469", "ordinal": 0, "tickLower": -201720, "tickUpper": -201710, "liquidityDelta": "-173464040256243139"}]
{"poolManager":"0x8366a39cc670b4001a1121b8f6a443a643e40951","txHash":"0x20316857bd170d0689ff5e62f05598c2d21aac75120b04c45fa3db339095b1ea"}	[{"salt": "760", "amount0": "25278058", "amount1": "25923789143640938801546", "ordinal": 0, "tickLower": 340800, "tickUpper": 354600, "liquidityDelta": "0"}]
{"poolManager":"0x8366a39cc670b4001a1121b8f6a443a643e40951","txHash":"0x63097d5da67a1666859d68e1b16740f9eaa44549079508a086fcabfc0022cc76"}	[{"salt": "771", "amount0": "42067754", "amount1": "44075252441400138726771", "ordinal": 0, "tickLower": 342000, "tickUpper": 352200, "liquidityDelta": "-160169093150224531"}]
{"poolManager":"0x8366a39cc670b4001a1121b8f6a443a643e40951","txHash":"0x09f1fb63c311d542c96e0de73a38fbcef7f9aceb8c5217f77d9f5981edc77914"}	[{"salt": "785", "amount0": "40199634720087", "amount1": "70112", "ordinal": 0, "tickLower": -201700, "tickUpper": -201680, "liquidityDelta": "-86631377180403630"}]
{"poolManager":"0x8366a39cc670b4001a1121b8f6a443a643e40951","txHash":"0xe48f994897978613981173f7d37a82979ad90b54250475816faeacf0c513c0dc"}	[{"salt": "754", "amount0": "42801030", "amount1": "36454392219689793547270", "ordinal": 0, "tickLower": 340800, "tickUpper": 352800, "liquidityDelta": "-55675731790957334"}]
{"poolManager":"0x8366a39cc670b4001a1121b8f6a443a643e40951","txHash":"0xd63ccc5ad93349aef4fe728781c3173daf80aad59b6528e01f636a88c8a7dac4"}	[{"salt": "782", "amount0": "16709646102612223", "amount1": "61205608591037408107694", "ordinal": 0, "tickLower": 128000, "tickUpper": 152000, "liquidityDelta": "0"}]
{"poolManager":"0x8366a39cc670b4001a1121b8f6a443a643e40951","txHash":"0xc981c28cd01d576089eb6cc08353b13a9990b32b6cf90f467e87be0cc2ab786b"}	[{"salt": "629", "amount0": "0", "amount1": "1116808", "ordinal": 0, "tickLower": -202000, "tickUpper": -201800, "liquidityDelta": "-491275379912629"}]
{"poolManager":"0x8366a39cc670b4001a1121b8f6a443a643e40951","txHash":"0xe87615ddae77cb001bbe9d55648a566b48fdd8fbc264f645a2e33ee89b136054"}	[{"salt": "782", "amount0": "0", "amount1": "0", "ordinal": 0, "tickLower": 128000, "tickUpper": 152000, "liquidityDelta": "526010990703602444595"}]
{"poolManager":"0x8366a39cc670b4001a1121b8f6a443a643e40951","txHash":"0x30eb9fef3ca543a6b9bb80ecf726981365823842c5e962d0a6c5a62ba8825eb5"}	[{"salt": "618", "amount0": "2533781479552522", "amount1": "3486", "ordinal": 0, "tickLower": -276339, "tickUpper": -276336, "liquidityDelta": "-7357743587115471905"}]
{"poolManager":"0x8366a39cc670b4001a1121b8f6a443a643e40951","txHash":"0xf6b9d715c24adcc243562a2cf365ad1d54579171289bc4dab7d4f64693600acd"}	[{"salt": "616", "amount0": "0", "amount1": "439765", "ordinal": 0, "tickLower": -202600, "tickUpper": -201800, "liquidityDelta": "-193449595934965"}]
{"poolManager":"0x8366a39cc670b4001a1121b8f6a443a643e40951","txHash":"0xce6a29b06d525c84d278f0ca34c2c5e17b5ab9ce7171b8ad9782755f487bb601"}	[{"salt": "610", "amount0": "0", "amount1": "168926", "ordinal": 0, "tickLower": -219000, "tickUpper": -217000, "liquidityDelta": "-55864259183651"}]
{"poolManager":"0x8366a39cc670b4001a1121b8f6a443a643e40951","txHash":"0x17f759fc48ef04c45cb62ba4cff8719e8855bedf7825ecfc13a77a91ff875d53"}	[{"salt": "487", "amount0": "14619908193857647", "amount1": "26145620", "ordinal": 0, "tickLower": -201980, "tickUpper": -201730, "liquidityDelta": "-4264442898212347"}]
{"poolManager":"0x8366a39cc670b4001a1121b8f6a443a643e40951","txHash":"0x754676f4eaa4a9be6970fdc9759873dce619ca5c178befdede791be4155b432f"}	[{"salt": "759", "amount0": "82796775", "amount1": "64734533961122613310186", "ordinal": 0, "tickLower": 341400, "tickUpper": 353400, "liquidityDelta": "0"}]
{"poolManager":"0x8366a39cc670b4001a1121b8f6a443a643e40951","txHash":"0x59ffd83f96b6605bb25116f8f260090a64ef7312813f53176a26b320bb3e2c51"}	[{"salt": "775", "amount0": "15398080990889843", "amount1": "38018157374089878039577", "ordinal": 0, "tickLower": -884000, "tickUpper": 884000, "liquidityDelta": "0"}]
{"poolManager":"0x8366a39cc670b4001a1121b8f6a443a643e40951","txHash":"0xa0f346aa1295214c475c25156144b985acc9284d48a0562fd643e58aa1302463"}	[{"salt": "781", "amount0": "501341400314331", "amount1": "1447591785406236027522", "ordinal": 0, "tickLower": 148000, "tickUpper": 160000, "liquidityDelta": "0"}]
{"poolManager":"0x8366a39cc670b4001a1121b8f6a443a643e40951","txHash":"0xa326aa6f7c2df8c63a9ee2036c95eac2f5934bb4e7987a6c904748049c2c1b31"}	[{"salt": "781", "amount0": "0", "amount1": "0", "ordinal": 0, "tickLower": 148000, "tickUpper": 160000, "liquidityDelta": "2918008714452124865"}]
{"poolManager":"0x8366a39cc670b4001a1121b8f6a443a643e40951","txHash":"0x56b683ad4ba75b5781c359a56f47be8347c8b42e2b783eaa2db901466145cd25"}	[{"salt": "756", "amount0": "72058071", "amount1": "56009585788375281297759", "ordinal": 0, "tickLower": 341400, "tickUpper": 352800, "liquidityDelta": "0"}]
{"poolManager":"0x8366a39cc670b4001a1121b8f6a443a643e40951","txHash":"0x15bbd664fb48cf20c896a4dda7938b85db39dfe09d61cea7ce19d6ccf75c93d3"}	[{"salt": "786", "amount0": "39333385843432", "amount1": "9775262358332138274", "ordinal": 0, "tickLower": -886000, "tickUpper": 886000, "liquidityDelta": "0"}]
{"poolManager":"0x8366a39cc670b4001a1121b8f6a443a643e40951","txHash":"0x9e995fa8b1e5a311472622eb82f2b39f35e6a6a89a0e0bad79d363454e928741"}	[{"salt": "775", "amount0": "1950911857467513", "amount1": "11614400340475984522165", "ordinal": 0, "tickLower": -884000, "tickUpper": 884000, "liquidityDelta": "0"}]
{"poolManager":"0x8366a39cc670b4001a1121b8f6a443a643e40951","txHash":"0x8ac799ec7ee02d296c6e2bad70957a9a3d7d1bcd65184bed0f79e92f0c902e20"}	[{"salt": "765", "amount0": "146296787", "amount1": "117121684951671540954552", "ordinal": 0, "tickLower": 341400, "tickUpper": 347400, "liquidityDelta": "0"}]
{"poolManager":"0x8366a39cc670b4001a1121b8f6a443a643e40951","txHash":"0xbf0050c1fe7d0721368542f2bdb43b4464eec9a81e5eb3cf676f77a9f3d3abe2"}	[{"salt": "760", "amount0": "74486353", "amount1": "44415483063970972970632", "ordinal": 0, "tickLower": 340800, "tickUpper": 354600, "liquidityDelta": "-125998152597833349"}]
{"poolManager":"0x8366a39cc670b4001a1121b8f6a443a643e40951","txHash":"0xbea50a4b5e16aac81c7bc90c1989d2a120aadcfa80a6a45234eb115f8d00928a"}	[{"salt": "636", "amount0": "48715365281003585", "amount1": "46912486119852250703846", "ordinal": 0, "tickLower": 117000, "tickUpper": 138600, "liquidityDelta": "0"}]
{"poolManager":"0x8366a39cc670b4001a1121b8f6a443a643e40951","txHash":"0xc0f30a4f58bd5b93a30d9f0fa70feb8f364f9e671ebbbf8d8fa1cf33fef8d57a"}	[{"salt": "636", "amount0": "0", "amount1": "0", "ordinal": 0, "tickLower": 117000, "tickUpper": 138600, "liquidityDelta": "69499455664703456794"}]
{"poolManager":"0x8366a39cc670b4001a1121b8f6a443a643e40951","txHash":"0x6f7a41fef3ff597fe2fed49396d1e6ac0172105b76bec3748508fdd51bb2500f"}	[{"salt": "714", "amount0": "303663174639904", "amount1": "546863", "ordinal": 0, "tickLower": -201880, "tickUpper": -201610, "liquidityDelta": "0"}]
{"poolManager":"0x8366a39cc670b4001a1121b8f6a443a643e40951","txHash":"0x8d687126e84431d7ae41952a9ad08da21c7ba86005dc4cb548fbe26958480602"}	[{"salt": "644", "amount0": "20382568592668468", "amount1": "28710105570781980818353", "ordinal": 0, "tickLower": -886400, "tickUpper": 886400, "liquidityDelta": "0"}]
{"poolManager":"0x8366a39cc670b4001a1121b8f6a443a643e40951","txHash":"0x1c9fc08feebef6cfcaa0c9d2bc136c3938c6cc38d2f3d4ca4c5cf06547bd02e1"}	[{"salt": "814", "amount0": "0", "amount1": "0", "ordinal": 0, "tickLower": -884000, "tickUpper": 884000, "liquidityDelta": "-426913107318431294105"}]
{"poolManager":"0x8366a39cc670b4001a1121b8f6a443a643e40951","txHash":"0x98461a542dd91847714bf268fda78bf16e6b2ecabf306ee36108df64954f13ba"}	[{"salt": "812", "amount0": "961636504392214", "amount1": "970290902211624628516", "ordinal": 0, "tickLower": -884000, "tickUpper": 884000, "liquidityDelta": "0"}]
{"poolManager":"0x8366a39cc670b4001a1121b8f6a443a643e40951","txHash":"0x5e9e3e22f8da8a8361e5d62eadf233386612b29159ea93b0cf9ed7ed4d0e1279"}	[{"salt": "812", "amount0": "0", "amount1": "0", "ordinal": 0, "tickLower": -884000, "tickUpper": 884000, "liquidityDelta": "9005160393835733156"}]
{"poolManager":"0x8366a39cc670b4001a1121b8f6a443a643e40951","txHash":"0x026fb979b2bbe335389ef49c3ab7b0cdcc63c25f9f1ee7439ba3aae8d7a77d6d"}	[{"salt": "784", "amount0": "0", "amount1": "0", "ordinal": 0, "tickLower": 345000, "tickUpper": 351000, "liquidityDelta": "-123739979587272213"}]
{"poolManager":"0x8366a39cc670b4001a1121b8f6a443a643e40951","txHash":"0xd6304fb0d0d32d2069817dd68a1c52db28ac1d515e95b04caac655b4498142d0"}	[{"salt": "820", "amount0": "0", "amount1": "0", "ordinal": 0, "tickLower": 134400, "tickUpper": 145600, "liquidityDelta": "-1299983141331683501831"}]
{"poolManager":"0x8366a39cc670b4001a1121b8f6a443a643e40951","txHash":"0xe4dc1a727aa47b976a08504ca7064fdca18ef98c6ff98f856232fe98b4f6c8df"}	[{"salt": "781", "amount0": "694481405883165", "amount1": "996792014005301375639", "ordinal": 0, "tickLower": 148000, "tickUpper": 160000, "liquidityDelta": "0"}]
{"poolManager":"0x8366a39cc670b4001a1121b8f6a443a643e40951","txHash":"0x4a8fa06c7dc9c927b6979a0b536518662923e9dab51ebcc6830bbe152ef44bd8"}	[{"salt": "819", "amount0": "830389", "amount1": "4810881825753731061486", "ordinal": 0, "tickLower": 350000, "tickUpper": 361000, "liquidityDelta": "-28217536722531673"}]
{"poolManager":"0x8366a39cc670b4001a1121b8f6a443a643e40951","txHash":"0x71bb1dd0de69b9d75e5401bdb442f332438668fb9e736ee899cf5ac32fd81326"}	[{"salt": "821", "amount0": "0", "amount1": "0", "ordinal": 0, "tickLower": 140800, "tickUpper": 150400, "liquidityDelta": "-84998945086008596045"}]
{"poolManager":"0x8366a39cc670b4001a1121b8f6a443a643e40951","txHash":"0x4c9224109ee6b44ae68e85784e31da42e3cdbec0df7fe1b7c365f4fdf0791b28"}	[{"salt": "817", "amount0": "366727891198040", "amount1": "0", "ordinal": 0, "tickLower": -886400, "tickUpper": 886400, "liquidityDelta": "-76499227946977328039"}]
{"poolManager":"0x8366a39cc670b4001a1121b8f6a443a643e40951","txHash":"0x6ec9b4394dc05473b48b46971895a31cdd3d50912a594e7503d18a11960c2e05"}	[{"salt": "824", "amount0": "330209", "amount1": "0", "ordinal": 0, "tickLower": 351000, "tickUpper": 363000, "liquidityDelta": "-46938655872881853"}]
{"poolManager":"0x8366a39cc670b4001a1121b8f6a443a643e40951","txHash":"0xb884328fc496fd2c0272621a82b36d7c119f99d66baa85f4dede3bfa6d5d79ef"}	[{"salt": "827", "amount0": "31887622472314", "amount1": "0", "ordinal": 0, "tickLower": -886000, "tickUpper": 886000, "liquidityDelta": "75399586205068282505"}]
{"poolManager":"0x8366a39cc670b4001a1121b8f6a443a643e40951","txHash":"0x4128aaeb3ab55bbc651f53ec8da51375f494f6b11c144a217414f97a3005c6a3"}	[{"salt": "650", "amount0": "77227338", "amount1": "0", "ordinal": 0, "tickLower": -873224, "tickUpper": 873224, "liquidityDelta": "0"}]
{"poolManager":"0x8366a39cc670b4001a1121b8f6a443a643e40951","txHash":"0xfa5a35b0d4cc92308c21fb122bbc433a2c94103a25d082c4f3d33ae36d1228de"}	[{"salt": "782", "amount0": "71183059981109547", "amount1": "83809621468582735483940", "ordinal": 0, "tickLower": 128000, "tickUpper": 152000, "liquidityDelta": "0"}]
{"poolManager":"0x8366a39cc670b4001a1121b8f6a443a643e40951","txHash":"0x43bf4e5f4d600d69ac15978c5a8151f151a12ae4b98ee6255b552816519cdaca"}	[{"salt": "799", "amount0": "0", "amount1": "0", "ordinal": 0, "tickLower": 162400, "tickUpper": 191400, "liquidityDelta": "-655285873411247729835"}]
{"poolManager":"0x8366a39cc670b4001a1121b8f6a443a643e40951","txHash":"0x3028adcd22b9dd931524634833ad8d821a380f01458cd11fa1724bc85f2b0a1f"}	[{"salt": "798", "amount0": "65180310535932", "amount1": "109228", "ordinal": 0, "tickLower": -201760, "tickUpper": -201420, "liquidityDelta": "0"}]
{"poolManager":"0x8366a39cc670b4001a1121b8f6a443a643e40951","txHash":"0x9555679fbfbed0d90574642f66c499afb6a5cb159e0ae398f1c7e20272ddde7e"}	[{"salt": "831", "amount0": "0", "amount1": "0", "ordinal": 0, "tickLower": 345600, "tickUpper": 358800, "liquidityDelta": "-162625923844135491"}]
{"poolManager":"0x8366a39cc670b4001a1121b8f6a443a643e40951","txHash":"0x60c83a64a08cef851e2765c6fcb831bf7d5ad68ff540852ec2c916180a410042"}	[{"salt": "677", "amount0": "9198317", "amount1": "7475826821793380155991", "ordinal": 0, "tickLower": -886800, "tickUpper": 886800, "liquidityDelta": "0"}]
{"poolManager":"0x8366a39cc670b4001a1121b8f6a443a643e40951","txHash":"0x4e5733a526707e6f45fe02948154ac5e4cc5ed770056f540d8bc494578bd80ed"}	[{"salt": "606", "amount0": "4841575334608963", "amount1": "1994402562875704465065", "ordinal": 0, "tickLower": -884800, "tickUpper": 884800, "liquidityDelta": "0"}]
{"poolManager":"0x8366a39cc670b4001a1121b8f6a443a643e40951","txHash":"0xe549a09067e3028e6615e87371c8b8e1fc5717fcea7b85b7d2d47dbf4bc67472"}	[{"salt": "765", "amount0": "78449668", "amount1": "90201190183974406706818", "ordinal": 0, "tickLower": 341400, "tickUpper": 347400, "liquidityDelta": "-74905132443118959"}]
{"poolManager":"0x8366a39cc670b4001a1121b8f6a443a643e40951","txHash":"0x96b90d7b25cb32c725dee9c8c790641c63b64198cf9c3b4789438a584d6f5d48"}	[{"salt": "759", "amount0": "46607415", "amount1": "56375234862843234415754", "ordinal": 0, "tickLower": 341400, "tickUpper": 353400, "liquidityDelta": "-143428060510019486"}]
{"poolManager":"0x8366a39cc670b4001a1121b8f6a443a643e40951","txHash":"0x07e106590fae68acafb8704e3b7d335217bdea786c07f1f861b420b8e7fa07cd"}	[{"salt": "827", "amount0": "683416156903701", "amount1": "1235649856155205707526", "ordinal": 0, "tickLower": -886000, "tickUpper": 886000, "liquidityDelta": "0"}]
{"poolManager":"0x8366a39cc670b4001a1121b8f6a443a643e40951","txHash":"0x09a98cefffc043f48aef9269fc09765fe9fdb77f376b36774dca8112f1507ab4"}	[{"salt": "828", "amount0": "928592646274090", "amount1": "1611507157895690548501", "ordinal": 0, "tickLower": 142000, "tickUpper": 150000, "liquidityDelta": "0"}]
{"poolManager":"0x8366a39cc670b4001a1121b8f6a443a643e40951","txHash":"0x695855db339c842873ea7e05f824fecebb0c2f64fd96adb9a1f417dea8f1ff62"}	[{"salt": "832", "amount0": "0", "amount1": "0", "ordinal": 0, "tickLower": -202000, "tickUpper": -201200, "liquidityDelta": "-30173033137500"}]
{"poolManager":"0x8366a39cc670b4001a1121b8f6a443a643e40951","txHash":"0x2638cb269442c1e0cc0a8de29b5048fe96f44a79d1abd87ecf7393a9b4690373"}	[{"salt": "829", "amount0": "11614121", "amount1": "4272762572586250644826", "ordinal": 0, "tickLower": 345000, "tickUpper": 360000, "liquidityDelta": "-66722197394730952"}]
{"poolManager":"0x8366a39cc670b4001a1121b8f6a443a643e40951","txHash":"0xd3c71cb68bc6de625c4b748e271f7c1a43deb3a774365689e9370a8a21008e7c"}	[{"salt": "798", "amount0": "13676737296720", "amount1": "24532", "ordinal": 0, "tickLower": -201760, "tickUpper": -201420, "liquidityDelta": "-70874761427930"}]
{"poolManager":"0x8366a39cc670b4001a1121b8f6a443a643e40951","txHash":"0x379c32d2d3e0edd40ecf2de45082894a4324a3b3bb77e85d2769e8194b5613dc"}	[{"salt": "743", "amount0": "111058407", "amount1": "73656980189636623993112", "ordinal": 0, "tickLower": 336600, "tickUpper": 343200, "liquidityDelta": "0"}]
{"poolManager":"0x8366a39cc670b4001a1121b8f6a443a643e40951","txHash":"0x208b9c2d7a5bcdc5e76e3d9a1054fb45b4f301d412f089e641506d30f068ed03"}	[{"salt": "743", "amount0": "0", "amount1": "0", "ordinal": 0, "tickLower": 336600, "tickUpper": 343200, "liquidityDelta": "-63857792100820052"}]
{"poolManager":"0x8366a39cc670b4001a1121b8f6a443a643e40951","txHash":"0x15fe61b2d7f01dc055e5a1ab265fe14d11f50c5a8aad7cdff5b1dcd2aa1e6911"}	[{"salt": "640", "amount0": "24599532", "amount1": "43907064060612273516", "ordinal": 0, "tickLower": 278520, "tickUpper": 283860, "liquidityDelta": "0"}]
{"poolManager":"0x8366a39cc670b4001a1121b8f6a443a643e40951","txHash":"0xa5091c2f434f5486ee96e2001226ac0fb1ada8ac4489b5338db26204dcd2da69"}	[{"salt": "498", "amount0": "0", "amount1": "0", "ordinal": 0, "tickLower": 145000, "tickUpper": 155000, "liquidityDelta": "-1830918262138000807773"}]
{"poolManager":"0x8366a39cc670b4001a1121b8f6a443a643e40951","txHash":"0x3274f6ef9b941ad8ebed58f498d3b4b64079d54d92dc906726e094ed5d406c0b"}	[{"salt": "782", "amount0": "0", "amount1": "22042419460569420739580", "ordinal": 0, "tickLower": 128000, "tickUpper": 152000, "liquidityDelta": "-1412661072554510171414"}]
{"poolManager":"0x8366a39cc670b4001a1121b8f6a443a643e40951","txHash":"0xe1393b3b943dfe39750265afb8592f83080688d4383a77e7c1fd2394a5ad431d"}	[{"salt": "636", "amount0": "0", "amount1": "0", "ordinal": 0, "tickLower": 117000, "tickUpper": 138600, "liquidityDelta": "-2282166531847821735890"}]
{"poolManager":"0x8366a39cc670b4001a1121b8f6a443a643e40951","txHash":"0x01dadc373adec23225e011c2d6ddf3738ede01fa2ce3548850a78992a7759c2f"}	[{"salt": "827", "amount0": "702062290538070", "amount1": "0", "ordinal": 0, "tickLower": -886000, "tickUpper": 886000, "liquidityDelta": "0"}]
{"poolManager":"0x8366a39cc670b4001a1121b8f6a443a643e40951","txHash":"0xeabc41fb970f4c564bdf53f06cd42aa7d8c663a9e1bd3f3b4befbd236d570450"}	[{"salt": "828", "amount0": "915614080198328", "amount1": "0", "ordinal": 0, "tickLower": 142000, "tickUpper": 150000, "liquidityDelta": "0"}]
{"poolManager":"0x8366a39cc670b4001a1121b8f6a443a643e40951","txHash":"0x215b6e30935ce2ab9bbd99e7412d0268f7e86d56a07aa6a04431ecf987b4d5d5"}	[{"salt": "818", "amount0": "196457", "amount1": "419764940201519219469", "ordinal": 0, "tickLower": -886800, "tickUpper": 886800, "liquidityDelta": "0"}]
{"poolManager":"0x8366a39cc670b4001a1121b8f6a443a643e40951","txHash":"0xb9bb65db442e33c565b0fcdd55fc9347fa7bc220df68b2104eb316a1973ed011"}	[{"salt": "818", "amount0": "0", "amount1": "0", "ordinal": 0, "tickLower": -886800, "tickUpper": 886800, "liquidityDelta": "-1055936487837712"}]
{"poolManager":"0x8366a39cc670b4001a1121b8f6a443a643e40951","txHash":"0x16fdcc540774a0bfaa49a31ddb6f59219f431e4c9b18581e5b09e79fa6225bdf"}	[{"salt": "812", "amount0": "370825090304633", "amount1": "1610687935610856083522", "ordinal": 0, "tickLower": -884000, "tickUpper": 884000, "liquidityDelta": "0"}]
{"poolManager":"0x8366a39cc670b4001a1121b8f6a443a643e40951","txHash":"0x62c910c1189591e2665e18f1793df719249031b22208948fa4351121bc605655"}	[{"salt": "840", "amount0": "19253611", "amount1": "10676091950461535486350", "ordinal": 0, "tickLower": 339600, "tickUpper": 346800, "liquidityDelta": "0"}]
{"poolManager":"0x8366a39cc670b4001a1121b8f6a443a643e40951","txHash":"0xad2476e4d5e59467ba5ecc011cd55b3e6d6afff792baaef5be48252067d03768"}	[{"salt": "749", "amount0": "11258434", "amount1": "10994974367821718847147", "ordinal": 0, "tickLower": 345000, "tickUpper": 368400, "liquidityDelta": "-179745742296567409"}]
{"poolManager":"0x8366a39cc670b4001a1121b8f6a443a643e40951","txHash":"0x2ef347bad832f52e940db2ee670301171342589fa79a2f2ce4a531079ac6d602"}	[{"salt": "840", "amount0": "0", "amount1": "0", "ordinal": 0, "tickLower": 339600, "tickUpper": 346800, "liquidityDelta": "2533370618085335"}]
{"poolManager":"0x8366a39cc670b4001a1121b8f6a443a643e40951","txHash":"0x0416dd03d61ef69696f1174cfa27e5751a803b5d76729bc550340eea4a46fce1"}	[{"salt": "716", "amount0": "312604460384055", "amount1": "0", "ordinal": 0, "tickLower": -886400, "tickUpper": 886400, "liquidityDelta": "0"}]
{"poolManager":"0x8366a39cc670b4001a1121b8f6a443a643e40951","txHash":"0xec3568fd541e3583833c27b831fbd3b3549fb74caee421670afbe325fceb8eb5"}	[{"salt": "701", "amount0": "0", "amount1": "27332216601665133578", "ordinal": 0, "tickLower": -883200, "tickUpper": 883200, "liquidityDelta": "-2970030009416971090"}]
{"poolManager":"0x8366a39cc670b4001a1121b8f6a443a643e40951","txHash":"0xeff87465429bb141fe85e2fb60b8f9bff52fc9da31a9144a44e874a27aa5ab8e"}	[{"salt": "839", "amount0": "29975888777470", "amount1": "38500", "ordinal": 0, "tickLower": -201620, "tickUpper": -201560, "liquidityDelta": "-402413326310516"}]
{"poolManager":"0x8366a39cc670b4001a1121b8f6a443a643e40951","txHash":"0x51c58ee7952badd0cd36b42c3acf84570b4022a7255b4c48826a95c1bb1f009e"}	[{"salt": "833", "amount0": "49884418422641", "amount1": "77112", "ordinal": 0, "tickLower": -201630, "tickUpper": -201540, "liquidityDelta": "-268568768042332"}]
{"poolManager":"0x8366a39cc670b4001a1121b8f6a443a643e40951","txHash":"0x9a591a41ffeb7457d8e006ff17e967777316e799c53977d9cf0d422f09802ec2"}	[{"salt": "832", "amount0": "0", "amount1": "0", "ordinal": 0, "tickLower": -202000, "tickUpper": -201200, "liquidityDelta": "-30173033137501"}]
{"poolManager":"0x8366a39cc670b4001a1121b8f6a443a643e40951","txHash":"0xe26b700846f2b1d0a2d4a9b4ab3af5d3658af3e6729895c7ef08e69ca3de62a3"}	[{"salt": "837", "amount0": "0", "amount1": "0", "ordinal": 0, "tickLower": -201800, "tickUpper": -201400, "liquidityDelta": "-59875666956675"}]
{"poolManager":"0x8366a39cc670b4001a1121b8f6a443a643e40951","txHash":"0x616469c3dd87076438c114c0caf5ea6f1ccbb808b21c60dccadbafdf2a6d67d1"}	[{"salt": "798", "amount0": "14566351901834", "amount1": "21190", "ordinal": 0, "tickLower": -201760, "tickUpper": -201420, "liquidityDelta": "-70874761427930"}]
{"poolManager":"0x8366a39cc670b4001a1121b8f6a443a643e40951","txHash":"0x9a098f66a5892877ea8697ad5a7ef067fa8495d2f5f6a4ef76b03bc5b739937c"}	[{"salt": "838", "amount0": "73369636", "amount1": "98840642690622562568484", "ordinal": 0, "tickLower": 347000, "tickUpper": 357000, "liquidityDelta": "0"}]
{"poolManager":"0x8366a39cc670b4001a1121b8f6a443a643e40951","txHash":"0xa0857ecfb66a5e0f9c0809fe3dab2b1c258b6531fc6c75ab07c1ef49aa5f5c58"}	[{"salt": "838", "amount0": "0", "amount1": "0", "ordinal": 0, "tickLower": 347000, "tickUpper": 357000, "liquidityDelta": "20916359304527468"}]
{"poolManager":"0x8366a39cc670b4001a1121b8f6a443a643e40951","txHash":"0x2a7fb76b19c86b7a0e8d9be6ca517d1c59ef23743e166f1fe508eea95df8fcdf"}	[{"salt": "702", "amount0": "0", "amount1": "1770748863438418767317757", "ordinal": 0, "tickLower": -883200, "tickUpper": 883200, "liquidityDelta": "-346930392205389815262"}]
{"poolManager":"0x8366a39cc670b4001a1121b8f6a443a643e40951","txHash":"0x09f232f17b0812c9548b74a57d608bec4144689e4a7b436f8a080ee82d60f663"}	[{"salt": "812", "amount0": "699945380335663", "amount1": "0", "ordinal": 0, "tickLower": -884000, "tickUpper": 884000, "liquidityDelta": "0"}]
{"poolManager":"0x8366a39cc670b4001a1121b8f6a443a643e40951","txHash":"0xda70e37e801c109b7bf743ae54b06daa4e024bcf1316a8e31ad67f650dcb57ff"}	[{"salt": "793", "amount0": "67396682", "amount1": "66804520794588652554837", "ordinal": 0, "tickLower": 342600, "tickUpper": 356400, "liquidityDelta": "-137863318021943208"}]
{"poolManager":"0x8366a39cc670b4001a1121b8f6a443a643e40951","txHash":"0xb0edd0232c870cd03c79c3ff0b9b57ab40c821ffce45a60db3f2fa6b68bfb2e3"}	[{"salt": "827", "amount0": "1466380939834946", "amount1": "2027006755519847677430", "ordinal": 0, "tickLower": -886000, "tickUpper": 886000, "liquidityDelta": "0"}]
{"poolManager":"0x8366a39cc670b4001a1121b8f6a443a643e40951","txHash":"0x38664b9a6f678dbd59710d3dc9e53e066d1f5af110ae20b9cc4d1dfa0fac90a1"}	[{"salt": "828", "amount0": "1912421523762965", "amount1": "2643577287976357193064", "ordinal": 0, "tickLower": 142000, "tickUpper": 150000, "liquidityDelta": "0"}]
{"poolManager":"0x8366a39cc670b4001a1121b8f6a443a643e40951","txHash":"0xa0dd065221c812c62f85bd361af64dd064e47226f3da56ddcc7bbcd1c31b9b5c"}	[{"salt": "720", "amount0": "183917022", "amount1": "135301254224778525907400", "ordinal": 0, "tickLower": 340200, "tickUpper": 354000, "liquidityDelta": "0"}]
{"poolManager":"0x8366a39cc670b4001a1121b8f6a443a643e40951","txHash":"0xa755412d1ee6fc1f2a39b6efc1cb6105131a824e3cf3059ce8b3ff6c26629ec7"}	[{"salt": "720", "amount0": "2615164", "amount1": "52088986769823541284", "ordinal": 0, "tickLower": 340200, "tickUpper": 354000, "liquidityDelta": "38970743933823386"}]
{"poolManager":"0x8366a39cc670b4001a1121b8f6a443a643e40951","txHash":"0xb8a222e3370d154a4637eceec583a8af323fece79dfd7d27887be93ac9296504"}	[{"salt": "720", "amount0": "0", "amount1": "0", "ordinal": 0, "tickLower": 340200, "tickUpper": 354000, "liquidityDelta": "-83223886885544959"}]
{"poolManager":"0x8366a39cc670b4001a1121b8f6a443a643e40951","txHash":"0x6a1b13e8075643dfdf5d1f34250e602078c0fb0be44c6908b4aee4c2522f0878"}	[{"salt": "870", "amount0": "0", "amount1": "0", "ordinal": 0, "tickLower": 275040, "tickUpper": 288900, "liquidityDelta": "-4771073517940921"}]
{"poolManager":"0x8366a39cc670b4001a1121b8f6a443a643e40951","txHash":"0xa66660be9a60536103ed422de9b4daffb808fb5976f2262d5f81d8b92a86481b"}	[{"salt": "838", "amount0": "139661159", "amount1": "177201433977503492069374", "ordinal": 0, "tickLower": 347000, "tickUpper": 357000, "liquidityDelta": "0"}]
{"poolManager":"0x8366a39cc670b4001a1121b8f6a443a643e40951","txHash":"0x1059843cc17e483412b05d5e35a04ec960b839a0db2b8a4b32581d68920efb16"}	[{"salt": "838", "amount0": "0", "amount1": "0", "ordinal": 0, "tickLower": 347000, "tickUpper": 357000, "liquidityDelta": "46553105885184770"}]
{"poolManager":"0x8366a39cc670b4001a1121b8f6a443a643e40951","txHash":"0x10d703ac586ae5d6a1abf9dcef1c8234b61e70720620e0693c5a8a7f140328df"}	[{"salt": "827", "amount0": "496410774764508", "amount1": "2946152518259081552795", "ordinal": 0, "tickLower": -886000, "tickUpper": 886000, "liquidityDelta": "0"}]
{"poolManager":"0x8366a39cc670b4001a1121b8f6a443a643e40951","txHash":"0x1bd09f4d0cd119c1a1738a3139d7971877ea2d262ebdfa40ef1be380d8dbeab4"}	[{"salt": "756", "amount0": "82058927", "amount1": "72052621111901092176314", "ordinal": 0, "tickLower": 341400, "tickUpper": 352800, "liquidityDelta": "-119156547975370954"}]
{"poolManager":"0x8366a39cc670b4001a1121b8f6a443a643e40951","txHash":"0xaed4e7615f05214dcab3df3cc7d3f5e3f34af43cb835e742d0c121f181d2f766"}	[{"salt": "765", "amount0": "64822443", "amount1": "42136655052124191903205", "ordinal": 0, "tickLower": 341400, "tickUpper": 347400, "liquidityDelta": "-174778642367277571"}]
{"poolManager":"0x8366a39cc670b4001a1121b8f6a443a643e40951","txHash":"0x246bcba5ab77eaee5c481762f1cec8e3b049dc6b14a3b0da67ee968f2c519a1c"}	[{"salt": "840", "amount0": "23407673", "amount1": "21258381578500026035842", "ordinal": 0, "tickLower": 339600, "tickUpper": 346800, "liquidityDelta": "-97846769730783307"}]
{"poolManager":"0x8366a39cc670b4001a1121b8f6a443a643e40951","txHash":"0x8c94df7170c7cd5dd69f3347538b8c61801fefa89ef8a1e83ce64bd1bff5ce63"}	[{"salt": "828", "amount0": "647407930980302", "amount1": "3842306821610292907154", "ordinal": 0, "tickLower": 142000, "tickUpper": 150000, "liquidityDelta": "0"}]
{"poolManager":"0x8366a39cc670b4001a1121b8f6a443a643e40951","txHash":"0x0a2dda2e85cddd9834ad02ef12b8b2f267109e6dbea0c8935df5b88fda683ac6"}	[{"salt": "812", "amount0": "0", "amount1": "694282221964782596555", "ordinal": 0, "tickLower": -884000, "tickUpper": 884000, "liquidityDelta": "0"}]
{"poolManager":"0x8366a39cc670b4001a1121b8f6a443a643e40951","txHash":"0xd0f470d21e2e3be94c0e62d1c62090958050f3d55e309fd84e9a8c40f023ddad"}	[{"salt": "812", "amount0": "0", "amount1": "0", "ordinal": 0, "tickLower": -884000, "tickUpper": 884000, "liquidityDelta": "-38872846485301257636"}]
{"poolManager":"0x8366a39cc670b4001a1121b8f6a443a643e40951","txHash":"0x8af93a4a585b706a60aa46e47f1052f4319b45fcc1234dc8188c29e3173eed3d"}	[{"salt": "848", "amount0": "25174100", "amount1": "21862302925346044797625", "ordinal": 0, "tickLower": 343200, "tickUpper": 357600, "liquidityDelta": "-165550212388556756"}]
{"poolManager":"0x8366a39cc670b4001a1121b8f6a443a643e40951","txHash":"0xa72d790797e3774cfff6ed81996ff6eb3e8eea19d39312181d431592fb84f342"}	[{"salt": "876", "amount0": "0", "amount1": "0", "ordinal": 0, "tickLower": 344400, "tickUpper": 357600, "liquidityDelta": "62246024935465749"}]
{"poolManager":"0x8366a39cc670b4001a1121b8f6a443a643e40951","txHash":"0xb3c0a43d5cc70ab06b2bc50b1ade6352104fc6d99ef2f9f4f9bd6f2fead44321"}	[{"salt": "857", "amount0": "15822668", "amount1": "35102429744389023033624", "ordinal": 0, "tickLower": 349000, "tickUpper": 362000, "liquidityDelta": "-79193388400284981"}]
{"poolManager":"0x8366a39cc670b4001a1121b8f6a443a643e40951","txHash":"0xb81b03795ce366bfb654e282a9a5fefb750f0a8001c330a1f664e3f86629e35f"}	[{"salt": "834", "amount0": "5657895", "amount1": "5256448837386163440166", "ordinal": 0, "tickLower": 344400, "tickUpper": 357000, "liquidityDelta": "-158313563691368726"}]
{"poolManager":"0x8366a39cc670b4001a1121b8f6a443a643e40951","txHash":"0x69173898bec4855c0a0dd9c902d8d9d76568bd909c3983262bbb3ec0e0998c2c"}	[{"salt": "877", "amount0": "500795097743", "amount1": "1", "ordinal": 0, "tickLower": -283267, "tickUpper": -269403, "liquidityDelta": "3463520585071571"}]
{"poolManager":"0x8366a39cc670b4001a1121b8f6a443a643e40951","txHash":"0x4fe847d367c2051f87b3f4ab4a6177cbf0432ffb422a06f966193d013bece752"}	[{"salt": "822", "amount0": "0", "amount1": "0", "ordinal": 0, "tickLower": 345600, "tickUpper": 357000, "liquidityDelta": "-76475123752735310"}]
{"poolManager":"0x8366a39cc670b4001a1121b8f6a443a643e40951","txHash":"0x09541837f165d75a782d497b524694a86dd8f2bdf0ef1a9b65d54e1681b233aa"}	[{"salt": "838", "amount0": "56480691", "amount1": "76691277956150566737578", "ordinal": 0, "tickLower": 347000, "tickUpper": 357000, "liquidityDelta": "0"}]
{"poolManager":"0x8366a39cc670b4001a1121b8f6a443a643e40951","txHash":"0xdcc5a4a887bf62983d2ad8a57f3303b36401fd511e88a3fc5067015963b10bd1"}	[{"salt": "792", "amount0": "70776762", "amount1": "59337918297198037980245", "ordinal": 0, "tickLower": 342000, "tickUpper": 355800, "liquidityDelta": "-84235966817837011"}]
{"poolManager":"0x8366a39cc670b4001a1121b8f6a443a643e40951","txHash":"0x7714714ce1dc3919fcd787278a38413f77dbd9b0ecc8c1a53be13920aa470a54"}	[{"salt": "855", "amount0": "0", "amount1": "0", "ordinal": 0, "tickLower": 345000, "tickUpper": 358200, "liquidityDelta": "-128283204818544527"}]
{"poolManager":"0x8366a39cc670b4001a1121b8f6a443a643e40951","txHash":"0x9995608f864553a8dc5ad31936646c16c2dba0ef6235d5079a7c29b867c13b58"}	[{"salt": "886", "amount0": "1847693", "amount1": "1593526036087306938970", "ordinal": 0, "tickLower": 343200, "tickUpper": 355800, "liquidityDelta": "-121190887703796992"}]
{"poolManager":"0x8366a39cc670b4001a1121b8f6a443a643e40951","txHash":"0x2648deebf7dcda59bfdeb124ddd9385baf97b7ac4ceba0c70bbec4a1fe28934f"}	[{"salt": "830", "amount0": "24676570", "amount1": "40973275111090043824998", "ordinal": 0, "tickLower": 350000, "tickUpper": 362000, "liquidityDelta": "-80062486847946607"}]
{"poolManager":"0x8366a39cc670b4001a1121b8f6a443a643e40951","txHash":"0x0cdd0300022addb5c95cd73898d661f863298ab42c978eec632df5c4719dab6d"}	[{"salt": "807", "amount0": "161755", "amount1": "269629475336971105657", "ordinal": 0, "tickLower": 351000, "tickUpper": 358000, "liquidityDelta": "-756876097648300"}]
{"poolManager":"0x8366a39cc670b4001a1121b8f6a443a643e40951","txHash":"0x863594b84af0fc1ba909634d6c3539d05a9a2212de6ad5a873062a1147f76444"}	[{"salt": "806", "amount0": "470804", "amount1": "612890955124408796017", "ordinal": 0, "tickLower": -887000, "tickUpper": 887000, "liquidityDelta": "-127915940298070"}]
{"poolManager":"0x8366a39cc670b4001a1121b8f6a443a643e40951","txHash":"0x3d1a357f1e9545e7b3b6f17f40431774df960fb581f122afecb9ec04a3e5fd56"}	[{"salt": "849", "amount0": "13996157944124223", "amount1": "17211554869005008893429", "ordinal": 0, "tickLower": 140000, "tickUpper": 156000, "liquidityDelta": "0"}]
{"poolManager":"0x8366a39cc670b4001a1121b8f6a443a643e40951","txHash":"0x4ad60e180d93229eff31e0e80b39b337162d5d8227cd86ab63f43f9db805d94a"}	[{"salt": "827", "amount0": "547203822756749", "amount1": "750266823076810158561", "ordinal": 0, "tickLower": -886000, "tickUpper": 886000, "liquidityDelta": "0"}]
{"poolManager":"0x8366a39cc670b4001a1121b8f6a443a643e40951","txHash":"0xaf8e826c9ae888e65c744a17e04b146b153e041f6f1faf8d2a5f41cd00514eb1"}	[{"salt": "828", "amount0": "713651098495027", "amount1": "978481363225338603734", "ordinal": 0, "tickLower": 142000, "tickUpper": 150000, "liquidityDelta": "0"}]
{"poolManager":"0x8366a39cc670b4001a1121b8f6a443a643e40951","txHash":"0xa9bba1de4a92a1bf86df1bbdc5107d1728fe17302271019ff0960e030b0e02ca"}	[{"salt": "371", "amount0": "1327463485680282", "amount1": "2398794", "ordinal": 0, "tickLower": -203260, "tickUpper": -200600, "liquidityDelta": "0"}]
{"poolManager":"0x8366a39cc670b4001a1121b8f6a443a643e40951","txHash":"0xd3ca2105cda84ae8aaa732c94f3f45fd8f8aaa12ddd263ea0662b004d3cba448"}	[{"salt": "716", "amount0": "421023010905307", "amount1": "0", "ordinal": 0, "tickLower": -886400, "tickUpper": 886400, "liquidityDelta": "0"}]
{"poolManager":"0x8366a39cc670b4001a1121b8f6a443a643e40951","txHash":"0xf965ae482d1262f5bd0ef7dc0519d715e8735eaf70df017f05e7a1d0e1f15910"}	[{"salt": "716", "amount0": "0", "amount1": "0", "ordinal": 0, "tickLower": -886400, "tickUpper": 886400, "liquidityDelta": "-119718380073244510669"}]
{"poolManager":"0x8366a39cc670b4001a1121b8f6a443a643e40951","txHash":"0x5443bb927b5aee9bf7180083159f6541d99d03be374d851640f40ccabf195c99"}	[{"salt": "891", "amount0": "0", "amount1": "0", "ordinal": 0, "tickLower": 142200, "tickUpper": 149000, "liquidityDelta": "-1870601625704684947"}]
{"poolManager":"0x8366a39cc670b4001a1121b8f6a443a643e40951","txHash":"0x55f84a5b9610286b73d8b000daebaee5876ab7cc2201dbb1d4ea0fd2804e8167"}	[{"salt": "674", "amount0": "2328556028288225", "amount1": "4158951", "ordinal": 0, "tickLower": -201920, "tickUpper": -201510, "liquidityDelta": "0"}]
{"poolManager":"0x8366a39cc670b4001a1121b8f6a443a643e40951","txHash":"0x8f12bf73cfb43bdff4b5c29378a4f0e6bb730db6743a7274ec498cc75a9cc433"}	[{"salt": "890", "amount0": "1529657377551", "amount1": "0", "ordinal": 0, "tickLower": 126480, "tickUpper": 126840, "liquidityDelta": "-20771940976613611356"}]
{"poolManager":"0x8366a39cc670b4001a1121b8f6a443a643e40951","txHash":"0x82be240549a69fd885d4e10846e2a44f4bd1d86df313e7be9a0d898416a164d1"}	[{"salt": "890", "amount0": "0", "amount1": "0", "ordinal": 0, "tickLower": 126480, "tickUpper": 126840, "liquidityDelta": "-86353273701082333909"}]
{"poolManager":"0x8366a39cc670b4001a1121b8f6a443a643e40951","txHash":"0x948c29e78bfce5d5ee08d1a48e1951fbfcdac7e6f76b685d8bc39800b41d6cc3"}	[{"salt": "894", "amount0": "0", "amount1": "0", "ordinal": 0, "tickLower": -882000, "tickUpper": 882000, "liquidityDelta": "-73466942904302963950"}]
{"poolManager":"0x8366a39cc670b4001a1121b8f6a443a643e40951","txHash":"0xfac0e67b6913ae112509ee0d53437edb9bfb2bc734358960944d8f744b21a368"}	[{"salt": "836", "amount0": "9614500", "amount1": "8870193231263426454099", "ordinal": 0, "tickLower": 344400, "tickUpper": 356400, "liquidityDelta": "0"}]
{"poolManager":"0x8366a39cc670b4001a1121b8f6a443a643e40951","txHash":"0x727cd939d027c9f94bcfaed9e4a7e54b63b8ba0d4551e1998575430add419001"}	[{"salt": "823", "amount0": "27335938", "amount1": "20848034516386659448118", "ordinal": 0, "tickLower": 343200, "tickUpper": 346800, "liquidityDelta": "0"}]
{"poolManager":"0x8366a39cc670b4001a1121b8f6a443a643e40951","txHash":"0xda231296006bb0bf15cc7f5d1e14b40f735bce35a7a1b1fddcd6b1349f0ba2c4"}	[{"salt": "722", "amount0": "32192200", "amount1": "22551915834997562764604", "ordinal": 0, "tickLower": 336600, "tickUpper": 353400, "liquidityDelta": "0"}]
{"poolManager":"0x8366a39cc670b4001a1121b8f6a443a643e40951","txHash":"0xe1313add52ee651188c1d0b9340ab9c8789cffe483d7ba54dd3033c00ddaa563"}	[{"salt": "845", "amount0": "4729770665815319", "amount1": "12563472069882027973795", "ordinal": 0, "tickLower": 145200, "tickUpper": 150400, "liquidityDelta": "-846722287062676897083"}]
{"poolManager":"0x8366a39cc670b4001a1121b8f6a443a643e40951","txHash":"0x70ab07f4e54a95e47363a9a240e153308deef47fee6d5c25afcd85d7cc6a782a"}	[{"salt": "801", "amount0": "1158299999999999", "amount1": "14232383228232", "ordinal": 0, "tickLower": -881400, "tickUpper": 881400, "liquidityDelta": "0"}]
{"poolManager":"0x8366a39cc670b4001a1121b8f6a443a643e40951","txHash":"0xd4e45d65275381b10b3f8bdc09bbff198be3b122edf18e286bd05b6d0ad1a28e"}	[{"salt": "801", "amount0": "0", "amount1": "0", "ordinal": 0, "tickLower": -881400, "tickUpper": 881400, "liquidityDelta": "169501321083175"}]
{"poolManager":"0x8366a39cc670b4001a1121b8f6a443a643e40951","txHash":"0xbd42702af83c30769b50b1d1e4b5d203a2054bd55baee61dd422c7d2ee9f39c2"}	[{"salt": "123", "amount0": "2196437624541953", "amount1": "347772", "ordinal": 0, "tickLower": -246400, "tickUpper": -207200, "liquidityDelta": "0"}]
{"poolManager":"0x8366a39cc670b4001a1121b8f6a443a643e40951","txHash":"0x91da66420b2d707821b1db7b1cabbcf69f51e28a135a7b030d5d38bd5f1b7c05"}	[{"salt": "123", "amount0": "0", "amount1": "0", "ordinal": 0, "tickLower": -246400, "tickUpper": -207200, "liquidityDelta": "42416535106"}]
{"poolManager":"0x8366a39cc670b4001a1121b8f6a443a643e40951","txHash":"0x3443f5378fa49032732de5ff4b32e8651c406fb3c2082a71be0f4fbe9f5c30ed"}	[{"salt": "875", "amount0": "86463721219", "amount1": "0", "ordinal": 0, "tickLower": -276344, "tickUpper": -276329, "liquidityDelta": "0"}]
{"poolManager":"0x8366a39cc670b4001a1121b8f6a443a643e40951","txHash":"0x666441f1635f18f9389fbb21e2de21d7f3b7c4ac83b27a803731931275dfb4a4"}	[{"salt": "781", "amount0": "83030491740456", "amount1": "231791134460361832024", "ordinal": 0, "tickLower": 148000, "tickUpper": 160000, "liquidityDelta": "0"}]
{"poolManager":"0x8366a39cc670b4001a1121b8f6a443a643e40951","txHash":"0xcf378587019dcd6cc4967ec99ca8254e546cfbae5db6186ff3bf43601313223f"}	[{"salt": "781", "amount0": "0", "amount1": "0", "ordinal": 0, "tickLower": 148000, "tickUpper": 160000, "liquidityDelta": "-12940362295216752943"}]
{"poolManager":"0x8366a39cc670b4001a1121b8f6a443a643e40951","txHash":"0xf5ec532582f5694a9d79ea8dc1b7746791e220ed6fcd6a68c68e016a82e84cb4"}	[{"salt": "897", "amount0": "0", "amount1": "0", "ordinal": 0, "tickLower": -884400, "tickUpper": 884400, "liquidityDelta": "-1942880052720506616"}]
{"poolManager":"0x8366a39cc670b4001a1121b8f6a443a643e40951","txHash":"0xe2c575c0df5b73808d8a8e74d08ca0906dbd99c872525193d1f7c73e11a47db5"}	[{"salt": "823", "amount0": "29436", "amount1": "23623870546674417606", "ordinal": 0, "tickLower": 343200, "tickUpper": 346800, "liquidityDelta": "-39347909359444350"}]
{"poolManager":"0x8366a39cc670b4001a1121b8f6a443a643e40951","txHash":"0x6ffa685912391c6d75e0546df95b15546aba0b7f1edce9ee0fa5313370964e2f"}	[{"salt": "849", "amount0": "0", "amount1": "9976539921122577235988", "ordinal": 0, "tickLower": 140000, "tickUpper": 156000, "liquidityDelta": "-686355862610938655937"}]
{"poolManager":"0x8366a39cc670b4001a1121b8f6a443a643e40951","txHash":"0x374ddcf8f27eb2348195a5aa428170681fa52a1a80372e9920703db1da90db51"}	[{"salt": "606", "amount0": "0", "amount1": "0", "ordinal": 0, "tickLower": -884800, "tickUpper": 884800, "liquidityDelta": "-54203667372374511973"}]
{"poolManager":"0x8366a39cc670b4001a1121b8f6a443a643e40951","txHash":"0x81b1c5ef31b16fdf817f22ce1418db64e2348fe2e4cb125f4c977668a7b56345"}	[{"salt": "828", "amount0": "11868290956057", "amount1": "2857953962576703200277", "ordinal": 0, "tickLower": 142000, "tickUpper": 150000, "liquidityDelta": "-145955493474910558634"}]
{"poolManager":"0x8366a39cc670b4001a1121b8f6a443a643e40951","txHash":"0xb41c16d4aaa8c9121d30523a77f252e41a31fa1961e7451b82b540383c45a851"}	[{"salt": "827", "amount0": "9100209043942", "amount1": "2191383628334268614842", "ordinal": 0, "tickLower": -886000, "tickUpper": 886000, "liquidityDelta": "-111913796742197879691"}]
{"poolManager":"0x8366a39cc670b4001a1121b8f6a443a643e40951","txHash":"0x32c7ad3c413a4a3d6da1f153a36e9f98e2b2bc89d854f82a1837025e70bf7a1b"}	[{"salt": "838", "amount0": "91782390", "amount1": "177451787402620621259563", "ordinal": 0, "tickLower": 347000, "tickUpper": 357000, "liquidityDelta": "0"}]
{"poolManager":"0x8366a39cc670b4001a1121b8f6a443a643e40951","txHash":"0x725dfedf3e9344b2614d4d7bfdeb63c9130da5e066bbdafd9209d80601ba0895"}	[{"salt": "884", "amount0": "10124836", "amount1": "0", "ordinal": 0, "tickLower": -872476, "tickUpper": 872476, "liquidityDelta": "-171494156255321"}]
{"poolManager":"0x8366a39cc670b4001a1121b8f6a443a643e40951","txHash":"0x38ba58dff9bf2f840b4a10da36de727fe27b2f96b43a8beda9bad41d6726344f"}	[{"salt": "722", "amount0": "1323272", "amount1": "1051703277450098092348", "ordinal": 0, "tickLower": 336600, "tickUpper": 353400, "liquidityDelta": "1627149631976875"}]
{"poolManager":"0x8366a39cc670b4001a1121b8f6a443a643e40951","txHash":"0x7398856d7a61725048fdb25dc6eca790ca4dbb3cdd4d68b64fc6b4ba346392da"}	[{"salt": "405", "amount0": "49707240776704475", "amount1": "8519296670221047095639", "ordinal": 0, "tickLower": 119000, "tickUpper": 126000, "liquidityDelta": "11283426244036842740116"}]
{"poolManager":"0x8366a39cc670b4001a1121b8f6a443a643e40951","txHash":"0xc717cf10e86218f8c5fbca12662c1c8195a3e18d19d8a846e1e17ce9cd07a8b4"}	[{"salt": "640", "amount0": "14949960", "amount1": "24604314793516316779", "ordinal": 0, "tickLower": 278520, "tickUpper": 283860, "liquidityDelta": "0"}]
{"poolManager":"0x8366a39cc670b4001a1121b8f6a443a643e40951","txHash":"0xbb363f3d4969af64f3ce5b532f3ce24a3343377191db05d0f4a582f74d0cc1d7"}	[{"salt": "674", "amount0": "329514104344665", "amount1": "613219", "ordinal": 0, "tickLower": -201920, "tickUpper": -201510, "liquidityDelta": "-580462643466730"}]
{"poolManager":"0x8366a39cc670b4001a1121b8f6a443a643e40951","txHash":"0xd790bf26b82e04537cc189c926ee64e8b360d14d89c6e74d2eb8e1b1d3ccc50f"}	[{"salt": "826", "amount0": "1706667562572530", "amount1": "5038265677117555625570", "ordinal": 0, "tickLower": -887200, "tickUpper": 887200, "liquidityDelta": "0"}]
{"poolManager":"0x8366a39cc670b4001a1121b8f6a443a643e40951","txHash":"0x934c8bf72ab8f350cc9a203a8c20fb9af9a2462151e89617e9d47cfbad7ae4d7"}	[{"salt": "826", "amount0": "0", "amount1": "0", "ordinal": 0, "tickLower": -887200, "tickUpper": 887200, "liquidityDelta": "-202371060327527782751"}]
{"poolManager":"0x8366a39cc670b4001a1121b8f6a443a643e40951","txHash":"0x716a893a93111a735989b2b156d83d1d050820d8183ef6338f926e8b470c543b"}	[{"salt": "48", "amount0": "0", "amount1": "4878493", "ordinal": 0, "tickLower": -202800, "tickUpper": -201600, "liquidityDelta": "-1553953502670493"}]
{"poolManager":"0x8366a39cc670b4001a1121b8f6a443a643e40951","txHash":"0xa59ba9b4af26f47f4519b92281bacd6250ef15bd454e6007ddbc0e236290948a"}	[{"salt": "929", "amount0": "0", "amount1": "0", "ordinal": 0, "tickLower": -201420, "tickUpper": -201400, "liquidityDelta": "-237064108224353945"}]
{"poolManager":"0x8366a39cc670b4001a1121b8f6a443a643e40951","txHash":"0x7dbc88cc2d0651d6ed8932473bc3ad7ea4d913089d47f51f647373dd07beecef"}	[{"salt": "932", "amount0": "0", "amount1": "0", "ordinal": 0, "tickLower": -201420, "tickUpper": -201410, "liquidityDelta": "-474009719945916363"}]
{"poolManager":"0x8366a39cc670b4001a1121b8f6a443a643e40951","txHash":"0x537107de7a17ad6a64b75d0c091b532ed71ce83bf849acf05526aeef2545cf1b"}	[{"salt": "895", "amount0": "24161574", "amount1": "21969308001885361829723", "ordinal": 0, "tickLower": 343200, "tickUpper": 352200, "liquidityDelta": "0"}]
{"poolManager":"0x8366a39cc670b4001a1121b8f6a443a643e40951","txHash":"0x5549dac04323cfed886204e4e36a6b87c1a1ea833b6a41b66b8e834d9c1b9af4"}	[{"salt": "838", "amount0": "11432760", "amount1": "15335788901745734559521", "ordinal": 0, "tickLower": 347000, "tickUpper": 357000, "liquidityDelta": "-89483964596912364"}]
{"poolManager":"0x8366a39cc670b4001a1121b8f6a443a643e40951","txHash":"0xf51f698b16543c79b852638f7a7739d288feb99f92658029c14eb7bbb1e38311"}	[{"salt": "933", "amount0": "172742700946702", "amount1": "309236", "ordinal": 0, "tickLower": -201420, "tickUpper": -201410, "liquidityDelta": "-414758504952676817"}]
{"poolManager":"0x8366a39cc670b4001a1121b8f6a443a643e40951","txHash":"0xa7a69b0b18f7d11ac24d7ae8ece151f05525156e18fa99c2455578dc2dd2e18b"}	[{"salt": "838", "amount0": "572887", "amount1": "891561807276482561951", "ordinal": 0, "tickLower": 347000, "tickUpper": 357000, "liquidityDelta": "-89483964596912365"}]
{"poolManager":"0x8366a39cc670b4001a1121b8f6a443a643e40951","txHash":"0x1107709fd3a49052c139623820db55551f306bac7715a741c2252b14ef3e12b1"}	[{"salt": "650", "amount0": "68301", "amount1": "0", "ordinal": 0, "tickLower": -873224, "tickUpper": 873224, "liquidityDelta": "-189929747866788"}]
{"poolManager":"0x8366a39cc670b4001a1121b8f6a443a643e40951","txHash":"0x5d027d7ea3c155e95b267b33ebbd42bcf957e4fd519300a4e2c19ded108baf2f"}	[{"salt": "915", "amount0": "5405048", "amount1": "0", "ordinal": 0, "tickLower": -874000, "tickUpper": 874000, "liquidityDelta": "-667924676069333"}]
{"poolManager":"0x8366a39cc670b4001a1121b8f6a443a643e40951","txHash":"0x3744e8cfb6c2fc50a6780203b59833f7be656af113482485e02cfc6af747816a"}	[{"salt": "935", "amount0": "0", "amount1": "3549", "ordinal": 0, "tickLower": -201440, "tickUpper": -201360, "liquidityDelta": "5384390669587879"}]
{"poolManager":"0x8366a39cc670b4001a1121b8f6a443a643e40951","txHash":"0x37ef4d761e5e109cec033d450b68b07ba161bf3958539bf0d6691e751e4fba83"}	[{"salt": "887", "amount0": "6542449", "amount1": "5994262429088534291188", "ordinal": 0, "tickLower": 344400, "tickUpper": 357000, "liquidityDelta": "-32171131910934831"}]
{"poolManager":"0x8366a39cc670b4001a1121b8f6a443a643e40951","txHash":"0xf8d02a3b7656bd0ff31268df7a31fa7bccebc82c9388bef5692a6991299b24ff"}	[{"salt": "935", "amount0": "0", "amount1": "20204", "ordinal": 0, "tickLower": -201440, "tickUpper": -201360, "liquidityDelta": "-57411776123781668"}]
{"poolManager":"0x8366a39cc670b4001a1121b8f6a443a643e40951","txHash":"0xa30a72213a21057d38e8d3e85ea2de78f4f71e9a8cf52eac07d1eb3d87f33bb3"}	[{"salt": "931", "amount0": "0", "amount1": "266771827065401090647", "ordinal": 0, "tickLower": 143280, "tickUpper": 180180, "liquidityDelta": "-146527496642174023647"}]
{"poolManager":"0x8366a39cc670b4001a1121b8f6a443a643e40951","txHash":"0x032af07d39a05062326bc61faf3de2db6b97ffcfeb0d30b0fd096c9d44089852"}	[{"salt": "869", "amount0": "67099024", "amount1": "51387717421282743579156", "ordinal": 0, "tickLower": 336000, "tickUpper": 349800, "liquidityDelta": "0"}]
{"poolManager":"0x8366a39cc670b4001a1121b8f6a443a643e40951","txHash":"0x1f1b33941fdc5d2a687d7108048a8841a15534bcd5cdc2571e8b433c81bbac35"}	[{"salt": "906", "amount0": "15712111", "amount1": "12856322488405174601975", "ordinal": 0, "tickLower": 339000, "tickUpper": 346800, "liquidityDelta": "0"}]
{"poolManager":"0x8366a39cc670b4001a1121b8f6a443a643e40951","txHash":"0xbba47ea1bd3715ba68a1340867bfaf5767ff5d1dd3958736aa32c465dd2975d5"}	[{"salt": "914", "amount0": "3494999999999", "amount1": "448708858979548546", "ordinal": 0, "tickLower": -887270, "tickUpper": 122070, "liquidityDelta": "-2235713538332594540407"}]
{"poolManager":"0x8366a39cc670b4001a1121b8f6a443a643e40951","txHash":"0x4e9780527fcad30520feee1b7b28e445d4809e5181c44133b289b07086fffbb9"}	[{"salt": "912", "amount0": "10988490", "amount1": "7868194966447210576851", "ordinal": 0, "tickLower": 338400, "tickUpper": 342600, "liquidityDelta": "2469605863783814"}]
{"poolManager":"0x8366a39cc670b4001a1121b8f6a443a643e40951","txHash":"0x6b1bb45f4113c4a5ef0e6977b7bbdb9ab0f63404bcc27d5b828e446185c4b962"}	[{"salt": "912", "amount0": "0", "amount1": "0", "ordinal": 0, "tickLower": 338400, "tickUpper": 342600, "liquidityDelta": "1511422916161057"}]
{"poolManager":"0x8366a39cc670b4001a1121b8f6a443a643e40951","txHash":"0x3585bd7c61c1aefd155716962dd0378fa821d293fb9c842d1ebfcbac55883995"}	[{"salt": "869", "amount0": "0", "amount1": "381344053858567901550", "ordinal": 0, "tickLower": 336000, "tickUpper": 349800, "liquidityDelta": "34721179523513565"}]
{"poolManager":"0x8366a39cc670b4001a1121b8f6a443a643e40951","txHash":"0xd013b90c5d48102613aed35620fd9fa9da13e21f3ec5de8c6779834a29a3d46b"}	[{"salt": "921", "amount0": "65104598666822", "amount1": "35910502822419060511", "ordinal": 0, "tickLower": 120000, "tickUpper": 127000, "liquidityDelta": "-11432353963103236844"}]
{"poolManager":"0x8366a39cc670b4001a1121b8f6a443a643e40951","txHash":"0x00e0e5950d0208e553637f9aec3769638b826ce71a540f4aab15e5a242938686"}	[{"salt": "796", "amount0": "20466353851293084", "amount1": "35997954", "ordinal": 0, "tickLower": -201650, "tickUpper": -201560, "liquidityDelta": "-12100171920386170"}]
{"poolManager":"0x8366a39cc670b4001a1121b8f6a443a643e40951","txHash":"0x0e0277ebd1216e24e5601874b02de37d824729d72baba8898625cdc1907ffec9"}	[{"salt": "951", "amount0": "0", "amount1": "0", "ordinal": 0, "tickLower": -887220, "tickUpper": 887220, "liquidityDelta": "-79138416693280243509"}]
{"poolManager":"0x8366a39cc670b4001a1121b8f6a443a643e40951","txHash":"0xb5c739e42319a1c5c5eed65199e92f836f3d46dfeac187f82682936d542317d8"}	[{"salt": "893", "amount0": "38413894", "amount1": "63057030729264631590675", "ordinal": 0, "tickLower": 349000, "tickUpper": 361000, "liquidityDelta": "0"}]
{"poolManager":"0x8366a39cc670b4001a1121b8f6a443a643e40951","txHash":"0xfb8350fcd8ba6bb3df01bdd94bca085626c639e64dbb6595917e921438b92956"}	[{"salt": "836", "amount0": "1350379", "amount1": "4233919666223005658205", "ordinal": 0, "tickLower": 344400, "tickUpper": 356400, "liquidityDelta": "-126645170593147051"}]
{"poolManager":"0x8366a39cc670b4001a1121b8f6a443a643e40951","txHash":"0xae7705e2fc7dd9909953256c247cec11179930b8d6afec20d1925dc033cdf441"}	[{"salt": "656", "amount0": "9145845372327", "amount1": "16790", "ordinal": 0, "tickLower": -203500, "tickUpper": -200470, "liquidityDelta": "-1555541635962"}]
{"poolManager":"0x8366a39cc670b4001a1121b8f6a443a643e40951","txHash":"0x02ff2543364c9c6c255682fe4a4c59ededcda34df7eb92fd381fbeb5e0e2e5d0"}	[{"salt": "653", "amount0": "9606802855010", "amount1": "17592", "ordinal": 0, "tickLower": -203480, "tickUpper": -200440, "liquidityDelta": "-1611648746705"}]
{"poolManager":"0x8366a39cc670b4001a1121b8f6a443a643e40951","txHash":"0xad91a52a2d9380d7c1dcaa15e5d9714067c7ee0a97cd238fb6d654420f79740c"}	[{"salt": "895", "amount0": "5613376", "amount1": "22601956530299624297762", "ordinal": 0, "tickLower": 343200, "tickUpper": 352200, "liquidityDelta": "-156319604496658002"}]
{"poolManager":"0x8366a39cc670b4001a1121b8f6a443a643e40951","txHash":"0x561966c85a5b90dbcaecd364bb6d26a57652879b00589cd4211e004b7d8ce7fa"}	[{"salt": "950", "amount0": "964800", "amount1": "458035278407121192748", "ordinal": 0, "tickLower": 344000, "tickUpper": 358000, "liquidityDelta": "0"}]
{"poolManager":"0x8366a39cc670b4001a1121b8f6a443a643e40951","txHash":"0x87376e81610f133addf7104435124064d7ca75afde1fbbc58d304b12f54b4f1d"}	[{"salt": "550", "amount0": "1140083234018027", "amount1": "7888", "ordinal": 0, "tickLower": -276341, "tickUpper": -276335, "liquidityDelta": "-646512229478367338"}]
{"poolManager":"0x8366a39cc670b4001a1121b8f6a443a643e40951","txHash":"0x022e49de406bc157e626e9ed9ec71f95a14bd9d9d006d03f80dcdebced868c4c"}	[{"salt": "813", "amount0": "10831472472282", "amount1": "19947", "ordinal": 0, "tickLower": -208530, "tickUpper": -194660, "liquidityDelta": "2131044443036"}]
{"poolManager":"0x8366a39cc670b4001a1121b8f6a443a643e40951","txHash":"0xd18a4172207f349ef987be8586b85b00ab7702c103bc66c4d963f5c2d22644a5"}	[{"salt": "883", "amount0": "86592816", "amount1": "85615778627087689766016", "ordinal": 0, "tickLower": 342600, "tickUpper": 355200, "liquidityDelta": "-88206999060775791"}]
{"poolManager":"0x8366a39cc670b4001a1121b8f6a443a643e40951","txHash":"0xed9581b7f9459a5e01ea5d0efb2202bf1b0818b557d62fc9b6bfcfc90bff4c5e"}	[{"salt": "950", "amount0": "27572", "amount1": "0", "ordinal": 0, "tickLower": 344000, "tickUpper": 358000, "liquidityDelta": "-9655272727924193"}]
{"poolManager":"0x8366a39cc670b4001a1121b8f6a443a643e40951","txHash":"0x91a9995a49b0c1d3b353d333699839bd69894126dd17787aa3477aff5a310bea"}	[{"salt": "916", "amount0": "11172074", "amount1": "12306976440915366278547", "ordinal": 0, "tickLower": 340200, "tickUpper": 344400, "liquidityDelta": "-38883210317799678"}]
{"poolManager":"0x8366a39cc670b4001a1121b8f6a443a643e40951","txHash":"0x66cfb0c9e53e9b11950611e8d56cafc206fe4f6a09c03c90583227390501cfe0"}	[{"salt": "617", "amount0": "6606078007484741", "amount1": "67715", "ordinal": 0, "tickLower": -276338, "tickUpper": -276336, "liquidityDelta": "-10485315333698850893"}]
{"poolManager":"0x8366a39cc670b4001a1121b8f6a443a643e40951","txHash":"0x0015c237dbb77da5caa98537157c9510455cd9f55354f8895e47d777484e533c"}	[{"salt": "887", "amount0": "10103152", "amount1": "30610712027331992832890", "ordinal": 0, "tickLower": 344400, "tickUpper": 357000, "liquidityDelta": "-96513395732804495"}]
{"poolManager":"0x8366a39cc670b4001a1121b8f6a443a643e40951","txHash":"0x5092bc1f985c26d8bdff89064b75cc818fde91040503ef42435fcc8c8165ad86"}	[{"salt": "878", "amount0": "5207225", "amount1": "12485015500201581065665", "ordinal": 0, "tickLower": 351000, "tickUpper": 364000, "liquidityDelta": "-87521792182981246"}]
{"poolManager":"0x8366a39cc670b4001a1121b8f6a443a643e40951","txHash":"0x5563ed8a80f558510e3f34ae920423684655b43ce8fa51a6e975a5a422988a4d"}	[{"salt": "775", "amount0": "23809536433624637", "amount1": "38752421718219110681419", "ordinal": 0, "tickLower": -884000, "tickUpper": 884000, "liquidityDelta": "0"}]
{"poolManager":"0x8366a39cc670b4001a1121b8f6a443a643e40951","txHash":"0x64c349aa8abf768ef5adbc3effa8465f70459d0c71d1cf36d87154b1f5c9e4f2"}	[{"salt": "960", "amount0": "6929999999999999", "amount1": "3189228392284048280", "ordinal": 0, "tickLower": -887200, "tickUpper": 887200, "liquidityDelta": "-99999955936218779369"}]
{"poolManager":"0x8366a39cc670b4001a1121b8f6a443a643e40951","txHash":"0x3ce7c96b6982cab73af5912aae20cbf1c6fbc044e0524af5238868fa1ad88166"}	[{"salt": "956", "amount0": "0", "amount1": "305884575278178321019", "ordinal": 0, "tickLower": -887200, "tickUpper": 887200, "liquidityDelta": "-2378232400521588"}]
{"poolManager":"0x8366a39cc670b4001a1121b8f6a443a643e40951","txHash":"0x59ebb5e5ea8a857921fa8d982b29657b8aafb4903514085ead656aa0958bd08b"}	[{"salt": "954", "amount0": "44066839", "amount1": "59855622417800872619611", "ordinal": 0, "tickLower": 346200, "tickUpper": 358200, "liquidityDelta": "-145864489776792065"}]
{"poolManager":"0x8366a39cc670b4001a1121b8f6a443a643e40951","txHash":"0x0ca300566046ece2dd1b989427cb159d30f0a40c46665636ce7b3a6226ffd660"}	[{"salt": "876", "amount0": "104985733", "amount1": "154471003763498727093957", "ordinal": 0, "tickLower": 344400, "tickUpper": 357600, "liquidityDelta": "-248984099741862997"}]
{"poolManager":"0x8366a39cc670b4001a1121b8f6a443a643e40951","txHash":"0x97d762802cf808e10a0964e2f35db4383f41bd1caaf64f1f8a6640ba031ca53d"}	[{"salt": "614", "amount0": "2843737", "amount1": "2648717609426628855204", "ordinal": 0, "tickLower": -886800, "tickUpper": 886800, "liquidityDelta": "0"}]
{"poolManager":"0x8366a39cc670b4001a1121b8f6a443a643e40951","txHash":"0xfd1980f9f8fcb4d3db263cd14584d538ae7dd580c1ba3b52e1eb545a611dff6a"}	[{"salt": "893", "amount0": "421800", "amount1": "16973500611021969184136", "ordinal": 0, "tickLower": 349000, "tickUpper": 361000, "liquidityDelta": "-79095353741397073"}]
{"poolManager":"0x8366a39cc670b4001a1121b8f6a443a643e40951","txHash":"0xa4469cb28369a465d86a60fc7674491970cf8f03831230e4a854ef651fa4657e"}	[{"salt": "958", "amount0": "0", "amount1": "0", "ordinal": 0, "tickLower": -880000, "tickUpper": 880000, "liquidityDelta": "-5000008987919471"}]
{"poolManager":"0x8366a39cc670b4001a1121b8f6a443a643e40951","txHash":"0x47aaa0b77f9cf002867d58ad8a04392e31a16da07b50ff477fe99d876bd6c3c9"}	[{"salt": "957", "amount0": "0", "amount1": "3721712122617711517823159", "ordinal": 0, "tickLower": -880000, "tickUpper": 880000, "liquidityDelta": "-1581141845648534"}]
{"poolManager":"0x8366a39cc670b4001a1121b8f6a443a643e40951","txHash":"0xdef62b19cf284ffcfde5b248e993d2196d36da6c29f231e7bca2b80ad3baaf5a"}	[{"salt": "924", "amount0": "21079935", "amount1": "31104600511366715581359", "ordinal": 0, "tickLower": 343800, "tickUpper": 354000, "liquidityDelta": "-21916197378848875"}]
{"poolManager":"0x8366a39cc670b4001a1121b8f6a443a643e40951","txHash":"0x92ed5662dd50562249b666dc6ebdfd232f11f025e07237c03a3f3a6572f1ba54"}	[{"salt": "965", "amount0": "0", "amount1": "0", "ordinal": 0, "tickLower": -368000, "tickUpper": -362000, "liquidityDelta": "-279737870529144"}]
{"poolManager":"0x8366a39cc670b4001a1121b8f6a443a643e40951","txHash":"0x0cabf38b6a90b208e54635290ef0ab2d65d7eb3c8c7e0dcbb8a565ab4af4db50"}	[{"salt": "973", "amount0": "44209933284", "amount1": "258", "ordinal": 0, "tickLower": -201530, "tickUpper": -201470, "liquidityDelta": "-170518238624502"}]
{"poolManager":"0x8366a39cc670b4001a1121b8f6a443a643e40951","txHash":"0xdccf5d817dbe9edf67436302a4d47e2ec780fa2d74c70235ec8ec10eca4a9219"}	[{"salt": "963", "amount0": "0", "amount1": "0", "ordinal": 0, "tickLower": 348000, "tickUpper": 360000, "liquidityDelta": "39900113865939663"}]
{"poolManager":"0x8366a39cc670b4001a1121b8f6a443a643e40951","txHash":"0xeaa1722b49a734f835c470a2f0d715139409f0555031cee8d6fc489555609b11"}	[{"salt": "972", "amount0": "444", "amount1": "0", "ordinal": 0, "tickLower": -880000, "tickUpper": 880000, "liquidityDelta": "-989997819616775"}]
{"poolManager":"0x8366a39cc670b4001a1121b8f6a443a643e40951","txHash":"0x3e5db8e18b17965e52d712494305c6d2a188e90a44873f23c3a809d0b4b17c49"}	[{"salt": "972", "amount0": "250", "amount1": "0", "ordinal": 0, "tickLower": -880000, "tickUpper": 880000, "liquidityDelta": "-8999980178335"}]
{"poolManager":"0x8366a39cc670b4001a1121b8f6a443a643e40951","txHash":"0x7b6b6e76c9801ec6bfac0f872a469505364189f03c077579945f642342fbe527"}	[{"salt": "972", "amount0": "0", "amount1": "0", "ordinal": 0, "tickLower": -880000, "tickUpper": 880000, "liquidityDelta": "-899998017833"}]
{"poolManager":"0x8366a39cc670b4001a1121b8f6a443a643e40951","txHash":"0xddf3b071e5a5913c73aa4a07f0978643060b20c331a54b6d87575f112a881ea6"}	[{"salt": "868", "amount0": "15612294891956", "amount1": "28651", "ordinal": 0, "tickLower": -203190, "tickUpper": -200310, "liquidityDelta": "0"}]
{"poolManager":"0x8366a39cc670b4001a1121b8f6a443a643e40951","txHash":"0x324ab3cd4a609357afa7c2a7c1a0eb1c33189c95a55071af13643c56521c77ef"}	[{"salt": "912", "amount0": "0", "amount1": "0", "ordinal": 0, "tickLower": 338400, "tickUpper": 342600, "liquidityDelta": "-83139221896694592"}]
{"poolManager":"0x8366a39cc670b4001a1121b8f6a443a643e40951","txHash":"0x5f459348b113723f0af1013fbf431790027a94332a1802d72f15429f4a8f9fa9"}	[{"salt": "906", "amount0": "13550847", "amount1": "19113504635945056420276", "ordinal": 0, "tickLower": 339000, "tickUpper": 346800, "liquidityDelta": "44603854648563971"}]
{"poolManager":"0x8366a39cc670b4001a1121b8f6a443a643e40951","txHash":"0xce1b6d0f15185a528d66a45a8f346ac599d855b47564a3f681823525693430d0"}	[{"salt": "906", "amount0": "0", "amount1": "0", "ordinal": 0, "tickLower": 339000, "tickUpper": 346800, "liquidityDelta": "1969779667256677"}]
{"poolManager":"0x8366a39cc670b4001a1121b8f6a443a643e40951","txHash":"0xba01a70453a2f7f674fad26a287e9ffefcb3b87424b5b083a1753f4c0079f4a0"}	[{"salt": "1005", "amount0": "0", "amount1": "0", "ordinal": 0, "tickLower": 0, "tickUpper": 46000, "liquidityDelta": "20752762696987803"}]
{"poolManager":"0x8366a39cc670b4001a1121b8f6a443a643e40951","txHash":"0x4d638a781bc7fccd8737ab0098fda599ccb53a6c61c9682403a0f241b255d150"}	[{"salt": "906", "amount0": "0", "amount1": "1386439845341483650263", "ordinal": 0, "tickLower": 339000, "tickUpper": 346800, "liquidityDelta": "-79836859767219909"}]
{"poolManager":"0x8366a39cc670b4001a1121b8f6a443a643e40951","txHash":"0xeaa05f18ee7055272d2afc07e267e9082f30df3725967342ab3d0f4a59e95b3f"}	[{"salt": "977", "amount0": "80051145261", "amount1": "114", "ordinal": 0, "tickLower": -203710, "tickUpper": -199800, "liquidityDelta": "-2065924769290"}]
{"poolManager":"0x8366a39cc670b4001a1121b8f6a443a643e40951","txHash":"0x11143f1a9c9edc43ad2b4d9f898fe6b545e65fcca343fb30d465e52850bd5bbb"}	[{"salt": "980", "amount0": "193161", "amount1": "1236711709837", "ordinal": 0, "tickLower": 143200, "tickUpper": 150200, "liquidityDelta": "-6534636807685"}]
{"poolManager":"0x8366a39cc670b4001a1121b8f6a443a643e40951","txHash":"0xb4571bfbab437bb944115dc3d702c1b9b5affd24429324f3bc1a24295298a3b4"}	[{"salt": "971", "amount0": "0", "amount1": "0", "ordinal": 0, "tickLower": 210000, "tickUpper": 350000, "liquidityDelta": "-2515491729405934680"}]
{"poolManager":"0x8366a39cc670b4001a1121b8f6a443a643e40951","txHash":"0x200f2a17e2283917c52980df4b7c3d1d7f1f82efd05af09a648cb11029e49392"}	[{"salt": "972", "amount0": "1275", "amount1": "0", "ordinal": 0, "tickLower": -880000, "tickUpper": 880000, "liquidityDelta": "-99999779760"}]
{"poolManager":"0x8366a39cc670b4001a1121b8f6a443a643e40951","txHash":"0xd95e50a2108682cfb5efaebd6429499606f7e2158afe909915b65d4c2f39208c"}	[{"salt": "986", "amount0": "1482381072881", "amount1": "0", "ordinal": 0, "tickLower": 12000, "tickUpper": 18000, "liquidityDelta": "3896533239121515530"}]
{"poolManager":"0x8366a39cc670b4001a1121b8f6a443a643e40951","txHash":"0x469d3dc630dcf10dd7ad5f9beb39bb195f1960584dbe34a7bc64009bbc943552"}	[{"salt": "583", "amount0": "96758902253990", "amount1": "634213", "ordinal": 0, "tickLower": -203000, "tickUpper": -201200, "liquidityDelta": "0"}]
{"poolManager":"0x8366a39cc670b4001a1121b8f6a443a643e40951","txHash":"0x29408cf59a17e64784aaeab7d3ead945d5e931d28516fb141c58a01fa598bc6d"}	[{"salt": "888", "amount0": "233043832113590", "amount1": "424481", "ordinal": 0, "tickLower": -201640, "tickUpper": -201580, "liquidityDelta": "0"}]
{"poolManager":"0x8366a39cc670b4001a1121b8f6a443a643e40951","txHash":"0xbd0b986098dfa201b32949da9b0096ae1e75afbeaa670b6c4247654c9c8e60f9"}	[{"salt": "986", "amount0": "1811585271589", "amount1": "77453742293075", "ordinal": 0, "tickLower": 12000, "tickUpper": 18000, "liquidityDelta": "77567070112076661048"}]
{"poolManager":"0x8366a39cc670b4001a1121b8f6a443a643e40951","txHash":"0x4a0dbb0166017bed9755ab32fc6ba44dcbaaf0f22d3c47ab06f07c6b3cb8b4e0"}	[{"salt": "986", "amount0": "0", "amount1": "0", "ordinal": 0, "tickLower": 12000, "tickUpper": 18000, "liquidityDelta": "38773578211637881483"}]
{"poolManager":"0x8366a39cc670b4001a1121b8f6a443a643e40951","txHash":"0xb5eb112a740c88cc4962af980860e77f88c03114f650fcf5ca8f1f0c817d32aa"}	[{"salt": "986", "amount0": "0", "amount1": "0", "ordinal": 0, "tickLower": 12000, "tickUpper": 18000, "liquidityDelta": "80909106216515963761"}]
{"poolManager":"0x8366a39cc670b4001a1121b8f6a443a643e40951","txHash":"0x890eceb178b7310430b3b5561f8bb72e825f9f1c37f5329b77d5bd1348eb8a91"}	[{"salt": "888", "amount0": "0", "amount1": "0", "ordinal": 0, "tickLower": -201640, "tickUpper": -201580, "liquidityDelta": "-629882873425489"}]
{"poolManager":"0x8366a39cc670b4001a1121b8f6a443a643e40951","txHash":"0xb5ab30ce8c67073930565c2b6c0001094da7ec0faaab71626ec63b0a4ab517c9"}	[{"salt": "986", "amount0": "0", "amount1": "0", "ordinal": 0, "tickLower": 12000, "tickUpper": 18000, "liquidityDelta": "-153781813110033789654"}]
{"poolManager":"0x8366a39cc670b4001a1121b8f6a443a643e40951","txHash":"0x09d60a6c79e772a8f7361f0c54c259984c9de9908653e88fa96d97298c793bb6"}	[{"salt": "986", "amount0": "0", "amount1": "0", "ordinal": 0, "tickLower": 12000, "tickUpper": 18000, "liquidityDelta": "-51260604370011263218"}]
{"poolManager":"0x8366a39cc670b4001a1121b8f6a443a643e40951","txHash":"0x84dbf24cd6f7a4e61c2597a689810a1a508733c8a82546ebc8923afbed89a870"}	[{"salt": "998", "amount0": "0", "amount1": "811433", "ordinal": 0, "tickLower": -218820, "tickUpper": -214740, "liquidityDelta": "7775472494583490"}]
{"poolManager":"0x8366a39cc670b4001a1121b8f6a443a643e40951","txHash":"0xe9927bef26eba8111152464c6fe9269cde521c5d84c17b93309b285330705970"}	[{"salt": "964", "amount0": "37569262", "amount1": "61452595248091189931618", "ordinal": 0, "tickLower": 347400, "tickUpper": 368400, "liquidityDelta": "-214998439913393240"}]
{"poolManager":"0x8366a39cc670b4001a1121b8f6a443a643e40951","txHash":"0x06522a9daedb0dc8ef9651a57c04af5e791152bb3cde680c04431c2609c72b7f"}	[{"salt": "885", "amount0": "37486440", "amount1": "79327447280055265994968", "ordinal": 0, "tickLower": 349000, "tickUpper": 363000, "liquidityDelta": "-37594033208142759"}]
{"poolManager":"0x8366a39cc670b4001a1121b8f6a443a643e40951","txHash":"0xc8f67ab1bf29efdd38ee2e4d73fc706cbe8143e1240f0da18bbdba8679980e58"}	[{"salt": "955", "amount0": "58232673", "amount1": "79860129482404486646654", "ordinal": 0, "tickLower": 346200, "tickUpper": 358200, "liquidityDelta": "-72932244888396032"}]
{"poolManager":"0x8366a39cc670b4001a1121b8f6a443a643e40951","txHash":"0xff51b7100d4ff61c84fce1fab8417b87403a7c9900e313819cf06ff223ab2066"}	[{"salt": "654", "amount0": "324382974511307", "amount1": "584126", "ordinal": 0, "tickLower": -203410, "tickUpper": -200510, "liquidityDelta": "-41338952816384"}]
{"poolManager":"0x8366a39cc670b4001a1121b8f6a443a643e40951","txHash":"0xfd56fd2254348f5b40ba9b39251906cb3a61e14a76a6a2665bf2802238be0fac"}	[{"salt": "359", "amount0": "48235113245985", "amount1": "276640002652054", "ordinal": 0, "tickLower": 10000, "tickUpper": 16000, "liquidityDelta": "0"}]
{"poolManager":"0x8366a39cc670b4001a1121b8f6a443a643e40951","txHash":"0x7dfe595e585276a121aa2887ec4f9f76686b6b3068fd4a877c1e4f1a7f67739b"}	[{"salt": "358", "amount0": "68469461022289", "amount1": "122675", "ordinal": 0, "tickLower": -203190, "tickUpper": -200310, "liquidityDelta": "0"}]
{"poolManager":"0x8366a39cc670b4001a1121b8f6a443a643e40951","txHash":"0x7eceb126cdd5072342078b8b664655c85e8f8636de8e901355a0bc96aca83a82"}	[{"salt": "1002", "amount0": "0", "amount1": "104381", "ordinal": 0, "tickLower": -201550, "tickUpper": -201540, "liquidityDelta": "-18044952354418407"}]
{"poolManager":"0x8366a39cc670b4001a1121b8f6a443a643e40951","txHash":"0x187ea76c68a9ea3fa242491b069590adf9a37d8c967abef52973f8ecd6d62be5"}	[{"salt": "926", "amount0": "0", "amount1": "14122756557965239759", "ordinal": 0, "tickLower": -883200, "tickUpper": 883200, "liquidityDelta": "0"}]
{"poolManager":"0x8366a39cc670b4001a1121b8f6a443a643e40951","txHash":"0x0590676ad0c54953079d858b4c4f0338c1dc78c5131e1e5b7e13e88ca48202f7"}	[{"salt": "371", "amount0": "778915459649805", "amount1": "1388891", "ordinal": 0, "tickLower": -203260, "tickUpper": -200600, "liquidityDelta": "0"}]
{"poolManager":"0x8366a39cc670b4001a1121b8f6a443a643e40951","txHash":"0x1c79cbf4dd3910ef993c2a71d5d205fb0eaee5c33562d0102dbdfe6be8320a54"}	[{"salt": "913", "amount0": "298693", "amount1": "534102153836480347", "ordinal": 0, "tickLower": 282060, "tickUpper": 288900, "liquidityDelta": "-8184753463990742"}]
{"poolManager":"0x8366a39cc670b4001a1121b8f6a443a643e40951","txHash":"0x73a83deee3bc732d801d9133923cf4315c92f0842bc1e09a723f943121a72151"}	[{"salt": "1007", "amount0": "0", "amount1": "0", "ordinal": 0, "tickLower": -883200, "tickUpper": 883200, "liquidityDelta": "-2487850254115083354"}]
{"poolManager":"0x8366a39cc670b4001a1121b8f6a443a643e40951","txHash":"0x8773b7de703e813583292a0fe6897b0a3ec4b69a6ae4e6f72841d4de06c180d1"}	[{"salt": "959", "amount0": "1894211835983326", "amount1": "877785074331875015302", "ordinal": 0, "tickLower": 122000, "tickUpper": 128000, "liquidityDelta": "0"}]
{"poolManager":"0x8366a39cc670b4001a1121b8f6a443a643e40951","txHash":"0xaf9aca5520ae0b87d54d0e4294a0317069bfd4b460493c1acc17a2ac1561e5f1"}	[{"salt": "850", "amount0": "177853045279181", "amount1": "1408057490408397025047", "ordinal": 0, "tickLower": 136000, "tickUpper": 160000, "liquidityDelta": "0"}]
{"poolManager":"0x8366a39cc670b4001a1121b8f6a443a643e40951","txHash":"0x78a61bf184e1c83891f4d84c135e932b76b77a123a69a59ed42866628210b75b"}	[{"salt": "850", "amount0": "0", "amount1": "0", "ordinal": 0, "tickLower": 136000, "tickUpper": 160000, "liquidityDelta": "-10133544923420625382"}]
{"poolManager":"0x8366a39cc670b4001a1121b8f6a443a643e40951","txHash":"0xa877565e4ee1249247b9ef2d429f156348a77dc3db14831c164510dc336c9e1b"}	[{"salt": "825", "amount0": "31629818302394", "amount1": "197016779378311524616", "ordinal": 0, "tickLower": 136000, "tickUpper": 152000, "liquidityDelta": "-1334264419732943277"}]
{"poolManager":"0x8366a39cc670b4001a1121b8f6a443a643e40951","txHash":"0xf14029cc85f0ffdd0b14d3f7937ca1b3d14a95c64f5d117ace23eb4f9223f250"}	[{"salt": "27", "amount0": "118664992421563", "amount1": "42341784886927985397", "ordinal": 0, "tickLower": -887220, "tickUpper": 887220, "liquidityDelta": "-3073456959731980127"}]
{"poolManager":"0x8366a39cc670b4001a1121b8f6a443a643e40951","txHash":"0xffc1c23e91545b2456c9948f02d38cc094ab8aa0d98904e4239034cc278bf801"}	[{"salt": "1005", "amount0": "0", "amount1": "0", "ordinal": 0, "tickLower": 0, "tickUpper": 46000, "liquidityDelta": "11451490286770944"}]
{"poolManager":"0x8366a39cc670b4001a1121b8f6a443a643e40951","txHash":"0x38739c0682abbc53581d9c6f117de6ce07e651dc1c182000d4db722a3ce80d17"}	[{"salt": "722", "amount0": "10447998", "amount1": "14172704620277110125867", "ordinal": 0, "tickLower": 336600, "tickUpper": 353400, "liquidityDelta": "-7128632190769905"}]
{"poolManager":"0x8366a39cc670b4001a1121b8f6a443a643e40951","txHash":"0xc123b57a375730521d0bc87ba28bebbb2a21e56711f719298bf5af44a7936027"}	[{"salt": "1013", "amount0": "106247894541214", "amount1": "0", "ordinal": 0, "tickLower": -886000, "tickUpper": 886000, "liquidityDelta": "0"}]
{"poolManager":"0x8366a39cc670b4001a1121b8f6a443a643e40951","txHash":"0x0fc2daf88ebb49d12d7022117895fef61dddf4dc9b42b4821572f4b80bc13229"}	[{"salt": "803", "amount0": "804077605119612", "amount1": "2651323299112047279559", "ordinal": 0, "tickLower": -884000, "tickUpper": 884000, "liquidityDelta": "-12542162147378176168"}]
{"poolManager":"0x8366a39cc670b4001a1121b8f6a443a643e40951","txHash":"0x965df6a4d7edf9bac278685dbb2c6dda5021471f37729367795c5b0ba59c214b"}	[{"salt": "801", "amount0": "3397679999999999", "amount1": "25366464631655", "ordinal": 0, "tickLower": -881400, "tickUpper": 881400, "liquidityDelta": "-921076094510867"}]
{"poolManager":"0x8366a39cc670b4001a1121b8f6a443a643e40951","txHash":"0x18a44f18633d675364daac56b68b5bd7a26a2bb84a6fdc169a3751c050fe47cc"}	[{"salt": "797", "amount0": "1686376067957482", "amount1": "10870129150371562485849", "ordinal": 0, "tickLower": -885600, "tickUpper": 885600, "liquidityDelta": "-35118030733765380879"}]
{"poolManager":"0x8366a39cc670b4001a1121b8f6a443a643e40951","txHash":"0x11a70de22a7902daa5b05d842465266e1ecf19f6cb391999f7848ee41c9e574c"}	[{"salt": "668", "amount0": "572215446877995", "amount1": "168176820308249481150", "ordinal": 0, "tickLower": -881400, "tickUpper": 881400, "liquidityDelta": "-2487584547407123472"}]
{"poolManager":"0x8366a39cc670b4001a1121b8f6a443a643e40951","txHash":"0x18648add39093f9faff66a48efae68833a346d4113789ac42770b69f93886ea2"}	[{"salt": "253", "amount0": "0", "amount1": "352171072306923755597594", "ordinal": 0, "tickLower": -885000, "tickUpper": 885000, "liquidityDelta": "-90184487411426041779"}]
{"poolManager":"0x8366a39cc670b4001a1121b8f6a443a643e40951","txHash":"0x1c5667f65b094a5339cf08eff78a074a89f81af35a90a5220d27c036d0841f89"}	[{"salt": "244", "amount0": "0", "amount1": "0", "ordinal": 0, "tickLower": -881600, "tickUpper": 881600, "liquidityDelta": "-13051573516681"}]
{"poolManager":"0x8366a39cc670b4001a1121b8f6a443a643e40951","txHash":"0x4a9cc566a5d33f4e0826dc6b2ce9d61c1ef4a8d2e02df62d91cbd7a95719aefe"}	[{"salt": "241", "amount0": "411049008082948", "amount1": "400248443349286146951795", "ordinal": 0, "tickLower": -882000, "tickUpper": 882000, "liquidityDelta": "-89487987038743128572"}]
{"poolManager":"0x8366a39cc670b4001a1121b8f6a443a643e40951","txHash":"0x41a4beb03e59d5bb87cb530b851e2ada16629d4d442e05742a0a8fdf5e6a999a"}	[{"salt": "508", "amount0": "121193260105510", "amount1": "63741", "ordinal": 0, "tickLower": -218000, "tickUpper": -216000, "liquidityDelta": "0"}]
{"poolManager":"0x8366a39cc670b4001a1121b8f6a443a643e40951","txHash":"0x6ee98dc824c8b848c51b24866fc0d58470fa8ea41e9398e503e3da5707cef703"}	[{"salt": "1013", "amount0": "0", "amount1": "7013284068269271118829", "ordinal": 0, "tickLower": -886000, "tickUpper": 886000, "liquidityDelta": "190717347579830722303"}]
{"poolManager":"0x8366a39cc670b4001a1121b8f6a443a643e40951","txHash":"0xfaee5ca247d90298ad9eb1264f006852a215dfb71a070da13dc3ebea7c9baa65"}	[{"salt": "928", "amount0": "59023688", "amount1": "187115448773293679519340", "ordinal": 0, "tickLower": 350000, "tickUpper": 360000, "liquidityDelta": "0"}]
{"poolManager":"0x8366a39cc670b4001a1121b8f6a443a643e40951","txHash":"0x409cecbe342eb2beaa15fd8e7f62542a7c7799d34124cf92fc2324d4370746d6"}	[{"salt": "959", "amount0": "0", "amount1": "0", "ordinal": 0, "tickLower": 122000, "tickUpper": 128000, "liquidityDelta": "-91925427522365271730"}]
{"poolManager":"0x8366a39cc670b4001a1121b8f6a443a643e40951","txHash":"0x3cbaa03cb9b31ee39854fa3f4fca0a4cf5e0a5ec7c58e13dbdd2416b9c724d75"}	[{"salt": "1019", "amount0": "0", "amount1": "0", "ordinal": 0, "tickLower": -276338, "tickUpper": -276331, "liquidityDelta": "-5473252550845096"}]
{"poolManager":"0x8366a39cc670b4001a1121b8f6a443a643e40951","txHash":"0x08aa05e47d052151fc6cfd97e04754996f1dd826ccbfbba3c3dc6f84a03ae11f"}	[{"salt": "1020", "amount0": "0", "amount1": "0", "ordinal": 0, "tickLower": -276338, "tickUpper": -276332, "liquidityDelta": "-7572404577426665"}]
{"poolManager":"0x8366a39cc670b4001a1121b8f6a443a643e40951","txHash":"0x6ae753d2a06f855a11d46a3d4b5efd1d5586ffa8d1fffdeb6e5a1ec4cb406b24"}	[{"salt": "1021", "amount0": "0", "amount1": "0", "ordinal": 0, "tickLower": -276338, "tickUpper": -276332, "liquidityDelta": "-7572402326900237"}]
{"poolManager":"0x8366a39cc670b4001a1121b8f6a443a643e40951","txHash":"0x628d084d3e016cd07494e5766ef8ce8059e055248180ddd018ac0a4feda5df29"}	[{"salt": "1005", "amount0": "0", "amount1": "0", "ordinal": 0, "tickLower": 0, "tickUpper": 46000, "liquidityDelta": "12246051901622363"}]
{"poolManager":"0x8366a39cc670b4001a1121b8f6a443a643e40951","txHash":"0xe0b0ee1881dd8e6b60243edbc80ca35c92fdc7990ff68e96c37e0447a6f9d565"}	[{"salt": "1022", "amount0": "0", "amount1": "0", "ordinal": 0, "tickLower": -276338, "tickUpper": -276332, "liquidityDelta": "-32710465410793618"}]
{"poolManager":"0x8366a39cc670b4001a1121b8f6a443a643e40951","txHash":"0xa7232eed8aab11e5320c4c21e2b8559ff4cf099c69dd92bd899cbd25a259f1d6"}	[{"salt": "1023", "amount0": "0", "amount1": "0", "ordinal": 0, "tickLower": -276338, "tickUpper": -276332, "liquidityDelta": "-34053467604680710"}]
{"poolManager":"0x8366a39cc670b4001a1121b8f6a443a643e40951","txHash":"0x1852e2a1bd8fc30a393208ef3f30fedfcd27c068f744464519d404b0f5e54c84"}	[{"salt": "519", "amount0": "431494572577928", "amount1": "770394", "ordinal": 0, "tickLower": -202970, "tickUpper": -200960, "liquidityDelta": "0"}]
{"poolManager":"0x8366a39cc670b4001a1121b8f6a443a643e40951","txHash":"0x2e1daa86c9aad7e3f052c096eb41cec41f69c37eeecfdfb1f3116e802ab5eb8f"}	[{"salt": "519", "amount0": "0", "amount1": "242", "ordinal": 0, "tickLower": -202970, "tickUpper": -200960, "liquidityDelta": "-47694066540734"}]
{"poolManager":"0x8366a39cc670b4001a1121b8f6a443a643e40951","txHash":"0xdc667a1a8ba529b0e5b0ee8227424d7840d079141c2997d477697e3454d65a27"}	[{"salt": "1028", "amount0": "0", "amount1": "0", "ordinal": 0, "tickLower": -883200, "tickUpper": 883200, "liquidityDelta": "-95235577269516094639"}]
{"poolManager":"0x8366a39cc670b4001a1121b8f6a443a643e40951","txHash":"0x7ca172a7aa20969234bcec4958bd47dd0f72c7237ab163d8bb6b41529b2eb414"}	[{"salt": "1029", "amount0": "0", "amount1": "0", "ordinal": 0, "tickLower": 169200, "tickUpper": 184200, "liquidityDelta": "-1610283671874006960573"}]
{"poolManager":"0x8366a39cc670b4001a1121b8f6a443a643e40951","txHash":"0x36cb34a277f04cafcfea394211a8752608b61212d518b605b419b4b70e0a6698"}	[{"salt": "1031", "amount0": "0", "amount1": "0", "ordinal": 0, "tickLower": -882000, "tickUpper": 882000, "liquidityDelta": "-707135402609"}]
{"poolManager":"0x8366a39cc670b4001a1121b8f6a443a643e40951","txHash":"0x4b67c76425e420d5edc9b22dbc4bb2b2f3853bd46a96954ad74be9c357ede916"}	[{"salt": "1013", "amount0": "0", "amount1": "140369123102601400697901", "ordinal": 0, "tickLower": -886000, "tickUpper": 886000, "liquidityDelta": "-394590053168686498748"}]
{"poolManager":"0x8366a39cc670b4001a1121b8f6a443a643e40951","txHash":"0xb7bbbca2fc2f21c2a71846993f95a4de98c01db697d15e0ed7b7dd63165c86a0"}	[{"salt": "1032", "amount0": "19799999999999999", "amount1": "717924395", "ordinal": 0, "tickLower": -880000, "tickUpper": 880000, "liquidityDelta": "0"}]
{"poolManager":"0x8366a39cc670b4001a1121b8f6a443a643e40951","txHash":"0x12eb1921d10a970b82131b7f2cce34db2f8d29b1099072cad93e6efd379db251"}	[{"salt": "1001", "amount0": "80405188", "amount1": "191001750082595062034198", "ordinal": 0, "tickLower": 349200, "tickUpper": 368400, "liquidityDelta": "-247807765969894251"}]
{"poolManager":"0x8366a39cc670b4001a1121b8f6a443a643e40951","txHash":"0x0eb5cf824a37d73af031de746734491b79cd7e3bce30b2f5b37d83bc28da29b9"}	[{"salt": "928", "amount0": "13900563", "amount1": "44218658414064341065563", "ordinal": 0, "tickLower": 350000, "tickUpper": 360000, "liquidityDelta": "-30338949880773464"}]
{"poolManager":"0x8366a39cc670b4001a1121b8f6a443a643e40951","txHash":"0xd7f908720dc98ce4a8aad92320e0794360761695aa8b7e632bbec8a9948c26eb"}	[{"salt": "924", "amount0": "19690345", "amount1": "35410800115010928983631", "ordinal": 0, "tickLower": 343800, "tickUpper": 354000, "liquidityDelta": "-21916197378848875"}]
{"poolManager":"0x8366a39cc670b4001a1121b8f6a443a643e40951","txHash":"0x5dfa6e04a01e623df2fbd44f2ec49cf757f9994e1c24e379acf1409cc7703b6c"}	[{"salt": "963", "amount0": "94208485", "amount1": "184042742853666605545611", "ordinal": 0, "tickLower": 348000, "tickUpper": 360000, "liquidityDelta": "-159600455463758654"}]
{"poolManager":"0x8366a39cc670b4001a1121b8f6a443a643e40951","txHash":"0x129f8b78e63e194e213842522bbb9df58a4e95f15a72493f4012fd160250212b"}	[{"salt": "640", "amount0": "12761114", "amount1": "27049601620555569687", "ordinal": 0, "tickLower": 278520, "tickUpper": 283860, "liquidityDelta": "0"}]
{"poolManager":"0x8366a39cc670b4001a1121b8f6a443a643e40951","txHash":"0xb4a607fc452a18293c0f61ee606230ea1a89420bf53eb329a5c397d3112f6e6a"}	[{"salt": "996", "amount0": "299033141321", "amount1": "578", "ordinal": 0, "tickLower": -203720, "tickUpper": -199810, "liquidityDelta": "-412834428136"}]
{"poolManager":"0x8366a39cc670b4001a1121b8f6a443a643e40951","txHash":"0x711cf22f6ff14d2482f930269f4e76f8d2a3764d1e4592d601b4cbcd8bb9e86d"}	[{"salt": "946", "amount0": "7591748539587557", "amount1": "13021852", "ordinal": 0, "tickLower": -201630, "tickUpper": -201380, "liquidityDelta": "-4453923481362571"}]
{"poolManager":"0x8366a39cc670b4001a1121b8f6a443a643e40951","txHash":"0x705a6d2d3d01511a68f4301b00297e907c52604f177b9d2b850124e56af4f1f3"}	[{"salt": "1036", "amount0": "59842907492070972", "amount1": "4068274090519648215", "ordinal": 0, "tickLower": -887200, "tickUpper": 68800, "liquidityDelta": "0"}]
{"poolManager":"0x8366a39cc670b4001a1121b8f6a443a643e40951","txHash":"0x2d04ccbd45423a238b0a96c492c746baae91260f04f45cd46864e3fc0ce0e2e4"}	[{"salt": "813", "amount0": "11094018552153", "amount1": "19366", "ordinal": 0, "tickLower": -208530, "tickUpper": -194660, "liquidityDelta": "0"}]
{"poolManager":"0x8366a39cc670b4001a1121b8f6a443a643e40951","txHash":"0x938495b2af4b53a10f5d6574e2a163c246943cdd3446b0cfc396e90c8da95ebe"}	[{"salt": "33", "amount0": "1757881", "amount1": "100832104698960431460896", "ordinal": 0, "tickLower": -881600, "tickUpper": 881600, "liquidityDelta": "0"}]
{"poolManager":"0x8366a39cc670b4001a1121b8f6a443a643e40951","txHash":"0x1a39ca8430919eaf5892cbfe91504dcd9d67ef86ddfaa4edc880b437661cbf85"}	[{"salt": "29", "amount0": "1133678656687771", "amount1": "108223103328289354497649", "ordinal": 0, "tickLower": -881400, "tickUpper": 881400, "liquidityDelta": "0"}]
{"poolManager":"0x8366a39cc670b4001a1121b8f6a443a643e40951","txHash":"0x0009974c7f48a36a0ff42d4f72b8d8c6a2adf8bef100ad9b1aee0087cf3774e1"}	[{"salt": "20", "amount0": "1222179674908887607253", "amount1": "117699", "ordinal": 0, "tickLower": -885000, "tickUpper": 885000, "liquidityDelta": "0"}]
{"poolManager":"0x8366a39cc670b4001a1121b8f6a443a643e40951","txHash":"0x533eb1fc2507b4fb19378741865aaf1dbf795501dd69f8630fe7d699c9ef2341"}	[{"salt": "1036", "amount0": "48333111655498761", "amount1": "16186211030285841611", "ordinal": 0, "tickLower": -887200, "tickUpper": 68800, "liquidityDelta": "0"}, {"salt": "1036", "amount0": "0", "amount1": "0", "ordinal": 1, "tickLower": -887200, "tickUpper": 68800, "liquidityDelta": "0"}]
{"poolManager":"0x8366a39cc670b4001a1121b8f6a443a643e40951","txHash":"0x8080c62b2a9acaa72c1c2111a0c8482e3d3bd952a5c5c3a1a142b9f3be4b10b3"}	[{"salt": "1036", "amount0": "0", "amount1": "0", "ordinal": 0, "tickLower": -887200, "tickUpper": 68800, "liquidityDelta": "0"}]
{"poolManager":"0x8366a39cc670b4001a1121b8f6a443a643e40951","txHash":"0xfe6833d46ae15ce9de5b84ca992ba8f6d0c390b13c13325e7670907aec66cfbb"}	[{"salt": "1036", "amount0": "0", "amount1": "0", "ordinal": 0, "tickLower": -887200, "tickUpper": 68800, "liquidityDelta": "0"}]
{"poolManager":"0x8366a39cc670b4001a1121b8f6a443a643e40951","txHash":"0xd54441f0807ebb36aa41e1eb606e01b048338471b3b1be4f7e454c08ec7fb17f"}	[{"salt": "1004", "amount0": "36130299", "amount1": "68016962661544218307074", "ordinal": 0, "tickLower": 349800, "tickUpper": 361800, "liquidityDelta": "0"}]
{"poolManager":"0x8366a39cc670b4001a1121b8f6a443a643e40951","txHash":"0x57d7d3602d0a596419fc3be68299e5b37cc95d46446bf0dd1ee40fedb4a30d81"}	[{"salt": "1041", "amount0": "0", "amount1": "0", "ordinal": 0, "tickLower": -202160, "tickUpper": -201400, "liquidityDelta": "425276588817467"}]
{"poolManager":"0x8366a39cc670b4001a1121b8f6a443a643e40951","txHash":"0x7b7b04db9ea6ee60fb7c5239f4a718317018a27acc2d2f28c801c3eff157e637"}	[{"salt": "1006", "amount0": "39409445", "amount1": "71670394621644660003333", "ordinal": 0, "tickLower": 349200, "tickUpper": 363000, "liquidityDelta": "-76704127036947805"}]
{"poolManager":"0x8366a39cc670b4001a1121b8f6a443a643e40951","txHash":"0x8b0408b4a96c4a5e4d4cc2bbda66b73d8e46909defd483e076f1c6127da3bd60"}	[{"salt": "1042", "amount0": "0", "amount1": "0", "ordinal": 0, "tickLower": 348600, "tickUpper": 362400, "liquidityDelta": "-74437289136150167"}]
{"poolManager":"0x8366a39cc670b4001a1121b8f6a443a643e40951","txHash":"0x1eaf009c5378f0c4209413089d458d178b56ad09ebede6d2508388d3d03ccf5c"}	[{"salt": "33", "amount0": "0", "amount1": "0", "ordinal": 0, "tickLower": -881600, "tickUpper": 881600, "liquidityDelta": "-762959431835455"}]
{"poolManager":"0x8366a39cc670b4001a1121b8f6a443a643e40951","txHash":"0x947493fdcda9bd4d122c7bc6332e0bae0b9b0045f5fda3053d698ebd3e8207fd"}	[{"salt": "29", "amount0": "0", "amount1": "0", "ordinal": 0, "tickLower": -881400, "tickUpper": 881400, "liquidityDelta": "-46907795992276884033"}]
{"poolManager":"0x8366a39cc670b4001a1121b8f6a443a643e40951","txHash":"0x3c98fb3c9989689ec49a405a4579ce12fbcb78e8fb57d9ebf2ecbf8f8ae5f6cb"}	[{"salt": "25", "amount0": "101098124999999", "amount1": "6973709100593785465826", "ordinal": 0, "tickLower": 154800, "tickUpper": 162000, "liquidityDelta": "-300789707325928703350"}]
{"poolManager":"0x8366a39cc670b4001a1121b8f6a443a643e40951","txHash":"0x4abe479969aac49845908a8e53383a3d505ec01d0a80374c8148ed384d62dbb0"}	[{"salt": "20", "amount0": "0", "amount1": "0", "ordinal": 0, "tickLower": -885000, "tickUpper": 885000, "liquidityDelta": "-144573805192768"}]
{"poolManager":"0x8366a39cc670b4001a1121b8f6a443a643e40951","txHash":"0xc848f12ffd9f0bdb3cecd8ed6b287334f337a7670385713c2654471af26e937a"}	[{"salt": "16", "amount0": "0", "amount1": "54757364288681810666916", "ordinal": 0, "tickLower": -885000, "tickUpper": 885000, "liquidityDelta": "-95124596273754058963"}]
{"poolManager":"0x8366a39cc670b4001a1121b8f6a443a643e40951","txHash":"0x5b79b5771ca08b67ddbe693e930f569dd20b701263c595a3dc81056e34d78dd4"}	[{"salt": "14", "amount0": "618396511594905", "amount1": "31966494068337395504417", "ordinal": 0, "tickLower": -885000, "tickUpper": 885000, "liquidityDelta": "-26098150395561750520"}]
{"poolManager":"0x8366a39cc670b4001a1121b8f6a443a643e40951","txHash":"0xf960f5dec263f6c11abf601052cb14e4d94b611d4fe953c31fa9e773b7e4cb8c"}	[{"salt": "13", "amount0": "0", "amount1": "148830661124002321409478", "ordinal": 0, "tickLower": -885000, "tickUpper": 885000, "liquidityDelta": "-102115596257099070665"}]
{"poolManager":"0x8366a39cc670b4001a1121b8f6a443a643e40951","txHash":"0x707e33d457d37968205090454b863447f7aa94c67b4edcb4245f9fbbc1663727"}	[{"salt": "12", "amount0": "0", "amount1": "0", "ordinal": 0, "tickLower": -885000, "tickUpper": 885000, "liquidityDelta": "-6427681365439194318"}]
{"poolManager":"0x8366a39cc670b4001a1121b8f6a443a643e40951","txHash":"0x6aff72071f123cd6138fc9a5d37c9c53783c25817063df3088bcdec832af3e4c"}	[{"salt": "1036", "amount0": "3017258987494027", "amount1": "875149630328405804", "ordinal": 0, "tickLower": -887200, "tickUpper": 68800, "liquidityDelta": "0"}]
{"poolManager":"0x8366a39cc670b4001a1121b8f6a443a643e40951","txHash":"0x57ab607c95a7a075a8ebb09c84e779db2e6576dd34663a0f28d8d71edc42a2bb"}	[{"salt": "1036", "amount0": "26264136711200099", "amount1": "1430486928161766617", "ordinal": 0, "tickLower": -887200, "tickUpper": 68800, "liquidityDelta": "0"}]
{"poolManager":"0x8366a39cc670b4001a1121b8f6a443a643e40951","txHash":"0x0e7ec1d7242056437f3981848819a7304b6dab8f9e217c79ce61a3ec938fac43"}	[{"salt": "1036", "amount0": "52394504127603", "amount1": "1948222031345930829", "ordinal": 0, "tickLower": -887200, "tickUpper": 68800, "liquidityDelta": "0"}]
{"poolManager":"0x8366a39cc670b4001a1121b8f6a443a643e40951","txHash":"0xec44290e8025e10750faa1b4fce4e99c5a6edbe52a2780c12c9b824243d00f72"}	[{"salt": "1036", "amount0": "0", "amount1": "815425259103707", "ordinal": 0, "tickLower": -887200, "tickUpper": 68800, "liquidityDelta": "0"}]
{"poolManager":"0x8366a39cc670b4001a1121b8f6a443a643e40951","txHash":"0x81bb5b86ebc9df94da7ab24183f70d6f096629218701b271595f5741dde44493"}	[{"salt": "1036", "amount0": "0", "amount1": "0", "ordinal": 0, "tickLower": -887200, "tickUpper": 68800, "liquidityDelta": "0"}]
{"poolManager":"0x8366a39cc670b4001a1121b8f6a443a643e40951","txHash":"0xddec313a2bde3f0b71a934ff4b9434cb5ccdd5baddda30cc111cae8fd94bee72"}	[{"salt": "1045", "amount0": "0", "amount1": "18", "ordinal": 0, "tickLower": -203620, "tickUpper": -199560, "liquidityDelta": "1630710436267"}]
{"poolManager":"0x8366a39cc670b4001a1121b8f6a443a643e40951","txHash":"0xf3896b59daab9185b3907c9dc3705a600e50450ecfcf7256548e68785740278e"}	[{"salt": "968", "amount0": "22619951", "amount1": "36794240688312258816125", "ordinal": 0, "tickLower": 347400, "tickUpper": 354000, "liquidityDelta": "0"}]
{"poolManager":"0x8366a39cc670b4001a1121b8f6a443a643e40951","txHash":"0xee0caaf368a000523aee2008c2789f368da0e4b2e27037f84b581ac75e6b7b10"}	[{"salt": "928", "amount0": "17963244", "amount1": "25765297423365369734006", "ordinal": 0, "tickLower": 350000, "tickUpper": 360000, "liquidityDelta": "-30338949880773465"}]
{"poolManager":"0x8366a39cc670b4001a1121b8f6a443a643e40951","txHash":"0x7d8c8842b46496bea3cca05100015e2c0135bb0b065dc6b00379d3922232ae25"}	[{"salt": "775", "amount0": "7505015009216312", "amount1": "50774284602074707536827", "ordinal": 0, "tickLower": -884000, "tickUpper": 884000, "liquidityDelta": "0"}]
{"poolManager":"0x8366a39cc670b4001a1121b8f6a443a643e40951","txHash":"0xe18a630450c5c7747ab2e86d4f3e49f66f4c7b2adc12e3f3bbd254bd33d6d70d"}	[{"salt": "1004", "amount0": "3187227", "amount1": "5186260507486696098065", "ordinal": 0, "tickLower": 349800, "tickUpper": 361800, "liquidityDelta": "0"}]
{"poolManager":"0x8366a39cc670b4001a1121b8f6a443a643e40951","txHash":"0xb0ac80d4ac68c69759a11d6580613b6d08afecc9a407611568bd1a0144447f20"}	[{"salt": "777", "amount0": "49999999999999", "amount1": "74804989947002584395007", "ordinal": 0, "tickLower": -880000, "tickUpper": 880000, "liquidityDelta": "0"}]
{"poolManager":"0x8366a39cc670b4001a1121b8f6a443a643e40951","txHash":"0xd8a2b62a7b3448cad4c0639a14a9f03cc8baacb1180c19fc4fbc4d46bc23a522"}	[{"salt": "778", "amount0": "0", "amount1": "657651985335639452845123", "ordinal": 0, "tickLower": -880000, "tickUpper": 880000, "liquidityDelta": "0"}]
{"poolManager":"0x8366a39cc670b4001a1121b8f6a443a643e40951","txHash":"0x7584f515186110d868eb8eadfb76d4d3b8007e876a9000e0c1a2dd5f21609f23"}	[{"salt": "778", "amount0": "0", "amount1": "0", "ordinal": 0, "tickLower": -880000, "tickUpper": 880000, "liquidityDelta": "-249940675630642072902"}]
{"poolManager":"0x8366a39cc670b4001a1121b8f6a443a643e40951","txHash":"0x1abee7a8868c916e7bc1e213916a7683705ac91a9e5721a206d142179bba134e"}	[{"salt": "125", "amount0": "7030492713928743", "amount1": "18019606", "ordinal": 0, "tickLower": -207600, "tickUpper": -201000, "liquidityDelta": "-285453008477910"}]
{"poolManager":"0x8366a39cc670b4001a1121b8f6a443a643e40951","txHash":"0xba484f970ebe7492a9d2b6a5be06d2d64ab5d8f7104de4821eff2a130c184529"}	[{"salt": "1004", "amount0": "0", "amount1": "0", "ordinal": 0, "tickLower": 349800, "tickUpper": 361800, "liquidityDelta": "-87314964126011736"}]
{"poolManager":"0x8366a39cc670b4001a1121b8f6a443a643e40951","txHash":"0x79c09601b23eb28d0f81aa80635ffeb7cbdea31cf5ce8ea25660c5d25cc6df3b"}	[{"salt": "493", "amount0": "364537697", "amount1": "1530819713863209715721", "ordinal": 0, "tickLower": 125400, "tickUpper": 165000, "liquidityDelta": "0"}]
{"poolManager":"0x8366a39cc670b4001a1121b8f6a443a643e40951","txHash":"0x6414c45caca031bd00c66f23ec9e8f7928d160f04a41ea44078ffd815718dea6"}	[{"salt": "1048", "amount0": "0", "amount1": "0", "ordinal": 0, "tickLower": 347400, "tickUpper": 358200, "liquidityDelta": "46188507321362706"}]
{"poolManager":"0x8366a39cc670b4001a1121b8f6a443a643e40951","txHash":"0xf42d5fc758705b7fbdeb52800114e48c9071490af11138d301d50ca497c975e2"}	[{"salt": "968", "amount0": "1830669", "amount1": "2475524413794025032264", "ordinal": 0, "tickLower": 347400, "tickUpper": 354000, "liquidityDelta": "-24862347838746596"}]
{"poolManager":"0x8366a39cc670b4001a1121b8f6a443a643e40951","txHash":"0x0546dab945ed4c31125372484bca5901e85ab3f0719c18b96fbb476418de266c"}	[{"salt": "1010", "amount0": "72036658", "amount1": "95406507196431972772997", "ordinal": 0, "tickLower": 345600, "tickUpper": 352800, "liquidityDelta": "0"}]
{"poolManager":"0x8366a39cc670b4001a1121b8f6a443a643e40951","txHash":"0x8b38876eb83c8ebc679ae65d8b6dc8f56e28e15bc1dd3693649b8e524c47f8a4"}	[{"salt": "1010", "amount0": "0", "amount1": "0", "ordinal": 0, "tickLower": 345600, "tickUpper": 352800, "liquidityDelta": "29519363266805386"}]
{"poolManager":"0x8366a39cc670b4001a1121b8f6a443a643e40951","txHash":"0x8ac9e87205219550b91519408e90147fe23b323e2e788505cbf5c5dced45c9d4"}	[{"salt": "1052", "amount0": "0", "amount1": "0", "ordinal": 0, "tickLower": 336600, "tickUpper": 346800, "liquidityDelta": "-10505985832175961"}]
{"poolManager":"0x8366a39cc670b4001a1121b8f6a443a643e40951","txHash":"0x61504ee73862be2f4d8f08da9f09466ef9e99945c9b6a00bc81c6e8a98bcc0e4"}	[{"salt": "1036", "amount0": "34145029563399052", "amount1": "2646707891442089374", "ordinal": 0, "tickLower": -887200, "tickUpper": 68800, "liquidityDelta": "0"}]
{"poolManager":"0x8366a39cc670b4001a1121b8f6a443a643e40951","txHash":"0xc1a40b6085e19336561e8b2faff9c75cac380c65e3f54498db0b572a14184cd3"}	[{"salt": "425", "amount0": "9480783466358258", "amount1": "62180354803692497", "ordinal": 0, "tickLower": 13000, "tickUpper": 15000, "liquidityDelta": "-3951695093189915738"}]
{"poolManager":"0x8366a39cc670b4001a1121b8f6a443a643e40951","txHash":"0xed5d9dfc29e4f56c37e9d2217fe7b12c43e89e2ede338bd12c372b52f4e53129"}	[{"salt": "995", "amount0": "9129145757322905", "amount1": "3105198441947754106134", "ordinal": 0, "tickLower": 119100, "tickUpper": 132960, "liquidityDelta": "866492546190365265033"}]
{"poolManager":"0x8366a39cc670b4001a1121b8f6a443a643e40951","txHash":"0x9ce003a5c6345cbb01c8a357028c70dd25634af395fdc0c99421934bb0944a8f"}	[{"salt": "1036", "amount0": "940736912990437", "amount1": "1717216376147196533", "ordinal": 0, "tickLower": -887200, "tickUpper": 68800, "liquidityDelta": "0"}]
{"poolManager":"0x8366a39cc670b4001a1121b8f6a443a643e40951","txHash":"0xfac783a6fdf348c38d3464ee940c48390b752a948ae629bd32545fafa3735966"}	[{"salt": "1036", "amount0": "0", "amount1": "0", "ordinal": 0, "tickLower": -887200, "tickUpper": 68800, "liquidityDelta": "0"}]
{"poolManager":"0x8366a39cc670b4001a1121b8f6a443a643e40951","txHash":"0xe820a9f14bae6e21f923793510f3ffc329ce99fad82644fb55709e3567c7a214"}	[{"salt": "1036", "amount0": "8030453796112770", "amount1": "0", "ordinal": 0, "tickLower": -887200, "tickUpper": 68800, "liquidityDelta": "0"}]
{"poolManager":"0x8366a39cc670b4001a1121b8f6a443a643e40951","txHash":"0xd324f8758edacda089379d12791344df98cc7058957613d17976e915627c4735"}	[{"salt": "1036", "amount0": "308614047756901", "amount1": "20770932800029214", "ordinal": 0, "tickLower": -887200, "tickUpper": 68800, "liquidityDelta": "0"}]
{"poolManager":"0x8366a39cc670b4001a1121b8f6a443a643e40951","txHash":"0x73da4ba1ebf0ab1e296fd67e99b5b857d4ef5f64de5a58125f524ded8465f5c8"}	[{"salt": "1036", "amount0": "13773673259909635", "amount1": "882834561689444756", "ordinal": 0, "tickLower": -887200, "tickUpper": 68800, "liquidityDelta": "0"}]
{"poolManager":"0x8366a39cc670b4001a1121b8f6a443a643e40951","txHash":"0x9d8fcd2cecdacfd2fe101186767c1d31b19145ce9722ce427d1dbe6cfdb86a83"}	[{"salt": "1036", "amount0": "0", "amount1": "0", "ordinal": 0, "tickLower": -887200, "tickUpper": 68800, "liquidityDelta": "0"}]
{"poolManager":"0x8366a39cc670b4001a1121b8f6a443a643e40951","txHash":"0x3e297298393ba5e9b5d45308f4cc906eb3232e433c1ecb90997495e5471d3b26"}	[{"salt": "1036", "amount0": "2474999999999999", "amount1": "335736678813619067", "ordinal": 0, "tickLower": -887200, "tickUpper": 68800, "liquidityDelta": "0"}]
{"poolManager":"0x8366a39cc670b4001a1121b8f6a443a643e40951","txHash":"0x915737235ad0a0a8f3bd43016703a964566d6f2c5cbe9ec4ffaf38f728ec116a"}	[{"salt": "1053", "amount0": "10672199999999999", "amount1": "8035195215560611411", "ordinal": 0, "tickLower": -887200, "tickUpper": 887200, "liquidityDelta": "-99999999900000000543"}]
{"poolManager":"0x8366a39cc670b4001a1121b8f6a443a643e40951","txHash":"0xa27850fecdb39c56b83dfda6c73ee01ff66ec64b64ab6747856707d82a08effb"}	[{"salt": "1036", "amount0": "894299999999999", "amount1": "72226348313708414", "ordinal": 0, "tickLower": -887200, "tickUpper": 68800, "liquidityDelta": "0"}]
{"poolManager":"0x8366a39cc670b4001a1121b8f6a443a643e40951","txHash":"0x5c74e5e49b9ad5fbf71da39a10d2811a247b807206c5bf4dc4b81e1b56ac07f3"}	[{"salt": "1024", "amount0": "24933943082615", "amount1": "70", "ordinal": 0, "tickLower": -276338, "tickUpper": -276332, "liquidityDelta": "0"}]
{"poolManager":"0x8366a39cc670b4001a1121b8f6a443a643e40951","txHash":"0xf9541a6e8048fc294a5bfa544241f401c6b52842622ce20e132048220b59abfc"}	[{"salt": "1024", "amount0": "0", "amount1": "0", "ordinal": 0, "tickLower": -276338, "tickUpper": -276332, "liquidityDelta": "-34086199561149122"}]
{"poolManager":"0x8366a39cc670b4001a1121b8f6a443a643e40951","txHash":"0x104b4a606c314b6c24744b4e703fc162c5175547dd87604806c8770f8ee7c6aa"}	[{"salt": "1026", "amount0": "24781155502680", "amount1": "70", "ordinal": 0, "tickLower": -276338, "tickUpper": -276332, "liquidityDelta": "0"}]
{"poolManager":"0x8366a39cc670b4001a1121b8f6a443a643e40951","txHash":"0xea021b4c5893113480e14bab7e65b4660da37b6c71fe1a314c7e93a056b0935c"}	[{"salt": "1026", "amount0": "0", "amount1": "0", "ordinal": 0, "tickLower": -276338, "tickUpper": -276332, "liquidityDelta": "-34044902461774930"}]
{"poolManager":"0x8366a39cc670b4001a1121b8f6a443a643e40951","txHash":"0x99bc7b90de1ae65b467ea9eacb83ea4512dfc05817b8872d2f5d61d999987111"}	[{"salt": "1047", "amount0": "3880655", "amount1": "5485507255905503322681", "ordinal": 0, "tickLower": 348600, "tickUpper": 359400, "liquidityDelta": "-88918590352429241"}]
{"poolManager":"0x8366a39cc670b4001a1121b8f6a443a643e40951","txHash":"0x3412cc17f16e8459e2d19e3e0cfdcb4f76f1bcc93788d02061bd7be7a8864116"}	[{"salt": "443", "amount0": "25951012269945", "amount1": "144773094490104", "ordinal": 0, "tickLower": -887000, "tickUpper": 887000, "liquidityDelta": "-37778934904816697"}]
{"poolManager":"0x8366a39cc670b4001a1121b8f6a443a643e40951","txHash":"0xabe19cc5a7181dece2479a9d7576df0f883a60d642665b02040225686d75ae6b"}	[{"salt": "1074", "amount0": "26320055506", "amount1": "27", "ordinal": 0, "tickLower": -203670, "tickUpper": -199700, "liquidityDelta": "-1784791906586"}]
{"poolManager":"0x8366a39cc670b4001a1121b8f6a443a643e40951","txHash":"0xc2d9f7c94733dd82d67305a664bd0daa0f4f8a54985698f6cfc79c661ec5b834"}	[{"salt": "869", "amount0": "115202788", "amount1": "159727506119414411723654", "ordinal": 0, "tickLower": 336000, "tickUpper": 349800, "liquidityDelta": "0"}]
{"poolManager":"0x8366a39cc670b4001a1121b8f6a443a643e40951","txHash":"0x3ece1d45c53ed52785d30e0b551acc9efb02a40390e44ef0f27aea91d1347f00"}	[{"salt": "1005", "amount0": "0", "amount1": "0", "ordinal": 0, "tickLower": 0, "tickUpper": 46000, "liquidityDelta": "-48464388887682436"}]
{"poolManager":"0x8366a39cc670b4001a1121b8f6a443a643e40951","txHash":"0xfd0790cad1a84ce363e8e4b910519ca36733dfe585bec50c68a314265487d282"}	[{"salt": "1035", "amount0": "0", "amount1": "0", "ordinal": 0, "tickLower": 352200, "tickUpper": 375000, "liquidityDelta": "-195907862965872885"}]
{"poolManager":"0x8366a39cc670b4001a1121b8f6a443a643e40951","txHash":"0x43c36e3f7f1ce039df0e6dceac271f39d0da9e7becf4e2d9748b615a9bb3d383"}	[{"salt": "1078", "amount0": "338112424578", "amount1": "814", "ordinal": 0, "tickLower": -203700, "tickUpper": -199760, "liquidityDelta": "-4924372085454"}]
{"poolManager":"0x8366a39cc670b4001a1121b8f6a443a643e40951","txHash":"0xdb8cf57d3642f01cc2c02acd4ee385a5f36254b6f95c9858ab9e61ba96fc122f"}	[{"salt": "1079", "amount0": "461460727953", "amount1": "898", "ordinal": 0, "tickLower": -203690, "tickUpper": -199740, "liquidityDelta": "-2858626860924"}]
{"poolManager":"0x8366a39cc670b4001a1121b8f6a443a643e40951","txHash":"0x233441e8e8aa62e92d0dca24cf83005ebd8ac3b90264cc7545b7e35f8c41bf73"}	[{"salt": "925", "amount0": "215232184", "amount1": "318975101576116013408117", "ordinal": 0, "tickLower": 343800, "tickUpper": 357000, "liquidityDelta": "-102690994721720307"}]
{"poolManager":"0x8366a39cc670b4001a1121b8f6a443a643e40951","txHash":"0xe2e8e13979011e10a2194f2006028133e2a8d967cdbbbb6a2712443b74527e15"}	[{"salt": "1082", "amount0": "13276176746", "amount1": "21", "ordinal": 0, "tickLower": -203250, "tickUpper": -200030, "liquidityDelta": "-5958311518236"}]
{"poolManager":"0x8366a39cc670b4001a1121b8f6a443a643e40951","txHash":"0xba15a55e5a583053e233506f770502d338b2507cb8cafcfcc865842c304950c0"}	[{"salt": "1085", "amount0": "10334810975", "amount1": "3", "ordinal": 0, "tickLower": -203240, "tickUpper": -200020, "liquidityDelta": "-2651498360803"}]
{"poolManager":"0x8366a39cc670b4001a1121b8f6a443a643e40951","txHash":"0xf0ff08731eb11c9851409a33be8fa45cde9a8ba177a0de15200276de2c32094e"}	[{"salt": "1086", "amount0": "5322993467202262", "amount1": "0", "ordinal": 0, "tickLower": -885000, "tickUpper": 885000, "liquidityDelta": "-156993723621017"}]
{"poolManager":"0x8366a39cc670b4001a1121b8f6a443a643e40951","txHash":"0x4236fad2bfe59f9dc5a8e22345b89f2cc8ce25ab82db465e80e69b9bc0856d48"}	[{"salt": "1018", "amount0": "68370979026226", "amount1": "122218", "ordinal": 0, "tickLower": -202830, "tickUpper": -200320, "liquidityDelta": "0"}]
{"poolManager":"0x8366a39cc670b4001a1121b8f6a443a643e40951","txHash":"0x04fcadcdb94ff10676a6b12dcf2a8e92eaa259ef6447f6b66c0afa111e54f8a2"}	[{"salt": "1087", "amount0": "2177482585", "amount1": "123", "ordinal": 0, "tickLower": -203260, "tickUpper": -200060, "liquidityDelta": "-11941421035377"}]
{"poolManager":"0x8366a39cc670b4001a1121b8f6a443a643e40951","txHash":"0x96b34e3edaae87c4f48f998498e1f1132fda8f8dba6b670cb380aeb9119eeaf6"}	[{"salt": "1043", "amount0": "0", "amount1": "0", "ordinal": 0, "tickLower": 349800, "tickUpper": 361800, "liquidityDelta": "-87314964126011736"}]
{"poolManager":"0x8366a39cc670b4001a1121b8f6a443a643e40951","txHash":"0xe31be16da3d148c23c319921a8a6a25086d99ad291a6ac158f48356af02776d6"}	[{"salt": "1036", "amount0": "68595062384079019", "amount1": "6266678947950021683", "ordinal": 0, "tickLower": -887200, "tickUpper": 68800, "liquidityDelta": "0"}]
{"poolManager":"0x8366a39cc670b4001a1121b8f6a443a643e40951","txHash":"0x5d39b24ae2482da34273dd9a94cf9d9070e94aa75d5b5b6c708d210a8735b613"}	[{"salt": "868", "amount0": "21207879166291", "amount1": "37442", "ordinal": 0, "tickLower": -203190, "tickUpper": -200310, "liquidityDelta": "0"}]
{"poolManager":"0x8366a39cc670b4001a1121b8f6a443a643e40951","txHash":"0xb704168fe4655eefd857d8e4a0c84d2fdfdd2712085f1dc8c9ad79000b373c2a"}	[{"salt": "1036", "amount0": "9999999999999999", "amount1": "0", "ordinal": 0, "tickLower": -887200, "tickUpper": 68800, "liquidityDelta": "0"}]
{"poolManager":"0x8366a39cc670b4001a1121b8f6a443a643e40951","txHash":"0x2630257522a6032f19110febd857caa9f897620f3980ff0ad2a26481c7754103"}	[{"salt": "1036", "amount0": "2980462346385387", "amount1": "265114209989725690", "ordinal": 0, "tickLower": -887200, "tickUpper": 68800, "liquidityDelta": "0"}]
{"poolManager":"0x8366a39cc670b4001a1121b8f6a443a643e40951","txHash":"0x2327ce157b53d0e394a734bc1e5fe96faaa7c5441587a1b07f8e307fab8dd313"}	[{"salt": "1036", "amount0": "0", "amount1": "2852833325100109652", "ordinal": 0, "tickLower": -887200, "tickUpper": 68800, "liquidityDelta": "0"}]
{"poolManager":"0x8366a39cc670b4001a1121b8f6a443a643e40951","txHash":"0xb9dcfde36a4580ad98ddaa4fce87aa988b712b5dcfc2259c4dfef3739f449c85"}	[{"salt": "1036", "amount0": "282215940384868", "amount1": "137864658137832531", "ordinal": 0, "tickLower": -887200, "tickUpper": 68800, "liquidityDelta": "0"}]
{"poolManager":"0x8366a39cc670b4001a1121b8f6a443a643e40951","txHash":"0xa2e9f699decc260f6645ba074125ad2a8060fc5b4342b408f443378d5670befc"}	[{"salt": "1036", "amount0": "11879999999999999", "amount1": "983960627925552154", "ordinal": 0, "tickLower": -887200, "tickUpper": 68800, "liquidityDelta": "0"}, {"salt": "1036", "amount0": "0", "amount1": "0", "ordinal": 1, "tickLower": -887200, "tickUpper": 68800, "liquidityDelta": "0"}]
{"poolManager":"0x8366a39cc670b4001a1121b8f6a443a643e40951","txHash":"0xc99e0f6fe3520acc32fb3cef37edcb338562ef3be9e785216c36496653553679"}	[{"salt": "1036", "amount0": "1207799999999999", "amount1": "566354707300664606", "ordinal": 0, "tickLower": -887200, "tickUpper": 68800, "liquidityDelta": "0"}]
{"poolManager":"0x8366a39cc670b4001a1121b8f6a443a643e40951","txHash":"0x1a9d9ccc27b30bfd6a05c2732c6fa91a98a7ee8803806af76e8092c24c95e414"}	[{"salt": "1036", "amount0": "59999999999999", "amount1": "3017287989185343", "ordinal": 0, "tickLower": -887200, "tickUpper": 68800, "liquidityDelta": "0"}]
{"poolManager":"0x8366a39cc670b4001a1121b8f6a443a643e40951","txHash":"0xc229bb5868b6ea2c04da21308df06830662293be71336328f0706cbd5c8263eb"}	[{"salt": "1036", "amount0": "19369621907258", "amount1": "0", "ordinal": 0, "tickLower": -887200, "tickUpper": 68800, "liquidityDelta": "0"}]
{"poolManager":"0x8366a39cc670b4001a1121b8f6a443a643e40951","txHash":"0x228522795aae1dc63e26cf30da239659a5516d9730491733e3d70a5bd57fb67a"}	[{"salt": "371", "amount0": "827863634239545", "amount1": "1469329", "ordinal": 0, "tickLower": -203260, "tickUpper": -200600, "liquidityDelta": "0"}]
{"poolManager":"0x8366a39cc670b4001a1121b8f6a443a643e40951","txHash":"0xc5e69df36a37a3f60f981a203e6ad24d47c29bb48b539ea3962925089fd03317"}	[{"salt": "993", "amount0": "8378527808586", "amount1": "14880", "ordinal": 0, "tickLower": -208496, "tickUpper": -194624, "liquidityDelta": "0"}]
{"poolManager":"0x8366a39cc670b4001a1121b8f6a443a643e40951","txHash":"0xf8cfedf2cf0bcd495d867be5afc60483c058e17a24ecddc9545f3b39798e84e0"}	[{"salt": "1040", "amount0": "0", "amount1": "0", "ordinal": 0, "tickLower": 350400, "tickUpper": 362400, "liquidityDelta": "-13496094857037661"}]
{"poolManager":"0x8366a39cc670b4001a1121b8f6a443a643e40951","txHash":"0x78521e2c591333d52393d27ae39396bb7a89baa7564a0d54fa5d354fcedb79b8"}	[{"salt": "1040", "amount0": "0", "amount1": "0", "ordinal": 0, "tickLower": 350400, "tickUpper": 362400, "liquidityDelta": "-6073242685666947"}]
{"poolManager":"0x8366a39cc670b4001a1121b8f6a443a643e40951","txHash":"0x7e170aeaa8ce597db915875499a388b7c3bed207684096008221748bc579d08f"}	[{"salt": "1040", "amount0": "0", "amount1": "0", "ordinal": 0, "tickLower": 350400, "tickUpper": 362400, "liquidityDelta": "-115391611027672009"}]
{"poolManager":"0x8366a39cc670b4001a1121b8f6a443a643e40951","txHash":"0x6c8d06071134e7efde5dbba48ce26dc1a1df391dcf0caba0fca09453a5f0ade1"}	[{"salt": "359", "amount0": "2496119700252", "amount1": "3075246285023", "ordinal": 0, "tickLower": 10000, "tickUpper": 16000, "liquidityDelta": "0"}]
{"poolManager":"0x8366a39cc670b4001a1121b8f6a443a643e40951","txHash":"0xee5a4de127a50dbe38f68b99e1bb40b8a997fdf0d6219d2134e3499fc33c1714"}	[{"salt": "359", "amount0": "0", "amount1": "0", "ordinal": 0, "tickLower": 10000, "tickUpper": 16000, "liquidityDelta": "1287049325511445"}]
{"poolManager":"0x8366a39cc670b4001a1121b8f6a443a643e40951","txHash":"0x21154cb1a8e0444d2d36c23571f743fda4f49c86a5e84ccd35ec9372c916b888"}	[{"salt": "358", "amount0": "28249330055141", "amount1": "50001", "ordinal": 0, "tickLower": -203190, "tickUpper": -200310, "liquidityDelta": "0"}]
{"poolManager":"0x8366a39cc670b4001a1121b8f6a443a643e40951","txHash":"0x9ba401e0d7fb44673513a0443f17d3d1dd15cc43692aa6f9c11552cde5038cf4"}	[{"salt": "358", "amount0": "0", "amount1": "0", "ordinal": 0, "tickLower": -203190, "tickUpper": -200310, "liquidityDelta": "53329435104"}]
{"poolManager":"0x8366a39cc670b4001a1121b8f6a443a643e40951","txHash":"0xec1b692bbead026f0a2f46c7eb4c0b8066ac04df5ffc85b5be6d840067f3454d"}	[{"salt": "1096", "amount0": "208909037036", "amount1": "42", "ordinal": 0, "tickLower": -205010, "tickUpper": -195300, "liquidityDelta": "5313072156218"}]
{"poolManager":"0x8366a39cc670b4001a1121b8f6a443a643e40951","txHash":"0x2053be9858bb38323465cdd3715693957954cb9b874c45313594d7ac777ec56b"}	[{"salt": "1096", "amount0": "304135202530", "amount1": "156", "ordinal": 0, "tickLower": -205010, "tickUpper": -195300, "liquidityDelta": "3115624730917"}]
{"poolManager":"0x8366a39cc670b4001a1121b8f6a443a643e40951","txHash":"0x15e3c2673a20e12635441578c86330c1f2f3321060802f95ae55e50ce31a726e"}	[{"salt": "1036", "amount0": "3286031063692616", "amount1": "664311410322401631", "ordinal": 0, "tickLower": -887200, "tickUpper": 68800, "liquidityDelta": "0"}]
{"poolManager":"0x8366a39cc670b4001a1121b8f6a443a643e40951","txHash":"0x8ddfaf34bd1a2c46a6a15b8eb87d669b3477bcf5379e41634e76cc4397179e6d"}	[{"salt": "1036", "amount0": "0", "amount1": "0", "ordinal": 0, "tickLower": -887200, "tickUpper": 68800, "liquidityDelta": "0"}]
{"poolManager":"0x8366a39cc670b4001a1121b8f6a443a643e40951","txHash":"0x886d41ad1acf792d14e48e7eff7b84bf536c805536e1fab645e6ca7dd62a561f"}	[{"salt": "358", "amount0": "133010094940", "amount1": "192", "ordinal": 0, "tickLower": -203190, "tickUpper": -200310, "liquidityDelta": "19756136480848"}]
{"poolManager":"0x8366a39cc670b4001a1121b8f6a443a643e40951","txHash":"0x9468ceee92e680ca908dad0c73b18985a847840a2944f1f33b09dbcc48c5cecb"}	[{"salt": "671", "amount0": "91031704923527", "amount1": "162321", "ordinal": 0, "tickLower": -203150, "tickUpper": -197100, "liquidityDelta": "0"}]
{"poolManager":"0x8366a39cc670b4001a1121b8f6a443a643e40951","txHash":"0x82716be14275cf72ab677926d391019ed39490d92268a2e3b1a9b097081df42c"}	[{"salt": "1036", "amount0": "0", "amount1": "590578720273437211", "ordinal": 0, "tickLower": -887200, "tickUpper": 68800, "liquidityDelta": "0"}]
{"poolManager":"0x8366a39cc670b4001a1121b8f6a443a643e40951","txHash":"0x9064bae48d2e912b4441e9b5024d7a08ff9766422e4d90d7aa72da46df34fd32"}	[{"salt": "1096", "amount0": "1037738059012", "amount1": "378", "ordinal": 0, "tickLower": -205010, "tickUpper": -195300, "liquidityDelta": "349669538395"}]
{"poolManager":"0x8366a39cc670b4001a1121b8f6a443a643e40951","txHash":"0xfe54ad3e11b17c9cf52be67bd55ef3393a9c5d1d1efd7e0d558e96e1a1456783"}	[{"salt": "1010", "amount0": "44540873", "amount1": "60122097457895515384792", "ordinal": 0, "tickLower": 345600, "tickUpper": 352800, "liquidityDelta": "103027076318748553"}]
{"poolManager":"0x8366a39cc670b4001a1121b8f6a443a643e40951","txHash":"0x8d6ae7b40d822c589e8b2d28ac8dc8e3853817169e44e69c7821ee05e0398fdd"}	[{"salt": "1036", "amount0": "1632710204192537", "amount1": "334089083055782806", "ordinal": 0, "tickLower": -887200, "tickUpper": 68800, "liquidityDelta": "0"}]
{"poolManager":"0x8366a39cc670b4001a1121b8f6a443a643e40951","txHash":"0x65aa8507ffea26904e368f3ed3dd5390af6b184994a74a8362d1d5a1b06351c5"}	[{"salt": "1036", "amount0": "849999999999999", "amount1": "1721867100558137706", "ordinal": 0, "tickLower": -887200, "tickUpper": 68800, "liquidityDelta": "0"}, {"salt": "1036", "amount0": "0", "amount1": "0", "ordinal": 1, "tickLower": -887200, "tickUpper": 68800, "liquidityDelta": "0"}]
{"poolManager":"0x8366a39cc670b4001a1121b8f6a443a643e40951","txHash":"0xfeae5903a046b3ed6bd65028735e88d9ed61ff7fe31b19d653ea1e3def88d283"}	[{"salt": "1036", "amount0": "503537732121067", "amount1": "30945058637369941", "ordinal": 0, "tickLower": -887200, "tickUpper": 68800, "liquidityDelta": "0"}, {"salt": "1036", "amount0": "0", "amount1": "0", "ordinal": 1, "tickLower": -887200, "tickUpper": 68800, "liquidityDelta": "0"}]
{"poolManager":"0x8366a39cc670b4001a1121b8f6a443a643e40951","txHash":"0xe13e0a0ed77f9390f76b773b15d26b5f320d49c047d4436b4200fa8fa7e7bbc5"}	[{"salt": "1036", "amount0": "7064350000000000", "amount1": "505298914472031180", "ordinal": 0, "tickLower": -887200, "tickUpper": 68800, "liquidityDelta": "0"}]
{"poolManager":"0x8366a39cc670b4001a1121b8f6a443a643e40951","txHash":"0x13a40b276c92345df297b087447d8b247ccf3ef0e0190a082dd753a6a995d787"}	[{"salt": "1036", "amount0": "769999999999999", "amount1": "0", "ordinal": 0, "tickLower": -887200, "tickUpper": 68800, "liquidityDelta": "0"}, {"salt": "1036", "amount0": "0", "amount1": "0", "ordinal": 1, "tickLower": -887200, "tickUpper": 68800, "liquidityDelta": "0"}]
{"poolManager":"0x8366a39cc670b4001a1121b8f6a443a643e40951","txHash":"0x64a2b0c48918c004181838a69f1d7c6d96769c2191c3e8c706af30855482a9b5"}	[{"salt": "1000", "amount0": "1358498992459444", "amount1": "2426703", "ordinal": 0, "tickLower": -203270, "tickUpper": -200110, "liquidityDelta": "-236003279427002"}]
{"poolManager":"0x8366a39cc670b4001a1121b8f6a443a643e40951","txHash":"0xf9333a8fe07c8a95b0aaab258a3a18a4b9ac24292bdc54fe1c109a6965068694"}	[{"salt": "926", "amount0": "4792799999999", "amount1": "0", "ordinal": 0, "tickLower": -883200, "tickUpper": 883200, "liquidityDelta": "0"}]
{"poolManager":"0x8366a39cc670b4001a1121b8f6a443a643e40951","txHash":"0xb2d88a09244527a9b75cd05504caf9f5c7fe19fb852673e635b20dced5d3a814"}	[{"salt": "1036", "amount0": "68505337599999", "amount1": "612220286456914102", "ordinal": 0, "tickLower": -887200, "tickUpper": 68800, "liquidityDelta": "0"}]
{"poolManager":"0x8366a39cc670b4001a1121b8f6a443a643e40951","txHash":"0x21ae1ff2acae6598dfe59779ba84b47e08fcd3fe6c428b795ac7980d5974858b"}	[{"salt": "872", "amount0": "35495041371354", "amount1": "63491", "ordinal": 0, "tickLower": -203190, "tickUpper": -200310, "liquidityDelta": "0"}]
{"poolManager":"0x8366a39cc670b4001a1121b8f6a443a643e40951","txHash":"0x2d44cacf7164d799458b5e2a21749215f0d219cababa5e8bd5d22591506ef195"}	[{"salt": "1036", "amount0": "20206742399999", "amount1": "0", "ordinal": 0, "tickLower": -887200, "tickUpper": 68800, "liquidityDelta": "0"}]
{"poolManager":"0x8366a39cc670b4001a1121b8f6a443a643e40951","txHash":"0x228c9eab2479a6009e99e291f7d8474817202a4c9f0cac6010e1182a06d1a73b"}	[{"salt": "981", "amount0": "7694803660745", "amount1": "13834", "ordinal": 0, "tickLower": -203720, "tickUpper": -199830, "liquidityDelta": "0"}]
{"poolManager":"0x8366a39cc670b4001a1121b8f6a443a643e40951","txHash":"0x3a0e6130e06ce9b42c184ddaf3db9c0057f00a7fad1e1deba23eaa0cb85e8792"}	[{"salt": "777", "amount0": "0", "amount1": "0", "ordinal": 0, "tickLower": -880000, "tickUpper": 880000, "liquidityDelta": "-147367427989784227593"}]
{"poolManager":"0x8366a39cc670b4001a1121b8f6a443a643e40951","txHash":"0xbc130e33fa11047a12d1f63405040e25aca8ede56d2cac7a5d6ee0fbee3df562"}	[{"salt": "923", "amount0": "2383812226928797", "amount1": "4113419", "ordinal": 0, "tickLower": -201630, "tickUpper": -201220, "liquidityDelta": "-562325019552975"}]
{"poolManager":"0x8366a39cc670b4001a1121b8f6a443a643e40951","txHash":"0x99f360c046891b608947bd2f37a103c78df801a0eb272dc0f2e8f479e03fa5c2"}	[{"salt": "1000", "amount0": "32518408465627", "amount1": "21526", "ordinal": 0, "tickLower": -203270, "tickUpper": -200110, "liquidityDelta": "-236003279427003"}]
{"poolManager":"0x8366a39cc670b4001a1121b8f6a443a643e40951","txHash":"0xdbdd4bd44712757f68a9616245de7d3f472133a55f0d958b05a67820d0d9e259"}	[{"salt": "1160", "amount0": "0", "amount1": "0", "ordinal": 0, "tickLower": -887000, "tickUpper": 887000, "liquidityDelta": "-53300722362217"}]
{"poolManager":"0x8366a39cc670b4001a1121b8f6a443a643e40951","txHash":"0xa8d801ea7e78dfe8b5b2485478ea88aa8d6581b53bbfbc6cc38d5d4748ce7f8d"}	[{"salt": "1083", "amount0": "2454402692786872", "amount1": "282793549632", "ordinal": 0, "tickLower": -880000, "tickUpper": 880000, "liquidityDelta": "-27974458534487"}]
{"poolManager":"0x8366a39cc670b4001a1121b8f6a443a643e40951","txHash":"0xaf7becc33ec20a5028e0172e3755bcadf1adc342d10c34098df6a4d14e52f341"}	[{"salt": "1162", "amount0": "0", "amount1": "0", "ordinal": 0, "tickLower": -372600, "tickUpper": -368400, "liquidityDelta": "-5271179609794869"}]
{"poolManager":"0x8366a39cc670b4001a1121b8f6a443a643e40951","txHash":"0xad81183a379957d4e41297abe817b1e5fb62a1498751335bfd66ac3de688c43f"}	[{"salt": "1094", "amount0": "0", "amount1": "0", "ordinal": 0, "tickLower": -203910, "tickUpper": -202630, "liquidityDelta": "-3328337588282"}]
{"poolManager":"0x8366a39cc670b4001a1121b8f6a443a643e40951","txHash":"0xcaae7a15dafdbd1138a2f029c9747d12ce9ac86bab789a7bb41fd925f8938181"}	[{"salt": "1036", "amount0": "3053653430441209", "amount1": "28057540785068471", "ordinal": 0, "tickLower": -887200, "tickUpper": 68800, "liquidityDelta": "0"}]
{"poolManager":"0x8366a39cc670b4001a1121b8f6a443a643e40951","txHash":"0x1a6079eb995687d47a192e229a2df42e6307048b796bac2280be0a4279cba87b"}	[{"salt": "640", "amount0": "4393425", "amount1": "15592378189413197287", "ordinal": 0, "tickLower": 278520, "tickUpper": 283860, "liquidityDelta": "0"}]
{"poolManager":"0x8366a39cc670b4001a1121b8f6a443a643e40951","txHash":"0x156bf4089ab0eddc4adcfdfd608b0418368498d81c7995f9b53da4c47b8ccf68"}	[{"salt": "1167", "amount0": "28563011223634681797", "amount1": "1880866627716170678229", "ordinal": 0, "tickLower": -887220, "tickUpper": 887220, "liquidityDelta": "-815225916495249678230007"}]
{"poolManager":"0x8366a39cc670b4001a1121b8f6a443a643e40951","txHash":"0x0810cf1679ed9e0ad32a8e0bccecc7a928866501120eecb2f68cd5f4c4cff009"}	[{"salt": "1170", "amount0": "0", "amount1": "0", "ordinal": 0, "tickLower": -880000, "tickUpper": 880000, "liquidityDelta": "161479644143096028438"}]
{"poolManager":"0x8366a39cc670b4001a1121b8f6a443a643e40951","txHash":"0x4eb86f0a01d1097baccc66eb8c687b710cd2684f193a8cfefecf60b2f9499e17"}	[{"salt": "1168", "amount0": "57743267657062119871", "amount1": "3497754520026244987471", "ordinal": 0, "tickLower": 40200, "tickUpper": 46140, "liquidityDelta": "-3301865193567805392899157"}]
{"poolManager":"0x8366a39cc670b4001a1121b8f6a443a643e40951","txHash":"0xae2cf07e2400c4daa6485efd28d84680d485410ccbafb210fab8a43163820baf"}	[{"salt": "1170", "amount0": "0", "amount1": "252451597433040011220300", "ordinal": 0, "tickLower": -880000, "tickUpper": 880000, "liquidityDelta": "-161486545061608763236"}]
{"poolManager":"0x8366a39cc670b4001a1121b8f6a443a643e40951","txHash":"0x04e009a3555994396a3e6e35908be2b07cd685e53337bbd1fb57c0960274ea5a"}	[{"salt": "1165", "amount0": "8300274678434958929281", "amount1": "0", "ordinal": 0, "tickLower": -359000, "tickUpper": -352000, "liquidityDelta": "-19019253126485332"}]
{"poolManager":"0x8366a39cc670b4001a1121b8f6a443a643e40951","txHash":"0x727f40cc56edeff919e0c8c1a57d86d5ddcfc8ed9e82dee49380e3ba7c18515b"}	[{"salt": "1176", "amount0": "35933681621001", "amount1": "197102616695666114931", "ordinal": 0, "tickLower": -887220, "tickUpper": 887220, "liquidityDelta": "-48469957071265688442"}]
{"poolManager":"0x8366a39cc670b4001a1121b8f6a443a643e40951","txHash":"0x4fb0d10b5b83c0616571490e41828e3794f16c97396741601a81579dc2e91237"}	[{"salt": "1163", "amount0": "2164648181605484440450", "amount1": "0", "ordinal": 0, "tickLower": -887000, "tickUpper": 887000, "liquidityDelta": "-3562499108014797"}]
{"poolManager":"0x8366a39cc670b4001a1121b8f6a443a643e40951","txHash":"0xf5aa8560ca130c564d388f3024856c8d68951321111081c1adda0e8072a13dd6"}	[{"salt": "1161", "amount0": "1583975332280674721553", "amount1": "0", "ordinal": 0, "tickLower": -357000, "tickUpper": -355000, "liquidityDelta": "-9515098230605770"}]
{"poolManager":"0x8366a39cc670b4001a1121b8f6a443a643e40951","txHash":"0xcc4a682656fc42eb2179cac0cddc0950c629c89fb1ddbe533454a9ea0a9f6b42"}	[{"salt": "869", "amount0": "0", "amount1": "0", "ordinal": 0, "tickLower": 336000, "tickUpper": 349800, "liquidityDelta": "-70452318147481623"}]
{"poolManager":"0x8366a39cc670b4001a1121b8f6a443a643e40951","txHash":"0x84c1bf722465c5597338be28e066c2d82e82e73ca3e5e834d81dcddd6d9d239a"}	[{"salt": "1198", "amount0": "301840525268250", "amount1": "0", "ordinal": 0, "tickLower": -886000, "tickUpper": 886000, "liquidityDelta": "0"}]
{"poolManager":"0x8366a39cc670b4001a1121b8f6a443a643e40951","txHash":"0x222fb18ae6162798434fbde4b0e8cba13bd15bb807af35ee3aa2a8019b3a9b9d"}	[{"salt": "1200", "amount0": "1351031646239951", "amount1": "0", "ordinal": 0, "tickLower": 150000, "tickUpper": 158000, "liquidityDelta": "0"}]
{"poolManager":"0x8366a39cc670b4001a1121b8f6a443a643e40951","txHash":"0xdd6432e0fdd2ba93dbfcf014bde8638b47ee68ef370859732e1e926fc7b34b47"}	[{"salt": "1200", "amount0": "502516460762533", "amount1": "0", "ordinal": 0, "tickLower": 150000, "tickUpper": 158000, "liquidityDelta": "-156779744595511461185"}]
{"poolManager":"0x8366a39cc670b4001a1121b8f6a443a643e40951","txHash":"0x43d73b60f1d67d0d007b708210d90074294321a7d8aec4e9f65628cd6d54a42b"}	[{"salt": "1198", "amount0": "201954698946902", "amount1": "0", "ordinal": 0, "tickLower": -886000, "tickUpper": 886000, "liquidityDelta": "22747354848508063453"}]
{"poolManager":"0x8366a39cc670b4001a1121b8f6a443a643e40951","txHash":"0x16e76ee5d002c12dfe40c83e783ad9ab390717d086bdbb4094ff054dbecd92f7"}	[{"salt": "1198", "amount0": "264111200843485", "amount1": "344444282634147998725", "ordinal": 0, "tickLower": -886000, "tickUpper": 886000, "liquidityDelta": "0"}]
{"poolManager":"0x8366a39cc670b4001a1121b8f6a443a643e40951","txHash":"0xdf0bfbe05dd206dc6315774f0ea1c43337cf0492ba2aba1343aee29b96bf051c"}	[{"salt": "1200", "amount0": "766555281279463", "amount1": "647128562189283743870", "ordinal": 0, "tickLower": 150000, "tickUpper": 158000, "liquidityDelta": "0"}]
{"poolManager":"0x8366a39cc670b4001a1121b8f6a443a643e40951","txHash":"0x6700610b46118b41620dbfce7aa45a023dfe73bd9cddc3d47b7020436cbc325c"}	[{"salt": "1164", "amount0": "0", "amount1": "0", "ordinal": 0, "tickLower": -884000, "tickUpper": 884000, "liquidityDelta": "395308476440170258"}]
{"poolManager":"0x8366a39cc670b4001a1121b8f6a443a643e40951","txHash":"0x1251ae7f57adaed2c53cc7d98c674f3d4133a986d6403f58005b1bc18292c688"}	[{"salt": "1166", "amount0": "0", "amount1": "0", "ordinal": 0, "tickLower": -884000, "tickUpper": 884000, "liquidityDelta": "324089345497443595"}]
{"poolManager":"0x8366a39cc670b4001a1121b8f6a443a643e40951","txHash":"0x8dcdd61f19bfb1bf9e4482b2ee9fa107ab3052b2e094b95cbc7873b851d1fcb1"}	[{"salt": "1198", "amount0": "0", "amount1": "2253256470422303469019", "ordinal": 0, "tickLower": -886000, "tickUpper": 886000, "liquidityDelta": "0"}]
{"poolManager":"0x8366a39cc670b4001a1121b8f6a443a643e40951","txHash":"0x2c05041e4cdad7eff96696f59772e25a59c16edef2af5012246fddb4b46352d3"}	[{"salt": "1200", "amount0": "0", "amount1": "4233330885323064496055", "ordinal": 0, "tickLower": 150000, "tickUpper": 158000, "liquidityDelta": "0"}]
{"poolManager":"0x8366a39cc670b4001a1121b8f6a443a643e40951","txHash":"0x92635cdb10110ccbd9d1ebb95fc3d8986acf5b62c68691cd7190c37435b94fdf"}	[{"salt": "1036", "amount0": "924480534280663", "amount1": "458211629419392755", "ordinal": 0, "tickLower": -887200, "tickUpper": 68800, "liquidityDelta": "0"}]
{"poolManager":"0x8366a39cc670b4001a1121b8f6a443a643e40951","txHash":"0x99d8f13385f9840223407c272c023f0b747b204f85046c64e46c0b4252ef3765"}	[{"salt": "1198", "amount0": "1163611250970751", "amount1": "2904240646644367392414", "ordinal": 0, "tickLower": -886000, "tickUpper": 886000, "liquidityDelta": "0"}]
{"poolManager":"0x8366a39cc670b4001a1121b8f6a443a643e40951","txHash":"0x3772faee96f259ac3c3ea85ca52ae8f6c6794af996246ffdf636754dfed560d9"}	[{"salt": "1200", "amount0": "2186147698633114", "amount1": "5456374713325901673688", "ordinal": 0, "tickLower": 150000, "tickUpper": 158000, "liquidityDelta": "0"}]
{"poolManager":"0x8366a39cc670b4001a1121b8f6a443a643e40951","txHash":"0xeaaa5649a996289f4344d6e719ec292fcf07e8d3c2cdd1cbc9a22598c6a73479"}	[{"salt": "1198", "amount0": "0", "amount1": "0", "ordinal": 0, "tickLower": -886000, "tickUpper": 886000, "liquidityDelta": "-83448467296936352249"}]
{"poolManager":"0x8366a39cc670b4001a1121b8f6a443a643e40951","txHash":"0xca75ec382e1903dfec2f28e729ac16f8a42c5269c49edd6ca4c0744d17dbce49"}	[{"salt": "1204", "amount0": "146136420801714", "amount1": "0", "ordinal": 0, "tickLower": -884000, "tickUpper": 884000, "liquidityDelta": "19407153403374388736"}]
{"poolManager":"0x8366a39cc670b4001a1121b8f6a443a643e40951","txHash":"0xbf2ee63041d1d697948d05e03fe5da120ada6c0b6af9b73b95c32d6bea921f0f"}	[{"salt": "1200", "amount0": "0", "amount1": "0", "ordinal": 0, "tickLower": 150000, "tickUpper": 158000, "liquidityDelta": "-156779744595511461185"}]
{"poolManager":"0x8366a39cc670b4001a1121b8f6a443a643e40951","txHash":"0xdd1191bde87886da27ed3baae95c2ade5147015df436ff751148c5bafd556c29"}	[{"salt": "1204", "amount0": "0", "amount1": "0", "ordinal": 0, "tickLower": -884000, "tickUpper": 884000, "liquidityDelta": "31883392185783027965"}]
{"poolManager":"0x8366a39cc670b4001a1121b8f6a443a643e40951","txHash":"0x0703132c83f84ee78a20109c1c01aa8a5118e9d697ff411f001a60a088393252"}	[{"salt": "1204", "amount0": "0", "amount1": "0", "ordinal": 0, "tickLower": -884000, "tickUpper": 884000, "liquidityDelta": "48951022350079443962"}]
{"poolManager":"0x8366a39cc670b4001a1121b8f6a443a643e40951","txHash":"0x35fb7f8a649bf6051248a14fa7b17fb98b6f6a4b480334a31e2ce85ef80ffd2c"}	[{"salt": "583", "amount0": "278404563360584", "amount1": "654157", "ordinal": 0, "tickLower": -203000, "tickUpper": -201200, "liquidityDelta": "0"}]
{"poolManager":"0x8366a39cc670b4001a1121b8f6a443a643e40951","txHash":"0x6fcf33f3a271e0c476879ff7cf323e97fd1ac00df2c55e541d14f71d35286a1c"}	[{"salt": "775", "amount0": "48443422791378649", "amount1": "149614115587617534057383", "ordinal": 0, "tickLower": -884000, "tickUpper": 884000, "liquidityDelta": "0"}]
{"poolManager":"0x8366a39cc670b4001a1121b8f6a443a643e40951","txHash":"0xd4281e8df75ff25fb58f7a756bac1ee15ca51b2b1b47e85c473b40ab44416253"}	[{"salt": "1209", "amount0": "0", "amount1": "0", "ordinal": 0, "tickLower": -884000, "tickUpper": 884000, "liquidityDelta": "188097576373294776704"}]
{"poolManager":"0x8366a39cc670b4001a1121b8f6a443a643e40951","txHash":"0xc1440620b9e5286e03cc3f745b5bfdbfaf960423f7fdfcca31825ee20734940c"}	[{"salt": "1204", "amount0": "510468489587361", "amount1": "0", "ordinal": 0, "tickLower": -884000, "tickUpper": 884000, "liquidityDelta": "-104323943263099005887"}]
{"poolManager":"0x8366a39cc670b4001a1121b8f6a443a643e40951","txHash":"0x4448c5452b7f041efecbf41f53ac0dc10e7d61e3afcdcbc435718de4b0e94eac"}	[{"salt": "1036", "amount0": "483477068572177", "amount1": "245208401401195324", "ordinal": 0, "tickLower": -887200, "tickUpper": 68800, "liquidityDelta": "0"}]
{"poolManager":"0x8366a39cc670b4001a1121b8f6a443a643e40951","txHash":"0x30027434dfbb7bef0e9d59ebd996523994e1d3526443114b8376cf5c3227cbc3"}	[{"salt": "1036", "amount0": "0", "amount1": "851244372315367466", "ordinal": 0, "tickLower": -887200, "tickUpper": 68800, "liquidityDelta": "0"}]
{"poolManager":"0x8366a39cc670b4001a1121b8f6a443a643e40951","txHash":"0x6a45ffc01b1f3aba89338b512fb3c2e95709b13f075241f4480133bc20f0d4bb"}	[{"salt": "995", "amount0": "14387158475545507", "amount1": "3550709677320509905285", "ordinal": 0, "tickLower": 119100, "tickUpper": 132960, "liquidityDelta": "0"}]
{"poolManager":"0x8366a39cc670b4001a1121b8f6a443a643e40951","txHash":"0x4b279764d3ac12889e23626c398090580f2aec4174c9cc72a52a2d24bdd267e4"}	[{"salt": "995", "amount0": "0", "amount1": "0", "ordinal": 0, "tickLower": 119100, "tickUpper": 132960, "liquidityDelta": "-1746397015862796424467"}]
{"poolManager":"0x8366a39cc670b4001a1121b8f6a443a643e40951","txHash":"0x47954cf081fc7e0339f017affb9cb77e8bd9b99a071aecf24c2740a8de67c9b0"}	[{"salt": "835", "amount0": "18795228136169349", "amount1": "64379175274803138092952", "ordinal": 0, "tickLower": -884000, "tickUpper": 884000, "liquidityDelta": "0"}]
{"poolManager":"0x8366a39cc670b4001a1121b8f6a443a643e40951","txHash":"0x2a8faf7beb7cdfe9031819c1a583cc38fca6037ce3e254ea91a30b5105ee86fb"}	[{"salt": "677", "amount0": "6858870", "amount1": "7915529763220421360926", "ordinal": 0, "tickLower": -886800, "tickUpper": 886800, "liquidityDelta": "0"}]
{"poolManager":"0x8366a39cc670b4001a1121b8f6a443a643e40951","txHash":"0xe1ddbb9a0e827a695d247d99859f640d25111fb28d1e61f05ae7c8af77101053"}	[{"salt": "199", "amount0": "0", "amount1": "10464295493495289542157234", "ordinal": 0, "tickLower": 200400, "tickUpper": 232600, "liquidityDelta": "0"}, {"salt": "200", "amount0": "0", "amount1": "0", "ordinal": 0, "tickLower": 170400, "tickUpper": 200400, "liquidityDelta": "0"}, {"salt": "201", "amount0": "0", "amount1": "0", "ordinal": 0, "tickLower": 124400, "tickUpper": 170400, "liquidityDelta": "0"}]
{"poolManager":"0x8366a39cc670b4001a1121b8f6a443a643e40951","txHash":"0xf9d2a6f68cbb5bfab418dfc5e6b8fa97eaef8039289a8aa037ef3444008d07c2"}	[{"salt": "1171", "amount0": "0", "amount1": "180343699041438578078476", "ordinal": 0, "tickLower": -884400, "tickUpper": 884400, "liquidityDelta": "-173140026801497330819"}]
{"poolManager":"0x8366a39cc670b4001a1121b8f6a443a643e40951","txHash":"0x5eb6cb292bb8617a1ee82e8339031bf29893b5d9d3e81cdc637baaa6dbc1fc9f"}	[{"salt": "1210", "amount0": "566902895254784", "amount1": "0", "ordinal": 0, "tickLower": -886000, "tickUpper": 886000, "liquidityDelta": "0"}]
{"poolManager":"0x8366a39cc670b4001a1121b8f6a443a643e40951","txHash":"0x8174097e917c914a6b8e45c96e52a3355e70e73e424cb82971c322741982a941"}	[{"salt": "237", "amount0": "1635633732604869", "amount1": "60966996720562876746845", "ordinal": 0, "tickLower": -884000, "tickUpper": 884000, "liquidityDelta": "0"}]
{"poolManager":"0x8366a39cc670b4001a1121b8f6a443a643e40951","txHash":"0x719554b1dcb60b2436d0e6e0026baa5e48a0367c5b62e4994065b15fa2e33b9c"}	[{"salt": "1213", "amount0": "0", "amount1": "0", "ordinal": 0, "tickLower": -887272, "tickUpper": 887272, "liquidityDelta": "9427865681239967132"}]
{"poolManager":"0x8366a39cc670b4001a1121b8f6a443a643e40951","txHash":"0xc041adfbb0f2405537e2e1c143bf9b421199e647536e381544c61dd1a3577cf7"}	[{"salt": "1036", "amount0": "75296937970234", "amount1": "1720772905548360842", "ordinal": 0, "tickLower": -887200, "tickUpper": 68800, "liquidityDelta": "0"}]
{"poolManager":"0x8366a39cc670b4001a1121b8f6a443a643e40951","txHash":"0xe966783c88b14249e3dbda6c2add210f2d4aeedc915ed75cf51ff4f010c3cbfe"}	[{"salt": "703", "amount0": "7984641225223179", "amount1": "26722464734441755", "ordinal": 0, "tickLower": 15000, "tickUpper": 16000, "liquidityDelta": "-10450665675343440649"}]
{"poolManager":"0x8366a39cc670b4001a1121b8f6a443a643e40951","txHash":"0x21224fe559214e251efe9bc1e75881a627b01fb40fb60c915975b05fb68e2090"}	[{"salt": "1211", "amount0": "19612517975140", "amount1": "0", "ordinal": 0, "tickLower": 14000, "tickUpper": 22000, "liquidityDelta": "2711296259067024585"}]
{"poolManager":"0x8366a39cc670b4001a1121b8f6a443a643e40951","txHash":"0xa83e3f693ffd4efcd7ecad7d63744df27c7446c77197705b3fe58cb715b73202"}	[{"salt": "1214", "amount0": "0", "amount1": "0", "ordinal": 0, "tickLower": 14000, "tickUpper": 15000, "liquidityDelta": "4008073047788832264"}]
{"poolManager":"0x8366a39cc670b4001a1121b8f6a443a643e40951","txHash":"0x91bf3c6b7d06415904d30b4812fc91c9898c38904308df8f22e582a86623cb5c"}	[{"salt": "1214", "amount0": "38419383091316", "amount1": "0", "ordinal": 0, "tickLower": 14000, "tickUpper": 15000, "liquidityDelta": "190874734894343112"}]
{"poolManager":"0x8366a39cc670b4001a1121b8f6a443a643e40951","txHash":"0x7da16b76ca3f7bde2d72425950ad561a1bf469bfd4d62127f7cf78d9104c1e58"}	[{"salt": "1174", "amount0": "2873978665233", "amount1": "5951", "ordinal": 0, "tickLower": -203740, "tickUpper": -201290, "liquidityDelta": "895151965959"}]
{"poolManager":"0x8366a39cc670b4001a1121b8f6a443a643e40951","txHash":"0xd8a0ea532d8735fc618df49c69f6fe39e2c67b48b641a8946ff67c529fe01cd2"}	[{"salt": "1215", "amount0": "0", "amount1": "0", "ordinal": 0, "tickLower": -221880, "tickUpper": 170340, "liquidityDelta": "-17540337746737961319639"}]
{"poolManager":"0x8366a39cc670b4001a1121b8f6a443a643e40951","txHash":"0x8534212775e189ae7d520af0d803bc276e4f3d830e9f88ecc00b25548797e09c"}	[{"salt": "1206", "amount0": "0", "amount1": "0", "ordinal": 0, "tickLower": -336600, "tickUpper": -326700, "liquidityDelta": "-23844133719623487"}]
{"poolManager":"0x8366a39cc670b4001a1121b8f6a443a643e40951","txHash":"0x878b0b100b6b59308d455e03ceaef84aea0b9e85898b40df268faefddaf6132e"}	[{"salt": "1041", "amount0": "2210392693906917", "amount1": "3991544", "ordinal": 0, "tickLower": -202160, "tickUpper": -201400, "liquidityDelta": "0"}]
{"poolManager":"0x8366a39cc670b4001a1121b8f6a443a643e40951","txHash":"0xfdef6dd5bb459ccd7b2da1c899539f0f160cdd4a51ebf9003f6d4e6161b29941"}	[{"salt": "626", "amount0": "7697200783212703", "amount1": "31183611332364159", "ordinal": 0, "tickLower": 15000, "tickUpper": 17000, "liquidityDelta": "0"}]
{"poolManager":"0x8366a39cc670b4001a1121b8f6a443a643e40951","txHash":"0x20d1b462d8851ae4b5fd04ee353b096cc67b5aa36a38d7f5e41dfd113e267e61"}	[{"salt": "1041", "amount0": "0", "amount1": "0", "ordinal": 0, "tickLower": -202160, "tickUpper": -201400, "liquidityDelta": "-803967869757893"}]
{"poolManager":"0x8366a39cc670b4001a1121b8f6a443a643e40951","txHash":"0x03d8f63bf3bb8909bc6391f1c43e4ddd3495597912501d1684020906c140bfd3"}	[{"salt": "609", "amount0": "1771488400972045", "amount1": "6948971237001655", "ordinal": 0, "tickLower": 15000, "tickUpper": 16000, "liquidityDelta": "0"}]
{"poolManager":"0x8366a39cc670b4001a1121b8f6a443a643e40951","txHash":"0x3d400db3d625dc94425fb365ed2680277526274fb917629dea3553f09bdbf4bb"}	[{"salt": "609", "amount0": "0", "amount1": "0", "ordinal": 0, "tickLower": 15000, "tickUpper": 16000, "liquidityDelta": "-1767783500316589441"}]
{"poolManager":"0x8366a39cc670b4001a1121b8f6a443a643e40951","txHash":"0x362c1454ba34fe50f341518b5d98cb8bb7e0596b16e7383c0010240971429484"}	[{"salt": "1217", "amount0": "72752409761", "amount1": "65", "ordinal": 0, "tickLower": -203580, "tickUpper": -199460, "liquidityDelta": "0"}]
{"poolManager":"0x8366a39cc670b4001a1121b8f6a443a643e40951","txHash":"0xaf6e7ce8095bf06a3fd2f01502f0dc5a260c8d2469e5cdc3e6c47e5395ae1bad"}	[{"salt": "1210", "amount0": "0", "amount1": "1265564680448498481416", "ordinal": 0, "tickLower": -886000, "tickUpper": 886000, "liquidityDelta": "0"}]
{"poolManager":"0x8366a39cc670b4001a1121b8f6a443a643e40951","txHash":"0x91d45b083e225f7dff212cf3a350c7391ef62775f9cbe38f52a8034e793a934e"}	[{"salt": "1036", "amount0": "365469911001106", "amount1": "18792968728225701", "ordinal": 0, "tickLower": -887200, "tickUpper": 68800, "liquidityDelta": "0"}]
{"poolManager":"0x8366a39cc670b4001a1121b8f6a443a643e40951","txHash":"0x584e4652915d98b22ec344fba2870d1507bd4083dc62f8bf4a3f8fba45a0792a"}	[{"salt": "1220", "amount0": "0", "amount1": "0", "ordinal": 0, "tickLower": -202400, "tickUpper": -200200, "liquidityDelta": "-79734296248981"}]
{"poolManager":"0x8366a39cc670b4001a1121b8f6a443a643e40951","txHash":"0x5c0836542ca91b1a8c9c007e53bc4b990615bead95fb3321effd85a65d80cdf7"}	[{"salt": "405", "amount0": "1144281419656614248", "amount1": "258632261777803580615236", "ordinal": 0, "tickLower": 119000, "tickUpper": 126000, "liquidityDelta": "-11139511864754864416785"}]
{"poolManager":"0x8366a39cc670b4001a1121b8f6a443a643e40951","txHash":"0x33c44ce8867cecc7a86ce0a2bd3046b1ccf8c190554c55b9c8cf1197a7922643"}	[{"salt": "1227", "amount0": "0", "amount1": "0", "ordinal": 0, "tickLower": 116000, "tickUpper": 130000, "liquidityDelta": "154792891752993537860"}]
{"poolManager":"0x8366a39cc670b4001a1121b8f6a443a643e40951","txHash":"0x3ec41f7a6db4f7a4265baad4d9c1a55c84a2fa48bf10e2d924dc63509aec6904"}	[{"salt": "1210", "amount0": "1999999999999999", "amount1": "8538613449122359230417", "ordinal": 0, "tickLower": -886000, "tickUpper": 886000, "liquidityDelta": "0"}]
{"poolManager":"0x8366a39cc670b4001a1121b8f6a443a643e40951","txHash":"0xd29d6c1041901d12d6cd83b46da2ee05ca6bc2b6cb962a9a1b7fb7f1085a137a"}	[{"salt": "1226", "amount0": "3059198085729458", "amount1": "5508666", "ordinal": 0, "tickLower": -201380, "tickUpper": -201350, "liquidityDelta": "-154222064091775553"}]
{"poolManager":"0x8366a39cc670b4001a1121b8f6a443a643e40951","txHash":"0xa22a821f44e26b073e17e0c7a773f1b55c08852c99b3a69939c05a7acdb539b9"}	[{"salt": "1036", "amount0": "0", "amount1": "136114184571645233", "ordinal": 0, "tickLower": -887200, "tickUpper": 68800, "liquidityDelta": "0"}, {"salt": "1036", "amount0": "0", "amount1": "0", "ordinal": 1, "tickLower": -887200, "tickUpper": 68800, "liquidityDelta": "0"}, {"salt": "1036", "amount0": "0", "amount1": "0", "ordinal": 2, "tickLower": -887200, "tickUpper": 68800, "liquidityDelta": "0"}]
{"poolManager":"0x8366a39cc670b4001a1121b8f6a443a643e40951","txHash":"0x58c9e539c93ed68fc56234e98249a08d99872d2421b8da6a1b706ad127b5920c"}	[{"salt": "1210", "amount0": "329999999999999", "amount1": "1107558830520288282508", "ordinal": 0, "tickLower": -886000, "tickUpper": 886000, "liquidityDelta": "0"}]
{"poolManager":"0x8366a39cc670b4001a1121b8f6a443a643e40951","txHash":"0x9894fa72590b35ea8f952c30673f7c2685545fb37abcfc8130648e1294e18495"}	[{"salt": "1228", "amount0": "0", "amount1": "0", "ordinal": 0, "tickLower": -887200, "tickUpper": 189200, "liquidityDelta": "-77943447091408414902864"}]
{"poolManager":"0x8366a39cc670b4001a1121b8f6a443a643e40951","txHash":"0x7754051bf11f924aa03a69d7aa323ae193df00d306e7d9fc3f110b950330ff7b"}	[{"salt": "943", "amount0": "17487217974816156", "amount1": "30995349", "ordinal": 0, "tickLower": -201930, "tickUpper": -199820, "liquidityDelta": "0"}]
{"poolManager":"0x8366a39cc670b4001a1121b8f6a443a643e40951","txHash":"0x9fb3779d65b782fa87d9990198b1462f4d6263316a5bd09308a956cc863a4c69"}	[{"salt": "943", "amount0": "11110622976650", "amount1": "55540", "ordinal": 0, "tickLower": -201930, "tickUpper": -199820, "liquidityDelta": "-2840176190351549"}]
{"poolManager":"0x8366a39cc670b4001a1121b8f6a443a643e40951","txHash":"0x86316ca638e80a9b3b2767f6a6503d61a6257fa8ce0030a79813fc56e39ca744"}	[{"salt": "835", "amount0": "0", "amount1": "2301632609339298338193", "ordinal": 0, "tickLower": -884000, "tickUpper": 884000, "liquidityDelta": "-79552557483638197933"}]
{"poolManager":"0x8366a39cc670b4001a1121b8f6a443a643e40951","txHash":"0x14da084e0038ee1a718b4a0b5cdc617a4195f4df69c8c9cb2bb9d11d4b913cb3"}	[{"salt": "994", "amount0": "230558155174477", "amount1": "1610376653868328458898313", "ordinal": 0, "tickLower": -884000, "tickUpper": 884000, "liquidityDelta": "0"}]
{"poolManager":"0x8366a39cc670b4001a1121b8f6a443a643e40951","txHash":"0xfc6bce5f4aa5b798ef67628d05a3e1ca33d64ef151f5d11be15d6ee84ee4670a"}	[{"salt": "1210", "amount0": "544799999999999", "amount1": "797657352442276285962", "ordinal": 0, "tickLower": -886000, "tickUpper": 886000, "liquidityDelta": "0"}]
{"poolManager":"0x8366a39cc670b4001a1121b8f6a443a643e40951","txHash":"0x55eefa5ef9b2b27f1a1ad55c8e9ab927da129cf8c02719ff11aad1eae9f55065"}	[{"salt": "1010", "amount0": "111749057", "amount1": "165511010121784199887602", "ordinal": 0, "tickLower": 345600, "tickUpper": 352800, "liquidityDelta": "0"}]
{"poolManager":"0x8366a39cc670b4001a1121b8f6a443a643e40951","txHash":"0x6796458f851b777aaa2bcfedb9f09e0cf87b6ea0346c0294fd366bc23cdbed5f"}	[{"salt": "1241", "amount0": "0", "amount1": "0", "ordinal": 0, "tickLower": 117000, "tickUpper": 130000, "liquidityDelta": "-106664225846824944658"}]
{"poolManager":"0x8366a39cc670b4001a1121b8f6a443a643e40951","txHash":"0xb3a775a479fccb1a31f7a2b9a72e5c821002397eca882a142b25a054b51da9ef"}	[{"salt": "1227", "amount0": "0", "amount1": "1170708558322523572153", "ordinal": 0, "tickLower": 116000, "tickUpper": 130000, "liquidityDelta": "0"}]
{"poolManager":"0x8366a39cc670b4001a1121b8f6a443a643e40951","txHash":"0x8d4b00781be8c002fd2fa8545e2db9a0a05d7dfc78cb10ae4d7c4b1b8765ea37"}	[{"salt": "1210", "amount0": "712179517914402", "amount1": "1481429541692660897491", "ordinal": 0, "tickLower": -886000, "tickUpper": 886000, "liquidityDelta": "0"}]
{"poolManager":"0x8366a39cc670b4001a1121b8f6a443a643e40951","txHash":"0x8002f2e3c5577758c6278b77bb6eee8a98a09d55384b3c69a2ced86b70d71e41"}	[{"salt": "1234", "amount0": "335642277977", "amount1": "18786", "ordinal": 0, "tickLower": -887000, "tickUpper": 887000, "liquidityDelta": "41971722252186694"}]
{"poolManager":"0x8366a39cc670b4001a1121b8f6a443a643e40951","txHash":"0xec6eb5836c683c7c773a7f0c34b4bbc769461de97e5f36557c604640cfba5993"}	[{"salt": "1290", "amount0": "0", "amount1": "0", "ordinal": 0, "tickLower": -201500, "tickUpper": -201490, "liquidityDelta": "-11862638318778472"}]
{"poolManager":"0x8366a39cc670b4001a1121b8f6a443a643e40951","txHash":"0x117740a8b89af107c12b71ba798fe2b52ee73f1cfef8defb4766b51557bd7c8e"}	[{"salt": "1280", "amount0": "0", "amount1": "56788867837837095842", "ordinal": 0, "tickLower": 140200, "tickUpper": 157600, "liquidityDelta": "-44706177388855481769"}]
{"poolManager":"0x8366a39cc670b4001a1121b8f6a443a643e40951","txHash":"0x11ff6a42720f2f69ad71c61fcff53fc151c66860155ea44162592ca39f0a6c11"}	[{"salt": "1271", "amount0": "112692813956835", "amount1": "249639", "ordinal": 0, "tickLower": -201940, "tickUpper": -200820, "liquidityDelta": "-450715856303010"}]
{"poolManager":"0x8366a39cc670b4001a1121b8f6a443a643e40951","txHash":"0x6a8816f4d004d02686eaab2656c1fbb5517b514f226ce325ede0bc85d423d164"}	[{"salt": "1045", "amount0": "10497257457598", "amount1": "18483", "ordinal": 0, "tickLower": -203620, "tickUpper": -199560, "liquidityDelta": "0"}]
{"poolManager":"0x8366a39cc670b4001a1121b8f6a443a643e40951","txHash":"0xebd4da5e3b92d709362cafbcfb96669ddbb490c448e39b44d3791059eada83e2"}	[{"salt": "1045", "amount0": "0", "amount1": "0", "ordinal": 0, "tickLower": -203620, "tickUpper": -199560, "liquidityDelta": "11542229089440"}]
{"poolManager":"0x8366a39cc670b4001a1121b8f6a443a643e40951","txHash":"0xfbe534bb936945edecd31e238b59c6bf02f7e2edb24933c4627cd86aa2bfca05"}	[{"salt": "1201", "amount0": "20891106", "amount1": "30761375888674405541836", "ordinal": 0, "tickLower": 341400, "tickUpper": 355200, "liquidityDelta": "49161209366357084"}]
{"poolManager":"0x8366a39cc670b4001a1121b8f6a443a643e40951","txHash":"0xd8812c00e5faf056a7c3b807869cb80636ee35d885d01959a0b60e63460d6ba8"}	[{"salt": "1293", "amount0": "27342400453116", "amount1": "3656", "ordinal": 0, "tickLower": -201480, "tickUpper": -201470, "liquidityDelta": "-4266281592828661"}]
{"poolManager":"0x8366a39cc670b4001a1121b8f6a443a643e40951","txHash":"0x6f97b3d5b14c325a0371d3c4f68a1495b5f0e86d9bf075ca04d02f7f90c2c212"}	[{"salt": "655", "amount0": "197869607", "amount1": "0", "ordinal": 0, "tickLower": -887272, "tickUpper": 887272, "liquidityDelta": "-24048735978"}]
{"poolManager":"0x8366a39cc670b4001a1121b8f6a443a643e40951","txHash":"0x3b73827ac706b82c57f99f70dfb43844321cb4f5a474259ab3f4a627968c42e4"}	[{"salt": "1289", "amount0": "382892728712877", "amount1": "563537", "ordinal": 0, "tickLower": -201510, "tickUpper": -201450, "liquidityDelta": "-3274854744918610"}]
{"poolManager":"0x8366a39cc670b4001a1121b8f6a443a643e40951","txHash":"0xcf3b19525fe2223cd85d4da81f05cf4968f10ec790c84b78a52af4b1f0a1428a"}	[{"salt": "1297", "amount0": "82458637607678", "amount1": "113812", "ordinal": 0, "tickLower": -201530, "tickUpper": -201470, "liquidityDelta": "-868889168354876"}]
{"poolManager":"0x8366a39cc670b4001a1121b8f6a443a643e40951","txHash":"0x331e976607e350d693a294fae2631b99d0cc582eeb0f09be56f617f02d7549ec"}	[{"salt": "1311", "amount0": "0", "amount1": "0", "ordinal": 0, "tickLower": 134400, "tickUpper": 147200, "liquidityDelta": "-3064480842119471588415"}]
{"poolManager":"0x8366a39cc670b4001a1121b8f6a443a643e40951","txHash":"0xf87a9bd540611b25abd4f1ef870323968df8e62a25561dc111563df6f4786517"}	[{"salt": "1278", "amount0": "768429", "amount1": "1205970607410758966444", "ordinal": 0, "tickLower": 349800, "tickUpper": 361800, "liquidityDelta": "-87751538946641796"}]
{"poolManager":"0x8366a39cc670b4001a1121b8f6a443a643e40951","txHash":"0xf6a6d5748a53da32b3408ddf61043c737c4aa18d0967eef0f0358283aa07b0e2"}	[{"salt": "1323", "amount0": "0", "amount1": "0", "ordinal": 0, "tickLower": 348600, "tickUpper": 361200, "liquidityDelta": "71439125219741462"}]
{"poolManager":"0x8366a39cc670b4001a1121b8f6a443a643e40951","txHash":"0x9edd2a717a9e4704baa7957fa6f08a21e3eb90775c34d15612917587e42a8c36"}	[{"salt": "1321", "amount0": "655880", "amount1": "0", "ordinal": 0, "tickLower": -884400, "tickUpper": 884400, "liquidityDelta": "0"}]
{"poolManager":"0x8366a39cc670b4001a1121b8f6a443a643e40951","txHash":"0x11e1b6ee0c8aed71ca71a1dac84e5abb80138f8053069bed5cc8ea5af3b7c9c4"}	[{"salt": "1321", "amount0": "0", "amount1": "0", "ordinal": 0, "tickLower": -884400, "tickUpper": 884400, "liquidityDelta": "-1844211591141600"}]
{"poolManager":"0x8366a39cc670b4001a1121b8f6a443a643e40951","txHash":"0xe86ff83480cb3b8b1d6208f5268bd8a60fdf1e1817c0d3dca5816a8add410620"}	[{"salt": "1324", "amount0": "0", "amount1": "0", "ordinal": 0, "tickLower": 138600, "tickUpper": 151800, "liquidityDelta": "-70064392008112089437"}]
{"poolManager":"0x8366a39cc670b4001a1121b8f6a443a643e40951","txHash":"0x6882b1986fd8501c229c361b59db162e31c350a31ae4624f9d1bee1525698d0a"}	[{"salt": "1319", "amount0": "2029161730489562", "amount1": "0", "ordinal": 0, "tickLower": -884400, "tickUpper": 884400, "liquidityDelta": "0"}]
{"poolManager":"0x8366a39cc670b4001a1121b8f6a443a643e40951","txHash":"0x5d9d5d371e21615bf7a893272e5b7fb2b2f8013bda7f5b1e87d213ba6227f83c"}	[{"salt": "1325", "amount0": "17316245", "amount1": "30884029262810571184807", "ordinal": 0, "tickLower": 348600, "tickUpper": 361200, "liquidityDelta": "0"}]
{"poolManager":"0x8366a39cc670b4001a1121b8f6a443a643e40951","txHash":"0xd9ecb07bf360c213dad125f5d3293cba8319b8631a2bd1aa0f820bfd2653cbb1"}	[{"salt": "1323", "amount0": "11544163", "amount1": "20589352841873713863817", "ordinal": 0, "tickLower": 348600, "tickUpper": 361200, "liquidityDelta": "0"}]
{"poolManager":"0x8366a39cc670b4001a1121b8f6a443a643e40951","txHash":"0x97d8f7f28be876a5455cf567efc3ee773d7b7a5ac8735caea7a69d459a7279be"}	[{"salt": "1227", "amount0": "0", "amount1": "0", "ordinal": 0, "tickLower": 116000, "tickUpper": 130000, "liquidityDelta": "-1713850666560917523397"}]
{"poolManager":"0x8366a39cc670b4001a1121b8f6a443a643e40951","txHash":"0x1042ecc1e89f44a2b4bb7af4452d5e444fc94896339ce4c506eba859ff6d2400"}	[{"salt": "1036", "amount0": "0", "amount1": "610552026564591754", "ordinal": 0, "tickLower": -887200, "tickUpper": 68800, "liquidityDelta": "0"}]
{"poolManager":"0x8366a39cc670b4001a1121b8f6a443a643e40951","txHash":"0x4ae3bd215ee60a8200a260de27790613b445e19ffc53add87e5aa08c65233370"}	[{"salt": "40", "amount0": "34294", "amount1": "60091717872825", "ordinal": 0, "tickLower": 184200, "tickUpper": 212400, "liquidityDelta": "-5072977456249"}]
{"poolManager":"0x8366a39cc670b4001a1121b8f6a443a643e40951","txHash":"0xf3045cf9fcbf1531951c6793672cd1aa2f1481cb56909c07b3471d846a5bf0bb"}	[{"salt": "123", "amount0": "1846418661430171", "amount1": "316334", "ordinal": 0, "tickLower": -246400, "tickUpper": -207200, "liquidityDelta": "-12509994463671"}]
{"poolManager":"0x8366a39cc670b4001a1121b8f6a443a643e40951","txHash":"0x9ba8da4971a1a3a58faf070629dce5fce95cc06771c27651b72a6e39f28e0cad"}	[{"salt": "1210", "amount0": "186430217090411", "amount1": "0", "ordinal": 0, "tickLower": -886000, "tickUpper": 886000, "liquidityDelta": "-97533212788618126621"}]
{"poolManager":"0x8366a39cc670b4001a1121b8f6a443a643e40951","txHash":"0x781e890d860ec46ea5cc1ad421fa684279dae5596238c75b89e9b4c5b22af2a7"}	[{"salt": "1159", "amount0": "4576503374999999", "amount1": "22432081996730050344594", "ordinal": 0, "tickLower": -882000, "tickUpper": 882000, "liquidityDelta": "0"}]
{"poolManager":"0x8366a39cc670b4001a1121b8f6a443a643e40951","txHash":"0xfdbd2725c26a62f848eabd40f4a1524691b3830f282e5f16c56b8f128cfa5268"}	[{"salt": "1034", "amount0": "5021625591138531", "amount1": "10634772342", "ordinal": 0, "tickLower": -880000, "tickUpper": 880000, "liquidityDelta": "0"}]
{"poolManager":"0x8366a39cc670b4001a1121b8f6a443a643e40951","txHash":"0x10692c84af0bda5549cafd0c966664abca99042908f3ff4057c27fc83677eae5"}	[{"salt": "1025", "amount0": "577196793927428", "amount1": "0", "ordinal": 0, "tickLower": -882000, "tickUpper": 882000, "liquidityDelta": "0"}]
{"poolManager":"0x8366a39cc670b4001a1121b8f6a443a643e40951","txHash":"0xc2dbfeec2a3eb4549f831e884c186a5e3fa15bda413c759d2bdb36bec40de713"}	[{"salt": "872", "amount0": "14991202383350", "amount1": "27025", "ordinal": 0, "tickLower": -203190, "tickUpper": -200310, "liquidityDelta": "0"}]
{"poolManager":"0x8366a39cc670b4001a1121b8f6a443a643e40951","txHash":"0x6b6c3363a5336fb7689bfe6b09e94b629712a128742490e57df5e5af97494558"}	[{"salt": "981", "amount0": "5647976586169", "amount1": "10171", "ordinal": 0, "tickLower": -203720, "tickUpper": -199830, "liquidityDelta": "0"}]
{"poolManager":"0x8366a39cc670b4001a1121b8f6a443a643e40951","txHash":"0x3ec87290826d0c82011db62aaa3ca47e669610bf2c382e5b70c71e97bc464004"}	[{"salt": "985", "amount0": "9035355949673", "amount1": "16244", "ordinal": 0, "tickLower": -203290, "tickUpper": -200150, "liquidityDelta": "0"}]
{"poolManager":"0x8366a39cc670b4001a1121b8f6a443a643e40951","txHash":"0xf005074861f0417c7cae51d8a537009ed335bc95a4ed8db8452c1dab522f98ff"}	[{"salt": "1257", "amount0": "22700495132", "amount1": "77", "ordinal": 0, "tickLower": -203250, "tickUpper": -200050, "liquidityDelta": "-7646611153821"}]
{"poolManager":"0x8366a39cc670b4001a1121b8f6a443a643e40951","txHash":"0xd16cf0a8b5fb38c286fcfbf098486b3a20c968c4a79d49bbdffa39b91192489b"}	[{"salt": "1258", "amount0": "1568399846", "amount1": "42", "ordinal": 0, "tickLower": -203260, "tickUpper": -200060, "liquidityDelta": "-10973720641910"}]
{"poolManager":"0x8366a39cc670b4001a1121b8f6a443a643e40951","txHash":"0x0d3d03d07c84fba2bbed0b5ee459319ca84357023cd22ed4c6bf3594ee643a09"}	[{"salt": "1036", "amount0": "2238154234169", "amount1": "1618464078391134633", "ordinal": 0, "tickLower": -887200, "tickUpper": 68800, "liquidityDelta": "0"}]
{"poolManager":"0x8366a39cc670b4001a1121b8f6a443a643e40951","txHash":"0xabe46566ba7118a765aaa6df9b34b6005a1b934018db04673976cb11ea3fc239"}	[{"salt": "1036", "amount0": "0", "amount1": "0", "ordinal": 0, "tickLower": -887200, "tickUpper": 68800, "liquidityDelta": "0"}]
{"poolManager":"0x8366a39cc670b4001a1121b8f6a443a643e40951","txHash":"0xa8703f27b341ebcfdb67ab552d45742d56fc25f433906adc5607a291cb9fa646"}	[{"salt": "1036", "amount0": "0", "amount1": "1018704533575834477", "ordinal": 0, "tickLower": -887200, "tickUpper": 68800, "liquidityDelta": "0"}]
{"poolManager":"0x8366a39cc670b4001a1121b8f6a443a643e40951","txHash":"0xe7b1d72fa30b50f05b570ab57639410e26e3a37d6f60ad57d29245b4e232ef8e"}	[{"salt": "1036", "amount0": "0", "amount1": "0", "ordinal": 0, "tickLower": -887200, "tickUpper": 68800, "liquidityDelta": "0"}]
{"poolManager":"0x8366a39cc670b4001a1121b8f6a443a643e40951","txHash":"0x52e22633c94c732222fe37e2e6168ad49c23026a865f7946485f6d709101c92d"}	[{"salt": "1036", "amount0": "0", "amount1": "1080739141150186585", "ordinal": 0, "tickLower": -887200, "tickUpper": 68800, "liquidityDelta": "0"}]
{"poolManager":"0x8366a39cc670b4001a1121b8f6a443a643e40951","txHash":"0x6da065061129dd5ed9082a20af191f9073f65520703376348d54950136dedc01"}	[{"salt": "1036", "amount0": "0", "amount1": "0", "ordinal": 0, "tickLower": -887200, "tickUpper": 68800, "liquidityDelta": "0"}]
{"poolManager":"0x8366a39cc670b4001a1121b8f6a443a643e40951","txHash":"0x0264b0fa6fbaff66a6727e02a3579a72dc3a512ef27a8ceb67d7650500400f48"}	[{"salt": "1036", "amount0": "0", "amount1": "663738200908265020", "ordinal": 0, "tickLower": -887200, "tickUpper": 68800, "liquidityDelta": "0"}]
{"poolManager":"0x8366a39cc670b4001a1121b8f6a443a643e40951","txHash":"0xe442ff02385112eed8906b81ceddc8901d15cf409975f7a9bf240b5494767fc0"}	[{"salt": "1036", "amount0": "0", "amount1": "0", "ordinal": 0, "tickLower": -887200, "tickUpper": 68800, "liquidityDelta": "0"}]
{"poolManager":"0x8366a39cc670b4001a1121b8f6a443a643e40951","txHash":"0xbf0d17f536b85797e531c16538b08d1791fb62950e1e2320a672edb9a2f5b32c"}	[{"salt": "1027", "amount0": "7139615020539", "amount1": "13399", "ordinal": 0, "tickLower": -202200, "tickUpper": -201000, "liquidityDelta": "0"}]
{"poolManager":"0x8366a39cc670b4001a1121b8f6a443a643e40951","txHash":"0xdda33c472a5e4f8146401df9950f853cd76e6edf6f49b642602389c357d3ef5f"}	[{"salt": "1036", "amount0": "0", "amount1": "15516392552602899", "ordinal": 0, "tickLower": -887200, "tickUpper": 68800, "liquidityDelta": "0"}, {"salt": "1036", "amount0": "0", "amount1": "0", "ordinal": 1, "tickLower": -887200, "tickUpper": 68800, "liquidityDelta": "0"}]
{"poolManager":"0x8366a39cc670b4001a1121b8f6a443a643e40951","txHash":"0xe6f8be9afc23dd9318727f81ecda95af4942881ac048ba92825d678b4c8361c9"}	[{"salt": "1005", "amount0": "0", "amount1": "0", "ordinal": 0, "tickLower": 0, "tickUpper": 46000, "liquidityDelta": "124012235936136389"}]
{"poolManager":"0x8366a39cc670b4001a1121b8f6a443a643e40951","txHash":"0x762063f546bcfc19c54d7fbf9fc0951b60385b9c93930037b8cc22bfd30dd737"}	[{"salt": "1229", "amount0": "0", "amount1": "22522133315821610835862057", "ordinal": 0, "tickLower": -880000, "tickUpper": 880000, "liquidityDelta": "-2430730439287719427929"}]
{"poolManager":"0x8366a39cc670b4001a1121b8f6a443a643e40951","txHash":"0xa3cd82d4c8fa4d68db96ea232f4fdf040c2970fe1061515ae42d184ea027fc0d"}	[{"salt": "371", "amount0": "880334703026263", "amount1": "1575053", "ordinal": 0, "tickLower": -203260, "tickUpper": -200600, "liquidityDelta": "0"}]
{"poolManager":"0x8366a39cc670b4001a1121b8f6a443a643e40951","txHash":"0x2543a5adb42fc4b64e7fc2cb188bf96834c763cceb25784a438c6f13f5572049"}	[{"salt": "1246", "amount0": "681664112910977", "amount1": "321838136059817565283", "ordinal": 0, "tickLower": 121000, "tickUpper": 125000, "liquidityDelta": "-77397354871670150790"}]
{"poolManager":"0x8366a39cc670b4001a1121b8f6a443a643e40951","txHash":"0xd7a6eb7bcef2d1b3d375247a477e634ac0a0af6c528a3e2c16ad3b44c34a4eb4"}	[{"salt": "1036", "amount0": "252034406553064", "amount1": "457357239652366499", "ordinal": 0, "tickLower": -887200, "tickUpper": 68800, "liquidityDelta": "0"}]
{"poolManager":"0x8366a39cc670b4001a1121b8f6a443a643e40951","txHash":"0x24ce883d337a963ae1e69622f24cb9b2a147566d6fcad228f279a84552a5eb9a"}	[{"salt": "1036", "amount0": "0", "amount1": "0", "ordinal": 0, "tickLower": -887200, "tickUpper": 68800, "liquidityDelta": "0"}]
{"poolManager":"0x8366a39cc670b4001a1121b8f6a443a643e40951","txHash":"0x265734fdf741a34966b042676d1036fcd169f9131d986361162097a8cd422c2c"}	[{"salt": "1036", "amount0": "0", "amount1": "0", "ordinal": 0, "tickLower": -887200, "tickUpper": 68800, "liquidityDelta": "0"}]
{"poolManager":"0x8366a39cc670b4001a1121b8f6a443a643e40951","txHash":"0xa87913be21424df632d00381c0c1f5e5115491630137a3331bdc88a190d499e0"}	[{"salt": "358", "amount0": "86450857263610", "amount1": "156323", "ordinal": 0, "tickLower": -203190, "tickUpper": -200310, "liquidityDelta": "0"}]
{"poolManager":"0x8366a39cc670b4001a1121b8f6a443a643e40951","txHash":"0xa029e7e3f3c80c70b850cdc2ca8b2fe1fa6010f42764f9818881548e02bd8806"}	[{"salt": "358", "amount0": "0", "amount1": "0", "ordinal": 0, "tickLower": -203190, "tickUpper": -200310, "liquidityDelta": "26082664358021"}]
{"poolManager":"0x8366a39cc670b4001a1121b8f6a443a643e40951","txHash":"0x499bd3ff5c48b41df8072e71525b01d413a6cb92fb7add0d02a6a8312f3b2c15"}	[{"salt": "1159", "amount0": "8909999999999999", "amount1": "53180397153645245100478", "ordinal": 0, "tickLower": -882000, "tickUpper": 882000, "liquidityDelta": "0"}]
{"poolManager":"0x8366a39cc670b4001a1121b8f6a443a643e40951","txHash":"0xfd2bcf88bfdafdb2994525f9647bc81cbe778f042d5d0e08c54d8770db62e92b"}	[{"salt": "359", "amount0": "48134308900493", "amount1": "2978815294134", "ordinal": 0, "tickLower": 10000, "tickUpper": 16000, "liquidityDelta": "0"}]
{"poolManager":"0x8366a39cc670b4001a1121b8f6a443a643e40951","txHash":"0xef158d102e361a4d9eb7a093ffe9b90d229b676f4f45a5c1db7568b958b4ae3e"}	[{"salt": "359", "amount0": "0", "amount1": "0", "ordinal": 0, "tickLower": 10000, "tickUpper": 16000, "liquidityDelta": "9737644775556038"}]
{"poolManager":"0x8366a39cc670b4001a1121b8f6a443a643e40951","txHash":"0x352676e2ad67d1b47775dbf1227be1afbfce4b627c30cd6e8e425993a8c2fb9a"}	[{"salt": "873", "amount0": "1806305567221242", "amount1": "1209270566649691040046", "ordinal": 0, "tickLower": -883200, "tickUpper": 883200, "liquidityDelta": "0"}]
{"poolManager":"0x8366a39cc670b4001a1121b8f6a443a643e40951","txHash":"0x8bf236154d62305c6c80d4e4c50fabd004c08ee04617f8f9d7b1c6149c204e6b"}	[{"salt": "873", "amount0": "0", "amount1": "0", "ordinal": 0, "tickLower": -883200, "tickUpper": 883200, "liquidityDelta": "0"}]
{"poolManager":"0x8366a39cc670b4001a1121b8f6a443a643e40951","txHash":"0x6cb89dae57f80bb2fe6c5a6ad2004854768d4c4597be3898bfbb78f5e1dc74d0"}	[{"salt": "1036", "amount0": "0", "amount1": "9739328064127036", "ordinal": 0, "tickLower": -887200, "tickUpper": 68800, "liquidityDelta": "0"}, {"salt": "1036", "amount0": "0", "amount1": "0", "ordinal": 1, "tickLower": -887200, "tickUpper": 68800, "liquidityDelta": "0"}]
{"poolManager":"0x8366a39cc670b4001a1121b8f6a443a643e40951","txHash":"0xa52c190c357419dec303203fac25f8639b06bc4523b138ee9b67965e169cb89a"}	[{"salt": "532", "amount0": "2662775656369580", "amount1": "4885933", "ordinal": 0, "tickLower": -202544, "tickUpper": -201040, "liquidityDelta": "-298262734033509"}]
{"poolManager":"0x8366a39cc670b4001a1121b8f6a443a643e40951","txHash":"0x5259d0daf79a60fc53f605449cb2501b16f16863d2eb29a945a693764eb8645f"}	[{"salt": "1272", "amount0": "4974869", "amount1": "42724539883707498217747", "ordinal": 0, "tickLower": 350000, "tickUpper": 363000, "liquidityDelta": "-83253512129133986"}]
{"poolManager":"0x8366a39cc670b4001a1121b8f6a443a643e40951","txHash":"0xd8bc5c100ee463a99bdbef23975f390e44a911f831e6a38089249c1450391a67"}	[{"salt": "1068", "amount0": "12807823", "amount1": "19861028228860983873148", "ordinal": 0, "tickLower": 349200, "tickUpper": 360600, "liquidityDelta": "-87994250622258317"}]
{"poolManager":"0x8366a39cc670b4001a1121b8f6a443a643e40951","txHash":"0x26a7222f27a0828adf474cec13a71de441b97f664f28581a51016c8fe05c625c"}	[{"salt": "1278", "amount0": "0", "amount1": "0", "ordinal": 0, "tickLower": 349800, "tickUpper": 361800, "liquidityDelta": "-43220907242375809"}]
{"poolManager":"0x8366a39cc670b4001a1121b8f6a443a643e40951","txHash":"0x85a63fa7613b9dd0597e8c9e5584ae074534afe2fe69c854e22819f37e4f7198"}	[{"salt": "1279", "amount0": "0", "amount1": "276390", "ordinal": 0, "tickLower": -332000, "tickUpper": -320000, "liquidityDelta": "-1315148482985262"}]
{"poolManager":"0x8366a39cc670b4001a1121b8f6a443a643e40951","txHash":"0x23208e8c60f4d3c99ef25973b03b7bbf68b696d3e9cce982146a9851b9098186"}	[{"salt": "1057", "amount0": "1409991208248", "amount1": "2510", "ordinal": 0, "tickLower": -204190, "tickUpper": -199120, "liquidityDelta": "0"}]
{"poolManager":"0x8366a39cc670b4001a1121b8f6a443a643e40951","txHash":"0x1d657ce43edb1c22e1d9d5625cb172917369d0f746618aec1ca77ede84a159be"}	[{"salt": "1059", "amount0": "2131568468342", "amount1": "3797", "ordinal": 0, "tickLower": -203240, "tickUpper": -200010, "liquidityDelta": "0"}]
{"poolManager":"0x8366a39cc670b4001a1121b8f6a443a643e40951","txHash":"0x2651b01085028d18d35a2b6fd9a16f128d2dba8df6dbdeeddceea610d5a02e3c"}	[{"salt": "1060", "amount0": "2135461115706", "amount1": "3803", "ordinal": 0, "tickLower": -203240, "tickUpper": -200010, "liquidityDelta": "0"}]
{"poolManager":"0x8366a39cc670b4001a1121b8f6a443a643e40951","txHash":"0x80eab2fca1eba7eeb2f2c5240095d875511ae2f03f3397a65e8c91522f7432cd"}	[{"salt": "1061", "amount0": "2135456305926", "amount1": "3804", "ordinal": 0, "tickLower": -203240, "tickUpper": -200020, "liquidityDelta": "0"}]
{"poolManager":"0x8366a39cc670b4001a1121b8f6a443a643e40951","txHash":"0xeea2936741dc084c7dd995332a46eec992dd05188da3148288266f40972d0c2d"}	[{"salt": "1062", "amount0": "2145552848160", "amount1": "3819", "ordinal": 0, "tickLower": -203240, "tickUpper": -200020, "liquidityDelta": "0"}]
{"poolManager":"0x8366a39cc670b4001a1121b8f6a443a643e40951","txHash":"0x59d3fb201f9ea712d42fb051e04834015a8741061e7af277ef9c16b93cdba0ab"}	[{"salt": "1063", "amount0": "2143946997949", "amount1": "3824", "ordinal": 0, "tickLower": -203240, "tickUpper": -200020, "liquidityDelta": "0"}]
{"poolManager":"0x8366a39cc670b4001a1121b8f6a443a643e40951","txHash":"0xc2cc46927a6d2a26c52f8333a8a386dde87fd1996b8ea87d72deb5c4c435228b"}	[{"salt": "1062", "amount0": "0", "amount1": "5", "ordinal": 0, "tickLower": -203240, "tickUpper": -200020, "liquidityDelta": "0"}]
{"poolManager":"0x8366a39cc670b4001a1121b8f6a443a643e40951","txHash":"0xfd3a9db9807d14ca3e40d01d2a18dc7795ec3d133b5c962e09c3a46d29e4ae7e"}	[{"salt": "1064", "amount0": "2143536345613", "amount1": "3823", "ordinal": 0, "tickLower": -203240, "tickUpper": -200020, "liquidityDelta": "0"}]
{"poolManager":"0x8366a39cc670b4001a1121b8f6a443a643e40951","txHash":"0xd67dc94281759533160c4a4f3fdff9b02807b15bf6db1fc88aeefe5d3f475dbd"}	[{"salt": "1065", "amount0": "2140719198296", "amount1": "3818", "ordinal": 0, "tickLower": -203240, "tickUpper": -200020, "liquidityDelta": "0"}]
{"poolManager":"0x8366a39cc670b4001a1121b8f6a443a643e40951","txHash":"0xc831a4da64bb4f0f58fbfa931b0f166cceb9c7264927efb18826a870fdfa017e"}	[{"salt": "1066", "amount0": "2137405066467", "amount1": "3811", "ordinal": 0, "tickLower": -203240, "tickUpper": -200020, "liquidityDelta": "0"}]
{"poolManager":"0x8366a39cc670b4001a1121b8f6a443a643e40951","txHash":"0x39d89f50e2b50c7481c81be1daf22b55a647a985fa093726138805575c27d89c"}	[{"salt": "1067", "amount0": "2143359919736", "amount1": "3824", "ordinal": 0, "tickLower": -203240, "tickUpper": -200020, "liquidityDelta": "0"}]
{"poolManager":"0x8366a39cc670b4001a1121b8f6a443a643e40951","txHash":"0xda5459e0a1a8fa6f7b308aeac9d42bf6d48fad991109259b8efc8e7506dd164b"}	[{"salt": "1209", "amount0": "21246169956786310", "amount1": "53330828677527941834319", "ordinal": 0, "tickLower": -884000, "tickUpper": 884000, "liquidityDelta": "0"}]
{"poolManager":"0x8366a39cc670b4001a1121b8f6a443a643e40951","txHash":"0xafb01cf69138e1e7c2b5c2ed3396633e354380164da7550228b9df26013df6e8"}	[{"salt": "775", "amount0": "11216282696483538", "amount1": "27443247654168947268943", "ordinal": 0, "tickLower": -884000, "tickUpper": 884000, "liquidityDelta": "0"}]
{"poolManager":"0x8366a39cc670b4001a1121b8f6a443a643e40951","txHash":"0x1c8c20edffcc5a00b7c732f5cb7b2fa70f9f10247e8f3bada13958a0c339d5c1"}	[{"salt": "640", "amount0": "27601400", "amount1": "50700053691052500648", "ordinal": 0, "tickLower": 278520, "tickUpper": 283860, "liquidityDelta": "0"}]
{"poolManager":"0x8366a39cc670b4001a1121b8f6a443a643e40951","txHash":"0xc8d24c26cf6e6c2285b6c74dd032881f8232c239597bc7f313ee4466b164b7d3"}	[{"salt": "1310", "amount0": "194721040757620", "amount1": "344797", "ordinal": 0, "tickLower": -201540, "tickUpper": -201480, "liquidityDelta": "-1404057895232398"}]
{"poolManager":"0x8366a39cc670b4001a1121b8f6a443a643e40951","txHash":"0xbef1bfc28811cbca3b4d618d30a8a45a023b9730d4726e291da17a7061154a1b"}	[{"salt": "1328", "amount0": "0", "amount1": "0", "ordinal": 0, "tickLower": 350000, "tickUpper": 362600, "liquidityDelta": "-127830167007368194"}]
{"poolManager":"0x8366a39cc670b4001a1121b8f6a443a643e40951","txHash":"0xf10dd8fb5ae2d660cbfce2b1fd3b72fc87719bf59482ba46b4c8a850b9f2fbc4"}	[{"salt": "1326", "amount0": "4016354", "amount1": "4350509466782948783647", "ordinal": 0, "tickLower": -886200, "tickUpper": 886200, "liquidityDelta": "0"}]
{"poolManager":"0x8366a39cc670b4001a1121b8f6a443a643e40951","txHash":"0x76da2c38e949fae818fa3723155d9007fbca11ce00ee98b25317af0a29897426"}	[{"salt": "1319", "amount0": "36298035801182016", "amount1": "35387122526648761834882", "ordinal": 0, "tickLower": -884400, "tickUpper": 884400, "liquidityDelta": "0"}]
{"poolManager":"0x8366a39cc670b4001a1121b8f6a443a643e40951","txHash":"0x23a17905864851df6694647a957292f48ec6ac10b089e43bbf021795426b4001"}	[{"salt": "1319", "amount0": "0", "amount1": "0", "ordinal": 0, "tickLower": -884400, "tickUpper": 884400, "liquidityDelta": "-54329234145450840700"}]
{"poolManager":"0x8366a39cc670b4001a1121b8f6a443a643e40951","txHash":"0x6f4f2c9749060499a292ea862110407eea58e89e82435f677aa15b8218fb0fee"}	[{"salt": "1333", "amount0": "0", "amount1": "0", "ordinal": 0, "tickLower": -884800, "tickUpper": 884800, "liquidityDelta": "22330790008118557505"}]
{"poolManager":"0x8366a39cc670b4001a1121b8f6a443a643e40951","txHash":"0x52d721a47647f6a45625757aff16ec9cdae67f955131e1b1c328f176e0f5f629"}	[{"salt": "1326", "amount0": "1208387", "amount1": "1469841921900112757802", "ordinal": 0, "tickLower": -886200, "tickUpper": 886200, "liquidityDelta": "0"}]
{"poolManager":"0x8366a39cc670b4001a1121b8f6a443a643e40951","txHash":"0xb4cf29c8b95280f710b46be926a4aaeece3de11ee712a9ef30888d9a00065769"}	[{"salt": "1333", "amount0": "1120741131822464", "amount1": "0", "ordinal": 0, "tickLower": -884800, "tickUpper": 884800, "liquidityDelta": "0"}]
{"poolManager":"0x8366a39cc670b4001a1121b8f6a443a643e40951","txHash":"0x6c267c9225da07588b03323310b7acc30df74a23dc2e717cd498694ac0128a02"}	[{"salt": "1327", "amount0": "7147628", "amount1": "7998656239081533135070", "ordinal": 0, "tickLower": 340200, "tickUpper": 357000, "liquidityDelta": "0"}]
{"poolManager":"0x8366a39cc670b4001a1121b8f6a443a643e40951","txHash":"0x86bf6b92d799dd3e9ea19d683139b94583816e48a0e69ed5b48b96a57503d9f3"}	[{"salt": "1335", "amount0": "0", "amount1": "0", "ordinal": 0, "tickLower": 140000, "tickUpper": 151200, "liquidityDelta": "-8678456094326701960"}]
{"poolManager":"0x8366a39cc670b4001a1121b8f6a443a643e40951","txHash":"0xf70f0704b4d4e0ec68af849b895feb31c92568938f10214c0dd0507227ab222c"}	[{"salt": "1323", "amount0": "21532264", "amount1": "27178020983701636684405", "ordinal": 0, "tickLower": 348600, "tickUpper": 361200, "liquidityDelta": "0"}]
{"poolManager":"0x8366a39cc670b4001a1121b8f6a443a643e40951","txHash":"0x734a85e10ddc936457bf1812153ddbe4b57bbfb1d527bb7a0d93e2a4f20cb335"}	[{"salt": "1325", "amount0": "32298396", "amount1": "40767031475552455540196", "ordinal": 0, "tickLower": 348600, "tickUpper": 361200, "liquidityDelta": "0"}]
{"poolManager":"0x8366a39cc670b4001a1121b8f6a443a643e40951","txHash":"0x1fc93d7a9879f0d29c8ae401f1dba2a45c240ce3301275a2b14d869de8601d64"}	[{"salt": "1332", "amount0": "20501583", "amount1": "29214809607703122038521", "ordinal": 0, "tickLower": 348600, "tickUpper": 362600, "liquidityDelta": "0"}]
{"poolManager":"0x8366a39cc670b4001a1121b8f6a443a643e40951","txHash":"0x116694c7f25fde388e41d6e72df420b2536a12046777d9efeeb8fff275ccca66"}	[{"salt": "640", "amount0": "3190719", "amount1": "4367514435417036672", "ordinal": 0, "tickLower": 278520, "tickUpper": 283860, "liquidityDelta": "0"}]
{"poolManager":"0x8366a39cc670b4001a1121b8f6a443a643e40951","txHash":"0x96c2e4367e6b9cd9186cc563e1fce96572001490389403a25cd19a0e29983a09"}	[{"salt": "1049", "amount0": "45021187", "amount1": "138879301628608171147501", "ordinal": 0, "tickLower": 353000, "tickUpper": 364000, "liquidityDelta": "0"}]
{"poolManager":"0x8366a39cc670b4001a1121b8f6a443a643e40951","txHash":"0x16d48382a792eeda841e9d49a179e41ea9c05e27199f337d54a6e52f01bd55a6"}	[{"salt": "1247", "amount0": "4516226047623996", "amount1": "487242", "ordinal": 0, "tickLower": -242400, "tickUpper": -200400, "liquidityDelta": "74761083211378"}]
{"poolManager":"0x8366a39cc670b4001a1121b8f6a443a643e40951","txHash":"0x9f099eb0aec12cfd3a9130ff963e050ed1d436c632c8c4cefae8c2f3529eaa08"}	[{"salt": "1216", "amount0": "700006282835951345330", "amount1": "4795999", "ordinal": 0, "tickLower": -336160, "tickUpper": -325600, "liquidityDelta": "-21479548321264519"}]
{"poolManager":"0x8366a39cc670b4001a1121b8f6a443a643e40951","txHash":"0x26d92f131f4ca18e6749257324c5b05cd448a7273b60892f4d92658440baa1b6"}	[{"salt": "1323", "amount0": "3021795", "amount1": "11428794118925556566180", "ordinal": 0, "tickLower": 348600, "tickUpper": 361200, "liquidityDelta": "-79376805799712735"}]
{"poolManager":"0x8366a39cc670b4001a1121b8f6a443a643e40951","txHash":"0xaad4c25a422c785585f08a116d9a0cc3e73286de9104cf0d1a4cc7e62e3d84ca"}	[{"salt": "1320", "amount0": "1366630", "amount1": "1682432049601459418258", "ordinal": 0, "tickLower": -886200, "tickUpper": 886200, "liquidityDelta": "-175176303562324"}]
{"poolManager":"0x8366a39cc670b4001a1121b8f6a443a643e40951","txHash":"0x46f8febd1664772d163d3512ba12840784cb27f1e949dafca27db9c8a5df58dd"}	[{"salt": "640", "amount0": "688822", "amount1": "583974853885828960", "ordinal": 0, "tickLower": 278520, "tickUpper": 283860, "liquidityDelta": "0"}]
{"poolManager":"0x8366a39cc670b4001a1121b8f6a443a643e40951","txHash":"0xbd076b77c640a5d038823762a32debfb709f70c18a75d0415a86d3d5797800b8"}	[{"salt": "1334", "amount0": "0", "amount1": "0", "ordinal": 0, "tickLower": -884400, "tickUpper": 884400, "liquidityDelta": "-1134800936408422553"}]
{"poolManager":"0x8366a39cc670b4001a1121b8f6a443a643e40951","txHash":"0x92f5a8ff39f95fdee8889096cfac621f85fee342fd26eef034a36672f19ec20b"}	[{"salt": "1333", "amount0": "0", "amount1": "1021565310649116824077", "ordinal": 0, "tickLower": -884800, "tickUpper": 884800, "liquidityDelta": "0"}]
{"poolManager":"0x8366a39cc670b4001a1121b8f6a443a643e40951","txHash":"0x55db20ad3559000815940168802cb7a7f16f2ea39234a8327de50f5fff346189"}	[{"salt": "1089", "amount0": "469269850564670", "amount1": "0", "ordinal": 0, "tickLower": -880000, "tickUpper": 880000, "liquidityDelta": "-1022006665913"}]
{"poolManager":"0x8366a39cc670b4001a1121b8f6a443a643e40951","txHash":"0xc822894185b41d809e5abfef0b61ee5cd1ec578dd61366447670dd22400a1578"}	[{"salt": "1034", "amount0": "0", "amount1": "0", "ordinal": 0, "tickLower": -880000, "tickUpper": 880000, "liquidityDelta": "-961779204058"}]
{"poolManager":"0x8366a39cc670b4001a1121b8f6a443a643e40951","txHash":"0x440b8dc9861cd361f771b48d93402869272c82c79496182bc0e20c1094b524e2"}	[{"salt": "1025", "amount0": "0", "amount1": "0", "ordinal": 0, "tickLower": -882000, "tickUpper": 882000, "liquidityDelta": "-449250482024"}]
{"poolManager":"0x8366a39cc670b4001a1121b8f6a443a643e40951","txHash":"0xba1807c765bdfd5269d46a131673bde63105812a10f62d2a7e9f62350f476d85"}	[{"salt": "1326", "amount0": "647606", "amount1": "991815510713788779277", "ordinal": 0, "tickLower": -886200, "tickUpper": 886200, "liquidityDelta": "0"}]
{"poolManager":"0x8366a39cc670b4001a1121b8f6a443a643e40951","txHash":"0x7cd9e68dc3acf9bd93f95f70dfd5fb29eec03986af9b373037e1a9b9dc6e0c28"}	[{"salt": "1332", "amount0": "19344831", "amount1": "34616815681761638971198", "ordinal": 0, "tickLower": 348600, "tickUpper": 362600, "liquidityDelta": "0"}]
{"poolManager":"0x8366a39cc670b4001a1121b8f6a443a643e40951","txHash":"0x6fdc1883ee65dbde3958d45b2c296c3d02780531c864548418c71bb994925a7c"}	[{"salt": "1166", "amount0": "0", "amount1": "0", "ordinal": 0, "tickLower": -884000, "tickUpper": 884000, "liquidityDelta": "-276997979305699927"}]
{"poolManager":"0x8366a39cc670b4001a1121b8f6a443a643e40951","txHash":"0x4784f3f186b170623bbca722e925d5b90d1826305f007dac884066865abb2b3b"}	[{"salt": "1164", "amount0": "0", "amount1": "0", "ordinal": 0, "tickLower": -884000, "tickUpper": 884000, "liquidityDelta": "-269783401808740505"}]
{"poolManager":"0x8366a39cc670b4001a1121b8f6a443a643e40951","txHash":"0x14c6bbba3af7be7b746e968d6490cc8be1f5c819f70a8039a3258ed950e3ce2a"}	[{"salt": "1281", "amount0": "4273221", "amount1": "35540666001353135278416", "ordinal": 0, "tickLower": 364000, "tickUpper": 374400, "liquidityDelta": "0"}]
{"poolManager":"0x8366a39cc670b4001a1121b8f6a443a643e40951","txHash":"0xe331a91991903bc287d8a01fdd26c6a9e9be1a257971fe41b7a787528e984edb"}	[{"salt": "1281", "amount0": "0", "amount1": "0", "ordinal": 0, "tickLower": 364000, "tickUpper": 374400, "liquidityDelta": "1496883965888634"}]
{"poolManager":"0x8366a39cc670b4001a1121b8f6a443a643e40951","txHash":"0x5ba75d5cab786f6e0702c18e2464d778279fcb36e4dd4a6ca37764194bf5a773"}	[{"salt": "1326", "amount0": "155812", "amount1": "183220177873584809940", "ordinal": 0, "tickLower": -886200, "tickUpper": 886200, "liquidityDelta": "0"}]
{"poolManager":"0x8366a39cc670b4001a1121b8f6a443a643e40951","txHash":"0x9d66e93d915e249e6b4637cad8eb40c1561bd822db52bba1704b79b09b6a2bec"}	[{"salt": "1281", "amount0": "0", "amount1": "20487256081086906744243", "ordinal": 0, "tickLower": 364000, "tickUpper": 374400, "liquidityDelta": "53732187498922765"}]
{"poolManager":"0x8366a39cc670b4001a1121b8f6a443a643e40951","txHash":"0xd3c2cfb5752411d258c53906b646aab5851e3452a6fc3e40b756a2d6eb21c204"}	[{"salt": "989", "amount0": "899054999999", "amount1": "0", "ordinal": 0, "tickLower": -201960, "tickUpper": -201330, "liquidityDelta": "-758821850609"}]
{"poolManager":"0x8366a39cc670b4001a1121b8f6a443a643e40951","txHash":"0x588a2d2734c9f0cd1d311a364faa82d73b5e9bb1fb375829ef1589b47756d3ab"}	[{"salt": "1327", "amount0": "1048898", "amount1": "1614800535915659574665", "ordinal": 0, "tickLower": 340200, "tickUpper": 357000, "liquidityDelta": "-2247490131954009"}]
{"poolManager":"0x8366a39cc670b4001a1121b8f6a443a643e40951","txHash":"0x5dec7252eceac1cb7c023a752ff0afa29414db24cc12789e16e0bc76838cf5da"}	[{"salt": "1339", "amount0": "1732280", "amount1": "2792367811016789026793", "ordinal": 0, "tickLower": 350000, "tickUpper": 359800, "liquidityDelta": "-51360619787372406"}]
{"poolManager":"0x8366a39cc670b4001a1121b8f6a443a643e40951","txHash":"0x92874b01a7220ec84d84ce38498df0b880ef107fbb906af883771ce49c1a9b4f"}	[{"salt": "1347", "amount0": "0", "amount1": "0", "ordinal": 0, "tickLower": 121000, "tickUpper": 130000, "liquidityDelta": "-162640159941165229055"}]
{"poolManager":"0x8366a39cc670b4001a1121b8f6a443a643e40951","txHash":"0xa654eb401f65514e647961a1b9105f00bcd7cfd811db620288d04a9abcf80e9e"}	[{"salt": "1326", "amount0": "0", "amount1": "0", "ordinal": 0, "tickLower": -886200, "tickUpper": 886200, "liquidityDelta": "-1635422490924810"}]
{"poolManager":"0x8366a39cc670b4001a1121b8f6a443a643e40951","txHash":"0xbe1f359fb49f07ddcadae52fd9f07994bbff630daad668260022b64dc7e2a8d5"}	[{"salt": "1333", "amount0": "0", "amount1": "0", "ordinal": 0, "tickLower": -884800, "tickUpper": 884800, "liquidityDelta": "-46947445692256026859"}]
{"poolManager":"0x8366a39cc670b4001a1121b8f6a443a643e40951","txHash":"0x4cbcf927fd14cd9fb0d83b451ff296d6f6f4db604bdf7d258a93a2d0616ac1eb"}	[{"salt": "773", "amount0": "24523853033461745", "amount1": "44309180", "ordinal": 0, "tickLower": -203840, "tickUpper": -200040, "liquidityDelta": "0"}]
{"poolManager":"0x8366a39cc670b4001a1121b8f6a443a643e40951","txHash":"0xee4d953aae0a088165e69be466c3a109445352ec544beaca3c963714b2e8f3c3"}	[{"salt": "773", "amount0": "0", "amount1": "0", "ordinal": 0, "tickLower": -203840, "tickUpper": -200040, "liquidityDelta": "-2079932163754080"}]
{"poolManager":"0x8366a39cc670b4001a1121b8f6a443a643e40951","txHash":"0x62b10158a470c15fd7d625b71f8c479c8033dfd66900ca07d2c91fa4298f986d"}	[{"salt": "1247", "amount0": "4775453459904246", "amount1": "744615", "ordinal": 0, "tickLower": -242400, "tickUpper": -200400, "liquidityDelta": "0"}]
{"poolManager":"0x8366a39cc670b4001a1121b8f6a443a643e40951","txHash":"0x219d060ff692adb586023e86afaedafa140df32d58980b80f0536ccbfd22fcba"}	[{"salt": "1247", "amount0": "0", "amount1": "0", "ordinal": 0, "tickLower": -242400, "tickUpper": -200400, "liquidityDelta": "183818119796"}]
{"poolManager":"0x8366a39cc670b4001a1121b8f6a443a643e40951","txHash":"0xfb2fdd9cc29d156b18577bdf2e3ceb836f039255c29adcaf36c6b1ca44689e68"}	[{"salt": "1322", "amount0": "4161707", "amount1": "13618297128886842024533", "ordinal": 0, "tickLower": 351000, "tickUpper": 363000, "liquidityDelta": "51205662178172387"}]
{"poolManager":"0x8366a39cc670b4001a1121b8f6a443a643e40951","txHash":"0xb51e9da7e9b7e494314cb74ad23e9e5b89142bfa712ca2def946ccbff8d67b6e"}	[{"salt": "1208", "amount0": "19147688944152085779858", "amount1": "35657883", "ordinal": 0, "tickLower": -351900, "tickUpper": -337500, "liquidityDelta": "0"}]
{"poolManager":"0x8366a39cc670b4001a1121b8f6a443a643e40951","txHash":"0x8ba5d3163d59c470c09e0f43fc44907f9b103cc9f8c0497a3c3b5b94ce802184"}	[{"salt": "1353", "amount0": "0", "amount1": "0", "ordinal": 0, "tickLower": -887200, "tickUpper": 887200, "liquidityDelta": "510856394614706"}]
{"poolManager":"0x8366a39cc670b4001a1121b8f6a443a643e40951","txHash":"0xbe06a3e437fe4d2fcb2137894924a649a9ef7ca49843fe2a2bd1c6b4cc0b3680"}	[{"salt": "1357", "amount0": "0", "amount1": "0", "ordinal": 0, "tickLower": -351000, "tickUpper": -338400, "liquidityDelta": "-47666636345671520"}]
{"poolManager":"0x8366a39cc670b4001a1121b8f6a443a643e40951","txHash":"0x8669f94a475a7420595eed8a017183a9a4336211ff4ef1e5c9328eb835a778a8"}	[{"salt": "1361", "amount0": "118946321553710290310", "amount1": "0", "ordinal": 0, "tickLower": -350000, "tickUpper": -336000, "liquidityDelta": "-39252888148544475"}]
{"poolManager":"0x8366a39cc670b4001a1121b8f6a443a643e40951","txHash":"0x58e862d3480d96711ae1c3a18ee8b0948f482bc12a1fe1775ed677c3177d3732"}	[{"salt": "1363", "amount0": "0", "amount1": "0", "ordinal": 0, "tickLower": -350000, "tickUpper": -336800, "liquidityDelta": "38311616762491342"}]
{"poolManager":"0x8366a39cc670b4001a1121b8f6a443a643e40951","txHash":"0x5cb9dc3eb124fcc02cc751959abc67c8c7c6d33ffa66993a73beb33a16b0c78e"}	[{"salt": "1281", "amount0": "20367526", "amount1": "253614374847291771887787", "ordinal": 0, "tickLower": 364000, "tickUpper": 374400, "liquidityDelta": "0"}]
{"poolManager":"0x8366a39cc670b4001a1121b8f6a443a643e40951","txHash":"0x6462bdb452cc33a157d428ac60fe4feefd137b8cab640b315b1cb6b086a494e4"}	[{"salt": "1281", "amount0": "0", "amount1": "0", "ordinal": 0, "tickLower": 364000, "tickUpper": 374400, "liquidityDelta": "9351340383165988"}]
{"poolManager":"0x8366a39cc670b4001a1121b8f6a443a643e40951","txHash":"0x704cc6f3d2ff10e44878379341b319b2641e20b3ba5530fb8b8756c2be02b79e"}	[{"salt": "1209", "amount0": "9735715267530824", "amount1": "3838617307888263902332", "ordinal": 0, "tickLower": -884000, "tickUpper": 884000, "liquidityDelta": "0"}]
{"poolManager":"0x8366a39cc670b4001a1121b8f6a443a643e40951","txHash":"0x81d80a452f1cc9d96bc2caf825ef139f887f9316e12453b4d1842421bb9563c7"}	[{"salt": "775", "amount0": "2322561999441922", "amount1": "47198498365381353665842", "ordinal": 0, "tickLower": -884000, "tickUpper": 884000, "liquidityDelta": "0"}]
{"poolManager":"0x8366a39cc670b4001a1121b8f6a443a643e40951","txHash":"0xdbe35bb7c75ae4f14b5345189f05d62ceaf344d6e5ce94c03d33e2c7db53c35d"}	[{"salt": "1295", "amount0": "5874950170480178", "amount1": "731429754637956395900", "ordinal": 0, "tickLower": 120000, "tickUpper": 126000, "liquidityDelta": "0"}]
{"poolManager":"0x8366a39cc670b4001a1121b8f6a443a643e40951","txHash":"0x8b5821b4eb873773dbfc8fbdfa56eda5acbe469ae95d903f0e3aedd9f40cc1b0"}	[{"salt": "1209", "amount0": "9076600864528939", "amount1": "32406973501726735914459", "ordinal": 0, "tickLower": -884000, "tickUpper": 884000, "liquidityDelta": "0"}]
{"poolManager":"0x8366a39cc670b4001a1121b8f6a443a643e40951","txHash":"0xb923dd8e04840a65e3b5d383259f1e50171e60d9e30ff93976c1d9ac55226847"}	[{"salt": "1281", "amount0": "38190213", "amount1": "44322862712767710465946", "ordinal": 0, "tickLower": 364000, "tickUpper": 374400, "liquidityDelta": "-78523783029007076"}]
{"poolManager":"0x8366a39cc670b4001a1121b8f6a443a643e40951","txHash":"0x334b1182ab0001af20dceb542e47501552918254313c7b11f3f870ef4a86d988"}	[{"salt": "1360", "amount0": "0", "amount1": "0", "ordinal": 0, "tickLower": -336960, "tickUpper": -323700, "liquidityDelta": "-22041940573279318"}]
{"poolManager":"0x8366a39cc670b4001a1121b8f6a443a643e40951","txHash":"0x2146a4a56e088120feca91ffe146b6e03f27929493b5d9abd2fbc5dd01b7a8b8"}	[{"salt": "583", "amount0": "150877550649126", "amount1": "194231", "ordinal": 0, "tickLower": -203000, "tickUpper": -201200, "liquidityDelta": "0"}]
{"poolManager":"0x8366a39cc670b4001a1121b8f6a443a643e40951","txHash":"0xaf8c879b7239c8407de88772639a6a91514c462ef3fbd5787825c11576ff9e4e"}	[{"salt": "1353", "amount0": "48462236960472472121", "amount1": "40756", "ordinal": 0, "tickLower": -887200, "tickUpper": 887200, "liquidityDelta": "-352920000747668"}]
{"poolManager":"0x8366a39cc670b4001a1121b8f6a443a643e40951","txHash":"0x03720007f33db6fde7f8808adbe2a9d03fe2fcbb65af64c1618440b70c1c39dc"}	[{"salt": "1367", "amount0": "0", "amount1": "0", "ordinal": 0, "tickLower": -885000, "tickUpper": 885000, "liquidityDelta": "-344560475893751332910"}]
{"poolManager":"0x8366a39cc670b4001a1121b8f6a443a643e40951","txHash":"0x794cbb8517977593c7a72ced411004f5498f23a6ba99dd0be9e1782e00c76b9a"}	[{"salt": "1209", "amount0": "0", "amount1": "5877158251531759886206", "ordinal": 0, "tickLower": -884000, "tickUpper": 884000, "liquidityDelta": "0"}]
{"poolManager":"0x8366a39cc670b4001a1121b8f6a443a643e40951","txHash":"0x9c9affc9fc6ed64a72f685219ed800abdad81fa74c9252d8011e1026fa916794"}	[{"salt": "45", "amount0": "0", "amount1": "7462258710982874122", "ordinal": 0, "tickLower": -887200, "tickUpper": 887200, "liquidityDelta": "-995012289489019350"}]
{"poolManager":"0x8366a39cc670b4001a1121b8f6a443a643e40951","txHash":"0xe449a4dfc49d1c566fc91016c59fa3cd6e356ca331c44e5055a547d9e0e86a80"}	[{"salt": "1330", "amount0": "3076719497489364", "amount1": "4508439881295898036310", "ordinal": 0, "tickLower": -881600, "tickUpper": 881600, "liquidityDelta": "0"}]
{"poolManager":"0x8366a39cc670b4001a1121b8f6a443a643e40951","txHash":"0xa4fc77561ee310369d04bc36ed8a3f3ef01373a63229dbce93d5260c480f35be"}	[{"salt": "1331", "amount0": "908746", "amount1": "1874078060284100262549", "ordinal": 0, "tickLower": -885960, "tickUpper": 885960, "liquidityDelta": "0"}]
{"poolManager":"0x8366a39cc670b4001a1121b8f6a443a643e40951","txHash":"0xd5e7382263a4093633f7a159d57ca0de3cbb6100b550b96a99755f48be394393"}	[{"salt": "1288", "amount0": "2164734775026607", "amount1": "8806534462755294591827", "ordinal": 0, "tickLower": -885000, "tickUpper": 885000, "liquidityDelta": "0"}]
{"poolManager":"0x8366a39cc670b4001a1121b8f6a443a643e40951","txHash":"0xfbcd689b9c7f56d539a3f3861ada5c64bbe4889b02871e6f70daa479c53918da"}	[{"salt": "1370", "amount0": "337576995085", "amount1": "705", "ordinal": 0, "tickLower": -202240, "tickUpper": -200820, "liquidityDelta": "4776898067145"}]
{"poolManager":"0x8366a39cc670b4001a1121b8f6a443a643e40951","txHash":"0x6d2aa0e8a52503b877e40619cdbc99791d3b3c1c6b4f4b8017fc40685326d277"}	[{"salt": "1209", "amount0": "64027739309681923", "amount1": "67026847351799924521404", "ordinal": 0, "tickLower": -884000, "tickUpper": 884000, "liquidityDelta": "0"}]
{"poolManager":"0x8366a39cc670b4001a1121b8f6a443a643e40951","txHash":"0xb758df929712b114d6cfe8e3345b1ff32d6288b3e3f86ef8769c8e6ccdb0c3ee"}	[{"salt": "1369", "amount0": "105564705840365", "amount1": "66551659281311439748899", "ordinal": 0, "tickLower": -886000, "tickUpper": 886000, "liquidityDelta": "0"}]
{"poolManager":"0x8366a39cc670b4001a1121b8f6a443a643e40951","txHash":"0x38b8bed8e5ed60db8d992310c9a89df6e9554a91b98924e07b4ff9a8c6f22964"}	[{"salt": "1369", "amount0": "0", "amount1": "32412460718879102626901", "ordinal": 0, "tickLower": -886000, "tickUpper": 886000, "liquidityDelta": "0"}]
{"poolManager":"0x8366a39cc670b4001a1121b8f6a443a643e40951","txHash":"0x445a9f6a5529ff8ed9dfdeb48e3a62ea493668c089435d2b519ba3d812ec0834"}	[{"salt": "1332", "amount0": "22382985", "amount1": "50772309568073958038837", "ordinal": 0, "tickLower": 348600, "tickUpper": 362600, "liquidityDelta": "0"}]
{"poolManager":"0x8366a39cc670b4001a1121b8f6a443a643e40951","txHash":"0x4f69dd286fe40421be212d241edefbed963d8630d08f4d5786d7ceabeb363a5c"}	[{"salt": "1325", "amount0": "44895874", "amount1": "91872035228382891504521", "ordinal": 0, "tickLower": 348600, "tickUpper": 361200, "liquidityDelta": "0"}]
{"poolManager":"0x8366a39cc670b4001a1121b8f6a443a643e40951","txHash":"0x98e359965a35e1e7ec7498658fc2e8c587b171f844ba37fbbe0c1fb43e851dc0"}	[{"salt": "1322", "amount0": "19608000", "amount1": "28017360231874097007465", "ordinal": 0, "tickLower": 351000, "tickUpper": 363000, "liquidityDelta": "0"}]
{"poolManager":"0x8366a39cc670b4001a1121b8f6a443a643e40951","txHash":"0xf0304e4fc63e89d281c37cba1ddc3093b5d09f2b645e160ea7054cb69349d4d6"}	[{"salt": "1364", "amount0": "0", "amount1": "0", "ordinal": 0, "tickLower": 351400, "tickUpper": 365400, "liquidityDelta": "-84773799550286860"}]
{"poolManager":"0x8366a39cc670b4001a1121b8f6a443a643e40951","txHash":"0x1d0b25733982def3e22f35328408ce56e074b635527e23cfe7d5840c3a88c13b"}	[{"salt": "1354", "amount0": "84602639281393", "amount1": "2411255316090879871", "ordinal": 0, "tickLower": 120800, "tickUpper": 130400, "liquidityDelta": "-3867111137436232905"}]
{"poolManager":"0x8366a39cc670b4001a1121b8f6a443a643e40951","txHash":"0xa2f9576e689958766cb9ba84e7eb87e2bc5c480e20fbad0adb2781a848ee4b6d"}	[{"salt": "1356", "amount0": "6131777757139662", "amount1": "1143261136856343632936", "ordinal": 0, "tickLower": 120800, "tickUpper": 126000, "liquidityDelta": "0"}]
{"poolManager":"0x8366a39cc670b4001a1121b8f6a443a643e40951","txHash":"0x6c67c969a103d45713d36f48693c65fe41d914fad4fa084d4e0e1ddb3c0b1219"}	[{"salt": "1356", "amount0": "0", "amount1": "0", "ordinal": 0, "tickLower": 120800, "tickUpper": 126000, "liquidityDelta": "-1833533697502709601672"}]
{"poolManager":"0x8366a39cc670b4001a1121b8f6a443a643e40951","txHash":"0xd0899ccb3ef9a05b3f2ee003c768bd68ac1f7c1c40a7f296767e0e7469c400ee"}	[{"salt": "1379", "amount0": "67807924041175", "amount1": "0", "ordinal": 0, "tickLower": 119200, "tickUpper": 127600, "liquidityDelta": "1694882509398464627199"}]
{"poolManager":"0x8366a39cc670b4001a1121b8f6a443a643e40951","txHash":"0x2b08cdcd18cfeceea9d05a19d2748be4c4b381a45e24577c4dcc4b61aff30e56"}	[{"salt": "1295", "amount0": "1778138233164232", "amount1": "77826498709598040736", "ordinal": 0, "tickLower": 120000, "tickUpper": 126000, "liquidityDelta": "0"}]
{"poolManager":"0x8366a39cc670b4001a1121b8f6a443a643e40951","txHash":"0x9c5f62809710e41ed575584c4c58088f5106616666f14cd0a518defedea51ed9"}	[{"salt": "1295", "amount0": "0", "amount1": "0", "ordinal": 0, "tickLower": 120000, "tickUpper": 126000, "liquidityDelta": "-173064391942673529562"}]
{"poolManager":"0x8366a39cc670b4001a1121b8f6a443a643e40951","txHash":"0x3ff93e3ece862a7951b2acb6460ffaf9c1d3b725db884af8ddb9a433eb1aea34"}	[{"salt": "1366", "amount0": "20244739", "amount1": "109694476202533876143801", "ordinal": 0, "tickLower": 350000, "tickUpper": 362000, "liquidityDelta": "0"}]
{"poolManager":"0x8366a39cc670b4001a1121b8f6a443a643e40951","txHash":"0x52544e3a3aceb09eb4ac56fba26caabb902144b23a0d57884cb9c10b90386d6a"}	[{"salt": "1366", "amount0": "0", "amount1": "0", "ordinal": 0, "tickLower": 350000, "tickUpper": 362000, "liquidityDelta": "4571975558355005"}]
{"poolManager":"0x8366a39cc670b4001a1121b8f6a443a643e40951","txHash":"0x6d0d5a511ca06aac5bf72917aeb85f5dd6c99ea1e04472ef3494400ed62360ce"}	[{"salt": "551", "amount0": "81206518061341", "amount1": "144936", "ordinal": 0, "tickLower": -202400, "tickUpper": -201380, "liquidityDelta": "-5611777957832"}]
{"poolManager":"0x8366a39cc670b4001a1121b8f6a443a643e40951","txHash":"0x5817e8c330764acb6572d646e483f87176cf2f6c7c4e621188c9452b8ee7a1f8"}	[{"salt": "1283", "amount0": "103336785496464313046", "amount1": "2332177", "ordinal": 0, "tickLower": -330880, "tickUpper": -320320, "liquidityDelta": "-1271045352990365"}]
{"poolManager":"0x8366a39cc670b4001a1121b8f6a443a643e40951","txHash":"0x4843c1a9ed9bd368f0d09a27bd1833c91b92ecd2f3324205218662a16d800e5d"}	[{"salt": "1048", "amount0": "42182886", "amount1": "75760545413065462785551", "ordinal": 0, "tickLower": 347400, "tickUpper": 358200, "liquidityDelta": "-31492164082747299"}]
{"poolManager":"0x8366a39cc670b4001a1121b8f6a443a643e40951","txHash":"0x6e61a87c3695836071ae3dfd78d037753be6fd1ae2e5ec30cb6062e0f5542c33"}	[{"salt": "1284", "amount0": "537183", "amount1": "17014377589840258070856", "ordinal": 0, "tickLower": 354000, "tickUpper": 366000, "liquidityDelta": "-9496604612288855"}]
{"poolManager":"0x8366a39cc670b4001a1121b8f6a443a643e40951","txHash":"0x96c4742d27cbaea90dd960a6b87ec66b22752f7a9b8f79058c5e7dea587e9bca"}	[{"salt": "1379", "amount0": "2481029178288095", "amount1": "375978975727182405144", "ordinal": 0, "tickLower": 119200, "tickUpper": 127600, "liquidityDelta": "-3393519283302492155837"}]
{"poolManager":"0x8366a39cc670b4001a1121b8f6a443a643e40951","txHash":"0xd18c7bab1e74f88edfae29774a6ec3fd0e24762e13222e6ba54da9634eb5402f"}	[{"salt": "1276", "amount0": "30457799891157639", "amount1": "81811026698897683576414", "ordinal": 0, "tickLower": 148400, "tickUpper": 162400, "liquidityDelta": "-4164027917399082245388"}]
{"poolManager":"0x8366a39cc670b4001a1121b8f6a443a643e40951","txHash":"0x3bb7e6df6ccefa6b9d8e22640b1aac3def8aa264c140c8b83563bdb6334e5872"}	[{"salt": "1049", "amount0": "18717017", "amount1": "47129687615863323877022", "ordinal": 0, "tickLower": 353000, "tickUpper": 364000, "liquidityDelta": "0"}]
{"poolManager":"0x8366a39cc670b4001a1121b8f6a443a643e40951","txHash":"0x8f2fca0fd9aa5afb7a08d7a526fa4117d0ccc96428f014e291d2b02b933ba6fd"}	[{"salt": "1340", "amount0": "445243511821114907934", "amount1": "4143759", "ordinal": 0, "tickLower": -333060, "tickUpper": -322920, "liquidityDelta": "-25836218766752919"}]
{"poolManager":"0x8366a39cc670b4001a1121b8f6a443a643e40951","txHash":"0x1b93238a3e7a027e7973a6b21b6dfad20226efe7b3f784575e36ab9cd5a7803f"}	[{"salt": "1049", "amount0": "0", "amount1": "0", "ordinal": 0, "tickLower": 353000, "tickUpper": 364000, "liquidityDelta": "-18031120000431880"}]
{"poolManager":"0x8366a39cc670b4001a1121b8f6a443a643e40951","txHash":"0x84dc96d1520a7d9d5e7d9951df8b77d9074821551b92a3ec80710830154063ee"}	[{"salt": "1382", "amount0": "0", "amount1": "0", "ordinal": 0, "tickLower": 118400, "tickUpper": 125200, "liquidityDelta": "-3875213022580665846758"}]
{"poolManager":"0x8366a39cc670b4001a1121b8f6a443a643e40951","txHash":"0x47f6c2efdd7821d75b09c7c594b4d24abb7969aad7cae51d206093462acafba2"}	[{"salt": "1388", "amount0": "0", "amount1": "0", "ordinal": 0, "tickLower": 117000, "tickUpper": 124000, "liquidityDelta": "-102270910249110911882"}]
{"poolManager":"0x8366a39cc670b4001a1121b8f6a443a643e40951","txHash":"0x0981f9e1d2ffaa226f92fb170351e9924f05c73cbffc49791786223a47c2a389"}	[{"salt": "1391", "amount0": "989999999999999", "amount1": "0", "ordinal": 0, "tickLower": -887200, "tickUpper": 230400, "liquidityDelta": "0"}]
{"poolManager":"0x8366a39cc670b4001a1121b8f6a443a643e40951","txHash":"0x0f930fa078b5f9f3c07d0d5c3bc3ee735ff274697bd687c9ab2a47cc71f034a1"}	[{"salt": "1391", "amount0": "989999999999999", "amount1": "0", "ordinal": 0, "tickLower": -887200, "tickUpper": 230400, "liquidityDelta": "0"}]
{"poolManager":"0x8366a39cc670b4001a1121b8f6a443a643e40951","txHash":"0x8d48c336506297d282a4c36dd02d447da2ab5d38d57f96ed548bb86f875adedd"}	[{"salt": "1392", "amount0": "839658584059140", "amount1": "19716697881397881128637", "ordinal": 0, "tickLower": -883200, "tickUpper": 883200, "liquidityDelta": "0"}]
{"poolManager":"0x8366a39cc670b4001a1121b8f6a443a643e40951","txHash":"0x28be5cb21b920f4e7ea5cf9a9a6d6a58254cc25823d397105ea919a5278d5043"}	[{"salt": "1391", "amount0": "989999999999999", "amount1": "0", "ordinal": 0, "tickLower": -887200, "tickUpper": 230400, "liquidityDelta": "0"}]
{"poolManager":"0x8366a39cc670b4001a1121b8f6a443a643e40951","txHash":"0x9604586820432f0eaf7a6f82abbc357ba09649f8318123aa07c2378bf5383676"}	[{"salt": "1391", "amount0": "0", "amount1": "28926011478841675897089016", "ordinal": 0, "tickLower": -887200, "tickUpper": 230400, "liquidityDelta": "0"}]
{"poolManager":"0x8366a39cc670b4001a1121b8f6a443a643e40951","txHash":"0xbf32979d97c89195cb82173b394e9efd628ca6059708e15636dee7ca20a8f8bf"}	[{"salt": "1395", "amount0": "216264156566890", "amount1": "0", "ordinal": 0, "tickLower": 147200, "tickUpper": 179200, "liquidityDelta": "0"}]
{"poolManager":"0x8366a39cc670b4001a1121b8f6a443a643e40951","txHash":"0x40467bbc473893440fe764a05b8813c15fe6b7fbb780567b264d8c47eca9afe9"}	[{"salt": "1392", "amount0": "1432543333833223", "amount1": "0", "ordinal": 0, "tickLower": -883200, "tickUpper": 883200, "liquidityDelta": "0"}]
{"poolManager":"0x8366a39cc670b4001a1121b8f6a443a643e40951","txHash":"0x7047cfa8339751a0d1ef0cd65231ff527227ac7e4ff59ca16baf358aa07e8a75"}	[{"salt": "1369", "amount0": "0", "amount1": "35533984065006398389617", "ordinal": 0, "tickLower": -886000, "tickUpper": 886000, "liquidityDelta": "0"}]
{"poolManager":"0x8366a39cc670b4001a1121b8f6a443a643e40951","txHash":"0xabdfa629cda8c4af07bfda723da6da5573ebddec566a820d487abd8175674fb2"}	[{"salt": "1369", "amount0": "0", "amount1": "0", "ordinal": 0, "tickLower": -886000, "tickUpper": 886000, "liquidityDelta": "-349383064732110783139"}]
{"poolManager":"0x8366a39cc670b4001a1121b8f6a443a643e40951","txHash":"0x272e29ed227e741ffe6a0363cac519f56f0bf087695999646429a0a4df705185"}	[{"salt": "1391", "amount0": "113130713929196", "amount1": "72315028697104189742722", "ordinal": 0, "tickLower": -887200, "tickUpper": 230400, "liquidityDelta": "0"}]
{"poolManager":"0x8366a39cc670b4001a1121b8f6a443a643e40951","txHash":"0xbae3c9d0119d38012cd58b275d58fbd463ac2d40ab712264dab63339afa1cf01"}	[{"salt": "1392", "amount0": "0", "amount1": "0", "ordinal": 0, "tickLower": -883200, "tickUpper": 883200, "liquidityDelta": "-74257659054673318534"}]
{"poolManager":"0x8366a39cc670b4001a1121b8f6a443a643e40951","txHash":"0x959937a30235845db6ba52d595fa87b9283b6260ec9cef5fbf111b54c01a5589"}	[{"salt": "1397", "amount0": "40750847148749", "amount1": "0", "ordinal": 0, "tickLower": -887000, "tickUpper": 887000, "liquidityDelta": "83798759069045328026"}]
{"poolManager":"0x8366a39cc670b4001a1121b8f6a443a643e40951","txHash":"0x47a8f3d5f9c90b2c9127a438b944a8bc7143d07be7391a046cbf8e9933843d0e"}	[{"salt": "1209", "amount0": "4146734502653642", "amount1": "6982079577064385992885", "ordinal": 0, "tickLower": -884000, "tickUpper": 884000, "liquidityDelta": "0"}]
{"poolManager":"0x8366a39cc670b4001a1121b8f6a443a643e40951","txHash":"0x31253f895986fd0723cda8640a23d53519bdd7f18ea8e29e5926e1d641b5fa74"}	[{"salt": "405", "amount0": "266845607431488361", "amount1": "38617042131953400501125", "ordinal": 0, "tickLower": 119000, "tickUpper": 126000, "liquidityDelta": "-3713170621584954805595"}]
{"poolManager":"0x8366a39cc670b4001a1121b8f6a443a643e40951","txHash":"0xc07f1c4227437d2bb62d3c37e421c4f599172c2260510ded18217428af506a97"}	[{"salt": "1397", "amount0": "56780435733063", "amount1": "4933056621545796915901", "ordinal": 0, "tickLower": -887000, "tickUpper": 887000, "liquidityDelta": "0"}]
{"poolManager":"0x8366a39cc670b4001a1121b8f6a443a643e40951","txHash":"0x3d58794da165df3ce7fc3d7b7c82a0318a14de5c1d4fb35a1a0e8d1ca1f9c62c"}	[{"salt": "1392", "amount0": "0", "amount1": "0", "ordinal": 0, "tickLower": -883200, "tickUpper": 883200, "liquidityDelta": "-74257659054673318534"}]
{"poolManager":"0x8366a39cc670b4001a1121b8f6a443a643e40951","txHash":"0x8a14a6bf417d302838c99863dc6ba65f4b614a97c3bcc1dbe06891d848ac78f4"}	[{"salt": "1395", "amount0": "0", "amount1": "0", "ordinal": 0, "tickLower": 147200, "tickUpper": 179200, "liquidityDelta": "-22420641141959760069"}]
{"poolManager":"0x8366a39cc670b4001a1121b8f6a443a643e40951","txHash":"0xedcc37c598edfc3a6e351e37596553717f6f06b67c006b78246e93ae5030addd"}	[{"salt": "1397", "amount0": "95475410192317", "amount1": "9115814063576651084976", "ordinal": 0, "tickLower": -887000, "tickUpper": 887000, "liquidityDelta": "0"}]
{"poolManager":"0x8366a39cc670b4001a1121b8f6a443a643e40951","txHash":"0x27052efa9fd19d7239b5a90ef07a6c9564e917828b736c4a4a27775c9b395cbc"}	[{"salt": "1397", "amount0": "0", "amount1": "4623952095902416894757", "ordinal": 0, "tickLower": -887000, "tickUpper": 887000, "liquidityDelta": "0"}]
{"poolManager":"0x8366a39cc670b4001a1121b8f6a443a643e40951","txHash":"0x7ebcab89051938339be9c74043b92ebd2b9138b7f49ce24812de69296ae1beb1"}	[{"salt": "1397", "amount0": "0", "amount1": "3613781684458643290174", "ordinal": 0, "tickLower": -887000, "tickUpper": 887000, "liquidityDelta": "0"}]
{"poolManager":"0x8366a39cc670b4001a1121b8f6a443a643e40951","txHash":"0x77e67365d39c03a7116b9c709ac439cdace332877776e37b95c0e8c2acb02d03"}	[{"salt": "1391", "amount0": "2969999999999999", "amount1": "180787571742760474356", "ordinal": 0, "tickLower": -887200, "tickUpper": 230400, "liquidityDelta": "0"}]
{"poolManager":"0x8366a39cc670b4001a1121b8f6a443a643e40951","txHash":"0x7b139bfd21be16afc5cec1796ef3414f4274287e9a0b935890feda4f03a33bf3"}	[{"salt": "1393", "amount0": "57624507048463501263", "amount1": "820080", "ordinal": 0, "tickLower": -321630, "tickUpper": -318790, "liquidityDelta": "-31569140203162369"}]
{"poolManager":"0x8366a39cc670b4001a1121b8f6a443a643e40951","txHash":"0x84fe8938dfe8fb9ab4aaae849f2aec652e2b1745e54a78bdd401d98b3fe09120"}	[{"salt": "1248", "amount0": "240993599196767590", "amount1": "308870706600692570594847", "ordinal": 0, "tickLower": 124000, "tickUpper": 148000, "liquidityDelta": "0"}]
{"poolManager":"0x8366a39cc670b4001a1121b8f6a443a643e40951","txHash":"0x998c96cdef9386a5cd1694c152ff7e4b30f59bd57f52ca4463c22ef4e2e86f1b"}	[{"salt": "1248", "amount0": "0", "amount1": "0", "ordinal": 0, "tickLower": 124000, "tickUpper": 148000, "liquidityDelta": "332812435523361731571"}]
{"poolManager":"0x8366a39cc670b4001a1121b8f6a443a643e40951","txHash":"0xa4bbaedaa0b233135903fcf4f13cfce2b25fde634f18f679d10be6c03218f144"}	[{"salt": "1397", "amount0": "325456566110284", "amount1": "5998266642022218947757", "ordinal": 0, "tickLower": -887000, "tickUpper": 887000, "liquidityDelta": "0"}]
{"poolManager":"0x8366a39cc670b4001a1121b8f6a443a643e40951","txHash":"0xaecd8d8883958e8c29608ff2b815625d52203640985a302ef0e77fc681d82217"}	[{"salt": "1398", "amount0": "141900046539370073209", "amount1": "0", "ordinal": 0, "tickLower": -321104, "tickUpper": -317814, "liquidityDelta": "-26239377233858295"}]
{"poolManager":"0x8366a39cc670b4001a1121b8f6a443a643e40951","txHash":"0x0039c8b3f3a136148fdab971d79de182b92798ee07e9aa123dd0a2d3b836161b"}	[{"salt": "1390", "amount0": "731477504427200", "amount1": "91358923800484978891", "ordinal": 0, "tickLower": 117000, "tickUpper": 124000, "liquidityDelta": "-81761365654772514225"}]
{"poolManager":"0x8366a39cc670b4001a1121b8f6a443a643e40951","txHash":"0x3ff6931eab5801fdaeb6b4d974560d7e4f372d96d51e917d247b7d8ff4480475"}	[{"salt": "1391", "amount0": "296999999999999", "amount1": "451968929356901185", "ordinal": 0, "tickLower": -887200, "tickUpper": 230400, "liquidityDelta": "0"}]
{"poolManager":"0x8366a39cc670b4001a1121b8f6a443a643e40951","txHash":"0xced97aa0c3387823a5c7ae4d193c5040ec650b755b0aa45e57f67a5ef58f70f1"}	[{"salt": "1391", "amount0": "197999999999999", "amount1": "1129922323392252", "ordinal": 0, "tickLower": -887200, "tickUpper": 230400, "liquidityDelta": "0"}]
{"poolManager":"0x8366a39cc670b4001a1121b8f6a443a643e40951","txHash":"0x4e1e5a909d050d0cffed79c4456f460d71dcc15810e4008c2ffd25307fd9475f"}	[{"salt": "1402", "amount0": "36025797953381813743", "amount1": "0", "ordinal": 0, "tickLower": -321440, "tickUpper": -318108, "liquidityDelta": "-26319137291024155"}]
{"poolManager":"0x8366a39cc670b4001a1121b8f6a443a643e40951","txHash":"0x68fab53217834a6c5fa9fe9bb4ea8cccefdc9795f4354aac47333f2a6312a9e7"}	[{"salt": "1209", "amount0": "0", "amount1": "6773008230598573017454", "ordinal": 0, "tickLower": -884000, "tickUpper": 884000, "liquidityDelta": "0"}]
{"poolManager":"0x8366a39cc670b4001a1121b8f6a443a643e40951","txHash":"0x29e7f5321d273541bd006122f47853e8a986a657d16c2b400bb9d6719b5e410a"}	[{"salt": "1391", "amount0": "0", "amount1": "28849070252354864023181890", "ordinal": 0, "tickLower": -887200, "tickUpper": 230400, "liquidityDelta": "0"}]
{"poolManager":"0x8366a39cc670b4001a1121b8f6a443a643e40951","txHash":"0x32ddecd631c65fb4e20bbd4c0c276d62fe55374e72018838c4110d3295d7fa71"}	[{"salt": "1036", "amount0": "5247006781676405", "amount1": "3824675947256859001", "ordinal": 0, "tickLower": -887200, "tickUpper": 68800, "liquidityDelta": "0"}]
{"poolManager":"0x8366a39cc670b4001a1121b8f6a443a643e40951","txHash":"0x9e8f5081f1bd268b6b83029efb4178b73b308d34f7802ffc6ebc6f797bbbdf58"}	[{"salt": "1397", "amount0": "302625662435921", "amount1": "19303725198845380946740", "ordinal": 0, "tickLower": -887000, "tickUpper": 887000, "liquidityDelta": "0"}]
{"poolManager":"0x8366a39cc670b4001a1121b8f6a443a643e40951","txHash":"0x18442d91050ee276a1829a23495350db1f6b91fa9b79cd4ba3e480517e8fac58"}	[{"salt": "1322", "amount0": "0", "amount1": "0", "ordinal": 0, "tickLower": 351000, "tickUpper": 363000, "liquidityDelta": "-143919604023767357"}]
{"poolManager":"0x8366a39cc670b4001a1121b8f6a443a643e40951","txHash":"0x6301a50809f2be584d06c4b57177e41c1b9bb063667b6d347ddf41d894f8f6eb"}	[{"salt": "1362", "amount0": "3822485315285570554839", "amount1": "8594120", "ordinal": 0, "tickLower": -350000, "tickUpper": -336400, "liquidityDelta": "0"}]
{"poolManager":"0x8366a39cc670b4001a1121b8f6a443a643e40951","txHash":"0x42b66148de6779efc4a6dfc88981da26410c43f42995c5d28cb97dc9b67fce41"}	[{"salt": "1362", "amount0": "0", "amount1": "0", "ordinal": 0, "tickLower": -350000, "tickUpper": -336400, "liquidityDelta": "-40860054522582096"}]
{"poolManager":"0x8366a39cc670b4001a1121b8f6a443a643e40951","txHash":"0x697555bae301394f09795a9132161a06faaeed18d58c75045e1fda2238fe1dcc"}	[{"salt": "1397", "amount0": "342195475600585", "amount1": "8808367637639969175308", "ordinal": 0, "tickLower": -887000, "tickUpper": 887000, "liquidityDelta": "0"}]
{"poolManager":"0x8366a39cc670b4001a1121b8f6a443a643e40951","txHash":"0x5cc38dbdf4f8cebb16569301b6d0ea7b48b255599c080ed9fdc59b9605dff446"}	[{"salt": "1416", "amount0": "1034751149085829264478", "amount1": "14250145", "ordinal": 0, "tickLower": -322002, "tickUpper": -317982, "liquidityDelta": "-22042227892759972"}]
{"poolManager":"0x8366a39cc670b4001a1121b8f6a443a643e40951","txHash":"0x3c5af901dd60767bd0d1162d1306cd7b5c77dad275ee3d4b41380fc217122adc"}	[{"salt": "1401", "amount0": "1582358539527873", "amount1": "207549487220811841781", "ordinal": 0, "tickLower": 117000, "tickUpper": 124000, "liquidityDelta": "-99919854841085373678"}]
{"poolManager":"0x8366a39cc670b4001a1121b8f6a443a643e40951","txHash":"0x804bfcf927a67198236bec8e7c7183cbeb97194dd1dfdbabee4d8681b15f764f"}	[{"salt": "1389", "amount0": "82405819011520984", "amount1": "10215562394593265925536", "ordinal": 0, "tickLower": 116800, "tickUpper": 123600, "liquidityDelta": "0"}]
{"poolManager":"0x8366a39cc670b4001a1121b8f6a443a643e40951","txHash":"0x21b53b675fbede37e63887d35f7b2a66f2cbd5ddd50c840d973d631bfda849e1"}	[{"salt": "1389", "amount0": "0", "amount1": "0", "ordinal": 0, "tickLower": 116800, "tickUpper": 123600, "liquidityDelta": "-3577286795039269878535"}]
{"poolManager":"0x8366a39cc670b4001a1121b8f6a443a643e40951","txHash":"0xd60b02279f1b669ea527e2a24827bcb9bb593d64d910d4a2f571ea30a187667a"}	[{"salt": "1386", "amount0": "131416573489123252", "amount1": "204276752935309496773953", "ordinal": 0, "tickLower": 144400, "tickUpper": 146600, "liquidityDelta": "-45978651683821091133963"}]
{"poolManager":"0x8366a39cc670b4001a1121b8f6a443a643e40951","txHash":"0xade1a1cbe33cfb3165857dcd223f8f5031d4eae16b23bbcb6cb5bda6e05d2a21"}	[{"salt": "1355", "amount0": "1471445173090469", "amount1": "139189746882494296024", "ordinal": 0, "tickLower": 115200, "tickUpper": 131200, "liquidityDelta": "0"}]
{"poolManager":"0x8366a39cc670b4001a1121b8f6a443a643e40951","txHash":"0xbc605e1ec28420ec2cd28f171a3d2b952f1a30bbed8b5de01d6c4c8c5bfcfd6a"}	[{"salt": "1355", "amount0": "0", "amount1": "0", "ordinal": 0, "tickLower": 115200, "tickUpper": 131200, "liquidityDelta": "-21548084103788834908"}]
{"poolManager":"0x8366a39cc670b4001a1121b8f6a443a643e40951","txHash":"0x1f8b18db70d5ed22f3483b812853c82f71d128a0d9213e3c2a0e266305694284"}	[{"salt": "1397", "amount0": "576415451272240", "amount1": "16283674751705707646661", "ordinal": 0, "tickLower": -887000, "tickUpper": 887000, "liquidityDelta": "0"}]
{"poolManager":"0x8366a39cc670b4001a1121b8f6a443a643e40951","txHash":"0xe4de06532e560859529eb06999a8e7999a445435af81f94576fd075943676604"}	[{"salt": "1385", "amount0": "102720696201717285741", "amount1": "1328679", "ordinal": 0, "tickLower": -330480, "tickUpper": -319680, "liquidityDelta": "-25131325300740954"}]
{"poolManager":"0x8366a39cc670b4001a1121b8f6a443a643e40951","txHash":"0x61f38e4b3531117933dc85277a79082850625743d7db9b207ce982e0859985c1"}	[{"salt": "1391", "amount0": "0", "amount1": "1925530925540928611189891", "ordinal": 0, "tickLower": -887200, "tickUpper": 230400, "liquidityDelta": "0"}]
{"poolManager":"0x8366a39cc670b4001a1121b8f6a443a643e40951","txHash":"0x9d54937b2bd1b8ca295fc884a103b3ee8c790a7c893d7649c8236c23ea244d22"}	[{"salt": "1419", "amount0": "149266655825733417602", "amount1": "3489207", "ordinal": 0, "tickLower": -318458, "tickUpper": -313642, "liquidityDelta": "-9058019608376015"}]
{"poolManager":"0x8366a39cc670b4001a1121b8f6a443a643e40951","txHash":"0x6f2f8ae63db1bf53454c101bb710b0ca47d9d392da5f5afafef3eec3c0c273b4"}	[{"salt": "1427", "amount0": "1506730086994944", "amount1": "0", "ordinal": 0, "tickLower": 163200, "tickUpper": 166400, "liquidityDelta": "-1746137032251581346892"}]
{"poolManager":"0x8366a39cc670b4001a1121b8f6a443a643e40951","txHash":"0x2a4f839d7b8122ba46d61891b64f0fdfa896b985776602e50670fd2d9f616a33"}	[{"salt": "1423", "amount0": "71924165632165120", "amount1": "5449752748975037591178", "ordinal": 0, "tickLower": 111200, "tickUpper": 117600, "liquidityDelta": "0"}]
{"poolManager":"0x8366a39cc670b4001a1121b8f6a443a643e40951","txHash":"0xd2d0340cbd2c7e172ba7615fd365957d59e44e4203f3a0ca94cac80f4230d1f6"}	[{"salt": "1420", "amount0": "13443290085400881", "amount1": "1087202023580461014610", "ordinal": 0, "tickLower": 112800, "tickUpper": 119600, "liquidityDelta": "0"}]
{"poolManager":"0x8366a39cc670b4001a1121b8f6a443a643e40951","txHash":"0x8f9b1729d08af07923bd315a386b72c5920122037475e160359b83cc59949359"}	[{"salt": "1399", "amount0": "11694085422257731", "amount1": "841045363535569051105", "ordinal": 0, "tickLower": 110000, "tickUpper": 123600, "liquidityDelta": "0"}]
{"poolManager":"0x8366a39cc670b4001a1121b8f6a443a643e40951","txHash":"0x9a9813e32cf4ac4d34457f1150f011ee102b1f1fa3b8127dbc2dc33ce2922873"}	[{"salt": "1420", "amount0": "0", "amount1": "0", "ordinal": 0, "tickLower": 112800, "tickUpper": 119600, "liquidityDelta": "-2928863998219551005457"}]
{"poolManager":"0x8366a39cc670b4001a1121b8f6a443a643e40951","txHash":"0x3fa7417da5993444a18c6c591ad4e7d66a82c8d6915ccdede992489d9301f528"}	[{"salt": "1426", "amount0": "1951359048860225", "amount1": "153025873230490893391", "ordinal": 0, "tickLower": 112400, "tickUpper": 118800, "liquidityDelta": "-125900404373466807629"}]
{"poolManager":"0x8366a39cc670b4001a1121b8f6a443a643e40951","txHash":"0x335582b02ddec80e573b29bedad0f0f01bc76e0e0bb215e6b21726b4a241f151"}	[{"salt": "1397", "amount0": "254593774941083", "amount1": "26360667230591922223040", "ordinal": 0, "tickLower": -887000, "tickUpper": 887000, "liquidityDelta": "0"}]
{"poolManager":"0x8366a39cc670b4001a1121b8f6a443a643e40951","txHash":"0x26481db5ac395df41c1c33ef5915184cf15c8b14ab0f2753ac835af72d1976ae"}	[{"salt": "1397", "amount0": "267551060136243", "amount1": "2630559524575474139105", "ordinal": 0, "tickLower": -887000, "tickUpper": 887000, "liquidityDelta": "0"}]
{"poolManager":"0x8366a39cc670b4001a1121b8f6a443a643e40951","txHash":"0xa71ea6f5725e5d1843f9b82e8a00850a6255a1e9968a5708650a5d62d33f4b3b"}	[{"salt": "1423", "amount0": "1584941251403474", "amount1": "0", "ordinal": 0, "tickLower": 111200, "tickUpper": 117600, "liquidityDelta": "-1422826695423295704934"}]
{"poolManager":"0x8366a39cc670b4001a1121b8f6a443a643e40951","txHash":"0x7504e327f1502b42b9e4fa04223b8c0e3e337adec36fdab15c9fdb1c9a0ca28c"}	[{"salt": "1424", "amount0": "24503035627856198", "amount1": "1816584249658345863724", "ordinal": 0, "tickLower": 111200, "tickUpper": 117600, "liquidityDelta": "-474275565141098568311"}]
{"poolManager":"0x8366a39cc670b4001a1121b8f6a443a643e40951","txHash":"0xcadfd286c2b2df96d3a7c05b95fa6502880514427d954a024a9b5603b279c870"}	[{"salt": "1397", "amount0": "46471439526156", "amount1": "0", "ordinal": 0, "tickLower": -887000, "tickUpper": 887000, "liquidityDelta": "-138760912766831704547"}]
{"poolManager":"0x8366a39cc670b4001a1121b8f6a443a643e40951","txHash":"0xe630ffddd6af21d0289557eca8404ec00c27e4a084039ffb072dabae82b2290c"}	[{"salt": "1431", "amount0": "894049252084779", "amount1": "55416610847220675247", "ordinal": 0, "tickLower": 110000, "tickUpper": 116800, "liquidityDelta": "50924997194274450520"}]
{"poolManager":"0x8366a39cc670b4001a1121b8f6a443a643e40951","txHash":"0x958f6a2b4a8157b8d20d093fc8f6603fff9166de790f6e72439c36f42469c41b"}	[{"salt": "1209", "amount0": "3641134682605595", "amount1": "7140373611227122210549", "ordinal": 0, "tickLower": -884000, "tickUpper": 884000, "liquidityDelta": "0"}]
{"poolManager":"0x8366a39cc670b4001a1121b8f6a443a643e40951","txHash":"0x5541d167c4c69e9aa96ba14d9d616f233385297616186c79ddcc3cb015fe40fd"}	[{"salt": "1433", "amount0": "3584786247556688", "amount1": "215044296750064982599", "ordinal": 0, "tickLower": 109720, "tickUpper": 111540, "liquidityDelta": "0"}]
{"poolManager":"0x8366a39cc670b4001a1121b8f6a443a643e40951","txHash":"0x2c0c32e1290e82cfb1a30c23755893731f34d9fc6b6952e4451cd31e2b6fef22"}	[{"salt": "1431", "amount0": "0", "amount1": "0", "ordinal": 0, "tickLower": 110000, "tickUpper": 116800, "liquidityDelta": "-159564991208726611631"}]
{"poolManager":"0x8366a39cc670b4001a1121b8f6a443a643e40951","txHash":"0x1f764cf555a39e9bfd9d962661931fe54f4b74e78371a83780eb040f32b47327"}	[{"salt": "1273", "amount0": "1900802872709286", "amount1": "148450893634387584827", "ordinal": 0, "tickLower": 118000, "tickUpper": 132000, "liquidityDelta": "-24536736503598817389"}]
{"poolManager":"0x8366a39cc670b4001a1121b8f6a443a643e40951","txHash":"0x796dc35ee46f06f9ac349fe4d519f24616a80cf0b2fe5acb8a9f52364c5c0dc5"}	[{"salt": "775", "amount0": "2007417232698661", "amount1": "6203836208533570494303", "ordinal": 0, "tickLower": -884000, "tickUpper": 884000, "liquidityDelta": "0"}]
{"poolManager":"0x8366a39cc670b4001a1121b8f6a443a643e40951","txHash":"0xf9216dbca0cd100eef1170fa431afa9a358467694f7df28daf4317110c9a8d23"}	[{"salt": "1435", "amount0": "0", "amount1": "0", "ordinal": 0, "tickLower": 108400, "tickUpper": 115200, "liquidityDelta": "-180020911624430925490"}]
{"poolManager":"0x8366a39cc670b4001a1121b8f6a443a643e40951","txHash":"0x831ac4a6b4116506ec3de32a551dd72b01bd338f14c7237d955154564c4bb4b3"}	[{"salt": "1438", "amount0": "18913245980056085", "amount1": "914206048446410040132", "ordinal": 0, "tickLower": 107600, "tickUpper": 114000, "liquidityDelta": "-2376910900051444604177"}]
{"poolManager":"0x8366a39cc670b4001a1121b8f6a443a643e40951","txHash":"0xbc53f45cc2545a37a0d1ff6cc0b5e521b7ac3df70ef320fd875e4d2f8db3363d"}	[{"salt": "1433", "amount0": "541722125860", "amount1": "0", "ordinal": 0, "tickLower": 109720, "tickUpper": 111540, "liquidityDelta": "-1109354394569468663322"}]
{"poolManager":"0x8366a39cc670b4001a1121b8f6a443a643e40951","txHash":"0x558991755b932d634c224202f9a602b9c66229031082753d474f66c5847bb53a"}	[{"salt": "1434", "amount0": "0", "amount1": "0", "ordinal": 0, "tickLower": -322465, "tickUpper": -310365, "liquidityDelta": "-60413772529164467"}]
{"poolManager":"0x8366a39cc670b4001a1121b8f6a443a643e40951","txHash":"0x78b997ecdc031b82dbac729c252a03f1d60a4f3e7de022c459cce8385ce125dc"}	[{"salt": "1399", "amount0": "858914788289064", "amount1": "30850673412148213282", "ordinal": 0, "tickLower": 110000, "tickUpper": 123600, "liquidityDelta": "-60480367232809490774"}]
{"poolManager":"0x8366a39cc670b4001a1121b8f6a443a643e40951","txHash":"0xcd291bb4ed68df2f7296c79cafcb339ca30ddfafcdb4c4c407bda2817ff03220"}	[{"salt": "1442", "amount0": "749915185279970276866", "amount1": "19236656", "ordinal": 0, "tickLower": -315360, "tickUpper": -309360, "liquidityDelta": "0"}]
{"poolManager":"0x8366a39cc670b4001a1121b8f6a443a643e40951","txHash":"0xc9846b27741419d986d50b6973348fc00225555c78d95a18aaed15426ee76a2a"}	[{"salt": "1441", "amount0": "59374394041879650", "amount1": "3899340744270385111776", "ordinal": 0, "tickLower": 106800, "tickUpper": 113600, "liquidityDelta": "0"}]
{"poolManager":"0x8366a39cc670b4001a1121b8f6a443a643e40951","txHash":"0xf9e58ad0e2803e532a5c20bd3648bd97618c853f296b42742b302bc701360cde"}	[{"salt": "915", "amount0": "17829087", "amount1": "0", "ordinal": 0, "tickLower": -874000, "tickUpper": 874000, "liquidityDelta": "0"}]
{"poolManager":"0x8366a39cc670b4001a1121b8f6a443a643e40951","txHash":"0x57103c37d2942e08d9a9256fff5f9916403b0aec1681228a9a06e0e2dd6e516b"}	[{"salt": "1442", "amount0": "0", "amount1": "7265026", "ordinal": 0, "tickLower": -315360, "tickUpper": -309360, "liquidityDelta": "-100622881222742143"}]
{"poolManager":"0x8366a39cc670b4001a1121b8f6a443a643e40951","txHash":"0x539c342f924531df648151d6b0d1c86bc29adea96ede2b58b5508614e28eac0b"}	[{"salt": "357", "amount0": "0", "amount1": "459925759878098110032861", "ordinal": 0, "tickLower": -885000, "tickUpper": 885000, "liquidityDelta": "0"}]
{"poolManager":"0x8366a39cc670b4001a1121b8f6a443a643e40951","txHash":"0xd4f070be33b1d0eb4f37be0ad17c1757ae591ed19298465aef66f0c0dd67b6a9"}	[{"salt": "332", "amount0": "1081856202708012147442", "amount1": "22011993", "ordinal": 0, "tickLower": -882000, "tickUpper": 882000, "liquidityDelta": "0"}]
