id	output
{"blockNumber":"9506","poolId":"0xdb2c20421239d46bb30a7a73029b7f9b7f166489bfb972057d33cbd7249413a5","stateView":"0xf3334192d15450cdd385c8b70e03f9a6bd9e673b","tickLower":-887220,"tickUpper":887220}	{"ok": true, "feeGrowthInside0X128": "0", "feeGrowthInside1X128": "0"}
{"blockNumber":"17954","poolId":"0xcae471c38d68aa1c8899e8b2b91707f176d184f1c9e0c93a7fe1fc013378c8fc","stateView":"0xf3334192d15450cdd385c8b70e03f9a6bd9e673b","tickLower":-887220,"tickUpper":887220}	{"ok": true, "feeGrowthInside0X128": "0", "feeGrowthInside1X128": "20416942015256348641686506958521708292307"}
{"blockNumber":"44905","poolId":"0xa5f23cae4e5c3388c5a8a6b08a83f53e56df8f1a63757e606b362994b68a2361","stateView":"0xf3334192d15450cdd385c8b70e03f9a6bd9e673b","tickLower":-887272,"tickUpper":887272}	{"ok": true, "feeGrowthInside0X128": "0", "feeGrowthInside1X128": "0"}
{"blockNumber":"47141","poolId":"0xd18c9dc53c12b0db1bc259ff031cd1ac4330ff30a862383904263b6be006bb02","stateView":"0xf3334192d15450cdd385c8b70e03f9a6bd9e673b","tickLower":-100,"tickUpper":100}	{"ok": true, "feeGrowthInside0X128": "0", "feeGrowthInside1X128": "0"}
{"blockNumber":"47725","poolId":"0xd18c9dc53c12b0db1bc259ff031cd1ac4330ff30a862383904263b6be006bb02","stateView":"0xf3334192d15450cdd385c8b70e03f9a6bd9e673b","tickLower":-100,"tickUpper":100}	{"ok": true, "feeGrowthInside0X128": "0", "feeGrowthInside1X128": "0"}
{"blockNumber":"48956","poolId":"0xa5f23cae4e5c3388c5a8a6b08a83f53e56df8f1a63757e606b362994b68a2361","stateView":"0xf3334192d15450cdd385c8b70e03f9a6bd9e673b","tickLower":-276374,"tickUpper":-276274}	{"ok": true, "feeGrowthInside0X128": "0", "feeGrowthInside1X128": "0"}
{"blockNumber":"92581","poolId":"0xa8b4fc82153ca4a5754630dd46fd91573f63e3a9dbc3252f48f2c4e826c46bb3","stateView":"0xf3334192d15450cdd385c8b70e03f9a6bd9e673b","tickLower":-887272,"tickUpper":887272}	{"ok": true, "feeGrowthInside0X128": "0", "feeGrowthInside1X128": "0"}
{"blockNumber":"136833","poolId":"0xd18c9dc53c12b0db1bc259ff031cd1ac4330ff30a862383904263b6be006bb02","stateView":"0xf3334192d15450cdd385c8b70e03f9a6bd9e673b","tickLower":-100,"tickUpper":100}	{"ok": true, "feeGrowthInside0X128": "138142372619793591748178914135", "feeGrowthInside1X128": "1702171986949053716503973598017"}
{"blockNumber":"136857","poolId":"0xd18c9dc53c12b0db1bc259ff031cd1ac4330ff30a862383904263b6be006bb02","stateView":"0xf3334192d15450cdd385c8b70e03f9a6bd9e673b","tickLower":-100,"tickUpper":100}	{"ok": true, "feeGrowthInside0X128": "138142372619793591748178914135", "feeGrowthInside1X128": "1702171986949053716503973598017"}
{"blockNumber":"136885","poolId":"0xd18c9dc53c12b0db1bc259ff031cd1ac4330ff30a862383904263b6be006bb02","stateView":"0xf3334192d15450cdd385c8b70e03f9a6bd9e673b","tickLower":-100,"tickUpper":100}	{"ok": true, "feeGrowthInside0X128": "138142372619793591748178914135", "feeGrowthInside1X128": "1702171986949053716503973598017"}
{"blockNumber":"169464","poolId":"0x387bf619da4d3fb62bb276482693dba1b9b3520f573cabdfe033384a24125982","stateView":"0xf3334192d15450cdd385c8b70e03f9a6bd9e673b","tickLower":-887270,"tickUpper":887270}	{"ok": true, "feeGrowthInside0X128": "0", "feeGrowthInside1X128": "0"}
{"blockNumber":"242553","poolId":"0xd18c9dc53c12b0db1bc259ff031cd1ac4330ff30a862383904263b6be006bb02","stateView":"0xf3334192d15450cdd385c8b70e03f9a6bd9e673b","tickLower":-100,"tickUpper":100}	{"ok": true, "feeGrowthInside0X128": "144865712742251004559637694534", "feeGrowthInside1X128": "1708712201075957814569594979729"}
{"blockNumber":"647449","poolId":"0xd18c9dc53c12b0db1bc259ff031cd1ac4330ff30a862383904263b6be006bb02","stateView":"0xf3334192d15450cdd385c8b70e03f9a6bd9e673b","tickLower":-100,"tickUpper":100}	{"ok": true, "feeGrowthInside0X128": "162224002601976216352427696724", "feeGrowthInside1X128": "1816531555429635012567246766037"}
{"blockNumber":"647524","poolId":"0xd18c9dc53c12b0db1bc259ff031cd1ac4330ff30a862383904263b6be006bb02","stateView":"0xf3334192d15450cdd385c8b70e03f9a6bd9e673b","tickLower":-100,"tickUpper":100}	{"ok": true, "feeGrowthInside0X128": "162224002601976216352427696724", "feeGrowthInside1X128": "1816531555429635012567246766037"}
{"blockNumber":"712162","poolId":"0xe6d78a146797e46e2a30de9dc22a56f1d473f708ca9993bad501236a020db34c","stateView":"0xf3334192d15450cdd385c8b70e03f9a6bd9e673b","tickLower":-887220,"tickUpper":197520}	{"ok": true, "feeGrowthInside0X128": "0", "feeGrowthInside1X128": "0"}
{"blockNumber":"796586","poolId":"0x5f856c8d5a16e7f6c6a391844ad7ce49569e98cd0cade106d304dbb4fb7d0763","stateView":"0xf3334192d15450cdd385c8b70e03f9a6bd9e673b","tickLower":-887220,"tickUpper":191160}	{"ok": true, "feeGrowthInside0X128": "0", "feeGrowthInside1X128": "0"}
{"blockNumber":"820093","poolId":"0xbed9a524709873a90cbaf3356cebe05756eebe11a7957f345e05a2bef918301c","stateView":"0xf3334192d15450cdd385c8b70e03f9a6bd9e673b","tickLower":-885000,"tickUpper":885000}	{"ok": true, "feeGrowthInside0X128": "0", "feeGrowthInside1X128": "0"}
{"blockNumber":"820611","poolId":"0x156bee88b4782c2f78633cc4599ff4d29a882499c190f709aba6b8495d86dd63","stateView":"0xf3334192d15450cdd385c8b70e03f9a6bd9e673b","tickLower":-885000,"tickUpper":885000}	{"ok": true, "feeGrowthInside0X128": "0", "feeGrowthInside1X128": "0"}
{"blockNumber":"820988","poolId":"0x1449c80ebabe6ffc9ceb75f2e4a8e426c60e548cc0ebda798b945ad51c886e49","stateView":"0xf3334192d15450cdd385c8b70e03f9a6bd9e673b","tickLower":-885000,"tickUpper":885000}	{"ok": true, "feeGrowthInside0X128": "0", "feeGrowthInside1X128": "0"}
{"blockNumber":"821448","poolId":"0x55383c2843575722a44dfe494e3539d9c3376ca554cdc9f91e189b4b1006cb91","stateView":"0xf3334192d15450cdd385c8b70e03f9a6bd9e673b","tickLower":-885000,"tickUpper":885000}	{"ok": true, "feeGrowthInside0X128": "0", "feeGrowthInside1X128": "0"}
{"blockNumber":"821529","poolId":"0xf3b084ea34032580a5aa27f1f97045bdd133a446850452e5292dddb55cb13913","stateView":"0xf3334192d15450cdd385c8b70e03f9a6bd9e673b","tickLower":-886000,"tickUpper":886000}	{"ok": true, "feeGrowthInside0X128": "0", "feeGrowthInside1X128": "0"}
{"blockNumber":"821879","poolId":"0x1428ab56ed03634d4c666ff1cba0c3e2a3a7b5299e2b987efab21606827d1384","stateView":"0xf3334192d15450cdd385c8b70e03f9a6bd9e673b","tickLower":-885000,"tickUpper":885000}	{"ok": true, "feeGrowthInside0X128": "0", "feeGrowthInside1X128": "0"}
{"blockNumber":"822994","poolId":"0x0b63d0e0d6b43c390da16c33a7d263c86a187ec664b1e1729f0d846a818f3b66","stateView":"0xf3334192d15450cdd385c8b70e03f9a6bd9e673b","tickLower":-881400,"tickUpper":881400}	{"ok": true, "feeGrowthInside0X128": "0", "feeGrowthInside1X128": "0"}
{"blockNumber":"823356","poolId":"0xf3b084ea34032580a5aa27f1f97045bdd133a446850452e5292dddb55cb13913","stateView":"0xf3334192d15450cdd385c8b70e03f9a6bd9e673b","tickLower":-886000,"tickUpper":886000}	{"ok": true, "feeGrowthInside0X128": "0", "feeGrowthInside1X128": "0"}
{"blockNumber":"824222","poolId":"0xc6e62d2c1fcfc3aca71ae47506d51fbbdef5e38be99d6506ef7fe289fce8e233","stateView":"0xf3334192d15450cdd385c8b70e03f9a6bd9e673b","tickLower":-885000,"tickUpper":885000}	{"ok": true, "feeGrowthInside0X128": "0", "feeGrowthInside1X128": "0"}
{"blockNumber":"824304","poolId":"0x5501f1e70a9a3c56f57880c18d095a63f4e1b50e9def646e7f3c6633d49db550","stateView":"0xf3334192d15450cdd385c8b70e03f9a6bd9e673b","tickLower":128000,"tickUpper":129000}	{"ok": true, "feeGrowthInside0X128": "0", "feeGrowthInside1X128": "0"}
{"blockNumber":"824697","poolId":"0x5501f1e70a9a3c56f57880c18d095a63f4e1b50e9def646e7f3c6633d49db550","stateView":"0xf3334192d15450cdd385c8b70e03f9a6bd9e673b","tickLower":128000,"tickUpper":129000}	{"ok": true, "feeGrowthInside0X128": "0", "feeGrowthInside1X128": "0"}
{"blockNumber":"824726","poolId":"0x180a157161d1bd195464409273e273d7ad08d15849b4fd94aa524bc8f0951cfe","stateView":"0xf3334192d15450cdd385c8b70e03f9a6bd9e673b","tickLower":-885000,"tickUpper":885000}	{"ok": true, "feeGrowthInside0X128": "0", "feeGrowthInside1X128": "0"}
{"blockNumber":"824945","poolId":"0x06a136ff9199da1a43b5a5d163a00de4c760fd8e5d333b491d7fd9d6ac489773","stateView":"0xf3334192d15450cdd385c8b70e03f9a6bd9e673b","tickLower":126600,"tickUpper":128400}	{"ok": true, "feeGrowthInside0X128": "0", "feeGrowthInside1X128": "0"}
{"blockNumber":"826672","poolId":"0x06a136ff9199da1a43b5a5d163a00de4c760fd8e5d333b491d7fd9d6ac489773","stateView":"0xf3334192d15450cdd385c8b70e03f9a6bd9e673b","tickLower":126600,"tickUpper":128400}	{"ok": true, "feeGrowthInside0X128": "0", "feeGrowthInside1X128": "416748645388133355861400519093645998872"}
{"blockNumber":"827852","poolId":"0x06a136ff9199da1a43b5a5d163a00de4c760fd8e5d333b491d7fd9d6ac489773","stateView":"0xf3334192d15450cdd385c8b70e03f9a6bd9e673b","tickLower":128400,"tickUpper":131400}	{"ok": true, "feeGrowthInside0X128": "0", "feeGrowthInside1X128": "0"}
{"blockNumber":"827986","poolId":"0x06a136ff9199da1a43b5a5d163a00de4c760fd8e5d333b491d7fd9d6ac489773","stateView":"0xf3334192d15450cdd385c8b70e03f9a6bd9e673b","tickLower":126600,"tickUpper":128400}	{"ok": true, "feeGrowthInside0X128": "0", "feeGrowthInside1X128": "491479559543672044894035190279944017601"}
{"blockNumber":"829098","poolId":"0x06a136ff9199da1a43b5a5d163a00de4c760fd8e5d333b491d7fd9d6ac489773","stateView":"0xf3334192d15450cdd385c8b70e03f9a6bd9e673b","tickLower":126600,"tickUpper":128400}	{"ok": true, "feeGrowthInside0X128": "284247577714375636747480137966821", "feeGrowthInside1X128": "491479559543672044894035190279944017601"}
{"blockNumber":"829254","poolId":"0x06a136ff9199da1a43b5a5d163a00de4c760fd8e5d333b491d7fd9d6ac489773","stateView":"0xf3334192d15450cdd385c8b70e03f9a6bd9e673b","tickLower":128400,"tickUpper":131400}	{"ok": true, "feeGrowthInside0X128": "0", "feeGrowthInside1X128": "0"}
{"blockNumber":"829529","poolId":"0x06a136ff9199da1a43b5a5d163a00de4c760fd8e5d333b491d7fd9d6ac489773","stateView":"0xf3334192d15450cdd385c8b70e03f9a6bd9e673b","tickLower":128400,"tickUpper":130200}	{"ok": true, "feeGrowthInside0X128": "0", "feeGrowthInside1X128": "0"}
{"blockNumber":"829771","poolId":"0x62e26800139d9c7b015c64a9939ab71fb45b1e0446d9dfad4ca199ed134174fa","stateView":"0xf3334192d15450cdd385c8b70e03f9a6bd9e673b","tickLower":126800,"tickUpper":128400}	{"ok": true, "feeGrowthInside0X128": "0", "feeGrowthInside1X128": "0"}
{"blockNumber":"831916","poolId":"0x7bec00d81bf0b8a13949d718cf97640f44a7a33f386a1bdb710898227393e152","stateView":"0xf3334192d15450cdd385c8b70e03f9a6bd9e673b","tickLower":154800,"tickUpper":162000}	{"ok": true, "feeGrowthInside0X128": "0", "feeGrowthInside1X128": "0"}
{"blockNumber":"832129","poolId":"0x62e26800139d9c7b015c64a9939ab71fb45b1e0446d9dfad4ca199ed134174fa","stateView":"0xf3334192d15450cdd385c8b70e03f9a6bd9e673b","tickLower":126800,"tickUpper":128400}	{"ok": true, "feeGrowthInside0X128": "16295420710493725214096408060635", "feeGrowthInside1X128": "66920163065297629697078472141621911904"}
{"blockNumber":"832596","poolId":"0x06a136ff9199da1a43b5a5d163a00de4c760fd8e5d333b491d7fd9d6ac489773","stateView":"0xf3334192d15450cdd385c8b70e03f9a6bd9e673b","tickLower":128400,"tickUpper":132600}	{"ok": true, "feeGrowthInside0X128": "0", "feeGrowthInside1X128": "0"}
{"blockNumber":"833775","poolId":"0x74739c7ee5dda3695d01575c32371eff16e7b831e37517d1a99b568749143e7a","stateView":"0xf3334192d15450cdd385c8b70e03f9a6bd9e673b","tickLower":-887220,"tickUpper":887220}	{"ok": true, "feeGrowthInside0X128": "0", "feeGrowthInside1X128": "0"}
{"blockNumber":"835204","poolId":"0xb59374674c719c91efa474c696ef94d80184a877fce70e8f7c4d1a58566d45ec","stateView":"0xf3334192d15450cdd385c8b70e03f9a6bd9e673b","tickLower":127600,"tickUpper":138040}	{"ok": true, "feeGrowthInside0X128": "0", "feeGrowthInside1X128": "0"}
{"blockNumber":"835269","poolId":"0x06a136ff9199da1a43b5a5d163a00de4c760fd8e5d333b491d7fd9d6ac489773","stateView":"0xf3334192d15450cdd385c8b70e03f9a6bd9e673b","tickLower":128400,"tickUpper":132600}	{"ok": true, "feeGrowthInside0X128": "0", "feeGrowthInside1X128": "0"}
{"blockNumber":"835861","poolId":"0x717c26219480e9ef6bf4c85bba4f694df776f8e78318e0cb27dbc3a2e91bf15c","stateView":"0xf3334192d15450cdd385c8b70e03f9a6bd9e673b","tickLower":-881400,"tickUpper":881400}	{"ok": true, "feeGrowthInside0X128": "0", "feeGrowthInside1X128": "0"}
{"blockNumber":"837498","poolId":"0xb59374674c719c91efa474c696ef94d80184a877fce70e8f7c4d1a58566d45ec","stateView":"0xf3334192d15450cdd385c8b70e03f9a6bd9e673b","tickLower":127600,"tickUpper":138040}	{"ok": true, "feeGrowthInside0X128": "0", "feeGrowthInside1X128": "0"}
{"blockNumber":"837676","poolId":"0x06a136ff9199da1a43b5a5d163a00de4c760fd8e5d333b491d7fd9d6ac489773","stateView":"0xf3334192d15450cdd385c8b70e03f9a6bd9e673b","tickLower":128400,"tickUpper":130200}	{"ok": true, "feeGrowthInside0X128": "0", "feeGrowthInside1X128": "0"}
{"blockNumber":"838548","poolId":"0x8f66953adcccf65828353bab392156485e2e008f5ed5e6e69f79be104caefa66","stateView":"0xf3334192d15450cdd385c8b70e03f9a6bd9e673b","tickLower":124320,"tickUpper":133840}	{"ok": true, "feeGrowthInside0X128": "0", "feeGrowthInside1X128": "0"}
{"blockNumber":"840136","poolId":"0x47972e2d9b106cf9c9604f4963a1caf51d3d2d183b360ede7338b5de6daf5698","stateView":"0xf3334192d15450cdd385c8b70e03f9a6bd9e673b","tickLower":126800,"tickUpper":145200}	{"ok": true, "feeGrowthInside0X128": "0", "feeGrowthInside1X128": "0"}
{"blockNumber":"840404","poolId":"0x16835d256faab84dfccede6e762ff37a83fbd31d84ad80d351fc53f9b8d04a6c","stateView":"0xf3334192d15450cdd385c8b70e03f9a6bd9e673b","tickLower":-887220,"tickUpper":197520}	{"ok": true, "feeGrowthInside0X128": "0", "feeGrowthInside1X128": "0"}
{"blockNumber":"842790","poolId":"0x47972e2d9b106cf9c9604f4963a1caf51d3d2d183b360ede7338b5de6daf5698","stateView":"0xf3334192d15450cdd385c8b70e03f9a6bd9e673b","tickLower":126800,"tickUpper":145200}	{"ok": true, "feeGrowthInside0X128": "0", "feeGrowthInside1X128": "0"}
{"blockNumber":"843132","poolId":"0x180a157161d1bd195464409273e273d7ad08d15849b4fd94aa524bc8f0951cfe","stateView":"0xf3334192d15450cdd385c8b70e03f9a6bd9e673b","tickLower":-885000,"tickUpper":885000}	{"ok": true, "feeGrowthInside0X128": "1299413186577979427634110501174326632524010721", "feeGrowthInside1X128": "51948397946750552679417587686194"}
{"blockNumber":"843660","poolId":"0x23bd2ce7add637f953d46307c84119b1e507a10d2155c2477ea3503d74cfe4eb","stateView":"0xf3334192d15450cdd385c8b70e03f9a6bd9e673b","tickLower":-881600,"tickUpper":881600}	{"ok": true, "feeGrowthInside0X128": "0", "feeGrowthInside1X128": "0"}
{"blockNumber":"843952","poolId":"0x604867654ec2750ce09cbb595309554961fe5cdc8057628c62d80b42d7a8c50a","stateView":"0xf3334192d15450cdd385c8b70e03f9a6bd9e673b","tickLower":121680,"tickUpper":131040}	{"ok": true, "feeGrowthInside0X128": "0", "feeGrowthInside1X128": "0"}
{"blockNumber":"844059","poolId":"0x8f66953adcccf65828353bab392156485e2e008f5ed5e6e69f79be104caefa66","stateView":"0xf3334192d15450cdd385c8b70e03f9a6bd9e673b","tickLower":124320,"tickUpper":133840}	{"ok": true, "feeGrowthInside0X128": "0", "feeGrowthInside1X128": "0"}
{"blockNumber":"844366","poolId":"0xe9215444ae5caac4b6571e1487d5a4be9a58e80765cc3c917698869380e523bc","stateView":"0xf3334192d15450cdd385c8b70e03f9a6bd9e673b","tickLower":-882000,"tickUpper":882000}	{"ok": true, "feeGrowthInside0X128": "0", "feeGrowthInside1X128": "0"}
{"blockNumber":"844728","poolId":"0xb03a3d5cfc2249bbea8f2ef5ff3fdb8aa9dd495e52a3f826201e4eafb4d11180","stateView":"0xf3334192d15450cdd385c8b70e03f9a6bd9e673b","tickLower":-887200,"tickUpper":887200}	{"ok": true, "feeGrowthInside0X128": "0", "feeGrowthInside1X128": "0"}
{"blockNumber":"846395","poolId":"0x387bf619da4d3fb62bb276482693dba1b9b3520f573cabdfe033384a24125982","stateView":"0xf3334192d15450cdd385c8b70e03f9a6bd9e673b","tickLower":-209150,"tickUpper":-195290}	{"ok": true, "feeGrowthInside0X128": "0", "feeGrowthInside1X128": "0"}
{"blockNumber":"846770","poolId":"0x74739c7ee5dda3695d01575c32371eff16e7b831e37517d1a99b568749143e7a","stateView":"0xf3334192d15450cdd385c8b70e03f9a6bd9e673b","tickLower":-887220,"tickUpper":887220}	{"ok": true, "feeGrowthInside0X128": "487173657137628657286130281019550", "feeGrowthInside1X128": "26243434385957333772667565265187445358"}
{"blockNumber":"846897","poolId":"0x604867654ec2750ce09cbb595309554961fe5cdc8057628c62d80b42d7a8c50a","stateView":"0xf3334192d15450cdd385c8b70e03f9a6bd9e673b","tickLower":121680,"tickUpper":131040}	{"ok": true, "feeGrowthInside0X128": "376335702503342684533659199844960", "feeGrowthInside1X128": "222069602787641480644090924755409144641"}
{"blockNumber":"846992","poolId":"0x7f3bd6612cf742c373530c678f1adf0907fa3245b90dfb510aa611c1fae040e6","stateView":"0xf3334192d15450cdd385c8b70e03f9a6bd9e673b","tickLower":-202800,"tickUpper":-202200}	{"ok": true, "feeGrowthInside0X128": "0", "feeGrowthInside1X128": "0"}
{"blockNumber":"847012","poolId":"0x604867654ec2750ce09cbb595309554961fe5cdc8057628c62d80b42d7a8c50a","stateView":"0xf3334192d15450cdd385c8b70e03f9a6bd9e673b","tickLower":122720,"tickUpper":128960}	{"ok": true, "feeGrowthInside0X128": "0", "feeGrowthInside1X128": "0"}
{"blockNumber":"847603","poolId":"0xd3d49eaab15eb8f4d1d480a8518fc3ce4e60ca81d69904b3e7dc53b4fc0ce2d9","stateView":"0xf3334192d15450cdd385c8b70e03f9a6bd9e673b","tickLower":184200,"tickUpper":212400}	{"ok": true, "feeGrowthInside0X128": "0", "feeGrowthInside1X128": "0"}
{"blockNumber":"848307","poolId":"0x7f3bd6612cf742c373530c678f1adf0907fa3245b90dfb510aa611c1fae040e6","stateView":"0xf3334192d15450cdd385c8b70e03f9a6bd9e673b","tickLower":-202800,"tickUpper":-202200}	{"ok": true, "feeGrowthInside0X128": "547575730574250501967111206580804617235", "feeGrowthInside1X128": "6499018534570151953381190733355"}
{"blockNumber":"849597","poolId":"0xef5672974ad552f1ce24f2873f3e4237e82d44780ef623b6a239db42b08a7d5c","stateView":"0xf3334192d15450cdd385c8b70e03f9a6bd9e673b","tickLower":-203400,"tickUpper":-203200}	{"ok": true, "feeGrowthInside0X128": "0", "feeGrowthInside1X128": "0"}
{"blockNumber":"849987","poolId":"0xef5672974ad552f1ce24f2873f3e4237e82d44780ef623b6a239db42b08a7d5c","stateView":"0xf3334192d15450cdd385c8b70e03f9a6bd9e673b","tickLower":-203400,"tickUpper":-203200}	{"ok": true, "feeGrowthInside0X128": "0", "feeGrowthInside1X128": "110946565900278686593699277131"}
{"blockNumber":"850451","poolId":"0xef5672974ad552f1ce24f2873f3e4237e82d44780ef623b6a239db42b08a7d5c","stateView":"0xf3334192d15450cdd385c8b70e03f9a6bd9e673b","tickLower":-203400,"tickUpper":-203200}	{"ok": true, "feeGrowthInside0X128": "0", "feeGrowthInside1X128": "298415764495837037915646339748"}
{"blockNumber":"851803","poolId":"0xef5672974ad552f1ce24f2873f3e4237e82d44780ef623b6a239db42b08a7d5c","stateView":"0xf3334192d15450cdd385c8b70e03f9a6bd9e673b","tickLower":-202600,"tickUpper":-201400}	{"ok": true, "feeGrowthInside0X128": "0", "feeGrowthInside1X128": "0"}
{"blockNumber":"853629","poolId":"0xe9215444ae5caac4b6571e1487d5a4be9a58e80765cc3c917698869380e523bc","stateView":"0xf3334192d15450cdd385c8b70e03f9a6bd9e673b","tickLower":-882000,"tickUpper":882000}	{"ok": true, "feeGrowthInside0X128": "0", "feeGrowthInside1X128": "0"}
{"blockNumber":"853704","poolId":"0x156bee88b4782c2f78633cc4599ff4d29a882499c190f709aba6b8495d86dd63","stateView":"0xf3334192d15450cdd385c8b70e03f9a6bd9e673b","tickLower":94400,"tickUpper":165200}	{"ok": true, "feeGrowthInside0X128": "0", "feeGrowthInside1X128": "0"}
{"blockNumber":"854044","poolId":"0xef5672974ad552f1ce24f2873f3e4237e82d44780ef623b6a239db42b08a7d5c","stateView":"0xf3334192d15450cdd385c8b70e03f9a6bd9e673b","tickLower":-202600,"tickUpper":-201400}	{"ok": true, "feeGrowthInside0X128": "32733053539789103205521510241690937258032", "feeGrowthInside1X128": "60771367148036497575298184442675"}
{"blockNumber":"854140","poolId":"0xef5672974ad552f1ce24f2873f3e4237e82d44780ef623b6a239db42b08a7d5c","stateView":"0xf3334192d15450cdd385c8b70e03f9a6bd9e673b","tickLower":-202600,"tickUpper":-201400}	{"ok": true, "feeGrowthInside0X128": "34445036042819084242300208726910057968724", "feeGrowthInside1X128": "60771367148036497575298184442675"}
{"blockNumber":"854427","poolId":"0xef5672974ad552f1ce24f2873f3e4237e82d44780ef623b6a239db42b08a7d5c","stateView":"0xf3334192d15450cdd385c8b70e03f9a6bd9e673b","tickLower":-202600,"tickUpper":-201400}	{"ok": true, "feeGrowthInside0X128": "38855612389962478731020353398795048466559", "feeGrowthInside1X128": "66066059683775509685635581380581"}
{"blockNumber":"854557","poolId":"0xef5672974ad552f1ce24f2873f3e4237e82d44780ef623b6a239db42b08a7d5c","stateView":"0xf3334192d15450cdd385c8b70e03f9a6bd9e673b","tickLower":-202800,"tickUpper":-202000}	{"ok": true, "feeGrowthInside0X128": "0", "feeGrowthInside1X128": "0"}
{"blockNumber":"854971","poolId":"0x7f3bd6612cf742c373530c678f1adf0907fa3245b90dfb510aa611c1fae040e6","stateView":"0xf3334192d15450cdd385c8b70e03f9a6bd9e673b","tickLower":-202800,"tickUpper":-202200}	{"ok": true, "feeGrowthInside0X128": "1501419738921621928768910490284280278791", "feeGrowthInside1X128": "8075818123415484348896958247445"}
{"blockNumber":"855287","poolId":"0xef5672974ad552f1ce24f2873f3e4237e82d44780ef623b6a239db42b08a7d5c","stateView":"0xf3334192d15450cdd385c8b70e03f9a6bd9e673b","tickLower":-202600,"tickUpper":-201400}	{"ok": true, "feeGrowthInside0X128": "42210590380612530774597551464133157598608", "feeGrowthInside1X128": "74022908503742529002257070188405"}
{"blockNumber":"855683","poolId":"0x77378814d2cd03e06fcf56296e7e65d727b3a53cfc9effd39f797985ce3b146c","stateView":"0xf3334192d15450cdd385c8b70e03f9a6bd9e673b","tickLower":-887200,"tickUpper":887200}	{"ok": true, "feeGrowthInside0X128": "0", "feeGrowthInside1X128": "0"}
{"blockNumber":"855762","poolId":"0xef5672974ad552f1ce24f2873f3e4237e82d44780ef623b6a239db42b08a7d5c","stateView":"0xf3334192d15450cdd385c8b70e03f9a6bd9e673b","tickLower":-202600,"tickUpper":-201400}	{"ok": true, "feeGrowthInside0X128": "42908733649876535361169819771628632470105", "feeGrowthInside1X128": "75735748748078082519443867431547"}
{"blockNumber":"855865","poolId":"0xef5672974ad552f1ce24f2873f3e4237e82d44780ef623b6a239db42b08a7d5c","stateView":"0xf3334192d15450cdd385c8b70e03f9a6bd9e673b","tickLower":-202600,"tickUpper":-201400}	{"ok": true, "feeGrowthInside0X128": "43168142526291054281876256726252996356633", "feeGrowthInside1X128": "75921550886821554684135385379269"}
{"blockNumber":"855931","poolId":"0x387bf619da4d3fb62bb276482693dba1b9b3520f573cabdfe033384a24125982","stateView":"0xf3334192d15450cdd385c8b70e03f9a6bd9e673b","tickLower":-202250,"tickUpper":-201960}	{"ok": true, "feeGrowthInside0X128": "0", "feeGrowthInside1X128": "0"}
{"blockNumber":"856354","poolId":"0x387bf619da4d3fb62bb276482693dba1b9b3520f573cabdfe033384a24125982","stateView":"0xf3334192d15450cdd385c8b70e03f9a6bd9e673b","tickLower":-202250,"tickUpper":-201960}	{"ok": true, "feeGrowthInside0X128": "0", "feeGrowthInside1X128": "0"}
{"blockNumber":"856802","poolId":"0xef5672974ad552f1ce24f2873f3e4237e82d44780ef623b6a239db42b08a7d5c","stateView":"0xf3334192d15450cdd385c8b70e03f9a6bd9e673b","tickLower":-202600,"tickUpper":-202200}	{"ok": true, "feeGrowthInside0X128": "47029187347662866808356501321421588258745", "feeGrowthInside1X128": "82348562772411518370739672531137"}
{"blockNumber":"857517","poolId":"0xef5672974ad552f1ce24f2873f3e4237e82d44780ef623b6a239db42b08a7d5c","stateView":"0xf3334192d15450cdd385c8b70e03f9a6bd9e673b","tickLower":-202800,"tickUpper":-201600}	{"ok": true, "feeGrowthInside0X128": "9460694530393727837875987812967103163929", "feeGrowthInside1X128": "18001831984920285402045332371503"}
{"blockNumber":"857518","poolId":"0x7b6fc00abee6ef459f7be87344c07910b8835161c2a8c7463c7a77ff1444fcc7","stateView":"0xf3334192d15450cdd385c8b70e03f9a6bd9e673b","tickLower":-202620,"tickUpper":-202260}	{"ok": true, "feeGrowthInside0X128": "0", "feeGrowthInside1X128": "0"}
{"blockNumber":"857643","poolId":"0xef5672974ad552f1ce24f2873f3e4237e82d44780ef623b6a239db42b08a7d5c","stateView":"0xf3334192d15450cdd385c8b70e03f9a6bd9e673b","tickLower":-202600,"tickUpper":-201400}	{"ok": true, "feeGrowthInside0X128": "48316306920356206568896341211762151630488", "feeGrowthInside1X128": "84295581156386925759968030234349"}
{"blockNumber":"857742","poolId":"0xef5672974ad552f1ce24f2873f3e4237e82d44780ef623b6a239db42b08a7d5c","stateView":"0xf3334192d15450cdd385c8b70e03f9a6bd9e673b","tickLower":-202600,"tickUpper":-201400}	{"ok": true, "feeGrowthInside0X128": "48322492001204412300713438981652074135735", "feeGrowthInside1X128": "84295581156386925759968030234349"}
{"blockNumber":"857931","poolId":"0x387bf619da4d3fb62bb276482693dba1b9b3520f573cabdfe033384a24125982","stateView":"0xf3334192d15450cdd385c8b70e03f9a6bd9e673b","tickLower":-202100,"tickUpper":-201650}	{"ok": true, "feeGrowthInside0X128": "0", "feeGrowthInside1X128": "0"}
{"blockNumber":"857999","poolId":"0x387bf619da4d3fb62bb276482693dba1b9b3520f573cabdfe033384a24125982","stateView":"0xf3334192d15450cdd385c8b70e03f9a6bd9e673b","tickLower":-209150,"tickUpper":-195290}	{"ok": true, "feeGrowthInside0X128": "49603313459876515567754420496782559356762", "feeGrowthInside1X128": "90648862808349833077415115357777"}
{"blockNumber":"858086","poolId":"0xef5672974ad552f1ce24f2873f3e4237e82d44780ef623b6a239db42b08a7d5c","stateView":"0xf3334192d15450cdd385c8b70e03f9a6bd9e673b","tickLower":-202800,"tickUpper":-201600}	{"ok": true, "feeGrowthInside0X128": "9771571539052745171564990028884502610662", "feeGrowthInside1X128": "18186915655782368458957057218245"}
{"blockNumber":"858259","poolId":"0x7b6fc00abee6ef459f7be87344c07910b8835161c2a8c7463c7a77ff1444fcc7","stateView":"0xf3334192d15450cdd385c8b70e03f9a6bd9e673b","tickLower":-202620,"tickUpper":-202260}	{"ok": true, "feeGrowthInside0X128": "0", "feeGrowthInside1X128": "0"}
{"blockNumber":"858410","poolId":"0x7b6fc00abee6ef459f7be87344c07910b8835161c2a8c7463c7a77ff1444fcc7","stateView":"0xf3334192d15450cdd385c8b70e03f9a6bd9e673b","tickLower":-202620,"tickUpper":-202260}	{"ok": true, "feeGrowthInside0X128": "0", "feeGrowthInside1X128": "0"}
{"blockNumber":"858607","poolId":"0x316de4227799620d6a784ec0a0e048b17fc64208cc2616aa1f5cb6586a7203b8","stateView":"0xf3334192d15450cdd385c8b70e03f9a6bd9e673b","tickLower":-202400,"tickUpper":-202300}	{"ok": true, "feeGrowthInside0X128": "0", "feeGrowthInside1X128": "0"}
{"blockNumber":"859075","poolId":"0xef5672974ad552f1ce24f2873f3e4237e82d44780ef623b6a239db42b08a7d5c","stateView":"0xf3334192d15450cdd385c8b70e03f9a6bd9e673b","tickLower":-202800,"tickUpper":-201800}	{"ok": true, "feeGrowthInside0X128": "10805836331139326099277886048451032051681", "feeGrowthInside1X128": "20017909770858202089272707670404"}
{"blockNumber":"859430","poolId":"0x19432a2638749f507215f957ed0f01aa555f51dae612c28e21ac2fb2c10bfc9a","stateView":"0xf3334192d15450cdd385c8b70e03f9a6bd9e673b","tickLower":-202174,"tickUpper":-201684}	{"ok": true, "feeGrowthInside0X128": "0", "feeGrowthInside1X128": "0"}
{"blockNumber":"859602","poolId":"0x19432a2638749f507215f957ed0f01aa555f51dae612c28e21ac2fb2c10bfc9a","stateView":"0xf3334192d15450cdd385c8b70e03f9a6bd9e673b","tickLower":-202174,"tickUpper":-201684}	{"ok": true, "feeGrowthInside0X128": "0", "feeGrowthInside1X128": "0"}
{"blockNumber":"859904","poolId":"0xef5672974ad552f1ce24f2873f3e4237e82d44780ef623b6a239db42b08a7d5c","stateView":"0xf3334192d15450cdd385c8b70e03f9a6bd9e673b","tickLower":-202800,"tickUpper":-202200}	{"ok": true, "feeGrowthInside0X128": "10585065990724109731545875605737506048599", "feeGrowthInside1X128": "18986411336646191494820817411388"}
{"blockNumber":"860129","poolId":"0x94d50d546eff4d137b10ec1c92418055fb36a387815c9b0846f20b715ef2fbb3","stateView":"0xf3334192d15450cdd385c8b70e03f9a6bd9e673b","tickLower":-882000,"tickUpper":882000}	{"ok": true, "feeGrowthInside0X128": "0", "feeGrowthInside1X128": "0"}
{"blockNumber":"860708","poolId":"0x316de4227799620d6a784ec0a0e048b17fc64208cc2616aa1f5cb6586a7203b8","stateView":"0xf3334192d15450cdd385c8b70e03f9a6bd9e673b","tickLower":-202400,"tickUpper":-202300}	{"ok": true, "feeGrowthInside0X128": "512680330747739676590690812616610456544", "feeGrowthInside1X128": "974429245770384942863544384763"}
{"blockNumber":"860782","poolId":"0xef5672974ad552f1ce24f2873f3e4237e82d44780ef623b6a239db42b08a7d5c","stateView":"0xf3334192d15450cdd385c8b70e03f9a6bd9e673b","tickLower":-202800,"tickUpper":-201800}	{"ok": true, "feeGrowthInside0X128": "11547253188802870296405489860976759668543", "feeGrowthInside1X128": "20744000376276652599055150109300"}
{"blockNumber":"860789","poolId":"0x94d50d546eff4d137b10ec1c92418055fb36a387815c9b0846f20b715ef2fbb3","stateView":"0xf3334192d15450cdd385c8b70e03f9a6bd9e673b","tickLower":-882000,"tickUpper":882000}	{"ok": true, "feeGrowthInside0X128": "0", "feeGrowthInside1X128": "0"}
{"blockNumber":"861083","poolId":"0xef5672974ad552f1ce24f2873f3e4237e82d44780ef623b6a239db42b08a7d5c","stateView":"0xf3334192d15450cdd385c8b70e03f9a6bd9e673b","tickLower":-203000,"tickUpper":-201800}	{"ok": true, "feeGrowthInside0X128": "0", "feeGrowthInside1X128": "0"}
{"blockNumber":"861105","poolId":"0xef5672974ad552f1ce24f2873f3e4237e82d44780ef623b6a239db42b08a7d5c","stateView":"0xf3334192d15450cdd385c8b70e03f9a6bd9e673b","tickLower":-202200,"tickUpper":-193600}	{"ok": true, "feeGrowthInside0X128": "924770474367062088415029568030478934974", "feeGrowthInside1X128": "1384614516429388847877893183487"}
{"blockNumber":"861114","poolId":"0x1b89db1e6dd0000f6233e007f64e3941e6832d4531b1f9def5b48ea96b093298","stateView":"0xf3334192d15450cdd385c8b70e03f9a6bd9e673b","tickLower":-202400,"tickUpper":-202240}	{"ok": true, "feeGrowthInside0X128": "0", "feeGrowthInside1X128": "0"}
{"blockNumber":"861832","poolId":"0xef5672974ad552f1ce24f2873f3e4237e82d44780ef623b6a239db42b08a7d5c","stateView":"0xf3334192d15450cdd385c8b70e03f9a6bd9e673b","tickLower":-202600,"tickUpper":-202200}	{"ok": true, "feeGrowthInside0X128": "50438447087725610945426038951460379884467", "feeGrowthInside1X128": "86501910928965868218090128722359"}
{"blockNumber":"861840","poolId":"0xef5672974ad552f1ce24f2873f3e4237e82d44780ef623b6a239db42b08a7d5c","stateView":"0xf3334192d15450cdd385c8b70e03f9a6bd9e673b","tickLower":-202600,"tickUpper":-202200}	{"ok": true, "feeGrowthInside0X128": "50438447087725610945426038951460379884467", "feeGrowthInside1X128": "86501910928965868218090128722359"}
{"blockNumber":"861865","poolId":"0x3afe6243777aad4c16d132552c7afb3a553278ad548ac9fe14d70ea73441c150","stateView":"0xf3334192d15450cdd385c8b70e03f9a6bd9e673b","tickLower":-202462,"tickUpper":-202124}	{"ok": true, "feeGrowthInside0X128": "0", "feeGrowthInside1X128": "0"}
{"blockNumber":"861910","poolId":"0xef5672974ad552f1ce24f2873f3e4237e82d44780ef623b6a239db42b08a7d5c","stateView":"0xf3334192d15450cdd385c8b70e03f9a6bd9e673b","tickLower":-202800,"tickUpper":-202200}	{"ok": true, "feeGrowthInside0X128": "11584484751306519911468132007297512021839", "feeGrowthInside1X128": "20274888690154871542591234419270"}
{"blockNumber":"861977","poolId":"0xef5672974ad552f1ce24f2873f3e4237e82d44780ef623b6a239db42b08a7d5c","stateView":"0xf3334192d15450cdd385c8b70e03f9a6bd9e673b","tickLower":-203000,"tickUpper":-201800}	{"ok": true, "feeGrowthInside0X128": "51364867615636060730903514974123039423372", "feeGrowthInside1X128": "88193648097443605543692397580897"}
{"blockNumber":"862178","poolId":"0xef5672974ad552f1ce24f2873f3e4237e82d44780ef623b6a239db42b08a7d5c","stateView":"0xf3334192d15450cdd385c8b70e03f9a6bd9e673b","tickLower":-202800,"tickUpper":-202000}	{"ok": true, "feeGrowthInside0X128": "9030492489644009613658188952802847838884", "feeGrowthInside1X128": "15657895053230327343164103462008"}
{"blockNumber":"862385","poolId":"0x387bf619da4d3fb62bb276482693dba1b9b3520f573cabdfe033384a24125982","stateView":"0xf3334192d15450cdd385c8b70e03f9a6bd9e673b","tickLower":-202100,"tickUpper":-201650}	{"ok": true, "feeGrowthInside0X128": "0", "feeGrowthInside1X128": "0"}
{"blockNumber":"862948","poolId":"0xef5672974ad552f1ce24f2873f3e4237e82d44780ef623b6a239db42b08a7d5c","stateView":"0xf3334192d15450cdd385c8b70e03f9a6bd9e673b","tickLower":-202600,"tickUpper":-202200}	{"ok": true, "feeGrowthInside0X128": "50440097141268998642488485406092560488398", "feeGrowthInside1X128": "86910881596316828453197780400634"}
{"blockNumber":"863261","poolId":"0xef5672974ad552f1ce24f2873f3e4237e82d44780ef623b6a239db42b08a7d5c","stateView":"0xf3334192d15450cdd385c8b70e03f9a6bd9e673b","tickLower":-202200,"tickUpper":-193600}	{"ok": true, "feeGrowthInside0X128": "924770474367062088415029568030478934974", "feeGrowthInside1X128": "1384614516429388847877893183487"}
{"blockNumber":"863399","poolId":"0x0847aa1dda97e03454a1e7af9280da50fe1c226905edbe5dbd4c1ca05b6dacb9","stateView":"0xf3334192d15450cdd385c8b70e03f9a6bd9e673b","tickLower":-202560,"tickUpper":-202320}	{"ok": true, "feeGrowthInside0X128": "0", "feeGrowthInside1X128": "0"}
{"blockNumber":"863547","poolId":"0xef5672974ad552f1ce24f2873f3e4237e82d44780ef623b6a239db42b08a7d5c","stateView":"0xf3334192d15450cdd385c8b70e03f9a6bd9e673b","tickLower":-202200,"tickUpper":-201800}	{"ok": true, "feeGrowthInside0X128": "924770474367062088415029568030478934974", "feeGrowthInside1X128": "1384614516429388847877893183487"}
{"blockNumber":"863695","poolId":"0x36cd1c4b89e3184622c5ddd997780be98816209dc2de63c0c95ac6a4c66bebde","stateView":"0xf3334192d15450cdd385c8b70e03f9a6bd9e673b","tickLower":-202944,"tickUpper":-202491}	{"ok": true, "feeGrowthInside0X128": "0", "feeGrowthInside1X128": "0"}
{"blockNumber":"864016","poolId":"0xef5672974ad552f1ce24f2873f3e4237e82d44780ef623b6a239db42b08a7d5c","stateView":"0xf3334192d15450cdd385c8b70e03f9a6bd9e673b","tickLower":-202800,"tickUpper":-202200}	{"ok": true, "feeGrowthInside0X128": "11663756130746612026616810895454506510754", "feeGrowthInside1X128": "20825783511594246093773916935154"}
{"blockNumber":"864035","poolId":"0x36cd1c4b89e3184622c5ddd997780be98816209dc2de63c0c95ac6a4c66bebde","stateView":"0xf3334192d15450cdd385c8b70e03f9a6bd9e673b","tickLower":-202944,"tickUpper":-202491}	{"ok": true, "feeGrowthInside0X128": "0", "feeGrowthInside1X128": "0"}
{"blockNumber":"864090","poolId":"0xb03a3d5cfc2249bbea8f2ef5ff3fdb8aa9dd495e52a3f826201e4eafb4d11180","stateView":"0xf3334192d15450cdd385c8b70e03f9a6bd9e673b","tickLower":-887200,"tickUpper":887200}	{"ok": true, "feeGrowthInside0X128": "0", "feeGrowthInside1X128": "2597932193636799355273303670553455445925"}
{"blockNumber":"864131","poolId":"0x3afe6243777aad4c16d132552c7afb3a553278ad548ac9fe14d70ea73441c150","stateView":"0xf3334192d15450cdd385c8b70e03f9a6bd9e673b","tickLower":-202462,"tickUpper":-202124}	{"ok": true, "feeGrowthInside0X128": "0", "feeGrowthInside1X128": "0"}
{"blockNumber":"864198","poolId":"0xb03a3d5cfc2249bbea8f2ef5ff3fdb8aa9dd495e52a3f826201e4eafb4d11180","stateView":"0xf3334192d15450cdd385c8b70e03f9a6bd9e673b","tickLower":-887200,"tickUpper":887200}	{"ok": true, "feeGrowthInside0X128": "0", "feeGrowthInside1X128": "2597932193636799355273303670553455445925"}
{"blockNumber":"864784","poolId":"0xef5672974ad552f1ce24f2873f3e4237e82d44780ef623b6a239db42b08a7d5c","stateView":"0xf3334192d15450cdd385c8b70e03f9a6bd9e673b","tickLower":-202800,"tickUpper":-202000}	{"ok": true, "feeGrowthInside0X128": "9109763869084101728806867840959842327799", "feeGrowthInside1X128": "16233543237170439640535302424429"}
{"blockNumber":"865298","poolId":"0xef5672974ad552f1ce24f2873f3e4237e82d44780ef623b6a239db42b08a7d5c","stateView":"0xf3334192d15450cdd385c8b70e03f9a6bd9e673b","tickLower":-202800,"tickUpper":-201600}	{"ok": true, "feeGrowthInside0X128": "12644456572155691040002631926067129628262", "feeGrowthInside1X128": "22286744329922441878528769632427"}
{"blockNumber":"865605","poolId":"0xef5672974ad552f1ce24f2873f3e4237e82d44780ef623b6a239db42b08a7d5c","stateView":"0xf3334192d15450cdd385c8b70e03f9a6bd9e673b","tickLower":-202600,"tickUpper":-202200}	{"ok": true, "feeGrowthInside0X128": "50575298487751107682607955756831699159847", "feeGrowthInside1X128": "87501285015193669223592170472083"}
{"blockNumber":"865696","poolId":"0x0849474ec8f6d6633baf2bfccf40914e9fb55f419549c758831d2e7fbb93517c","stateView":"0xf3334192d15450cdd385c8b70e03f9a6bd9e673b","tickLower":-202516,"tickUpper":-202319}	{"ok": true, "feeGrowthInside0X128": "0", "feeGrowthInside1X128": "0"}
{"blockNumber":"865878","poolId":"0x0849474ec8f6d6633baf2bfccf40914e9fb55f419549c758831d2e7fbb93517c","stateView":"0xf3334192d15450cdd385c8b70e03f9a6bd9e673b","tickLower":-202516,"tickUpper":-202319}	{"ok": true, "feeGrowthInside0X128": "0", "feeGrowthInside1X128": "0"}
{"blockNumber":"868784","poolId":"0x387bf619da4d3fb62bb276482693dba1b9b3520f573cabdfe033384a24125982","stateView":"0xf3334192d15450cdd385c8b70e03f9a6bd9e673b","tickLower":-202640,"tickUpper":-202120}	{"ok": true, "feeGrowthInside0X128": "0", "feeGrowthInside1X128": "0"}
{"blockNumber":"869842","poolId":"0x387bf619da4d3fb62bb276482693dba1b9b3520f573cabdfe033384a24125982","stateView":"0xf3334192d15450cdd385c8b70e03f9a6bd9e673b","tickLower":-202380,"tickUpper":-202160}	{"ok": true, "feeGrowthInside0X128": "0", "feeGrowthInside1X128": "0"}
{"blockNumber":"870054","poolId":"0xef5672974ad552f1ce24f2873f3e4237e82d44780ef623b6a239db42b08a7d5c","stateView":"0xf3334192d15450cdd385c8b70e03f9a6bd9e673b","tickLower":-202600,"tickUpper":-202200}	{"ok": true, "feeGrowthInside0X128": "50909333103849542353755585404209136029854", "feeGrowthInside1X128": "87887702971597858901097610044140"}
{"blockNumber":"870432","poolId":"0xef5672974ad552f1ce24f2873f3e4237e82d44780ef623b6a239db42b08a7d5c","stateView":"0xf3334192d15450cdd385c8b70e03f9a6bd9e673b","tickLower":-202800,"tickUpper":-202000}	{"ok": true, "feeGrowthInside0X128": "12978491188254125711150261573444566498269", "feeGrowthInside1X128": "23036588361663739633667879589235"}
{"blockNumber":"871331","poolId":"0xef5672974ad552f1ce24f2873f3e4237e82d44780ef623b6a239db42b08a7d5c","stateView":"0xf3334192d15450cdd385c8b70e03f9a6bd9e673b","tickLower":-202800,"tickUpper":-202200}	{"ok": true, "feeGrowthInside0X128": "12053720713887063622735232005414087563295", "feeGrowthInside1X128": "21651973845234350785789986405748"}
{"blockNumber":"875409","poolId":"0xef5672974ad552f1ce24f2873f3e4237e82d44780ef623b6a239db42b08a7d5c","stateView":"0xf3334192d15450cdd385c8b70e03f9a6bd9e673b","tickLower":-203200,"tickUpper":-201400}	{"ok": true, "feeGrowthInside0X128": "0", "feeGrowthInside1X128": "0"}
{"blockNumber":"875795","poolId":"0x19dfc373e8c827d37af5edec7384c0be70979262b95e4690457e8f678ff4889b","stateView":"0xf3334192d15450cdd385c8b70e03f9a6bd9e673b","tickLower":-882000,"tickUpper":882000}	{"ok": true, "feeGrowthInside0X128": "0", "feeGrowthInside1X128": "0"}
{"blockNumber":"877788","poolId":"0xac88d5129ea57a430093145827ed97d35ae23bf1dfa7280c594de79a4475d598","stateView":"0xf3334192d15450cdd385c8b70e03f9a6bd9e673b","tickLower":-882000,"tickUpper":882000}	{"ok": true, "feeGrowthInside0X128": "0", "feeGrowthInside1X128": "0"}
{"blockNumber":"878321","poolId":"0x19dfc373e8c827d37af5edec7384c0be70979262b95e4690457e8f678ff4889b","stateView":"0xf3334192d15450cdd385c8b70e03f9a6bd9e673b","tickLower":-882000,"tickUpper":882000}	{"ok": true, "feeGrowthInside0X128": "4571549172685623278334382661470", "feeGrowthInside1X128": "0"}
{"blockNumber":"879081","poolId":"0xac88d5129ea57a430093145827ed97d35ae23bf1dfa7280c594de79a4475d598","stateView":"0xf3334192d15450cdd385c8b70e03f9a6bd9e673b","tickLower":-882000,"tickUpper":882000}	{"ok": true, "feeGrowthInside0X128": "0", "feeGrowthInside1X128": "0"}
{"blockNumber":"879869","poolId":"0x156bee88b4782c2f78633cc4599ff4d29a882499c190f709aba6b8495d86dd63","stateView":"0xf3334192d15450cdd385c8b70e03f9a6bd9e673b","tickLower":94400,"tickUpper":165200}	{"ok": true, "feeGrowthInside0X128": "0", "feeGrowthInside1X128": "0"}
{"blockNumber":"879892","poolId":"0xef5672974ad552f1ce24f2873f3e4237e82d44780ef623b6a239db42b08a7d5c","stateView":"0xf3334192d15450cdd385c8b70e03f9a6bd9e673b","tickLower":-202200,"tickUpper":-192600}	{"ok": true, "feeGrowthInside0X128": "924770474367062088415029568030478934974", "feeGrowthInside1X128": "1384614516429388847877893183487"}
{"blockNumber":"880417","poolId":"0xac88d5129ea57a430093145827ed97d35ae23bf1dfa7280c594de79a4475d598","stateView":"0xf3334192d15450cdd385c8b70e03f9a6bd9e673b","tickLower":-882000,"tickUpper":882000}	{"ok": true, "feeGrowthInside0X128": "0", "feeGrowthInside1X128": "0"}
{"blockNumber":"880783","poolId":"0x21a9acf06228e1771504c4f29f131dc9abee8c9f4163034c14fbeb0e76de99b2","stateView":"0xf3334192d15450cdd385c8b70e03f9a6bd9e673b","tickLower":-886000,"tickUpper":886000}	{"ok": true, "feeGrowthInside0X128": "0", "feeGrowthInside1X128": "0"}
{"blockNumber":"881708","poolId":"0xac88d5129ea57a430093145827ed97d35ae23bf1dfa7280c594de79a4475d598","stateView":"0xf3334192d15450cdd385c8b70e03f9a6bd9e673b","tickLower":-882000,"tickUpper":882000}	{"ok": true, "feeGrowthInside0X128": "76045895732346391023255381374037041", "feeGrowthInside1X128": "0"}
{"blockNumber":"881878","poolId":"0x387bf619da4d3fb62bb276482693dba1b9b3520f573cabdfe033384a24125982","stateView":"0xf3334192d15450cdd385c8b70e03f9a6bd9e673b","tickLower":-202380,"tickUpper":-202160}	{"ok": true, "feeGrowthInside0X128": "51628493373888090476376209845113750801991", "feeGrowthInside1X128": "93914614217591483202637953406870"}
{"blockNumber":"882386","poolId":"0x1b89db1e6dd0000f6233e007f64e3941e6832d4531b1f9def5b48ea96b093298","stateView":"0xf3334192d15450cdd385c8b70e03f9a6bd9e673b","tickLower":-202400,"tickUpper":-202240}	{"ok": true, "feeGrowthInside0X128": "1107717033798713844095335345848648260551", "feeGrowthInside1X128": "2007780731148880669230629437609"}
{"blockNumber":"882482","poolId":"0x0847aa1dda97e03454a1e7af9280da50fe1c226905edbe5dbd4c1ca05b6dacb9","stateView":"0xf3334192d15450cdd385c8b70e03f9a6bd9e673b","tickLower":-202560,"tickUpper":-202320}	{"ok": true, "feeGrowthInside0X128": "504568921948780224577972904001464965313", "feeGrowthInside1X128": "977854144883887520207183048924"}
{"blockNumber":"883052","poolId":"0x19dfc373e8c827d37af5edec7384c0be70979262b95e4690457e8f678ff4889b","stateView":"0xf3334192d15450cdd385c8b70e03f9a6bd9e673b","tickLower":-882000,"tickUpper":882000}	{"ok": true, "feeGrowthInside0X128": "4571549172685623278334382661470", "feeGrowthInside1X128": "0"}
{"blockNumber":"883810","poolId":"0xef5672974ad552f1ce24f2873f3e4237e82d44780ef623b6a239db42b08a7d5c","stateView":"0xf3334192d15450cdd385c8b70e03f9a6bd9e673b","tickLower":-202200,"tickUpper":-201800}	{"ok": true, "feeGrowthInside0X128": "924770474367062088415029568030478934974", "feeGrowthInside1X128": "1384614516429388847877893183487"}
{"blockNumber":"885062","poolId":"0x8a15b0ee3e4068f2cba5f50860c7455c8ec67933e8bc3841e43c70121f71a106","stateView":"0xf3334192d15450cdd385c8b70e03f9a6bd9e673b","tickLower":-880000,"tickUpper":880000}	{"ok": true, "feeGrowthInside0X128": "0", "feeGrowthInside1X128": "0"}
{"blockNumber":"885851","poolId":"0xc21f3583f75fbf14e54e7eaae8d194805eb95fd9b4b0bb5af970a69a83b39374","stateView":"0xf3334192d15450cdd385c8b70e03f9a6bd9e673b","tickLower":-887272,"tickUpper":-247546}	{"ok": true, "feeGrowthInside0X128": "0", "feeGrowthInside1X128": "0"}
{"blockNumber":"885851","poolId":"0xc21f3583f75fbf14e54e7eaae8d194805eb95fd9b4b0bb5af970a69a83b39374","stateView":"0xf3334192d15450cdd385c8b70e03f9a6bd9e673b","tickLower":-887272,"tickUpper":887272}	{"ok": true, "feeGrowthInside0X128": "0", "feeGrowthInside1X128": "0"}
{"blockNumber":"885951","poolId":"0xac88d5129ea57a430093145827ed97d35ae23bf1dfa7280c594de79a4475d598","stateView":"0xf3334192d15450cdd385c8b70e03f9a6bd9e673b","tickLower":-882000,"tickUpper":882000}	{"ok": true, "feeGrowthInside0X128": "109980105283976671382287880964016811", "feeGrowthInside1X128": "0"}
{"blockNumber":"886138","poolId":"0x21a9acf06228e1771504c4f29f131dc9abee8c9f4163034c14fbeb0e76de99b2","stateView":"0xf3334192d15450cdd385c8b70e03f9a6bd9e673b","tickLower":-886000,"tickUpper":886000}	{"ok": true, "feeGrowthInside0X128": "0", "feeGrowthInside1X128": "0"}
{"blockNumber":"886249","poolId":"0xac88d5129ea57a430093145827ed97d35ae23bf1dfa7280c594de79a4475d598","stateView":"0xf3334192d15450cdd385c8b70e03f9a6bd9e673b","tickLower":-882000,"tickUpper":882000}	{"ok": true, "feeGrowthInside0X128": "109980105283976671382287880964016811", "feeGrowthInside1X128": "0"}
{"blockNumber":"887946","poolId":"0x387bf619da4d3fb62bb276482693dba1b9b3520f573cabdfe033384a24125982","stateView":"0xf3334192d15450cdd385c8b70e03f9a6bd9e673b","tickLower":-202230,"tickUpper":-202000}	{"ok": true, "feeGrowthInside0X128": "0", "feeGrowthInside1X128": "0"}
{"blockNumber":"888989","poolId":"0x813d8f302b3af7591dbff0a36ef736ffec484d52e50df3c3c161307e180d7b98","stateView":"0xf3334192d15450cdd385c8b70e03f9a6bd9e673b","tickLower":-883200,"tickUpper":883200}	{"ok": true, "feeGrowthInside0X128": "0", "feeGrowthInside1X128": "0"}
{"blockNumber":"889634","poolId":"0x21a9acf06228e1771504c4f29f131dc9abee8c9f4163034c14fbeb0e76de99b2","stateView":"0xf3334192d15450cdd385c8b70e03f9a6bd9e673b","tickLower":-886000,"tickUpper":886000}	{"ok": true, "feeGrowthInside0X128": "0", "feeGrowthInside1X128": "13848018395590403728445550183902844253761"}
{"blockNumber":"890419","poolId":"0x232b1c68cd17c827afc4c33631e66aee436b64883849867b577af1dfbec4112d","stateView":"0xf3334192d15450cdd385c8b70e03f9a6bd9e673b","tickLower":-887220,"tickUpper":887220}	{"ok": true, "feeGrowthInside0X128": "0", "feeGrowthInside1X128": "0"}
{"blockNumber":"891220","poolId":"0x2bb211c50a072f0cc289f06f7e6dac254da16097135088228414518e70b4e9e1","stateView":"0xf3334192d15450cdd385c8b70e03f9a6bd9e673b","tickLower":126060,"tickUpper":145200}	{"ok": true, "feeGrowthInside0X128": "0", "feeGrowthInside1X128": "0"}
{"blockNumber":"892112","poolId":"0x156bee88b4782c2f78633cc4599ff4d29a882499c190f709aba6b8495d86dd63","stateView":"0xf3334192d15450cdd385c8b70e03f9a6bd9e673b","tickLower":129800,"tickUpper":141600}	{"ok": true, "feeGrowthInside0X128": "0", "feeGrowthInside1X128": "0"}
{"blockNumber":"892351","poolId":"0x387bf619da4d3fb62bb276482693dba1b9b3520f573cabdfe033384a24125982","stateView":"0xf3334192d15450cdd385c8b70e03f9a6bd9e673b","tickLower":-202230,"tickUpper":-202000}	{"ok": true, "feeGrowthInside0X128": "0", "feeGrowthInside1X128": "0"}
{"blockNumber":"892933","poolId":"0x387bf619da4d3fb62bb276482693dba1b9b3520f573cabdfe033384a24125982","stateView":"0xf3334192d15450cdd385c8b70e03f9a6bd9e673b","tickLower":-202340,"tickUpper":-202000}	{"ok": true, "feeGrowthInside0X128": "0", "feeGrowthInside1X128": "0"}
{"blockNumber":"893240","poolId":"0x232b1c68cd17c827afc4c33631e66aee436b64883849867b577af1dfbec4112d","stateView":"0xf3334192d15450cdd385c8b70e03f9a6bd9e673b","tickLower":-887220,"tickUpper":887220}	{"ok": true, "feeGrowthInside0X128": "4443794938983529402483036456995299", "feeGrowthInside1X128": "0"}
{"blockNumber":"894108","poolId":"0x813d8f302b3af7591dbff0a36ef736ffec484d52e50df3c3c161307e180d7b98","stateView":"0xf3334192d15450cdd385c8b70e03f9a6bd9e673b","tickLower":-883200,"tickUpper":883200}	{"ok": true, "feeGrowthInside0X128": "0", "feeGrowthInside1X128": "0"}
{"blockNumber":"895009","poolId":"0xef5672974ad552f1ce24f2873f3e4237e82d44780ef623b6a239db42b08a7d5c","stateView":"0xf3334192d15450cdd385c8b70e03f9a6bd9e673b","tickLower":-202600,"tickUpper":-202200}	{"ok": true, "feeGrowthInside0X128": "51015012577837196854710739952466800418112", "feeGrowthInside1X128": "87999128899819379896467232143653"}
{"blockNumber":"895120","poolId":"0x8a15b0ee3e4068f2cba5f50860c7455c8ec67933e8bc3841e43c70121f71a106","stateView":"0xf3334192d15450cdd385c8b70e03f9a6bd9e673b","tickLower":-880000,"tickUpper":880000}	{"ok": true, "feeGrowthInside0X128": "2949159300089984838825171949882284", "feeGrowthInside1X128": "123924437682905188672109446354872408369780"}
{"blockNumber":"895219","poolId":"0x8a15b0ee3e4068f2cba5f50860c7455c8ec67933e8bc3841e43c70121f71a106","stateView":"0xf3334192d15450cdd385c8b70e03f9a6bd9e673b","tickLower":-880000,"tickUpper":880000}	{"ok": true, "feeGrowthInside0X128": "2949159300089984838825171949882284", "feeGrowthInside1X128": "123924437682905188672109446354872408369780"}
{"blockNumber":"895743","poolId":"0xef5672974ad552f1ce24f2873f3e4237e82d44780ef623b6a239db42b08a7d5c","stateView":"0xf3334192d15450cdd385c8b70e03f9a6bd9e673b","tickLower":-202600,"tickUpper":-202200}	{"ok": true, "feeGrowthInside0X128": "51015012577837196854710739952466800418112", "feeGrowthInside1X128": "87999128899819379896467232143653"}
{"blockNumber":"895837","poolId":"0x2bb211c50a072f0cc289f06f7e6dac254da16097135088228414518e70b4e9e1","stateView":"0xf3334192d15450cdd385c8b70e03f9a6bd9e673b","tickLower":126060,"tickUpper":145200}	{"ok": true, "feeGrowthInside0X128": "0", "feeGrowthInside1X128": "0"}
{"blockNumber":"896263","poolId":"0xac88d5129ea57a430093145827ed97d35ae23bf1dfa7280c594de79a4475d598","stateView":"0xf3334192d15450cdd385c8b70e03f9a6bd9e673b","tickLower":-882000,"tickUpper":882000}	{"ok": true, "feeGrowthInside0X128": "238614221730793835182417756116847677", "feeGrowthInside1X128": "0"}
{"blockNumber":"896360","poolId":"0x156bee88b4782c2f78633cc4599ff4d29a882499c190f709aba6b8495d86dd63","stateView":"0xf3334192d15450cdd385c8b70e03f9a6bd9e673b","tickLower":129800,"tickUpper":141600}	{"ok": true, "feeGrowthInside0X128": "0", "feeGrowthInside1X128": "0"}
{"blockNumber":"896379","poolId":"0x21a9acf06228e1771504c4f29f131dc9abee8c9f4163034c14fbeb0e76de99b2","stateView":"0xf3334192d15450cdd385c8b70e03f9a6bd9e673b","tickLower":-886000,"tickUpper":886000}	{"ok": true, "feeGrowthInside0X128": "10259662317178175821597147094493908", "feeGrowthInside1X128": "25771868847671926432925317432960322974228"}
{"blockNumber":"896511","poolId":"0x21a9acf06228e1771504c4f29f131dc9abee8c9f4163034c14fbeb0e76de99b2","stateView":"0xf3334192d15450cdd385c8b70e03f9a6bd9e673b","tickLower":-886000,"tickUpper":886000}	{"ok": true, "feeGrowthInside0X128": "10259662317178175821597147094493908", "feeGrowthInside1X128": "25771868847671926432925317432960322974228"}
{"blockNumber":"896675","poolId":"0xac88d5129ea57a430093145827ed97d35ae23bf1dfa7280c594de79a4475d598","stateView":"0xf3334192d15450cdd385c8b70e03f9a6bd9e673b","tickLower":-882000,"tickUpper":882000}	{"ok": true, "feeGrowthInside0X128": "238614221730793835182417756116847677", "feeGrowthInside1X128": "0"}
{"blockNumber":"896916","poolId":"0x21a9acf06228e1771504c4f29f131dc9abee8c9f4163034c14fbeb0e76de99b2","stateView":"0xf3334192d15450cdd385c8b70e03f9a6bd9e673b","tickLower":-886000,"tickUpper":886000}	{"ok": true, "feeGrowthInside0X128": "10684463438035218958167478000319841", "feeGrowthInside1X128": "25771868847671926432925317432960322974228"}
{"blockNumber":"897226","poolId":"0x21a9acf06228e1771504c4f29f131dc9abee8c9f4163034c14fbeb0e76de99b2","stateView":"0xf3334192d15450cdd385c8b70e03f9a6bd9e673b","tickLower":134000,"tickUpper":146000}	{"ok": true, "feeGrowthInside0X128": "0", "feeGrowthInside1X128": "0"}
{"blockNumber":"898268","poolId":"0x813d8f302b3af7591dbff0a36ef736ffec484d52e50df3c3c161307e180d7b98","stateView":"0xf3334192d15450cdd385c8b70e03f9a6bd9e673b","tickLower":-883200,"tickUpper":883200}	{"ok": true, "feeGrowthInside0X128": "0", "feeGrowthInside1X128": "0"}
{"blockNumber":"899333","poolId":"0x21a9acf06228e1771504c4f29f131dc9abee8c9f4163034c14fbeb0e76de99b2","stateView":"0xf3334192d15450cdd385c8b70e03f9a6bd9e673b","tickLower":134000,"tickUpper":146000}	{"ok": true, "feeGrowthInside0X128": "1771764101306174398178003338513353", "feeGrowthInside1X128": "3628034833361649550202615515717754794113"}
{"blockNumber":"899447","poolId":"0x21a9acf06228e1771504c4f29f131dc9abee8c9f4163034c14fbeb0e76de99b2","stateView":"0xf3334192d15450cdd385c8b70e03f9a6bd9e673b","tickLower":-886000,"tickUpper":886000}	{"ok": true, "feeGrowthInside0X128": "12552573405822811244175188902419620", "feeGrowthInside1X128": "31111104249831996737540221177477550895953"}
{"blockNumber":"900650","poolId":"0x21a9acf06228e1771504c4f29f131dc9abee8c9f4163034c14fbeb0e76de99b2","stateView":"0xf3334192d15450cdd385c8b70e03f9a6bd9e673b","tickLower":134000,"tickUpper":146000}	{"ok": true, "feeGrowthInside0X128": "0", "feeGrowthInside1X128": "0"}
{"blockNumber":"900925","poolId":"0x21a9acf06228e1771504c4f29f131dc9abee8c9f4163034c14fbeb0e76de99b2","stateView":"0xf3334192d15450cdd385c8b70e03f9a6bd9e673b","tickLower":136000,"tickUpper":148000}	{"ok": true, "feeGrowthInside0X128": "0", "feeGrowthInside1X128": "0"}
{"blockNumber":"902285","poolId":"0xa08635cd8ffe42a525ef039ee27719d132333958e13b051ed4d0b310e9d16fac","stateView":"0xf3334192d15450cdd385c8b70e03f9a6bd9e673b","tickLower":-887270,"tickUpper":-245640}	{"ok": true, "feeGrowthInside0X128": "0", "feeGrowthInside1X128": "0"}
{"blockNumber":"902285","poolId":"0xa08635cd8ffe42a525ef039ee27719d132333958e13b051ed4d0b310e9d16fac","stateView":"0xf3334192d15450cdd385c8b70e03f9a6bd9e673b","tickLower":-887270,"tickUpper":887270}	{"ok": true, "feeGrowthInside0X128": "0", "feeGrowthInside1X128": "0"}
{"blockNumber":"902435","poolId":"0xa08635cd8ffe42a525ef039ee27719d132333958e13b051ed4d0b310e9d16fac","stateView":"0xf3334192d15450cdd385c8b70e03f9a6bd9e673b","tickLower":-887270,"tickUpper":-245640}	{"ok": true, "feeGrowthInside0X128": "0", "feeGrowthInside1X128": "0"}
{"blockNumber":"902437","poolId":"0xa08635cd8ffe42a525ef039ee27719d132333958e13b051ed4d0b310e9d16fac","stateView":"0xf3334192d15450cdd385c8b70e03f9a6bd9e673b","tickLower":-887270,"tickUpper":887270}	{"ok": true, "feeGrowthInside0X128": "0", "feeGrowthInside1X128": "0"}
{"blockNumber":"903192","poolId":"0x6ef27a2be82637e8ec441a9296616d89641a9bdd3354ee4b98f62c5460fc79d4","stateView":"0xf3334192d15450cdd385c8b70e03f9a6bd9e673b","tickLower":-887270,"tickUpper":-245850}	{"ok": true, "feeGrowthInside0X128": "0", "feeGrowthInside1X128": "0"}
{"blockNumber":"903192","poolId":"0x6ef27a2be82637e8ec441a9296616d89641a9bdd3354ee4b98f62c5460fc79d4","stateView":"0xf3334192d15450cdd385c8b70e03f9a6bd9e673b","tickLower":-887270,"tickUpper":887270}	{"ok": true, "feeGrowthInside0X128": "0", "feeGrowthInside1X128": "0"}
{"blockNumber":"903305","poolId":"0x6ef27a2be82637e8ec441a9296616d89641a9bdd3354ee4b98f62c5460fc79d4","stateView":"0xf3334192d15450cdd385c8b70e03f9a6bd9e673b","tickLower":-887270,"tickUpper":-245850}	{"ok": true, "feeGrowthInside0X128": "0", "feeGrowthInside1X128": "0"}
{"blockNumber":"903347","poolId":"0x6ef27a2be82637e8ec441a9296616d89641a9bdd3354ee4b98f62c5460fc79d4","stateView":"0xf3334192d15450cdd385c8b70e03f9a6bd9e673b","tickLower":-887270,"tickUpper":887270}	{"ok": true, "feeGrowthInside0X128": "0", "feeGrowthInside1X128": "0"}
{"blockNumber":"904423","poolId":"0x387bf619da4d3fb62bb276482693dba1b9b3520f573cabdfe033384a24125982","stateView":"0xf3334192d15450cdd385c8b70e03f9a6bd9e673b","tickLower":-202340,"tickUpper":-202000}	{"ok": true, "feeGrowthInside0X128": "0", "feeGrowthInside1X128": "0"}
{"blockNumber":"905815","poolId":"0x6c6a6c2f014c2af07c3b3047a3d28909b9bbeaaf3ec403f97bc997414d63c796","stateView":"0xf3334192d15450cdd385c8b70e03f9a6bd9e673b","tickLower":249900,"tickUpper":887270}	{"ok": true, "feeGrowthInside0X128": "0", "feeGrowthInside1X128": "0"}
{"blockNumber":"905815","poolId":"0x6c6a6c2f014c2af07c3b3047a3d28909b9bbeaaf3ec403f97bc997414d63c796","stateView":"0xf3334192d15450cdd385c8b70e03f9a6bd9e673b","tickLower":-887270,"tickUpper":887270}	{"ok": true, "feeGrowthInside0X128": "0", "feeGrowthInside1X128": "0"}
{"blockNumber":"905887","poolId":"0x21a9acf06228e1771504c4f29f131dc9abee8c9f4163034c14fbeb0e76de99b2","stateView":"0xf3334192d15450cdd385c8b70e03f9a6bd9e673b","tickLower":-886000,"tickUpper":886000}	{"ok": true, "feeGrowthInside0X128": "49109182838503360801243296867088654", "feeGrowthInside1X128": "65573098988489540807896680041672417519172"}
{"blockNumber":"905943","poolId":"0x21a9acf06228e1771504c4f29f131dc9abee8c9f4163034c14fbeb0e76de99b2","stateView":"0xf3334192d15450cdd385c8b70e03f9a6bd9e673b","tickLower":136000,"tickUpper":148000}	{"ok": true, "feeGrowthInside0X128": "19256984542227253609904821426103408", "feeGrowthInside1X128": "20911561178036678458309691926922347495899"}
{"blockNumber":"907442","poolId":"0xac88d5129ea57a430093145827ed97d35ae23bf1dfa7280c594de79a4475d598","stateView":"0xf3334192d15450cdd385c8b70e03f9a6bd9e673b","tickLower":-882000,"tickUpper":882000}	{"ok": true, "feeGrowthInside0X128": "238614221730793835182417756116847677", "feeGrowthInside1X128": "0"}
{"blockNumber":"908080","poolId":"0x66dde4a355e3b894f2a5b7e4d7c734daf422d733921e9ca4182674cb78dcac1c","stateView":"0xf3334192d15450cdd385c8b70e03f9a6bd9e673b","tickLower":-886000,"tickUpper":886000}	{"ok": true, "feeGrowthInside0X128": "0", "feeGrowthInside1X128": "0"}
{"blockNumber":"908208","poolId":"0x21a9acf06228e1771504c4f29f131dc9abee8c9f4163034c14fbeb0e76de99b2","stateView":"0xf3334192d15450cdd385c8b70e03f9a6bd9e673b","tickLower":136000,"tickUpper":148000}	{"ok": true, "feeGrowthInside0X128": "23251341409929907313295200070413607", "feeGrowthInside1X128": "20911561178036678458309691926922347495899"}
{"blockNumber":"908278","poolId":"0x21a9acf06228e1771504c4f29f131dc9abee8c9f4163034c14fbeb0e76de99b2","stateView":"0xf3334192d15450cdd385c8b70e03f9a6bd9e673b","tickLower":-886000,"tickUpper":886000}	{"ok": true, "feeGrowthInside0X128": "53103539706206014504633675511398853", "feeGrowthInside1X128": "65573098988489540807896680041672417519172"}
{"blockNumber":"908896","poolId":"0x8a15b0ee3e4068f2cba5f50860c7455c8ec67933e8bc3841e43c70121f71a106","stateView":"0xf3334192d15450cdd385c8b70e03f9a6bd9e673b","tickLower":-880000,"tickUpper":880000}	{"ok": true, "feeGrowthInside0X128": "2949159300089984838825171949882284", "feeGrowthInside1X128": "123924437682905188672109446354872408369780"}
{"blockNumber":"910670","poolId":"0x70efd9bf1398f5687722118076aae91c1818834c2a1c154d1ea38850ee8b6526","stateView":"0xf3334192d15450cdd385c8b70e03f9a6bd9e673b","tickLower":-202384,"tickUpper":-200200}	{"ok": true, "feeGrowthInside0X128": "0", "feeGrowthInside1X128": "0"}
{"blockNumber":"910810","poolId":"0x36cd1c4b89e3184622c5ddd997780be98816209dc2de63c0c95ac6a4c66bebde","stateView":"0xf3334192d15450cdd385c8b70e03f9a6bd9e673b","tickLower":-202944,"tickUpper":-202491}	{"ok": true, "feeGrowthInside0X128": "0", "feeGrowthInside1X128": "2318519212093704777688387702141"}
{"blockNumber":"911090","poolId":"0x6c6a6c2f014c2af07c3b3047a3d28909b9bbeaaf3ec403f97bc997414d63c796","stateView":"0xf3334192d15450cdd385c8b70e03f9a6bd9e673b","tickLower":249900,"tickUpper":887270}	{"ok": true, "feeGrowthInside0X128": "0", "feeGrowthInside1X128": "0"}
{"blockNumber":"911091","poolId":"0x6c6a6c2f014c2af07c3b3047a3d28909b9bbeaaf3ec403f97bc997414d63c796","stateView":"0xf3334192d15450cdd385c8b70e03f9a6bd9e673b","tickLower":-887270,"tickUpper":887270}	{"ok": true, "feeGrowthInside0X128": "0", "feeGrowthInside1X128": "0"}
{"blockNumber":"911478","poolId":"0x13916bc9465972289f12955fe445663091c18aa48b039d9c302891b5130d1f9c","stateView":"0xf3334192d15450cdd385c8b70e03f9a6bd9e673b","tickLower":-202360,"tickUpper":-200820}	{"ok": true, "feeGrowthInside0X128": "0", "feeGrowthInside1X128": "0"}
{"blockNumber":"911863","poolId":"0xb1094af0aab930a5c1c39e1288ce52d7d6f3616b19ff226b1fc636882af4ea7c","stateView":"0xf3334192d15450cdd385c8b70e03f9a6bd9e673b","tickLower":-202320,"tickUpper":-202200}	{"ok": true, "feeGrowthInside0X128": "0", "feeGrowthInside1X128": "0"}
{"blockNumber":"911992","poolId":"0x70efd9bf1398f5687722118076aae91c1818834c2a1c154d1ea38850ee8b6526","stateView":"0xf3334192d15450cdd385c8b70e03f9a6bd9e673b","tickLower":-202384,"tickUpper":-200200}	{"ok": true, "feeGrowthInside0X128": "0", "feeGrowthInside1X128": "0"}
{"blockNumber":"912140","poolId":"0x21a9acf06228e1771504c4f29f131dc9abee8c9f4163034c14fbeb0e76de99b2","stateView":"0xf3334192d15450cdd385c8b70e03f9a6bd9e673b","tickLower":136000,"tickUpper":148000}	{"ok": true, "feeGrowthInside0X128": "23667797479634830804134624373067779", "feeGrowthInside1X128": "26926658316954278284264287732742962800930"}
{"blockNumber":"912215","poolId":"0x888621eadf3cca5ea7bcdb96254a2f412d9ba9443efe99ae0893bcd9a98c2ac3","stateView":"0xf3334192d15450cdd385c8b70e03f9a6bd9e673b","tickLower":-887200,"tickUpper":887200}	{"ok": true, "feeGrowthInside0X128": "0", "feeGrowthInside1X128": "0"}
{"blockNumber":"912271","poolId":"0x21a9acf06228e1771504c4f29f131dc9abee8c9f4163034c14fbeb0e76de99b2","stateView":"0xf3334192d15450cdd385c8b70e03f9a6bd9e673b","tickLower":-886000,"tickUpper":886000}	{"ok": true, "feeGrowthInside0X128": "53519995775910937995473099814053025", "feeGrowthInside1X128": "71588196127407140633851275847493032824203"}
{"blockNumber":"912806","poolId":"0x930e33a8dedff80c1ebc5f8536b6048b05edde8b54377356850b5ad239af7450","stateView":"0xf3334192d15450cdd385c8b70e03f9a6bd9e673b","tickLower":-202421,"tickUpper":-201072}	{"ok": true, "feeGrowthInside0X128": "0", "feeGrowthInside1X128": "0"}
{"blockNumber":"913327","poolId":"0xef5672974ad552f1ce24f2873f3e4237e82d44780ef623b6a239db42b08a7d5c","stateView":"0xf3334192d15450cdd385c8b70e03f9a6bd9e673b","tickLower":-887200,"tickUpper":887200}	{"ok": true, "feeGrowthInside0X128": "0", "feeGrowthInside1X128": "0"}
{"blockNumber":"914438","poolId":"0xb1094af0aab930a5c1c39e1288ce52d7d6f3616b19ff226b1fc636882af4ea7c","stateView":"0xf3334192d15450cdd385c8b70e03f9a6bd9e673b","tickLower":-202320,"tickUpper":-202200}	{"ok": true, "feeGrowthInside0X128": "0", "feeGrowthInside1X128": "114793607080219142673291548909"}
{"blockNumber":"914561","poolId":"0x5b631bfb036d20e8ebeb8a3839c3981b721a79d3209610208f359b931e973905","stateView":"0xf3334192d15450cdd385c8b70e03f9a6bd9e673b","tickLower":-202300,"tickUpper":-201280}	{"ok": true, "feeGrowthInside0X128": "0", "feeGrowthInside1X128": "0"}
{"blockNumber":"914666","poolId":"0x888621eadf3cca5ea7bcdb96254a2f412d9ba9443efe99ae0893bcd9a98c2ac3","stateView":"0xf3334192d15450cdd385c8b70e03f9a6bd9e673b","tickLower":-887200,"tickUpper":887200}	{"ok": true, "feeGrowthInside0X128": "0", "feeGrowthInside1X128": "0"}
{"blockNumber":"915012","poolId":"0xab75e137d851202c01cc43a8d766cdc4b4227e5b4ad25146933a39bfc4b52d1c","stateView":"0xf3334192d15450cdd385c8b70e03f9a6bd9e673b","tickLower":-202320,"tickUpper":-202240}	{"ok": true, "feeGrowthInside0X128": "0", "feeGrowthInside1X128": "0"}
{"blockNumber":"915920","poolId":"0xcd1786ab1438d76707ee3fe89175d21dec052b65371cbc18e37fb8a88b47b70c","stateView":"0xf3334192d15450cdd385c8b70e03f9a6bd9e673b","tickLower":-887200,"tickUpper":230400}	{"ok": true, "feeGrowthInside0X128": "0", "feeGrowthInside1X128": "0"}
{"blockNumber":"916609","poolId":"0x1b4d95d3a3f5d24c322457c800868f5685fe5611b435fe83d396ea2904f65a6d","stateView":"0xf3334192d15450cdd385c8b70e03f9a6bd9e673b","tickLower":-887272,"tickUpper":-245843}	{"ok": true, "feeGrowthInside0X128": "0", "feeGrowthInside1X128": "0"}
{"blockNumber":"916609","poolId":"0x1b4d95d3a3f5d24c322457c800868f5685fe5611b435fe83d396ea2904f65a6d","stateView":"0xf3334192d15450cdd385c8b70e03f9a6bd9e673b","tickLower":-887272,"tickUpper":887272}	{"ok": true, "feeGrowthInside0X128": "0", "feeGrowthInside1X128": "0"}
{"blockNumber":"916829","poolId":"0x1b4d95d3a3f5d24c322457c800868f5685fe5611b435fe83d396ea2904f65a6d","stateView":"0xf3334192d15450cdd385c8b70e03f9a6bd9e673b","tickLower":-887272,"tickUpper":-245843}	{"ok": true, "feeGrowthInside0X128": "0", "feeGrowthInside1X128": "0"}
{"blockNumber":"916834","poolId":"0x1b4d95d3a3f5d24c322457c800868f5685fe5611b435fe83d396ea2904f65a6d","stateView":"0xf3334192d15450cdd385c8b70e03f9a6bd9e673b","tickLower":-887272,"tickUpper":887272}	{"ok": true, "feeGrowthInside0X128": "0", "feeGrowthInside1X128": "0"}
{"blockNumber":"917589","poolId":"0x5b631bfb036d20e8ebeb8a3839c3981b721a79d3209610208f359b931e973905","stateView":"0xf3334192d15450cdd385c8b70e03f9a6bd9e673b","tickLower":-202300,"tickUpper":-201280}	{"ok": true, "feeGrowthInside0X128": "0", "feeGrowthInside1X128": "0"}
{"blockNumber":"917755","poolId":"0x13916bc9465972289f12955fe445663091c18aa48b039d9c302891b5130d1f9c","stateView":"0xf3334192d15450cdd385c8b70e03f9a6bd9e673b","tickLower":-202360,"tickUpper":-200820}	{"ok": true, "feeGrowthInside0X128": "139998446724215686075104869955708373123", "feeGrowthInside1X128": "288842148198584674077846517258"}
{"blockNumber":"918613","poolId":"0x28b3e0aa86d28eb5f0bbe95600d5e62a230244c1017c240bf2042eb13bcc3d57","stateView":"0xf3334192d15450cdd385c8b70e03f9a6bd9e673b","tickLower":-887272,"tickUpper":-245843}	{"ok": true, "feeGrowthInside0X128": "0", "feeGrowthInside1X128": "0"}
{"blockNumber":"918613","poolId":"0x28b3e0aa86d28eb5f0bbe95600d5e62a230244c1017c240bf2042eb13bcc3d57","stateView":"0xf3334192d15450cdd385c8b70e03f9a6bd9e673b","tickLower":-887272,"tickUpper":887272}	{"ok": true, "feeGrowthInside0X128": "0", "feeGrowthInside1X128": "0"}
{"blockNumber":"921559","poolId":"0x6969b7dd3778402fb1d0783178740a89df33e9b0069e5b2c2fd0eecbae69b4ff","stateView":"0xf3334192d15450cdd385c8b70e03f9a6bd9e673b","tickLower":-232600,"tickUpper":-200400}	{"ok": true, "feeGrowthInside0X128": "0", "feeGrowthInside1X128": "763213934210402316692350281"}
{"blockNumber":"921559","poolId":"0x6969b7dd3778402fb1d0783178740a89df33e9b0069e5b2c2fd0eecbae69b4ff","stateView":"0xf3334192d15450cdd385c8b70e03f9a6bd9e673b","tickLower":-200400,"tickUpper":-170400}	{"ok": true, "feeGrowthInside0X128": "0", "feeGrowthInside1X128": "0"}
{"blockNumber":"921559","poolId":"0x6969b7dd3778402fb1d0783178740a89df33e9b0069e5b2c2fd0eecbae69b4ff","stateView":"0xf3334192d15450cdd385c8b70e03f9a6bd9e673b","tickLower":-170400,"tickUpper":-124400}	{"ok": true, "feeGrowthInside0X128": "0", "feeGrowthInside1X128": "0"}
{"blockNumber":"921745","poolId":"0x21a9acf06228e1771504c4f29f131dc9abee8c9f4163034c14fbeb0e76de99b2","stateView":"0xf3334192d15450cdd385c8b70e03f9a6bd9e673b","tickLower":136000,"tickUpper":148000}	{"ok": true, "feeGrowthInside0X128": "23667797479634830804134624373067779", "feeGrowthInside1X128": "36569659075729360712044128559739241631492"}
{"blockNumber":"921835","poolId":"0x21a9acf06228e1771504c4f29f131dc9abee8c9f4163034c14fbeb0e76de99b2","stateView":"0xf3334192d15450cdd385c8b70e03f9a6bd9e673b","tickLower":-886000,"tickUpper":886000}	{"ok": true, "feeGrowthInside0X128": "54387841477982482161484234725458872", "feeGrowthInside1X128": "87843190846673264146990291777816665384619"}
{"blockNumber":"922197","poolId":"0x21a9acf06228e1771504c4f29f131dc9abee8c9f4163034c14fbeb0e76de99b2","stateView":"0xf3334192d15450cdd385c8b70e03f9a6bd9e673b","tickLower":-886000,"tickUpper":886000}	{"ok": true, "feeGrowthInside0X128": "54387841477982482161484234725458872", "feeGrowthInside1X128": "87843190846673264146990291777816665384619"}
{"blockNumber":"922216","poolId":"0x13916bc9465972289f12955fe445663091c18aa48b039d9c302891b5130d1f9c","stateView":"0xf3334192d15450cdd385c8b70e03f9a6bd9e673b","tickLower":-202360,"tickUpper":-200820}	{"ok": true, "feeGrowthInside0X128": "213550808458153376237802368937893854121", "feeGrowthInside1X128": "366087437806660902178729617206"}
{"blockNumber":"922457","poolId":"0xab75e137d851202c01cc43a8d766cdc4b4227e5b4ad25146933a39bfc4b52d1c","stateView":"0xf3334192d15450cdd385c8b70e03f9a6bd9e673b","tickLower":-202320,"tickUpper":-202240}	{"ok": true, "feeGrowthInside0X128": "62626421827602402391116866810496319779", "feeGrowthInside1X128": "103485852669138884192693258315"}
{"blockNumber":"922594","poolId":"0x6a54a7257796135fcf0c397c6bc37102d64605d8b5dc528c9fad7b65e90e7418","stateView":"0xf3334192d15450cdd385c8b70e03f9a6bd9e673b","tickLower":-202368,"tickUpper":-201297}	{"ok": true, "feeGrowthInside0X128": "0", "feeGrowthInside1X128": "0"}
{"blockNumber":"922860","poolId":"0x1ba9893de2b33938ef007e60313c11f9b488ca858c3611669e5b44bcaef665d2","stateView":"0xf3334192d15450cdd385c8b70e03f9a6bd9e673b","tickLower":-887200,"tickUpper":887200}	{"ok": true, "feeGrowthInside0X128": "0", "feeGrowthInside1X128": "0"}
{"blockNumber":"926407","poolId":"0x1ba9893de2b33938ef007e60313c11f9b488ca858c3611669e5b44bcaef665d2","stateView":"0xf3334192d15450cdd385c8b70e03f9a6bd9e673b","tickLower":-887200,"tickUpper":887200}	{"ok": true, "feeGrowthInside0X128": "0", "feeGrowthInside1X128": "0"}
{"blockNumber":"927521","poolId":"0xa8b4d427901b1a0ca5f6a8edf537acb6f627125f02b5078fb832c8e5e3c4ad67","stateView":"0xf3334192d15450cdd385c8b70e03f9a6bd9e673b","tickLower":-887200,"tickUpper":887200}	{"ok": true, "feeGrowthInside0X128": "0", "feeGrowthInside1X128": "0"}
{"blockNumber":"929094","poolId":"0x74739c7ee5dda3695d01575c32371eff16e7b831e37517d1a99b568749143e7a","stateView":"0xf3334192d15450cdd385c8b70e03f9a6bd9e673b","tickLower":-887220,"tickUpper":887220}	{"ok": true, "feeGrowthInside0X128": "1874216258470083760142880765805845", "feeGrowthInside1X128": "459745977448397999681969963331282718892"}
{"blockNumber":"929271","poolId":"0xa8b4d427901b1a0ca5f6a8edf537acb6f627125f02b5078fb832c8e5e3c4ad67","stateView":"0xf3334192d15450cdd385c8b70e03f9a6bd9e673b","tickLower":-887200,"tickUpper":887200}	{"ok": true, "feeGrowthInside0X128": "1076066260290778132352774128231", "feeGrowthInside1X128": "1054860388190312593584067697644171186418"}
{"blockNumber":"929651","poolId":"0x74739c7ee5dda3695d01575c32371eff16e7b831e37517d1a99b568749143e7a","stateView":"0xf3334192d15450cdd385c8b70e03f9a6bd9e673b","tickLower":-887220,"tickUpper":887220}	{"ok": true, "feeGrowthInside0X128": "1874216258470083760142880765805845", "feeGrowthInside1X128": "459745977448397999681969963331282718892"}
{"blockNumber":"930143","poolId":"0x21a9acf06228e1771504c4f29f131dc9abee8c9f4163034c14fbeb0e76de99b2","stateView":"0xf3334192d15450cdd385c8b70e03f9a6bd9e673b","tickLower":-886000,"tickUpper":886000}	{"ok": true, "feeGrowthInside0X128": "55020968233384963214589721078867539", "feeGrowthInside1X128": "98914440741947759097076326608756203965897"}
{"blockNumber":"930312","poolId":"0x21a9acf06228e1771504c4f29f131dc9abee8c9f4163034c14fbeb0e76de99b2","stateView":"0xf3334192d15450cdd385c8b70e03f9a6bd9e673b","tickLower":136000,"tickUpper":148000}	{"ok": true, "feeGrowthInside0X128": "0", "feeGrowthInside1X128": "0"}
{"blockNumber":"930727","poolId":"0x21a9acf06228e1771504c4f29f131dc9abee8c9f4163034c14fbeb0e76de99b2","stateView":"0xf3334192d15450cdd385c8b70e03f9a6bd9e673b","tickLower":-886000,"tickUpper":886000}	{"ok": true, "feeGrowthInside0X128": "55020968233384963214589721078867539", "feeGrowthInside1X128": "98914440741947759097076326608756203965897"}
{"blockNumber":"931410","poolId":"0x66dde4a355e3b894f2a5b7e4d7c734daf422d733921e9ca4182674cb78dcac1c","stateView":"0xf3334192d15450cdd385c8b70e03f9a6bd9e673b","tickLower":-886000,"tickUpper":886000}	{"ok": true, "feeGrowthInside0X128": "0", "feeGrowthInside1X128": "219039443924555434340910461053814655718089"}
{"blockNumber":"937878","poolId":"0x21a9acf06228e1771504c4f29f131dc9abee8c9f4163034c14fbeb0e76de99b2","stateView":"0xf3334192d15450cdd385c8b70e03f9a6bd9e673b","tickLower":-886000,"tickUpper":886000}	{"ok": true, "feeGrowthInside0X128": "56172866668273908637574513698757801", "feeGrowthInside1X128": "109542123444328172589150360695513425780072"}
{"blockNumber":"943356","poolId":"0xde48795e92adcfd21cd57d05a309903f45d6085a7a9e2ce29306f10c257c70bc","stateView":"0xf3334192d15450cdd385c8b70e03f9a6bd9e673b","tickLower":-221400,"tickUpper":173200}	{"ok": true, "feeGrowthInside0X128": "0", "feeGrowthInside1X128": "0"}
{"blockNumber":"943728","poolId":"0x21a9acf06228e1771504c4f29f131dc9abee8c9f4163034c14fbeb0e76de99b2","stateView":"0xf3334192d15450cdd385c8b70e03f9a6bd9e673b","tickLower":-886000,"tickUpper":886000}	{"ok": true, "feeGrowthInside0X128": "58611861266065426203419950720773056", "feeGrowthInside1X128": "109542123444328172589150360695513425780072"}
{"blockNumber":"943913","poolId":"0xde48795e92adcfd21cd57d05a309903f45d6085a7a9e2ce29306f10c257c70bc","stateView":"0xf3334192d15450cdd385c8b70e03f9a6bd9e673b","tickLower":-221400,"tickUpper":173200}	{"ok": true, "feeGrowthInside0X128": "0", "feeGrowthInside1X128": "0"}
{"blockNumber":"944086","poolId":"0x276965182ca1a042ad9a0d482b5c01ba1f6d7ce395c74429d47fdbf02c292fef","stateView":"0xf3334192d15450cdd385c8b70e03f9a6bd9e673b","tickLower":-886000,"tickUpper":886000}	{"ok": true, "feeGrowthInside0X128": "0", "feeGrowthInside1X128": "0"}
{"blockNumber":"944255","poolId":"0x276965182ca1a042ad9a0d482b5c01ba1f6d7ce395c74429d47fdbf02c292fef","stateView":"0xf3334192d15450cdd385c8b70e03f9a6bd9e673b","tickLower":164000,"tickUpper":174000}	{"ok": true, "feeGrowthInside0X128": "0", "feeGrowthInside1X128": "0"}
{"blockNumber":"944357","poolId":"0x732f2c86ffb8a7f4194b0311d03277146c817b8884cb17a9694876ca9320b181","stateView":"0xf3334192d15450cdd385c8b70e03f9a6bd9e673b","tickLower":-115140,"tickUpper":-69060}	{"ok": true, "feeGrowthInside0X128": "0", "feeGrowthInside1X128": "0"}
{"blockNumber":"945139","poolId":"0x21a9acf06228e1771504c4f29f131dc9abee8c9f4163034c14fbeb0e76de99b2","stateView":"0xf3334192d15450cdd385c8b70e03f9a6bd9e673b","tickLower":-886000,"tickUpper":886000}	{"ok": true, "feeGrowthInside0X128": "59065809371313751386292665161448573", "feeGrowthInside1X128": "114575312504229395858694123508886764601277"}
{"blockNumber":"949302","poolId":"0x732f2c86ffb8a7f4194b0311d03277146c817b8884cb17a9694876ca9320b181","stateView":"0xf3334192d15450cdd385c8b70e03f9a6bd9e673b","tickLower":-115140,"tickUpper":-69060}	{"ok": true, "feeGrowthInside0X128": "0", "feeGrowthInside1X128": "0"}
{"blockNumber":"949698","poolId":"0x74739c7ee5dda3695d01575c32371eff16e7b831e37517d1a99b568749143e7a","stateView":"0xf3334192d15450cdd385c8b70e03f9a6bd9e673b","tickLower":-887220,"tickUpper":887220}	{"ok": true, "feeGrowthInside0X128": "2218065941115700521364382167478397", "feeGrowthInside1X128": "709306387073540879433078676757570063013"}
{"blockNumber":"950529","poolId":"0x276965182ca1a042ad9a0d482b5c01ba1f6d7ce395c74429d47fdbf02c292fef","stateView":"0xf3334192d15450cdd385c8b70e03f9a6bd9e673b","tickLower":-886000,"tickUpper":886000}	{"ok": true, "feeGrowthInside0X128": "2018773740425483896572062727876944", "feeGrowthInside1X128": "18295264925485485263561419426029633421534"}
{"blockNumber":"950595","poolId":"0x276965182ca1a042ad9a0d482b5c01ba1f6d7ce395c74429d47fdbf02c292fef","stateView":"0xf3334192d15450cdd385c8b70e03f9a6bd9e673b","tickLower":164000,"tickUpper":174000}	{"ok": true, "feeGrowthInside0X128": "2018773740425483896572062727876944", "feeGrowthInside1X128": "18295264925485485263561419426029633421534"}
{"blockNumber":"951227","poolId":"0x276965182ca1a042ad9a0d482b5c01ba1f6d7ce395c74429d47fdbf02c292fef","stateView":"0xf3334192d15450cdd385c8b70e03f9a6bd9e673b","tickLower":-886000,"tickUpper":886000}	{"ok": true, "feeGrowthInside0X128": "2018773740425483896572062727876944", "feeGrowthInside1X128": "18295264925485485263561419426029633421534"}
{"blockNumber":"951370","poolId":"0x276965182ca1a042ad9a0d482b5c01ba1f6d7ce395c74429d47fdbf02c292fef","stateView":"0xf3334192d15450cdd385c8b70e03f9a6bd9e673b","tickLower":164000,"tickUpper":174000}	{"ok": true, "feeGrowthInside0X128": "2018773740425483896572062727876944", "feeGrowthInside1X128": "18295264925485485263561419426029633421534"}
{"blockNumber":"951586","poolId":"0x21a9acf06228e1771504c4f29f131dc9abee8c9f4163034c14fbeb0e76de99b2","stateView":"0xf3334192d15450cdd385c8b70e03f9a6bd9e673b","tickLower":-886000,"tickUpper":886000}	{"ok": true, "feeGrowthInside0X128": "59065809371313751386292665161448573", "feeGrowthInside1X128": "116745406204605122098360906700292925437930"}
{"blockNumber":"951781","poolId":"0x8b97ac5c73d1fc41ea3fe48889db2d0d74e4a9a959143fbadbe77856c409e21e","stateView":"0xf3334192d15450cdd385c8b70e03f9a6bd9e673b","tickLower":-887200,"tickUpper":230400}	{"ok": true, "feeGrowthInside0X128": "0", "feeGrowthInside1X128": "0"}
{"blockNumber":"952017","poolId":"0x276965182ca1a042ad9a0d482b5c01ba1f6d7ce395c74429d47fdbf02c292fef","stateView":"0xf3334192d15450cdd385c8b70e03f9a6bd9e673b","tickLower":-886000,"tickUpper":886000}	{"ok": true, "feeGrowthInside0X128": "2018773740425483896572062727876944", "feeGrowthInside1X128": "18295264925485485263561419426029633421534"}
{"blockNumber":"957139","poolId":"0x156bee88b4782c2f78633cc4599ff4d29a882499c190f709aba6b8495d86dd63","stateView":"0xf3334192d15450cdd385c8b70e03f9a6bd9e673b","tickLower":118000,"tickUpper":153400}	{"ok": true, "feeGrowthInside0X128": "0", "feeGrowthInside1X128": "0"}
{"blockNumber":"957606","poolId":"0x156bee88b4782c2f78633cc4599ff4d29a882499c190f709aba6b8495d86dd63","stateView":"0xf3334192d15450cdd385c8b70e03f9a6bd9e673b","tickLower":118000,"tickUpper":153400}	{"ok": true, "feeGrowthInside0X128": "0", "feeGrowthInside1X128": "0"}
{"blockNumber":"959846","poolId":"0xef5672974ad552f1ce24f2873f3e4237e82d44780ef623b6a239db42b08a7d5c","stateView":"0xf3334192d15450cdd385c8b70e03f9a6bd9e673b","tickLower":-203200,"tickUpper":-202000}	{"ok": true, "feeGrowthInside0X128": "1132817436763436579776181074857012606366", "feeGrowthInside1X128": "1024738577045046421405092433482"}
{"blockNumber":"960571","poolId":"0x9a5596ef3366e39eb70fe17910ff97f66c456a6bc54747289daceb9c1a7de842","stateView":"0xf3334192d15450cdd385c8b70e03f9a6bd9e673b","tickLower":-880000,"tickUpper":880000}	{"ok": true, "feeGrowthInside0X128": "0", "feeGrowthInside1X128": "0"}
{"blockNumber":"960700","poolId":"0x156bee88b4782c2f78633cc4599ff4d29a882499c190f709aba6b8495d86dd63","stateView":"0xf3334192d15450cdd385c8b70e03f9a6bd9e673b","tickLower":118000,"tickUpper":153400}	{"ok": true, "feeGrowthInside0X128": "0", "feeGrowthInside1X128": "0"}
{"blockNumber":"960727","poolId":"0x28b3e0aa86d28eb5f0bbe95600d5e62a230244c1017c240bf2042eb13bcc3d57","stateView":"0xf3334192d15450cdd385c8b70e03f9a6bd9e673b","tickLower":-887272,"tickUpper":-245843}	{"ok": true, "feeGrowthInside0X128": "0", "feeGrowthInside1X128": "0"}
{"blockNumber":"960730","poolId":"0x28b3e0aa86d28eb5f0bbe95600d5e62a230244c1017c240bf2042eb13bcc3d57","stateView":"0xf3334192d15450cdd385c8b70e03f9a6bd9e673b","tickLower":-887272,"tickUpper":887272}	{"ok": true, "feeGrowthInside0X128": "0", "feeGrowthInside1X128": "0"}
{"blockNumber":"961991","poolId":"0x9a5596ef3366e39eb70fe17910ff97f66c456a6bc54747289daceb9c1a7de842","stateView":"0xf3334192d15450cdd385c8b70e03f9a6bd9e673b","tickLower":-880000,"tickUpper":880000}	{"ok": true, "feeGrowthInside0X128": "0", "feeGrowthInside1X128": "396448049379435848703045220234428931273575"}
{"blockNumber":"962276","poolId":"0x387bf619da4d3fb62bb276482693dba1b9b3520f573cabdfe033384a24125982","stateView":"0xf3334192d15450cdd385c8b70e03f9a6bd9e673b","tickLower":-202640,"tickUpper":-202120}	{"ok": true, "feeGrowthInside0X128": "1536665867359343817805173862276230915246", "feeGrowthInside1X128": "2472388178943102086685234130103"}
{"blockNumber":"965146","poolId":"0x276965182ca1a042ad9a0d482b5c01ba1f6d7ce395c74429d47fdbf02c292fef","stateView":"0xf3334192d15450cdd385c8b70e03f9a6bd9e673b","tickLower":-886000,"tickUpper":886000}	{"ok": true, "feeGrowthInside0X128": "2018773740425483896572062727876944", "feeGrowthInside1X128": "47544052409550615143681088344476615693515"}
{"blockNumber":"965265","poolId":"0xa0fc0ae0e0f7ea1b8e055bb5e458c3ba8fc45cdeb399a6be7c96bef00c0134c7","stateView":"0xf3334192d15450cdd385c8b70e03f9a6bd9e673b","tickLower":-887270,"tickUpper":-347760}	{"ok": true, "feeGrowthInside0X128": "0", "feeGrowthInside1X128": "0"}
{"blockNumber":"965265","poolId":"0xa0fc0ae0e0f7ea1b8e055bb5e458c3ba8fc45cdeb399a6be7c96bef00c0134c7","stateView":"0xf3334192d15450cdd385c8b70e03f9a6bd9e673b","tickLower":-887270,"tickUpper":887270}	{"ok": true, "feeGrowthInside0X128": "0", "feeGrowthInside1X128": "0"}
{"blockNumber":"965969","poolId":"0xcb6ffbcc84359535c2cc0a5688c0a76520ea6e0a4820fddd3ac8d7880e576370","stateView":"0xf3334192d15450cdd385c8b70e03f9a6bd9e673b","tickLower":-246400,"tickUpper":-207200}	{"ok": true, "feeGrowthInside0X128": "0", "feeGrowthInside1X128": "0"}
{"blockNumber":"967218","poolId":"0x43267c4cc0d308915a1bc84d739986af4b16f0b112a4b49ebb8ed58d0bce2871","stateView":"0xf3334192d15450cdd385c8b70e03f9a6bd9e673b","tickLower":-887220,"tickUpper":887220}	{"ok": true, "feeGrowthInside0X128": "0", "feeGrowthInside1X128": "0"}
{"blockNumber":"967320","poolId":"0x604867654ec2750ce09cbb595309554961fe5cdc8057628c62d80b42d7a8c50a","stateView":"0xf3334192d15450cdd385c8b70e03f9a6bd9e673b","tickLower":122720,"tickUpper":128960}	{"ok": true, "feeGrowthInside0X128": "16810088955256028582346122655340563", "feeGrowthInside1X128": "5083064600741000687121324068467912369324"}
{"blockNumber":"1048501","poolId":"0x1449c80ebabe6ffc9ceb75f2e4a8e426c60e548cc0ebda798b945ad51c886e49","stateView":"0xf3334192d15450cdd385c8b70e03f9a6bd9e673b","tickLower":177000,"tickUpper":188800}	{"ok": true, "feeGrowthInside0X128": "0", "feeGrowthInside1X128": "0"}
{"blockNumber":"1074539","poolId":"0x1449c80ebabe6ffc9ceb75f2e4a8e426c60e548cc0ebda798b945ad51c886e49","stateView":"0xf3334192d15450cdd385c8b70e03f9a6bd9e673b","tickLower":177000,"tickUpper":188800}	{"ok": true, "feeGrowthInside0X128": "0", "feeGrowthInside1X128": "0"}
{"blockNumber":"970242","poolId":"0xef5672974ad552f1ce24f2873f3e4237e82d44780ef623b6a239db42b08a7d5c","stateView":"0xf3334192d15450cdd385c8b70e03f9a6bd9e673b","tickLower":-207600,"tickUpper":-201000}	{"ok": true, "feeGrowthInside0X128": "0", "feeGrowthInside1X128": "0"}
{"blockNumber":"977786","poolId":"0x387bf619da4d3fb62bb276482693dba1b9b3520f573cabdfe033384a24125982","stateView":"0xf3334192d15450cdd385c8b70e03f9a6bd9e673b","tickLower":-202900,"tickUpper":-198640}	{"ok": true, "feeGrowthInside0X128": "0", "feeGrowthInside1X128": "0"}
{"blockNumber":"982235","poolId":"0x387bf619da4d3fb62bb276482693dba1b9b3520f573cabdfe033384a24125982","stateView":"0xf3334192d15450cdd385c8b70e03f9a6bd9e673b","tickLower":-202900,"tickUpper":-198640}	{"ok": true, "feeGrowthInside0X128": "53313163891773773624321434628657232264", "feeGrowthInside1X128": "78545255604851301655368933420"}
{"blockNumber":"983171","poolId":"0xef5672974ad552f1ce24f2873f3e4237e82d44780ef623b6a239db42b08a7d5c","stateView":"0xf3334192d15450cdd385c8b70e03f9a6bd9e673b","tickLower":-203200,"tickUpper":-197600}	{"ok": true, "feeGrowthInside0X128": "1516940549840475325784813169017127240021", "feeGrowthInside1X128": "1477650624348694447235026853273"}
{"blockNumber":"1004474","poolId":"0xef5672974ad552f1ce24f2873f3e4237e82d44780ef623b6a239db42b08a7d5c","stateView":"0xf3334192d15450cdd385c8b70e03f9a6bd9e673b","tickLower":-203200,"tickUpper":-197600}	{"ok": true, "feeGrowthInside0X128": "1517404946199001257916799901357985686989", "feeGrowthInside1X128": "1478695752358578646493660232667"}
{"blockNumber":"992026","poolId":"0xef5672974ad552f1ce24f2873f3e4237e82d44780ef623b6a239db42b08a7d5c","stateView":"0xf3334192d15450cdd385c8b70e03f9a6bd9e673b","tickLower":-203200,"tickUpper":-202000}	{"ok": true, "feeGrowthInside0X128": "1517404946199001257916799901357985686989", "feeGrowthInside1X128": "1478695752358578646493660232667"}
{"blockNumber":"995868","poolId":"0x387bf619da4d3fb62bb276482693dba1b9b3520f573cabdfe033384a24125982","stateView":"0xf3334192d15450cdd385c8b70e03f9a6bd9e673b","tickLower":-202720,"tickUpper":-202100}	{"ok": true, "feeGrowthInside0X128": "0", "feeGrowthInside1X128": "0"}
{"blockNumber":"1124103","poolId":"0x387bf619da4d3fb62bb276482693dba1b9b3520f573cabdfe033384a24125982","stateView":"0xf3334192d15450cdd385c8b70e03f9a6bd9e673b","tickLower":-202720,"tickUpper":-202100}	{"ok": true, "feeGrowthInside0X128": "1843386027323523484167185843916656995579", "feeGrowthInside1X128": "3017737574013946263684421860639"}
{"blockNumber":"1126453","poolId":"0x387bf619da4d3fb62bb276482693dba1b9b3520f573cabdfe033384a24125982","stateView":"0xf3334192d15450cdd385c8b70e03f9a6bd9e673b","tickLower":-202720,"tickUpper":-202100}	{"ok": true, "feeGrowthInside0X128": "1916335995751911682752122614012662376991", "feeGrowthInside1X128": "3123101625157724986291994784263"}
{"blockNumber":"1024189","poolId":"0x387bf619da4d3fb62bb276482693dba1b9b3520f573cabdfe033384a24125982","stateView":"0xf3334192d15450cdd385c8b70e03f9a6bd9e673b","tickLower":-203490,"tickUpper":-201010}	{"ok": true, "feeGrowthInside0X128": "0", "feeGrowthInside1X128": "0"}
{"blockNumber":"1024443","poolId":"0x387bf619da4d3fb62bb276482693dba1b9b3520f573cabdfe033384a24125982","stateView":"0xf3334192d15450cdd385c8b70e03f9a6bd9e673b","tickLower":-203490,"tickUpper":-201010}	{"ok": true, "feeGrowthInside0X128": "0", "feeGrowthInside1X128": "385737024223132268669178215"}
{"blockNumber":"1026928","poolId":"0xef5672974ad552f1ce24f2873f3e4237e82d44780ef623b6a239db42b08a7d5c","stateView":"0xf3334192d15450cdd385c8b70e03f9a6bd9e673b","tickLower":-202600,"tickUpper":-201400}	{"ok": true, "feeGrowthInside0X128": "53358664946047267122287403237110261549295", "feeGrowthInside1X128": "91228697539444368859642301851897"}
{"blockNumber":"1031741","poolId":"0xef5672974ad552f1ce24f2873f3e4237e82d44780ef623b6a239db42b08a7d5c","stateView":"0xf3334192d15450cdd385c8b70e03f9a6bd9e673b","tickLower":-887200,"tickUpper":887200}	{"ok": true, "feeGrowthInside0X128": "907858447403876994526081910526557531920", "feeGrowthInside1X128": "1036879745408048486015894347715"}
{"blockNumber":"1053290","poolId":"0x387bf619da4d3fb62bb276482693dba1b9b3520f573cabdfe033384a24125982","stateView":"0xf3334192d15450cdd385c8b70e03f9a6bd9e673b","tickLower":-202730,"tickUpper":-202060}	{"ok": true, "feeGrowthInside0X128": "0", "feeGrowthInside1X128": "0"}
{"blockNumber":"1059560","poolId":"0x387bf619da4d3fb62bb276482693dba1b9b3520f573cabdfe033384a24125982","stateView":"0xf3334192d15450cdd385c8b70e03f9a6bd9e673b","tickLower":-202730,"tickUpper":-202060}	{"ok": true, "feeGrowthInside0X128": "122506243501991869344245509452891338756", "feeGrowthInside1X128": "201662099529330926350648852662"}
{"blockNumber":"1061599","poolId":"0x387bf619da4d3fb62bb276482693dba1b9b3520f573cabdfe033384a24125982","stateView":"0xf3334192d15450cdd385c8b70e03f9a6bd9e673b","tickLower":-202730,"tickUpper":-202060}	{"ok": true, "feeGrowthInside0X128": "126800757434359710452064738681791045769", "feeGrowthInside1X128": "207540491717670705072884585180"}
{"blockNumber":"1075401","poolId":"0x387bf619da4d3fb62bb276482693dba1b9b3520f573cabdfe033384a24125982","stateView":"0xf3334192d15450cdd385c8b70e03f9a6bd9e673b","tickLower":-202730,"tickUpper":-202060}	{"ok": true, "feeGrowthInside0X128": "278670862719929339560299964321831639921", "feeGrowthInside1X128": "435687974759827441446401937837"}
{"blockNumber":"1079942","poolId":"0x387bf619da4d3fb62bb276482693dba1b9b3520f573cabdfe033384a24125982","stateView":"0xf3334192d15450cdd385c8b70e03f9a6bd9e673b","tickLower":-202730,"tickUpper":-202060}	{"ok": true, "feeGrowthInside0X128": "352230698845216380219944208602294218492", "feeGrowthInside1X128": "554173801742351371419056412057"}
{"blockNumber":"1108291","poolId":"0x387bf619da4d3fb62bb276482693dba1b9b3520f573cabdfe033384a24125982","stateView":"0xf3334192d15450cdd385c8b70e03f9a6bd9e673b","tickLower":-202730,"tickUpper":-202060}	{"ok": true, "feeGrowthInside0X128": "54541699188191826614914121840983140462245", "feeGrowthInside1X128": "98637111252495062511496817618035"}
{"blockNumber":"1066131","poolId":"0x387bf619da4d3fb62bb276482693dba1b9b3520f573cabdfe033384a24125982","stateView":"0xf3334192d15450cdd385c8b70e03f9a6bd9e673b","tickLower":-205800,"tickUpper":-196920}	{"ok": true, "feeGrowthInside0X128": "0", "feeGrowthInside1X128": "0"}
{"blockNumber":"1069221","poolId":"0x387bf619da4d3fb62bb276482693dba1b9b3520f573cabdfe033384a24125982","stateView":"0xf3334192d15450cdd385c8b70e03f9a6bd9e673b","tickLower":-887270,"tickUpper":887270}	{"ok": true, "feeGrowthInside0X128": "53915957144893260197587971534797451012054", "feeGrowthInside1X128": "97634722859585435189835171709356"}
{"blockNumber":"1078927","poolId":"0x387bf619da4d3fb62bb276482693dba1b9b3520f573cabdfe033384a24125982","stateView":"0xf3334192d15450cdd385c8b70e03f9a6bd9e673b","tickLower":-887270,"tickUpper":887270}	{"ok": true, "feeGrowthInside0X128": "54089997385879088990821438099302330667538", "feeGrowthInside1X128": "97902315294519615878246703789989"}
{"blockNumber":"1125373","poolId":"0x387bf619da4d3fb62bb276482693dba1b9b3520f573cabdfe033384a24125982","stateView":"0xf3334192d15450cdd385c8b70e03f9a6bd9e673b","tickLower":-887270,"tickUpper":887270}	{"ok": true, "feeGrowthInside0X128": "55195965759152630634379157501789857973003", "feeGrowthInside1X128": "99744220331671942934194939571631"}
{"blockNumber":"1137472","poolId":"0x387bf619da4d3fb62bb276482693dba1b9b3520f573cabdfe033384a24125982","stateView":"0xf3334192d15450cdd385c8b70e03f9a6bd9e673b","tickLower":-887270,"tickUpper":887270}	{"ok": true, "feeGrowthInside0X128": "55311590492615483047219635671049567000891", "feeGrowthInside1X128": "99903460630842480570177873912716"}
{"blockNumber":"1129646","poolId":"0x0b63d0e0d6b43c390da16c33a7d263c86a187ec664b1e1729f0d846a818f3b66","stateView":"0xf3334192d15450cdd385c8b70e03f9a6bd9e673b","tickLower":-881400,"tickUpper":881400}	{"ok": true, "feeGrowthInside0X128": "0", "feeGrowthInside1X128": "0"}
{"blockNumber":"1132342","poolId":"0xef5672974ad552f1ce24f2873f3e4237e82d44780ef623b6a239db42b08a7d5c","stateView":"0xf3334192d15450cdd385c8b70e03f9a6bd9e673b","tickLower":-203000,"tickUpper":-201800}	{"ok": true, "feeGrowthInside0X128": "0", "feeGrowthInside1X128": "0"}
{"blockNumber":"990907","poolId":"0x156bee88b4782c2f78633cc4599ff4d29a882499c190f709aba6b8495d86dd63","stateView":"0xf3334192d15450cdd385c8b70e03f9a6bd9e673b","tickLower":94400,"tickUpper":165200}	{"ok": true, "feeGrowthInside0X128": "0", "feeGrowthInside1X128": "0"}
{"blockNumber":"1043653","poolId":"0x156bee88b4782c2f78633cc4599ff4d29a882499c190f709aba6b8495d86dd63","stateView":"0xf3334192d15450cdd385c8b70e03f9a6bd9e673b","tickLower":94400,"tickUpper":165200}	{"ok": true, "feeGrowthInside0X128": "0", "feeGrowthInside1X128": "0"}
{"blockNumber":"971180","poolId":"0x9a5596ef3366e39eb70fe17910ff97f66c456a6bc54747289daceb9c1a7de842","stateView":"0xf3334192d15450cdd385c8b70e03f9a6bd9e673b","tickLower":-880000,"tickUpper":880000}	{"ok": true, "feeGrowthInside0X128": "236900518537399811065598303809663", "feeGrowthInside1X128": "1712562041253879243511924685843669648929938"}
{"blockNumber":"988715","poolId":"0x9a5596ef3366e39eb70fe17910ff97f66c456a6bc54747289daceb9c1a7de842","stateView":"0xf3334192d15450cdd385c8b70e03f9a6bd9e673b","tickLower":-880000,"tickUpper":880000}	{"ok": true, "feeGrowthInside0X128": "236900518537399811065598303809663", "feeGrowthInside1X128": "1712562041253879243511924685843669648929938"}
{"blockNumber":"1088326","poolId":"0x9a5596ef3366e39eb70fe17910ff97f66c456a6bc54747289daceb9c1a7de842","stateView":"0xf3334192d15450cdd385c8b70e03f9a6bd9e673b","tickLower":-880000,"tickUpper":880000}	{"ok": true, "feeGrowthInside0X128": "0", "feeGrowthInside1X128": "0"}
{"blockNumber":"1092752","poolId":"0x9a5596ef3366e39eb70fe17910ff97f66c456a6bc54747289daceb9c1a7de842","stateView":"0xf3334192d15450cdd385c8b70e03f9a6bd9e673b","tickLower":-880000,"tickUpper":880000}	{"ok": true, "feeGrowthInside0X128": "0", "feeGrowthInside1X128": "0"}
{"blockNumber":"1100155","poolId":"0x9a5596ef3366e39eb70fe17910ff97f66c456a6bc54747289daceb9c1a7de842","stateView":"0xf3334192d15450cdd385c8b70e03f9a6bd9e673b","tickLower":-880000,"tickUpper":880000}	{"ok": true, "feeGrowthInside0X128": "0", "feeGrowthInside1X128": "0"}
{"blockNumber":"1104560","poolId":"0x9a5596ef3366e39eb70fe17910ff97f66c456a6bc54747289daceb9c1a7de842","stateView":"0xf3334192d15450cdd385c8b70e03f9a6bd9e673b","tickLower":-880000,"tickUpper":880000}	{"ok": true, "feeGrowthInside0X128": "0", "feeGrowthInside1X128": "0"}
{"blockNumber":"1110747","poolId":"0x9a5596ef3366e39eb70fe17910ff97f66c456a6bc54747289daceb9c1a7de842","stateView":"0xf3334192d15450cdd385c8b70e03f9a6bd9e673b","tickLower":-880000,"tickUpper":880000}	{"ok": true, "feeGrowthInside0X128": "236900518537399811065598303809663", "feeGrowthInside1X128": "1712562041253879243511924685843669648929938"}
{"blockNumber":"1096426","poolId":"0x9a5596ef3366e39eb70fe17910ff97f66c456a6bc54747289daceb9c1a7de842","stateView":"0xf3334192d15450cdd385c8b70e03f9a6bd9e673b","tickLower":187000,"tickUpper":220000}	{"ok": true, "feeGrowthInside0X128": "0", "feeGrowthInside1X128": "0"}
{"blockNumber":"1096763","poolId":"0x9a5596ef3366e39eb70fe17910ff97f66c456a6bc54747289daceb9c1a7de842","stateView":"0xf3334192d15450cdd385c8b70e03f9a6bd9e673b","tickLower":187000,"tickUpper":220000}	{"ok": true, "feeGrowthInside0X128": "0", "feeGrowthInside1X128": "0"}
{"blockNumber":"1100072","poolId":"0x9a5596ef3366e39eb70fe17910ff97f66c456a6bc54747289daceb9c1a7de842","stateView":"0xf3334192d15450cdd385c8b70e03f9a6bd9e673b","tickLower":187000,"tickUpper":220000}	{"ok": true, "feeGrowthInside0X128": "0", "feeGrowthInside1X128": "0"}
{"blockNumber":"969032","poolId":"0xa0fc0ae0e0f7ea1b8e055bb5e458c3ba8fc45cdeb399a6be7c96bef00c0134c7","stateView":"0xf3334192d15450cdd385c8b70e03f9a6bd9e673b","tickLower":-887270,"tickUpper":-347760}	{"ok": true, "feeGrowthInside0X128": "0", "feeGrowthInside1X128": "0"}
{"blockNumber":"969037","poolId":"0xa0fc0ae0e0f7ea1b8e055bb5e458c3ba8fc45cdeb399a6be7c96bef00c0134c7","stateView":"0xf3334192d15450cdd385c8b70e03f9a6bd9e673b","tickLower":-887270,"tickUpper":887270}	{"ok": true, "feeGrowthInside0X128": "0", "feeGrowthInside1X128": "0"}
{"blockNumber":"971932","poolId":"0x8b97ac5c73d1fc41ea3fe48889db2d0d74e4a9a959143fbadbe77856c409e21e","stateView":"0xf3334192d15450cdd385c8b70e03f9a6bd9e673b","tickLower":-887200,"tickUpper":230400}	{"ok": true, "feeGrowthInside0X128": "34250091776832826356185648", "feeGrowthInside1X128": "0"}
{"blockNumber":"972032","poolId":"0x8b97ac5c73d1fc41ea3fe48889db2d0d74e4a9a959143fbadbe77856c409e21e","stateView":"0xf3334192d15450cdd385c8b70e03f9a6bd9e673b","tickLower":-887200,"tickUpper":230400}	{"ok": true, "feeGrowthInside0X128": "34250091776832826356185648", "feeGrowthInside1X128": "343511329725836608772190317632854646"}
{"blockNumber":"972093","poolId":"0x8b97ac5c73d1fc41ea3fe48889db2d0d74e4a9a959143fbadbe77856c409e21e","stateView":"0xf3334192d15450cdd385c8b70e03f9a6bd9e673b","tickLower":-887200,"tickUpper":230400}	{"ok": true, "feeGrowthInside0X128": "68500183553665652712371296", "feeGrowthInside1X128": "344370108050151200294120793426936782"}
{"blockNumber":"982259","poolId":"0x43267c4cc0d308915a1bc84d739986af4b16f0b112a4b49ebb8ed58d0bce2871","stateView":"0xf3334192d15450cdd385c8b70e03f9a6bd9e673b","tickLower":-887220,"tickUpper":887220}	{"ok": true, "feeGrowthInside0X128": "2424511864311686552176544077951", "feeGrowthInside1X128": "127605887595351923798765477786913079296"}
{"blockNumber":"979532","poolId":"0x53aabe1d8e9f7b3300fa931586e0394e0f3c03bd84db63128c2a7304ff1fa54f","stateView":"0xf3334192d15450cdd385c8b70e03f9a6bd9e673b","tickLower":200400,"tickUpper":232600}	{"ok": true, "feeGrowthInside0X128": "763213934210402316679703934", "feeGrowthInside1X128": "0"}
{"blockNumber":"979532","poolId":"0x53aabe1d8e9f7b3300fa931586e0394e0f3c03bd84db63128c2a7304ff1fa54f","stateView":"0xf3334192d15450cdd385c8b70e03f9a6bd9e673b","tickLower":170400,"tickUpper":200400}	{"ok": true, "feeGrowthInside0X128": "0", "feeGrowthInside1X128": "0"}
{"blockNumber":"979532","poolId":"0x53aabe1d8e9f7b3300fa931586e0394e0f3c03bd84db63128c2a7304ff1fa54f","stateView":"0xf3334192d15450cdd385c8b70e03f9a6bd9e673b","tickLower":124400,"tickUpper":170400}	{"ok": true, "feeGrowthInside0X128": "0", "feeGrowthInside1X128": "0"}
{"blockNumber":"982271","poolId":"0xe7a821b0581decce4f21da38c4355ec494802cb3990252376887dd8c63780b49","stateView":"0xf3334192d15450cdd385c8b70e03f9a6bd9e673b","tickLower":-887220,"tickUpper":887220}	{"ok": true, "feeGrowthInside0X128": "0", "feeGrowthInside1X128": "0"}
{"blockNumber":"983538","poolId":"0x43ac4b8a0b12deb62483beff11cae82f2ce2d69fa021d6429b7744cce709f53e","stateView":"0xf3334192d15450cdd385c8b70e03f9a6bd9e673b","tickLower":-882000,"tickUpper":882000}	{"ok": true, "feeGrowthInside0X128": "0", "feeGrowthInside1X128": "0"}
{"blockNumber":"983985","poolId":"0xf889a6deeae1e978b662e7728ab20cace247d826ab711dcd6bb0eb83ece2f273","stateView":"0xf3334192d15450cdd385c8b70e03f9a6bd9e673b","tickLower":-882000,"tickUpper":882000}	{"ok": true, "feeGrowthInside0X128": "0", "feeGrowthInside1X128": "0"}
{"blockNumber":"984649","poolId":"0x70005ea8d53122a8c377eb2803bee0bd3526f63d024d01ff73158a25bd86b6ea","stateView":"0xf3334192d15450cdd385c8b70e03f9a6bd9e673b","tickLower":-882000,"tickUpper":882000}	{"ok": true, "feeGrowthInside0X128": "0", "feeGrowthInside1X128": "0"}
{"blockNumber":"986038","poolId":"0xa514a36d287c88fc8e7217581057a3f6df3baa613c8cd44b2011481c27d78288","stateView":"0xf3334192d15450cdd385c8b70e03f9a6bd9e673b","tickLower":-882000,"tickUpper":882000}	{"ok": true, "feeGrowthInside0X128": "0", "feeGrowthInside1X128": "0"}
{"blockNumber":"987101","poolId":"0x7973a51ccbfee2f161a170d4f00a1ac72dba9bbb657ae7ed32226f83f598260e","stateView":"0xf3334192d15450cdd385c8b70e03f9a6bd9e673b","tickLower":-887220,"tickUpper":887220}	{"ok": true, "feeGrowthInside0X128": "0", "feeGrowthInside1X128": "0"}
{"blockNumber":"987370","poolId":"0x6725b4d6dbdbce3752e1305cda158c81e8c8cee3e57d0145bc119bd084c183f8","stateView":"0xf3334192d15450cdd385c8b70e03f9a6bd9e673b","tickLower":-882000,"tickUpper":882000}	{"ok": true, "feeGrowthInside0X128": "0", "feeGrowthInside1X128": "0"}
{"blockNumber":"989449","poolId":"0xd80b3b4cc602181da7004070f75c54b3107807f0cc71072d8c373662d44df972","stateView":"0xf3334192d15450cdd385c8b70e03f9a6bd9e673b","tickLower":-882000,"tickUpper":882000}	{"ok": true, "feeGrowthInside0X128": "0", "feeGrowthInside1X128": "0"}
{"blockNumber":"990093","poolId":"0x7273df56ef6ceb843ed6fd7062ceca26ad86b6de85b7e84c5f4b2834a59c8113","stateView":"0xf3334192d15450cdd385c8b70e03f9a6bd9e673b","tickLower":-882000,"tickUpper":882000}	{"ok": true, "feeGrowthInside0X128": "0", "feeGrowthInside1X128": "0"}
{"blockNumber":"990602","poolId":"0x9e9e2533d1cfedb467745a78a3f5530b0883f124edfa173450db11cc78c8f11b","stateView":"0xf3334192d15450cdd385c8b70e03f9a6bd9e673b","tickLower":-882000,"tickUpper":882000}	{"ok": true, "feeGrowthInside0X128": "0", "feeGrowthInside1X128": "0"}
{"blockNumber":"990990","poolId":"0xc08d188927e659535c699d33a59cf804ea49ca3683f314949951ae84fc561b23","stateView":"0xf3334192d15450cdd385c8b70e03f9a6bd9e673b","tickLower":-882000,"tickUpper":882000}	{"ok": true, "feeGrowthInside0X128": "0", "feeGrowthInside1X128": "0"}
{"blockNumber":"991359","poolId":"0x26b3bce38efcaa5c9d4d04f659bdd752fc541d21099d3c2016a02998912c8ae5","stateView":"0xf3334192d15450cdd385c8b70e03f9a6bd9e673b","tickLower":-882000,"tickUpper":882000}	{"ok": true, "feeGrowthInside0X128": "0", "feeGrowthInside1X128": "0"}
{"blockNumber":"991632","poolId":"0x7e1f7660ee11d293635f2190461ffa2bc00bb7e2261f1954e349aea47e59bcee","stateView":"0xf3334192d15450cdd385c8b70e03f9a6bd9e673b","tickLower":-882000,"tickUpper":882000}	{"ok": true, "feeGrowthInside0X128": "0", "feeGrowthInside1X128": "0"}
{"blockNumber":"992013","poolId":"0x5c36d086193906ff9faa6f97327fce63776aa30b1e6dd1f6e28a1d8289907ccd","stateView":"0xf3334192d15450cdd385c8b70e03f9a6bd9e673b","tickLower":-882000,"tickUpper":882000}	{"ok": true, "feeGrowthInside0X128": "0", "feeGrowthInside1X128": "0"}
{"blockNumber":"992265","poolId":"0x79829e8244d46dba26fcd0e42776ab67403af2592e82ff14dce031c0cb09823c","stateView":"0xf3334192d15450cdd385c8b70e03f9a6bd9e673b","tickLower":-882000,"tickUpper":882000}	{"ok": true, "feeGrowthInside0X128": "0", "feeGrowthInside1X128": "0"}
{"blockNumber":"993020","poolId":"0x80c772b16630e1824edaa9eea896d232802a381c9bf82a77da245c226ce2a413","stateView":"0xf3334192d15450cdd385c8b70e03f9a6bd9e673b","tickLower":-882000,"tickUpper":882000}	{"ok": true, "feeGrowthInside0X128": "0", "feeGrowthInside1X128": "0"}
{"blockNumber":"993474","poolId":"0x6d11efb818427471a69a8a0772fa9049086060a1b0dc9cad611f4a024ebb7378","stateView":"0xf3334192d15450cdd385c8b70e03f9a6bd9e673b","tickLower":-882000,"tickUpper":882000}	{"ok": true, "feeGrowthInside0X128": "0", "feeGrowthInside1X128": "0"}
{"blockNumber":"993921","poolId":"0x79790821f6598d1e393af5c9901945952e93d17e38242811bd926c798e8fdf0d","stateView":"0xf3334192d15450cdd385c8b70e03f9a6bd9e673b","tickLower":-882000,"tickUpper":882000}	{"ok": true, "feeGrowthInside0X128": "0", "feeGrowthInside1X128": "0"}
{"blockNumber":"994295","poolId":"0xc2398f2cdc808a3753ca56968b0bbf9b6f382f2f5bade43353c41792778e9c82","stateView":"0xf3334192d15450cdd385c8b70e03f9a6bd9e673b","tickLower":-882000,"tickUpper":882000}	{"ok": true, "feeGrowthInside0X128": "0", "feeGrowthInside1X128": "0"}
{"blockNumber":"994521","poolId":"0xae6bedacf47f78daafc424ed66ae25c5033bec366069f4ff6a5bd07686aedf36","stateView":"0xf3334192d15450cdd385c8b70e03f9a6bd9e673b","tickLower":-882000,"tickUpper":882000}	{"ok": true, "feeGrowthInside0X128": "0", "feeGrowthInside1X128": "0"}
{"blockNumber":"994755","poolId":"0x834e1e39f5944b643102404a164973b96bbde7829a32b00e4d48a6294f4a84bf","stateView":"0xf3334192d15450cdd385c8b70e03f9a6bd9e673b","tickLower":-882000,"tickUpper":882000}	{"ok": true, "feeGrowthInside0X128": "0", "feeGrowthInside1X128": "0"}
{"blockNumber":"995000","poolId":"0x6ecd18498511f40fc79aa88e03516fdb7179661fc675179974c53f7b3122f480","stateView":"0xf3334192d15450cdd385c8b70e03f9a6bd9e673b","tickLower":-882000,"tickUpper":882000}	{"ok": true, "feeGrowthInside0X128": "0", "feeGrowthInside1X128": "0"}
{"blockNumber":"995254","poolId":"0x3410ac973a179077f1f34d11533bc0c65a260e04588725eaf94d888afe368fa9","stateView":"0xf3334192d15450cdd385c8b70e03f9a6bd9e673b","tickLower":-887220,"tickUpper":887220}	{"ok": true, "feeGrowthInside0X128": "0", "feeGrowthInside1X128": "0"}
{"blockNumber":"995540","poolId":"0x7d5908aaf9aebd2c28886dcc31f49bca7235c7e8f3e1b801990f717fc4988d74","stateView":"0xf3334192d15450cdd385c8b70e03f9a6bd9e673b","tickLower":-882000,"tickUpper":882000}	{"ok": true, "feeGrowthInside0X128": "0", "feeGrowthInside1X128": "0"}
{"blockNumber":"995799","poolId":"0xb2a6d67bf3fc511d11cac788a531655f5a7b60cd31c8ff386f0476121741e751","stateView":"0xf3334192d15450cdd385c8b70e03f9a6bd9e673b","tickLower":13000,"tickUpper":14000}	{"ok": true, "feeGrowthInside0X128": "0", "feeGrowthInside1X128": "0"}
{"blockNumber":"995834","poolId":"0xfd5e33ebb24801160e84873145a2713ad9a69153a3625eb3d92c6acc153193ea","stateView":"0xf3334192d15450cdd385c8b70e03f9a6bd9e673b","tickLower":-882000,"tickUpper":882000}	{"ok": true, "feeGrowthInside0X128": "0", "feeGrowthInside1X128": "0"}
{"blockNumber":"996162","poolId":"0xcbb9d9db7851961a7c9ac35e350357fa1048ae1e4e926de8f8c8c2e42482d1c7","stateView":"0xf3334192d15450cdd385c8b70e03f9a6bd9e673b","tickLower":200400,"tickUpper":232600}	{"ok": true, "feeGrowthInside0X128": "15264278684208046333594078683", "feeGrowthInside1X128": "0"}
{"blockNumber":"996162","poolId":"0xcbb9d9db7851961a7c9ac35e350357fa1048ae1e4e926de8f8c8c2e42482d1c7","stateView":"0xf3334192d15450cdd385c8b70e03f9a6bd9e673b","tickLower":170400,"tickUpper":200400}	{"ok": true, "feeGrowthInside0X128": "0", "feeGrowthInside1X128": "0"}
{"blockNumber":"996162","poolId":"0xcbb9d9db7851961a7c9ac35e350357fa1048ae1e4e926de8f8c8c2e42482d1c7","stateView":"0xf3334192d15450cdd385c8b70e03f9a6bd9e673b","tickLower":124400,"tickUpper":170400}	{"ok": true, "feeGrowthInside0X128": "0", "feeGrowthInside1X128": "0"}
{"blockNumber":"997040","poolId":"0xa51ac29be730bdcb54e31de0876b01fc0a34a236defdeba3c5e305e267f5523a","stateView":"0xf3334192d15450cdd385c8b70e03f9a6bd9e673b","tickLower":-882000,"tickUpper":882000}	{"ok": true, "feeGrowthInside0X128": "0", "feeGrowthInside1X128": "0"}
{"blockNumber":"997151","poolId":"0xdd5458c88d3de32b83514b9448bbfaa7f8df1d5f0a00939c95df4a5ceee53bf6","stateView":"0xf3334192d15450cdd385c8b70e03f9a6bd9e673b","tickLower":-218000,"tickUpper":-212000}	{"ok": true, "feeGrowthInside0X128": "0", "feeGrowthInside1X128": "0"}
{"blockNumber":"997374","poolId":"0xd7ada31b9746cb0b765c14ab756e4fea8f3ff800ed6b2ed2d549180398e75fb7","stateView":"0xf3334192d15450cdd385c8b70e03f9a6bd9e673b","tickLower":-882000,"tickUpper":882000}	{"ok": true, "feeGrowthInside0X128": "0", "feeGrowthInside1X128": "0"}
{"blockNumber":"997730","poolId":"0x29818287f1b0a3e9cf8f36114cd8acd86cc669d78ab27cfe860295c7ef09d0c6","stateView":"0xf3334192d15450cdd385c8b70e03f9a6bd9e673b","tickLower":-882000,"tickUpper":882000}	{"ok": true, "feeGrowthInside0X128": "0", "feeGrowthInside1X128": "0"}
{"blockNumber":"998426","poolId":"0x30798634eaafa7f169d042374304e6e7ad7792de8b303f926ea5dc15fc8a3736","stateView":"0xf3334192d15450cdd385c8b70e03f9a6bd9e673b","tickLower":-882000,"tickUpper":882000}	{"ok": true, "feeGrowthInside0X128": "0", "feeGrowthInside1X128": "0"}
{"blockNumber":"998745","poolId":"0x960b8f97d69922c849571849589ee1dea45f229c47620bcd3d004f1fa94e19f5","stateView":"0xf3334192d15450cdd385c8b70e03f9a6bd9e673b","tickLower":-882000,"tickUpper":882000}	{"ok": true, "feeGrowthInside0X128": "0", "feeGrowthInside1X128": "0"}
{"blockNumber":"1000622","poolId":"0xc1661c26ec3e5ab398e7e781d34e383c563e14afd7e14464003def3fa06a2175","stateView":"0xf3334192d15450cdd385c8b70e03f9a6bd9e673b","tickLower":270000,"tickUpper":882000}	{"ok": true, "feeGrowthInside0X128": "0", "feeGrowthInside1X128": "0"}
{"blockNumber":"1000778","poolId":"0x9167653b75629c6d620e9ccf7c7f605622588f3e3236fc20d730aea8d2963a2e","stateView":"0xf3334192d15450cdd385c8b70e03f9a6bd9e673b","tickLower":200400,"tickUpper":232600}	{"ok": true, "feeGrowthInside0X128": "15264278684208046333594078683", "feeGrowthInside1X128": "0"}
{"blockNumber":"1000778","poolId":"0x9167653b75629c6d620e9ccf7c7f605622588f3e3236fc20d730aea8d2963a2e","stateView":"0xf3334192d15450cdd385c8b70e03f9a6bd9e673b","tickLower":170400,"tickUpper":200400}	{"ok": true, "feeGrowthInside0X128": "0", "feeGrowthInside1X128": "0"}
{"blockNumber":"1000778","poolId":"0x9167653b75629c6d620e9ccf7c7f605622588f3e3236fc20d730aea8d2963a2e","stateView":"0xf3334192d15450cdd385c8b70e03f9a6bd9e673b","tickLower":124400,"tickUpper":170400}	{"ok": true, "feeGrowthInside0X128": "0", "feeGrowthInside1X128": "0"}
{"blockNumber":"1004694","poolId":"0x5c58569f44ef4c13bf73764679be10afe54d4ae5ef7367070f30fbc0d0f94268","stateView":"0xf3334192d15450cdd385c8b70e03f9a6bd9e673b","tickLower":200400,"tickUpper":232600}	{"ok": true, "feeGrowthInside0X128": "15264278684208046333594078683", "feeGrowthInside1X128": "0"}
{"blockNumber":"1004694","poolId":"0x5c58569f44ef4c13bf73764679be10afe54d4ae5ef7367070f30fbc0d0f94268","stateView":"0xf3334192d15450cdd385c8b70e03f9a6bd9e673b","tickLower":170400,"tickUpper":200400}	{"ok": true, "feeGrowthInside0X128": "0", "feeGrowthInside1X128": "0"}
{"blockNumber":"1004694","poolId":"0x5c58569f44ef4c13bf73764679be10afe54d4ae5ef7367070f30fbc0d0f94268","stateView":"0xf3334192d15450cdd385c8b70e03f9a6bd9e673b","tickLower":124400,"tickUpper":170400}	{"ok": true, "feeGrowthInside0X128": "0", "feeGrowthInside1X128": "0"}
{"blockNumber":"1005509","poolId":"0x488ba333461611ec614484b2665adfe88f7b4f673128b2330d2e540207d14b1e","stateView":"0xf3334192d15450cdd385c8b70e03f9a6bd9e673b","tickLower":-882000,"tickUpper":882000}	{"ok": true, "feeGrowthInside0X128": "0", "feeGrowthInside1X128": "0"}
{"blockNumber":"1006722","poolId":"0x2a79c74077057f4439e7d773b10f01784d97c96b73a7a93ef9baef4f37fe8ff7","stateView":"0xf3334192d15450cdd385c8b70e03f9a6bd9e673b","tickLower":-880000,"tickUpper":880000}	{"ok": true, "feeGrowthInside0X128": "0", "feeGrowthInside1X128": "0"}
{"blockNumber":"1006806","poolId":"0xe80b98ea7bed83b0b55f6e8cff4532bebe91c4cb62d8c6af92e0ad50abf8d27b","stateView":"0xf3334192d15450cdd385c8b70e03f9a6bd9e673b","tickLower":-882000,"tickUpper":882000}	{"ok": true, "feeGrowthInside0X128": "0", "feeGrowthInside1X128": "0"}
{"blockNumber":"1006945","poolId":"0x8ff111982bce89af937cc6f2b58e6a64d11d63ef1c58defb29ba233b53d1348a","stateView":"0xf3334192d15450cdd385c8b70e03f9a6bd9e673b","tickLower":-886000,"tickUpper":886000}	{"ok": true, "feeGrowthInside0X128": "0", "feeGrowthInside1X128": "0"}
{"blockNumber":"1007044","poolId":"0x43ac4b8a0b12deb62483beff11cae82f2ce2d69fa021d6429b7744cce709f53e","stateView":"0xf3334192d15450cdd385c8b70e03f9a6bd9e673b","tickLower":-882000,"tickUpper":882000}	{"ok": true, "feeGrowthInside0X128": "0", "feeGrowthInside1X128": "0"}
{"blockNumber":"1008887","poolId":"0x19d47ffffbbcbce42b7561dfd030c16d3f728fa2b392fe4a4cf185b781c19a5a","stateView":"0xf3334192d15450cdd385c8b70e03f9a6bd9e673b","tickLower":-232600,"tickUpper":-200400}	{"ok": true, "feeGrowthInside0X128": "0", "feeGrowthInside1X128": "15264278684208046333847005622"}
{"blockNumber":"1008887","poolId":"0x19d47ffffbbcbce42b7561dfd030c16d3f728fa2b392fe4a4cf185b781c19a5a","stateView":"0xf3334192d15450cdd385c8b70e03f9a6bd9e673b","tickLower":-200400,"tickUpper":-170400}	{"ok": true, "feeGrowthInside0X128": "0", "feeGrowthInside1X128": "0"}
{"blockNumber":"1008887","poolId":"0x19d47ffffbbcbce42b7561dfd030c16d3f728fa2b392fe4a4cf185b781c19a5a","stateView":"0xf3334192d15450cdd385c8b70e03f9a6bd9e673b","tickLower":-170400,"tickUpper":-124400}	{"ok": true, "feeGrowthInside0X128": "0", "feeGrowthInside1X128": "0"}
{"blockNumber":"1013331","poolId":"0x222af254cc0358b5330d64e29702049793ac23ff593cf56de83a1890c1bb9692","stateView":"0xf3334192d15450cdd385c8b70e03f9a6bd9e673b","tickLower":200400,"tickUpper":232600}	{"ok": true, "feeGrowthInside0X128": "15264278684208046333594078683", "feeGrowthInside1X128": "0"}
{"blockNumber":"1013331","poolId":"0x222af254cc0358b5330d64e29702049793ac23ff593cf56de83a1890c1bb9692","stateView":"0xf3334192d15450cdd385c8b70e03f9a6bd9e673b","tickLower":170400,"tickUpper":200400}	{"ok": true, "feeGrowthInside0X128": "0", "feeGrowthInside1X128": "0"}
{"blockNumber":"1013331","poolId":"0x222af254cc0358b5330d64e29702049793ac23ff593cf56de83a1890c1bb9692","stateView":"0xf3334192d15450cdd385c8b70e03f9a6bd9e673b","tickLower":124400,"tickUpper":170400}	{"ok": true, "feeGrowthInside0X128": "0", "feeGrowthInside1X128": "0"}
{"blockNumber":"1017025","poolId":"0xbe06eabfa82e906d81fcffc6d8114bf82125c41b81d6fd6bdd8aa3a23b960335","stateView":"0xf3334192d15450cdd385c8b70e03f9a6bd9e673b","tickLower":200400,"tickUpper":232600}	{"ok": true, "feeGrowthInside0X128": "15264278684208046333594078683", "feeGrowthInside1X128": "0"}
{"blockNumber":"1017025","poolId":"0xbe06eabfa82e906d81fcffc6d8114bf82125c41b81d6fd6bdd8aa3a23b960335","stateView":"0xf3334192d15450cdd385c8b70e03f9a6bd9e673b","tickLower":170400,"tickUpper":200400}	{"ok": true, "feeGrowthInside0X128": "0", "feeGrowthInside1X128": "0"}
{"blockNumber":"1017025","poolId":"0xbe06eabfa82e906d81fcffc6d8114bf82125c41b81d6fd6bdd8aa3a23b960335","stateView":"0xf3334192d15450cdd385c8b70e03f9a6bd9e673b","tickLower":124400,"tickUpper":170400}	{"ok": true, "feeGrowthInside0X128": "0", "feeGrowthInside1X128": "0"}
{"blockNumber":"1018899","poolId":"0x638a09eb480234d3fcec8a71ea20db49f596046f7c21d72258f18ab5bf516bed","stateView":"0xf3334192d15450cdd385c8b70e03f9a6bd9e673b","tickLower":200400,"tickUpper":232600}	{"ok": true, "feeGrowthInside0X128": "38160696710519351093623117910", "feeGrowthInside1X128": "0"}
{"blockNumber":"1018899","poolId":"0x638a09eb480234d3fcec8a71ea20db49f596046f7c21d72258f18ab5bf516bed","stateView":"0xf3334192d15450cdd385c8b70e03f9a6bd9e673b","tickLower":170400,"tickUpper":200400}	{"ok": true, "feeGrowthInside0X128": "0", "feeGrowthInside1X128": "0"}
{"blockNumber":"1018899","poolId":"0x638a09eb480234d3fcec8a71ea20db49f596046f7c21d72258f18ab5bf516bed","stateView":"0xf3334192d15450cdd385c8b70e03f9a6bd9e673b","tickLower":124400,"tickUpper":170400}	{"ok": true, "feeGrowthInside0X128": "0", "feeGrowthInside1X128": "0"}
{"blockNumber":"1021327","poolId":"0x0e38716e011028d01fa38bba87a08760499d3b131f891361b46da8579061a8c2","stateView":"0xf3334192d15450cdd385c8b70e03f9a6bd9e673b","tickLower":200400,"tickUpper":232600}	{"ok": true, "feeGrowthInside0X128": "38160696710519351093623117910", "feeGrowthInside1X128": "0"}
{"blockNumber":"1021327","poolId":"0x0e38716e011028d01fa38bba87a08760499d3b131f891361b46da8579061a8c2","stateView":"0xf3334192d15450cdd385c8b70e03f9a6bd9e673b","tickLower":170400,"tickUpper":200400}	{"ok": true, "feeGrowthInside0X128": "0", "feeGrowthInside1X128": "0"}
{"blockNumber":"1021327","poolId":"0x0e38716e011028d01fa38bba87a08760499d3b131f891361b46da8579061a8c2","stateView":"0xf3334192d15450cdd385c8b70e03f9a6bd9e673b","tickLower":124400,"tickUpper":170400}	{"ok": true, "feeGrowthInside0X128": "0", "feeGrowthInside1X128": "0"}
{"blockNumber":"1026317","poolId":"0xc4cef7c8d86716db7c7f291a60128f08220ed8cabaac9fdcd910156b736f2272","stateView":"0xf3334192d15450cdd385c8b70e03f9a6bd9e673b","tickLower":-887220,"tickUpper":887220}	{"ok": true, "feeGrowthInside0X128": "0", "feeGrowthInside1X128": "0"}
{"blockNumber":"1026508","poolId":"0x22ffeb5d19130dd5f7ce9a9dd86ff842794ad75ea1e3929765de25bd50441e82","stateView":"0xf3334192d15450cdd385c8b70e03f9a6bd9e673b","tickLower":-883200,"tickUpper":883200}	{"ok": true, "feeGrowthInside0X128": "0", "feeGrowthInside1X128": "0"}
{"blockNumber":"1026832","poolId":"0xb0404733341741866322e197e0f24ce8c45dc3b798cf3018a9a25891d08e9d39","stateView":"0xf3334192d15450cdd385c8b70e03f9a6bd9e673b","tickLower":-883200,"tickUpper":883200}	{"ok": true, "feeGrowthInside0X128": "0", "feeGrowthInside1X128": "0"}
{"blockNumber":"1027187","poolId":"0x77c5ca651a2290eb43f7b08f8e8d7d562a1404790f7c38037c990fbfc9f15dc8","stateView":"0xf3334192d15450cdd385c8b70e03f9a6bd9e673b","tickLower":200400,"tickUpper":232600}	{"ok": true, "feeGrowthInside0X128": "38160696710519351093623117910", "feeGrowthInside1X128": "0"}
{"blockNumber":"1027187","poolId":"0x77c5ca651a2290eb43f7b08f8e8d7d562a1404790f7c38037c990fbfc9f15dc8","stateView":"0xf3334192d15450cdd385c8b70e03f9a6bd9e673b","tickLower":170400,"tickUpper":200400}	{"ok": true, "feeGrowthInside0X128": "0", "feeGrowthInside1X128": "0"}
{"blockNumber":"1027187","poolId":"0x77c5ca651a2290eb43f7b08f8e8d7d562a1404790f7c38037c990fbfc9f15dc8","stateView":"0xf3334192d15450cdd385c8b70e03f9a6bd9e673b","tickLower":124400,"tickUpper":170400}	{"ok": true, "feeGrowthInside0X128": "0", "feeGrowthInside1X128": "0"}
{"blockNumber":"1028587","poolId":"0xe2fbb71b67f8927e8070bbd8550d0d03995752aedd60e45a1cba3a7a01242b34","stateView":"0xf3334192d15450cdd385c8b70e03f9a6bd9e673b","tickLower":200400,"tickUpper":232600}	{"ok": true, "feeGrowthInside0X128": "38160696710519351093623117910", "feeGrowthInside1X128": "0"}
{"blockNumber":"1028587","poolId":"0xe2fbb71b67f8927e8070bbd8550d0d03995752aedd60e45a1cba3a7a01242b34","stateView":"0xf3334192d15450cdd385c8b70e03f9a6bd9e673b","tickLower":170400,"tickUpper":200400}	{"ok": true, "feeGrowthInside0X128": "0", "feeGrowthInside1X128": "0"}
{"blockNumber":"1028587","poolId":"0xe2fbb71b67f8927e8070bbd8550d0d03995752aedd60e45a1cba3a7a01242b34","stateView":"0xf3334192d15450cdd385c8b70e03f9a6bd9e673b","tickLower":124400,"tickUpper":170400}	{"ok": true, "feeGrowthInside0X128": "0", "feeGrowthInside1X128": "0"}
{"blockNumber":"1028900","poolId":"0xc4cef7c8d86716db7c7f291a60128f08220ed8cabaac9fdcd910156b736f2272","stateView":"0xf3334192d15450cdd385c8b70e03f9a6bd9e673b","tickLower":-887220,"tickUpper":887220}	{"ok": true, "feeGrowthInside0X128": "5085546270314806292065266361211", "feeGrowthInside1X128": "3124273776424059302816678809798057618"}
{"blockNumber":"1029224","poolId":"0xc4cef7c8d86716db7c7f291a60128f08220ed8cabaac9fdcd910156b736f2272","stateView":"0xf3334192d15450cdd385c8b70e03f9a6bd9e673b","tickLower":-887220,"tickUpper":887220}	{"ok": true, "feeGrowthInside0X128": "0", "feeGrowthInside1X128": "0"}
{"blockNumber":"1032050","poolId":"0x08f712c4467c89e3be77c71f99d9d4f8c122adf8bea954440927d9f63ad1bcc9","stateView":"0xf3334192d15450cdd385c8b70e03f9a6bd9e673b","tickLower":-882000,"tickUpper":882000}	{"ok": true, "feeGrowthInside0X128": "0", "feeGrowthInside1X128": "0"}
{"blockNumber":"1037433","poolId":"0xaa99e93c3db3f3596aa3f7f94b2f815af968c16bf74e93853d9ee682afabff96","stateView":"0xf3334192d15450cdd385c8b70e03f9a6bd9e673b","tickLower":-152820,"tickUpper":170100}	{"ok": true, "feeGrowthInside0X128": "0", "feeGrowthInside1X128": "0"}
{"blockNumber":"1039473","poolId":"0xaa99e93c3db3f3596aa3f7f94b2f815af968c16bf74e93853d9ee682afabff96","stateView":"0xf3334192d15450cdd385c8b70e03f9a6bd9e673b","tickLower":-152820,"tickUpper":170100}	{"ok": true, "feeGrowthInside0X128": "124396967667508213980301865656", "feeGrowthInside1X128": "0"}
{"blockNumber":"1040070","poolId":"0x77c5ca651a2290eb43f7b08f8e8d7d562a1404790f7c38037c990fbfc9f15dc8","stateView":"0xf3334192d15450cdd385c8b70e03f9a6bd9e673b","tickLower":200400,"tickUpper":232600}	{"ok": true, "feeGrowthInside0X128": "45792836052623374260420157251", "feeGrowthInside1X128": "0"}
{"blockNumber":"1040070","poolId":"0x77c5ca651a2290eb43f7b08f8e8d7d562a1404790f7c38037c990fbfc9f15dc8","stateView":"0xf3334192d15450cdd385c8b70e03f9a6bd9e673b","tickLower":170400,"tickUpper":200400}	{"ok": true, "feeGrowthInside0X128": "0", "feeGrowthInside1X128": "0"}
{"blockNumber":"1040070","poolId":"0x77c5ca651a2290eb43f7b08f8e8d7d562a1404790f7c38037c990fbfc9f15dc8","stateView":"0xf3334192d15450cdd385c8b70e03f9a6bd9e673b","tickLower":124400,"tickUpper":170400}	{"ok": true, "feeGrowthInside0X128": "0", "feeGrowthInside1X128": "0"}
{"blockNumber":"1041324","poolId":"0x77c5ca651a2290eb43f7b08f8e8d7d562a1404790f7c38037c990fbfc9f15dc8","stateView":"0xf3334192d15450cdd385c8b70e03f9a6bd9e673b","tickLower":200400,"tickUpper":232600}	{"ok": true, "feeGrowthInside0X128": "53424975394727397427217196592", "feeGrowthInside1X128": "0"}
{"blockNumber":"1041324","poolId":"0x77c5ca651a2290eb43f7b08f8e8d7d562a1404790f7c38037c990fbfc9f15dc8","stateView":"0xf3334192d15450cdd385c8b70e03f9a6bd9e673b","tickLower":170400,"tickUpper":200400}	{"ok": true, "feeGrowthInside0X128": "0", "feeGrowthInside1X128": "0"}
{"blockNumber":"1041324","poolId":"0x77c5ca651a2290eb43f7b08f8e8d7d562a1404790f7c38037c990fbfc9f15dc8","stateView":"0xf3334192d15450cdd385c8b70e03f9a6bd9e673b","tickLower":124400,"tickUpper":170400}	{"ok": true, "feeGrowthInside0X128": "0", "feeGrowthInside1X128": "0"}
{"blockNumber":"1041382","poolId":"0x77c5ca651a2290eb43f7b08f8e8d7d562a1404790f7c38037c990fbfc9f15dc8","stateView":"0xf3334192d15450cdd385c8b70e03f9a6bd9e673b","tickLower":200400,"tickUpper":232600}	{"ok": true, "feeGrowthInside0X128": "61057114736831420594014235933", "feeGrowthInside1X128": "0"}
{"blockNumber":"1041382","poolId":"0x77c5ca651a2290eb43f7b08f8e8d7d562a1404790f7c38037c990fbfc9f15dc8","stateView":"0xf3334192d15450cdd385c8b70e03f9a6bd9e673b","tickLower":170400,"tickUpper":200400}	{"ok": true, "feeGrowthInside0X128": "0", "feeGrowthInside1X128": "0"}
{"blockNumber":"1041382","poolId":"0x77c5ca651a2290eb43f7b08f8e8d7d562a1404790f7c38037c990fbfc9f15dc8","stateView":"0xf3334192d15450cdd385c8b70e03f9a6bd9e673b","tickLower":124400,"tickUpper":170400}	{"ok": true, "feeGrowthInside0X128": "0", "feeGrowthInside1X128": "0"}
{"blockNumber":"1041737","poolId":"0xf8c20e0997a5b76f7bf23fccd155d2beafdc4fb832b5beadeb251c6813a98738","stateView":"0xf3334192d15450cdd385c8b70e03f9a6bd9e673b","tickLower":182000,"tickUpper":189000}	{"ok": true, "feeGrowthInside0X128": "0", "feeGrowthInside1X128": "0"}
{"blockNumber":"1041747","poolId":"0xf8c20e0997a5b76f7bf23fccd155d2beafdc4fb832b5beadeb251c6813a98738","stateView":"0xf3334192d15450cdd385c8b70e03f9a6bd9e673b","tickLower":173000,"tickUpper":182000}	{"ok": true, "feeGrowthInside0X128": "0", "feeGrowthInside1X128": "0"}
{"blockNumber":"1041757","poolId":"0xf8c20e0997a5b76f7bf23fccd155d2beafdc4fb832b5beadeb251c6813a98738","stateView":"0xf3334192d15450cdd385c8b70e03f9a6bd9e673b","tickLower":162000,"tickUpper":173000}	{"ok": true, "feeGrowthInside0X128": "0", "feeGrowthInside1X128": "0"}
{"blockNumber":"1041775","poolId":"0xf8c20e0997a5b76f7bf23fccd155d2beafdc4fb832b5beadeb251c6813a98738","stateView":"0xf3334192d15450cdd385c8b70e03f9a6bd9e673b","tickLower":150000,"tickUpper":162000}	{"ok": true, "feeGrowthInside0X128": "0", "feeGrowthInside1X128": "0"}
{"blockNumber":"1041790","poolId":"0xf8c20e0997a5b76f7bf23fccd155d2beafdc4fb832b5beadeb251c6813a98738","stateView":"0xf3334192d15450cdd385c8b70e03f9a6bd9e673b","tickLower":136000,"tickUpper":150000}	{"ok": true, "feeGrowthInside0X128": "0", "feeGrowthInside1X128": "0"}
{"blockNumber":"1043825","poolId":"0xd4624a5ff121306b592f098e7fe55c13fceba4cbda35a701fdc6bc72fd30dd63","stateView":"0xf3334192d15450cdd385c8b70e03f9a6bd9e673b","tickLower":-880000,"tickUpper":880000}	{"ok": true, "feeGrowthInside0X128": "0", "feeGrowthInside1X128": "0"}
{"blockNumber":"1044486","poolId":"0xd4624a5ff121306b592f098e7fe55c13fceba4cbda35a701fdc6bc72fd30dd63","stateView":"0xf3334192d15450cdd385c8b70e03f9a6bd9e673b","tickLower":-880000,"tickUpper":880000}	{"ok": true, "feeGrowthInside0X128": "0", "feeGrowthInside1X128": "0"}
{"blockNumber":"1047405","poolId":"0x77c5ca651a2290eb43f7b08f8e8d7d562a1404790f7c38037c990fbfc9f15dc8","stateView":"0xf3334192d15450cdd385c8b70e03f9a6bd9e673b","tickLower":200400,"tickUpper":232600}	{"ok": true, "feeGrowthInside0X128": "61057114736831420594014235933", "feeGrowthInside1X128": "285220031227382924507832416617341215673"}
{"blockNumber":"1047405","poolId":"0x77c5ca651a2290eb43f7b08f8e8d7d562a1404790f7c38037c990fbfc9f15dc8","stateView":"0xf3334192d15450cdd385c8b70e03f9a6bd9e673b","tickLower":170400,"tickUpper":200400}	{"ok": true, "feeGrowthInside0X128": "0", "feeGrowthInside1X128": "0"}
{"blockNumber":"1047405","poolId":"0x77c5ca651a2290eb43f7b08f8e8d7d562a1404790f7c38037c990fbfc9f15dc8","stateView":"0xf3334192d15450cdd385c8b70e03f9a6bd9e673b","tickLower":124400,"tickUpper":170400}	{"ok": true, "feeGrowthInside0X128": "0", "feeGrowthInside1X128": "0"}
{"blockNumber":"1047546","poolId":"0x77c5ca651a2290eb43f7b08f8e8d7d562a1404790f7c38037c990fbfc9f15dc8","stateView":"0xf3334192d15450cdd385c8b70e03f9a6bd9e673b","tickLower":200400,"tickUpper":232600}	{"ok": true, "feeGrowthInside0X128": "99217811447350771687637353843", "feeGrowthInside1X128": "285220031227382924507832416617341215673"}
{"blockNumber":"1047546","poolId":"0x77c5ca651a2290eb43f7b08f8e8d7d562a1404790f7c38037c990fbfc9f15dc8","stateView":"0xf3334192d15450cdd385c8b70e03f9a6bd9e673b","tickLower":170400,"tickUpper":200400}	{"ok": true, "feeGrowthInside0X128": "0", "feeGrowthInside1X128": "0"}
{"blockNumber":"1047546","poolId":"0x77c5ca651a2290eb43f7b08f8e8d7d562a1404790f7c38037c990fbfc9f15dc8","stateView":"0xf3334192d15450cdd385c8b70e03f9a6bd9e673b","tickLower":124400,"tickUpper":170400}	{"ok": true, "feeGrowthInside0X128": "0", "feeGrowthInside1X128": "0"}
{"blockNumber":"1053403","poolId":"0x77c5ca651a2290eb43f7b08f8e8d7d562a1404790f7c38037c990fbfc9f15dc8","stateView":"0xf3334192d15450cdd385c8b70e03f9a6bd9e673b","tickLower":200400,"tickUpper":232600}	{"ok": true, "feeGrowthInside0X128": "106849950789454794854434393184", "feeGrowthInside1X128": "285220031227382924507832416617341215673"}
{"blockNumber":"1053403","poolId":"0x77c5ca651a2290eb43f7b08f8e8d7d562a1404790f7c38037c990fbfc9f15dc8","stateView":"0xf3334192d15450cdd385c8b70e03f9a6bd9e673b","tickLower":170400,"tickUpper":200400}	{"ok": true, "feeGrowthInside0X128": "0", "feeGrowthInside1X128": "0"}
{"blockNumber":"1053403","poolId":"0x77c5ca651a2290eb43f7b08f8e8d7d562a1404790f7c38037c990fbfc9f15dc8","stateView":"0xf3334192d15450cdd385c8b70e03f9a6bd9e673b","tickLower":124400,"tickUpper":170400}	{"ok": true, "feeGrowthInside0X128": "0", "feeGrowthInside1X128": "0"}
{"blockNumber":"1053670","poolId":"0x77c5ca651a2290eb43f7b08f8e8d7d562a1404790f7c38037c990fbfc9f15dc8","stateView":"0xf3334192d15450cdd385c8b70e03f9a6bd9e673b","tickLower":200400,"tickUpper":232600}	{"ok": true, "feeGrowthInside0X128": "183171344210492732301318550205", "feeGrowthInside1X128": "285220031227382924507832416617341215673"}
{"blockNumber":"1053670","poolId":"0x77c5ca651a2290eb43f7b08f8e8d7d562a1404790f7c38037c990fbfc9f15dc8","stateView":"0xf3334192d15450cdd385c8b70e03f9a6bd9e673b","tickLower":170400,"tickUpper":200400}	{"ok": true, "feeGrowthInside0X128": "0", "feeGrowthInside1X128": "0"}
{"blockNumber":"1053670","poolId":"0x77c5ca651a2290eb43f7b08f8e8d7d562a1404790f7c38037c990fbfc9f15dc8","stateView":"0xf3334192d15450cdd385c8b70e03f9a6bd9e673b","tickLower":124400,"tickUpper":170400}	{"ok": true, "feeGrowthInside0X128": "0", "feeGrowthInside1X128": "0"}
{"blockNumber":"1055963","poolId":"0x77c5ca651a2290eb43f7b08f8e8d7d562a1404790f7c38037c990fbfc9f15dc8","stateView":"0xf3334192d15450cdd385c8b70e03f9a6bd9e673b","tickLower":200400,"tickUpper":232600}	{"ok": true, "feeGrowthInside0X128": "221332040921012083394941668115", "feeGrowthInside1X128": "285220031227382924507832416617341215673"}
{"blockNumber":"1055963","poolId":"0x77c5ca651a2290eb43f7b08f8e8d7d562a1404790f7c38037c990fbfc9f15dc8","stateView":"0xf3334192d15450cdd385c8b70e03f9a6bd9e673b","tickLower":170400,"tickUpper":200400}	{"ok": true, "feeGrowthInside0X128": "0", "feeGrowthInside1X128": "0"}
{"blockNumber":"1055963","poolId":"0x77c5ca651a2290eb43f7b08f8e8d7d562a1404790f7c38037c990fbfc9f15dc8","stateView":"0xf3334192d15450cdd385c8b70e03f9a6bd9e673b","tickLower":124400,"tickUpper":170400}	{"ok": true, "feeGrowthInside0X128": "0", "feeGrowthInside1X128": "0"}
{"blockNumber":"1058028","poolId":"0xe38edec74fee8b787386773385e34a216b9d5001926d5ab311f96187889d06eb","stateView":"0xf3334192d15450cdd385c8b70e03f9a6bd9e673b","tickLower":154000,"tickUpper":174000}	{"ok": true, "feeGrowthInside0X128": "0", "feeGrowthInside1X128": "0"}
{"blockNumber":"1059384","poolId":"0x77c5ca651a2290eb43f7b08f8e8d7d562a1404790f7c38037c990fbfc9f15dc8","stateView":"0xf3334192d15450cdd385c8b70e03f9a6bd9e673b","tickLower":200400,"tickUpper":232600}	{"ok": true, "feeGrowthInside0X128": "228964180263116106561738707456", "feeGrowthInside1X128": "285220031227382924507832416617341215673"}
{"blockNumber":"1059384","poolId":"0x77c5ca651a2290eb43f7b08f8e8d7d562a1404790f7c38037c990fbfc9f15dc8","stateView":"0xf3334192d15450cdd385c8b70e03f9a6bd9e673b","tickLower":170400,"tickUpper":200400}	{"ok": true, "feeGrowthInside0X128": "0", "feeGrowthInside1X128": "0"}
{"blockNumber":"1059384","poolId":"0x77c5ca651a2290eb43f7b08f8e8d7d562a1404790f7c38037c990fbfc9f15dc8","stateView":"0xf3334192d15450cdd385c8b70e03f9a6bd9e673b","tickLower":124400,"tickUpper":170400}	{"ok": true, "feeGrowthInside0X128": "0", "feeGrowthInside1X128": "0"}
{"blockNumber":"1060405","poolId":"0xe38edec74fee8b787386773385e34a216b9d5001926d5ab311f96187889d06eb","stateView":"0xf3334192d15450cdd385c8b70e03f9a6bd9e673b","tickLower":154000,"tickUpper":174000}	{"ok": true, "feeGrowthInside0X128": "0", "feeGrowthInside1X128": "0"}
{"blockNumber":"1060699","poolId":"0x0bf9dfc669aa675f7f3f5ee3a1d5782f40e2bd06234394605dff45bf16e885de","stateView":"0xf3334192d15450cdd385c8b70e03f9a6bd9e673b","tickLower":153200,"tickUpper":167600}	{"ok": true, "feeGrowthInside0X128": "0", "feeGrowthInside1X128": "0"}
{"blockNumber":"1060853","poolId":"0x77c5ca651a2290eb43f7b08f8e8d7d562a1404790f7c38037c990fbfc9f15dc8","stateView":"0xf3334192d15450cdd385c8b70e03f9a6bd9e673b","tickLower":200400,"tickUpper":232600}	{"ok": true, "feeGrowthInside0X128": "236596319605220129728535746797", "feeGrowthInside1X128": "285220031227382924507832416617341215673"}
{"blockNumber":"1060853","poolId":"0x77c5ca651a2290eb43f7b08f8e8d7d562a1404790f7c38037c990fbfc9f15dc8","stateView":"0xf3334192d15450cdd385c8b70e03f9a6bd9e673b","tickLower":170400,"tickUpper":200400}	{"ok": true, "feeGrowthInside0X128": "0", "feeGrowthInside1X128": "0"}
{"blockNumber":"1060853","poolId":"0x77c5ca651a2290eb43f7b08f8e8d7d562a1404790f7c38037c990fbfc9f15dc8","stateView":"0xf3334192d15450cdd385c8b70e03f9a6bd9e673b","tickLower":124400,"tickUpper":170400}	{"ok": true, "feeGrowthInside0X128": "0", "feeGrowthInside1X128": "0"}
{"blockNumber":"1068588","poolId":"0x22ffeb5d19130dd5f7ce9a9dd86ff842794ad75ea1e3929765de25bd50441e82","stateView":"0xf3334192d15450cdd385c8b70e03f9a6bd9e673b","tickLower":-883200,"tickUpper":883200}	{"ok": true, "feeGrowthInside0X128": "47277733933741480908463497606113798", "feeGrowthInside1X128": "0"}
{"blockNumber":"1069144","poolId":"0xc44df65236f865609b4703fea7651f3fc53d473746b39863040dd7e66d313aec","stateView":"0xf3334192d15450cdd385c8b70e03f9a6bd9e673b","tickLower":-883200,"tickUpper":883200}	{"ok": true, "feeGrowthInside0X128": "0", "feeGrowthInside1X128": "0"}
{"blockNumber":"1069217","poolId":"0xb0404733341741866322e197e0f24ce8c45dc3b798cf3018a9a25891d08e9d39","stateView":"0xf3334192d15450cdd385c8b70e03f9a6bd9e673b","tickLower":-883200,"tickUpper":883200}	{"ok": true, "feeGrowthInside0X128": "12623092686288759767635428215442615", "feeGrowthInside1X128": "0"}
{"blockNumber":"1073214","poolId":"0xb0404733341741866322e197e0f24ce8c45dc3b798cf3018a9a25891d08e9d39","stateView":"0xf3334192d15450cdd385c8b70e03f9a6bd9e673b","tickLower":-883200,"tickUpper":883200}	{"ok": true, "feeGrowthInside0X128": "22394319902071210834102565989045590", "feeGrowthInside1X128": "0"}
{"blockNumber":"1073848","poolId":"0xf7dc0af99fce7169eb76854c0b39beb9915526894d42229946e5cb469cab50b1","stateView":"0xf3334192d15450cdd385c8b70e03f9a6bd9e673b","tickLower":75600,"tickUpper":78400}	{"ok": true, "feeGrowthInside0X128": "0", "feeGrowthInside1X128": "0"}
{"blockNumber":"1077908","poolId":"0xc44df65236f865609b4703fea7651f3fc53d473746b39863040dd7e66d313aec","stateView":"0xf3334192d15450cdd385c8b70e03f9a6bd9e673b","tickLower":-883200,"tickUpper":883200}	{"ok": true, "feeGrowthInside0X128": "1240815801256638811408434617131005", "feeGrowthInside1X128": "6818844409482337172267552777953976136982040"}
{"blockNumber":"1080451","poolId":"0xc44df65236f865609b4703fea7651f3fc53d473746b39863040dd7e66d313aec","stateView":"0xf3334192d15450cdd385c8b70e03f9a6bd9e673b","tickLower":-883200,"tickUpper":883200}	{"ok": true, "feeGrowthInside0X128": "4144753595443787281828083436299905", "feeGrowthInside1X128": "6818844409482337172267552777953976136982040"}
{"blockNumber":"1080497","poolId":"0xc44df65236f865609b4703fea7651f3fc53d473746b39863040dd7e66d313aec","stateView":"0xf3334192d15450cdd385c8b70e03f9a6bd9e673b","tickLower":-883200,"tickUpper":883200}	{"ok": true, "feeGrowthInside0X128": "4144753595443787281828083436299905", "feeGrowthInside1X128": "6818844409482337172267552777953976136982040"}
{"blockNumber":"1081428","poolId":"0xd030363a660e55eb6d02e73aa4b2b953718452616bcd5ad813444e952f80f0df","stateView":"0xf3334192d15450cdd385c8b70e03f9a6bd9e673b","tickLower":-340000,"tickUpper":-336000}	{"ok": true, "feeGrowthInside0X128": "0", "feeGrowthInside1X128": "0"}
{"blockNumber":"1081809","poolId":"0xc44df65236f865609b4703fea7651f3fc53d473746b39863040dd7e66d313aec","stateView":"0xf3334192d15450cdd385c8b70e03f9a6bd9e673b","tickLower":-883200,"tickUpper":883200}	{"ok": true, "feeGrowthInside0X128": "6653821910857209899203617748876364", "feeGrowthInside1X128": "6818844409482337172267552777953976136982040"}
{"blockNumber":"1083290","poolId":"0xc44df65236f865609b4703fea7651f3fc53d473746b39863040dd7e66d313aec","stateView":"0xf3334192d15450cdd385c8b70e03f9a6bd9e673b","tickLower":-883200,"tickUpper":883200}	{"ok": true, "feeGrowthInside0X128": "8841866715096449506324291331136972", "feeGrowthInside1X128": "6818844409482337172267552777953976136982040"}
{"blockNumber":"1083673","poolId":"0xc44df65236f865609b4703fea7651f3fc53d473746b39863040dd7e66d313aec","stateView":"0xf3334192d15450cdd385c8b70e03f9a6bd9e673b","tickLower":-883200,"tickUpper":883200}	{"ok": true, "feeGrowthInside0X128": "9412661011854512012529684439552783", "feeGrowthInside1X128": "6818844409482337172267552777953976136982040"}
{"blockNumber":"1084611","poolId":"0x6b154342e00089b3b782d316f7c2e36f632be64517ad4dd49b50dfbb2ba2d97b","stateView":"0xf3334192d15450cdd385c8b70e03f9a6bd9e673b","tickLower":-880000,"tickUpper":880000}	{"ok": true, "feeGrowthInside0X128": "0", "feeGrowthInside1X128": "0"}
{"blockNumber":"1084949","poolId":"0xc44df65236f865609b4703fea7651f3fc53d473746b39863040dd7e66d313aec","stateView":"0xf3334192d15450cdd385c8b70e03f9a6bd9e673b","tickLower":-883200,"tickUpper":883200}	{"ok": true, "feeGrowthInside0X128": "10098795292850983837439996087742445", "feeGrowthInside1X128": "6818844409482337172267552777953976136982040"}
{"blockNumber":"1089619","poolId":"0xc44df65236f865609b4703fea7651f3fc53d473746b39863040dd7e66d313aec","stateView":"0xf3334192d15450cdd385c8b70e03f9a6bd9e673b","tickLower":-883200,"tickUpper":883200}	{"ok": true, "feeGrowthInside0X128": "11236330622997074485487293807383403", "feeGrowthInside1X128": "6818844409482337172267552777953976136982040"}
{"blockNumber":"1092518","poolId":"0xc44df65236f865609b4703fea7651f3fc53d473746b39863040dd7e66d313aec","stateView":"0xf3334192d15450cdd385c8b70e03f9a6bd9e673b","tickLower":-883200,"tickUpper":883200}	{"ok": true, "feeGrowthInside0X128": "12690649061072474174048045338732308", "feeGrowthInside1X128": "6818844409482337172267552777953976136982040"}
{"blockNumber":"1094083","poolId":"0xc44df65236f865609b4703fea7651f3fc53d473746b39863040dd7e66d313aec","stateView":"0xf3334192d15450cdd385c8b70e03f9a6bd9e673b","tickLower":-883200,"tickUpper":883200}	{"ok": true, "feeGrowthInside0X128": "13668410106984097860187606347345851", "feeGrowthInside1X128": "6818844409482337172267552777953976136982040"}
{"blockNumber":"1094122","poolId":"0xc44df65236f865609b4703fea7651f3fc53d473746b39863040dd7e66d313aec","stateView":"0xf3334192d15450cdd385c8b70e03f9a6bd9e673b","tickLower":-883200,"tickUpper":883200}	{"ok": true, "feeGrowthInside0X128": "13668410106984097860187606347345851", "feeGrowthInside1X128": "6818844409482337172267552777953976136982040"}
{"blockNumber":"1094242","poolId":"0xc958dcb971689efcf0ef22266e421eaee086ed43140afc39a741ba4df6a8351f","stateView":"0xf3334192d15450cdd385c8b70e03f9a6bd9e673b","tickLower":-882000,"tickUpper":882000}	{"ok": true, "feeGrowthInside0X128": "0", "feeGrowthInside1X128": "0"}
{"blockNumber":"1096549","poolId":"0xc44df65236f865609b4703fea7651f3fc53d473746b39863040dd7e66d313aec","stateView":"0xf3334192d15450cdd385c8b70e03f9a6bd9e673b","tickLower":-883200,"tickUpper":883200}	{"ok": true, "feeGrowthInside0X128": "21684976107511078326084844743979583", "feeGrowthInside1X128": "6818844409482337172267552777953976136982040"}
{"blockNumber":"1096606","poolId":"0xc44df65236f865609b4703fea7651f3fc53d473746b39863040dd7e66d313aec","stateView":"0xf3334192d15450cdd385c8b70e03f9a6bd9e673b","tickLower":-883200,"tickUpper":883200}	{"ok": true, "feeGrowthInside0X128": "22344556936768592113558951156808778", "feeGrowthInside1X128": "6818844409482337172267552777953976136982040"}
{"blockNumber":"1096708","poolId":"0xc44df65236f865609b4703fea7651f3fc53d473746b39863040dd7e66d313aec","stateView":"0xf3334192d15450cdd385c8b70e03f9a6bd9e673b","tickLower":-883200,"tickUpper":883200}	{"ok": true, "feeGrowthInside0X128": "22344556936768592113558951156808778", "feeGrowthInside1X128": "6818844409482337172267552777953976136982040"}
{"blockNumber":"1097032","poolId":"0x77c5ca651a2290eb43f7b08f8e8d7d562a1404790f7c38037c990fbfc9f15dc8","stateView":"0xf3334192d15450cdd385c8b70e03f9a6bd9e673b","tickLower":200400,"tickUpper":232600}	{"ok": true, "feeGrowthInside0X128": "847167466973522864563246924171", "feeGrowthInside1X128": "285220031227382924507832416617341215673"}
{"blockNumber":"1097032","poolId":"0x77c5ca651a2290eb43f7b08f8e8d7d562a1404790f7c38037c990fbfc9f15dc8","stateView":"0xf3334192d15450cdd385c8b70e03f9a6bd9e673b","tickLower":170400,"tickUpper":200400}	{"ok": true, "feeGrowthInside0X128": "0", "feeGrowthInside1X128": "0"}
{"blockNumber":"1097032","poolId":"0x77c5ca651a2290eb43f7b08f8e8d7d562a1404790f7c38037c990fbfc9f15dc8","stateView":"0xf3334192d15450cdd385c8b70e03f9a6bd9e673b","tickLower":124400,"tickUpper":170400}	{"ok": true, "feeGrowthInside0X128": "0", "feeGrowthInside1X128": "0"}
{"blockNumber":"1097190","poolId":"0x77c5ca651a2290eb43f7b08f8e8d7d562a1404790f7c38037c990fbfc9f15dc8","stateView":"0xf3334192d15450cdd385c8b70e03f9a6bd9e673b","tickLower":200400,"tickUpper":232600}	{"ok": true, "feeGrowthInside0X128": "923488860394560802010131081192", "feeGrowthInside1X128": "285220031227382924507832416617341215673"}
{"blockNumber":"1097190","poolId":"0x77c5ca651a2290eb43f7b08f8e8d7d562a1404790f7c38037c990fbfc9f15dc8","stateView":"0xf3334192d15450cdd385c8b70e03f9a6bd9e673b","tickLower":170400,"tickUpper":200400}	{"ok": true, "feeGrowthInside0X128": "0", "feeGrowthInside1X128": "0"}
{"blockNumber":"1097190","poolId":"0x77c5ca651a2290eb43f7b08f8e8d7d562a1404790f7c38037c990fbfc9f15dc8","stateView":"0xf3334192d15450cdd385c8b70e03f9a6bd9e673b","tickLower":124400,"tickUpper":170400}	{"ok": true, "feeGrowthInside0X128": "0", "feeGrowthInside1X128": "0"}
{"blockNumber":"1097374","poolId":"0xf2732d3a8a7cb092f7c6216f99e05cd953bfed2df31e65ba562430476b86738e","stateView":"0xf3334192d15450cdd385c8b70e03f9a6bd9e673b","tickLower":-880000,"tickUpper":880000}	{"ok": true, "feeGrowthInside0X128": "0", "feeGrowthInside1X128": "0"}
{"blockNumber":"1097630","poolId":"0xc44df65236f865609b4703fea7651f3fc53d473746b39863040dd7e66d313aec","stateView":"0xf3334192d15450cdd385c8b70e03f9a6bd9e673b","tickLower":179200,"tickUpper":185600}	{"ok": true, "feeGrowthInside0X128": "0", "feeGrowthInside1X128": "0"}
{"blockNumber":"1097787","poolId":"0xca5c44d36db02500d4488c155ecf83d1b9d3a6ca286baedbf1708a6fc6adb78c","stateView":"0xf3334192d15450cdd385c8b70e03f9a6bd9e673b","tickLower":-883200,"tickUpper":883200}	{"ok": true, "feeGrowthInside0X128": "0", "feeGrowthInside1X128": "0"}
{"blockNumber":"1099861","poolId":"0xc44df65236f865609b4703fea7651f3fc53d473746b39863040dd7e66d313aec","stateView":"0xf3334192d15450cdd385c8b70e03f9a6bd9e673b","tickLower":-883200,"tickUpper":883200}	{"ok": true, "feeGrowthInside0X128": "22344556936768592113558951156808778", "feeGrowthInside1X128": "6857044984636939984603309149548821833315114"}
{"blockNumber":"1100084","poolId":"0xc44df65236f865609b4703fea7651f3fc53d473746b39863040dd7e66d313aec","stateView":"0xf3334192d15450cdd385c8b70e03f9a6bd9e673b","tickLower":-883200,"tickUpper":883200}	{"ok": true, "feeGrowthInside0X128": "22344556936768592113558951156808778", "feeGrowthInside1X128": "6857044984636939984603309149548821833315114"}
{"blockNumber":"1100302","poolId":"0xc44df65236f865609b4703fea7651f3fc53d473746b39863040dd7e66d313aec","stateView":"0xf3334192d15450cdd385c8b70e03f9a6bd9e673b","tickLower":-883200,"tickUpper":883200}	{"ok": true, "feeGrowthInside0X128": "22344556936768592113558951156808778", "feeGrowthInside1X128": "6857044984636939984603309149548821833315114"}
{"blockNumber":"1102070","poolId":"0xc958dcb971689efcf0ef22266e421eaee086ed43140afc39a741ba4df6a8351f","stateView":"0xf3334192d15450cdd385c8b70e03f9a6bd9e673b","tickLower":-882000,"tickUpper":882000}	{"ok": true, "feeGrowthInside0X128": "283447790670331201878397315379341", "feeGrowthInside1X128": "0"}
{"blockNumber":"1103260","poolId":"0x30798634eaafa7f169d042374304e6e7ad7792de8b303f926ea5dc15fc8a3736","stateView":"0xf3334192d15450cdd385c8b70e03f9a6bd9e673b","tickLower":18000,"tickUpper":126000}	{"ok": true, "feeGrowthInside0X128": "0", "feeGrowthInside1X128": "0"}
{"blockNumber":"1103727","poolId":"0xc7b7b60e77675cce4044b44ccc81568b9e63820b5382c88bc0c864b1d2122cb3","stateView":"0xf3334192d15450cdd385c8b70e03f9a6bd9e673b","tickLower":-885000,"tickUpper":885000}	{"ok": true, "feeGrowthInside0X128": "0", "feeGrowthInside1X128": "0"}
{"blockNumber":"1104412","poolId":"0xc44df65236f865609b4703fea7651f3fc53d473746b39863040dd7e66d313aec","stateView":"0xf3334192d15450cdd385c8b70e03f9a6bd9e673b","tickLower":-883200,"tickUpper":883200}	{"ok": true, "feeGrowthInside0X128": "22344556936768592113558951156808778", "feeGrowthInside1X128": "6857044984636939984603309149548821833315114"}
{"blockNumber":"1104922","poolId":"0xc7b7b60e77675cce4044b44ccc81568b9e63820b5382c88bc0c864b1d2122cb3","stateView":"0xf3334192d15450cdd385c8b70e03f9a6bd9e673b","tickLower":-885000,"tickUpper":885000}	{"ok": true, "feeGrowthInside0X128": "0", "feeGrowthInside1X128": "0"}
{"blockNumber":"1106004","poolId":"0x7e44316c6f1ccfc09d3dbf7dbd55006b37848910420b40ab5a306c6c37d1f317","stateView":"0xf3334192d15450cdd385c8b70e03f9a6bd9e673b","tickLower":-884000,"tickUpper":884000}	{"ok": true, "feeGrowthInside0X128": "0", "feeGrowthInside1X128": "0"}
{"blockNumber":"1106189","poolId":"0x30798634eaafa7f169d042374304e6e7ad7792de8b303f926ea5dc15fc8a3736","stateView":"0xf3334192d15450cdd385c8b70e03f9a6bd9e673b","tickLower":18000,"tickUpper":126000}	{"ok": true, "feeGrowthInside0X128": "0", "feeGrowthInside1X128": "0"}
{"blockNumber":"1107144","poolId":"0xc44df65236f865609b4703fea7651f3fc53d473746b39863040dd7e66d313aec","stateView":"0xf3334192d15450cdd385c8b70e03f9a6bd9e673b","tickLower":179200,"tickUpper":185600}	{"ok": true, "feeGrowthInside0X128": "0", "feeGrowthInside1X128": "188738525288349295854219291808564139734255"}
{"blockNumber":"1107250","poolId":"0xc44df65236f865609b4703fea7651f3fc53d473746b39863040dd7e66d313aec","stateView":"0xf3334192d15450cdd385c8b70e03f9a6bd9e673b","tickLower":-883200,"tickUpper":883200}	{"ok": true, "feeGrowthInside0X128": "22344556936768592113558951156808778", "feeGrowthInside1X128": "7208265899182264639597801618804593306258824"}
{"blockNumber":"1108215","poolId":"0x77c5ca651a2290eb43f7b08f8e8d7d562a1404790f7c38037c990fbfc9f15dc8","stateView":"0xf3334192d15450cdd385c8b70e03f9a6bd9e673b","tickLower":200400,"tickUpper":232600}	{"ok": true, "feeGrowthInside0X128": "1686702794604939411738610572609", "feeGrowthInside1X128": "285220031227382924507832416617341215673"}
{"blockNumber":"1108215","poolId":"0x77c5ca651a2290eb43f7b08f8e8d7d562a1404790f7c38037c990fbfc9f15dc8","stateView":"0xf3334192d15450cdd385c8b70e03f9a6bd9e673b","tickLower":170400,"tickUpper":200400}	{"ok": true, "feeGrowthInside0X128": "0", "feeGrowthInside1X128": "0"}
{"blockNumber":"1108215","poolId":"0x77c5ca651a2290eb43f7b08f8e8d7d562a1404790f7c38037c990fbfc9f15dc8","stateView":"0xf3334192d15450cdd385c8b70e03f9a6bd9e673b","tickLower":124400,"tickUpper":170400}	{"ok": true, "feeGrowthInside0X128": "0", "feeGrowthInside1X128": "0"}
{"blockNumber":"1108745","poolId":"0xc46ff7936702fe273f4d518a1e21966c23dcfa9931b3e552312cf38b48a26c7e","stateView":"0xf3334192d15450cdd385c8b70e03f9a6bd9e673b","tickLower":-884000,"tickUpper":884000}	{"ok": true, "feeGrowthInside0X128": "0", "feeGrowthInside1X128": "0"}
{"blockNumber":"1108938","poolId":"0x77c5ca651a2290eb43f7b08f8e8d7d562a1404790f7c38037c990fbfc9f15dc8","stateView":"0xf3334192d15450cdd385c8b70e03f9a6bd9e673b","tickLower":200400,"tickUpper":232600}	{"ok": true, "feeGrowthInside0X128": "2449916728815318021467090064026", "feeGrowthInside1X128": "285220031227382924507832416617341215673"}
{"blockNumber":"1108938","poolId":"0x77c5ca651a2290eb43f7b08f8e8d7d562a1404790f7c38037c990fbfc9f15dc8","stateView":"0xf3334192d15450cdd385c8b70e03f9a6bd9e673b","tickLower":170400,"tickUpper":200400}	{"ok": true, "feeGrowthInside0X128": "0", "feeGrowthInside1X128": "0"}
{"blockNumber":"1108938","poolId":"0x77c5ca651a2290eb43f7b08f8e8d7d562a1404790f7c38037c990fbfc9f15dc8","stateView":"0xf3334192d15450cdd385c8b70e03f9a6bd9e673b","tickLower":124400,"tickUpper":170400}	{"ok": true, "feeGrowthInside0X128": "0", "feeGrowthInside1X128": "0"}
{"blockNumber":"1109473","poolId":"0xc44df65236f865609b4703fea7651f3fc53d473746b39863040dd7e66d313aec","stateView":"0xf3334192d15450cdd385c8b70e03f9a6bd9e673b","tickLower":-883200,"tickUpper":883200}	{"ok": true, "feeGrowthInside0X128": "22344556936768592113558951156808778", "feeGrowthInside1X128": "7208265899182264639597801618804593306258824"}
{"blockNumber":"1109564","poolId":"0xc44df65236f865609b4703fea7651f3fc53d473746b39863040dd7e66d313aec","stateView":"0xf3334192d15450cdd385c8b70e03f9a6bd9e673b","tickLower":-883200,"tickUpper":883200}	{"ok": true, "feeGrowthInside0X128": "22344556936768592113558951156808778", "feeGrowthInside1X128": "7208265899182264639597801618804593306258824"}
{"blockNumber":"1111363","poolId":"0x77c5ca651a2290eb43f7b08f8e8d7d562a1404790f7c38037c990fbfc9f15dc8","stateView":"0xf3334192d15450cdd385c8b70e03f9a6bd9e673b","tickLower":200400,"tickUpper":232600}	{"ok": true, "feeGrowthInside0X128": "3213130663025696631195569555443", "feeGrowthInside1X128": "285220031227382924507832416617341215673"}
{"blockNumber":"1111363","poolId":"0x77c5ca651a2290eb43f7b08f8e8d7d562a1404790f7c38037c990fbfc9f15dc8","stateView":"0xf3334192d15450cdd385c8b70e03f9a6bd9e673b","tickLower":170400,"tickUpper":200400}	{"ok": true, "feeGrowthInside0X128": "0", "feeGrowthInside1X128": "0"}
{"blockNumber":"1111363","poolId":"0x77c5ca651a2290eb43f7b08f8e8d7d562a1404790f7c38037c990fbfc9f15dc8","stateView":"0xf3334192d15450cdd385c8b70e03f9a6bd9e673b","tickLower":124400,"tickUpper":170400}	{"ok": true, "feeGrowthInside0X128": "0", "feeGrowthInside1X128": "0"}
{"blockNumber":"1112127","poolId":"0xc44df65236f865609b4703fea7651f3fc53d473746b39863040dd7e66d313aec","stateView":"0xf3334192d15450cdd385c8b70e03f9a6bd9e673b","tickLower":-883200,"tickUpper":883200}	{"ok": true, "feeGrowthInside0X128": "22522917359798969496074309247732719", "feeGrowthInside1X128": "8440656469840784268644057617584278475223976"}
{"blockNumber":"1112168","poolId":"0xc44df65236f865609b4703fea7651f3fc53d473746b39863040dd7e66d313aec","stateView":"0xf3334192d15450cdd385c8b70e03f9a6bd9e673b","tickLower":-883200,"tickUpper":883200}	{"ok": true, "feeGrowthInside0X128": "22557263798299087858401732667079539", "feeGrowthInside1X128": "8440656469840784268644057617584278475223976"}
{"blockNumber":"1112747","poolId":"0x77c5ca651a2290eb43f7b08f8e8d7d562a1404790f7c38037c990fbfc9f15dc8","stateView":"0xf3334192d15450cdd385c8b70e03f9a6bd9e673b","tickLower":200400,"tickUpper":232600}	{"ok": true, "feeGrowthInside0X128": "3213130663025696631195569555443", "feeGrowthInside1X128": "8566140344712974853312243776634752175994"}
{"blockNumber":"1112747","poolId":"0x77c5ca651a2290eb43f7b08f8e8d7d562a1404790f7c38037c990fbfc9f15dc8","stateView":"0xf3334192d15450cdd385c8b70e03f9a6bd9e673b","tickLower":170400,"tickUpper":200400}	{"ok": true, "feeGrowthInside0X128": "0", "feeGrowthInside1X128": "0"}
{"blockNumber":"1112747","poolId":"0x77c5ca651a2290eb43f7b08f8e8d7d562a1404790f7c38037c990fbfc9f15dc8","stateView":"0xf3334192d15450cdd385c8b70e03f9a6bd9e673b","tickLower":124400,"tickUpper":170400}	{"ok": true, "feeGrowthInside0X128": "0", "feeGrowthInside1X128": "0"}
{"blockNumber":"1112865","poolId":"0xc44df65236f865609b4703fea7651f3fc53d473746b39863040dd7e66d313aec","stateView":"0xf3334192d15450cdd385c8b70e03f9a6bd9e673b","tickLower":179200,"tickUpper":185600}	{"ok": true, "feeGrowthInside0X128": "0", "feeGrowthInside1X128": "469924027304102355039295495630163317148783"}
{"blockNumber":"1112955","poolId":"0xc44df65236f865609b4703fea7651f3fc53d473746b39863040dd7e66d313aec","stateView":"0xf3334192d15450cdd385c8b70e03f9a6bd9e673b","tickLower":-883200,"tickUpper":883200}	{"ok": true, "feeGrowthInside0X128": "22945212932856985724219733608873137", "feeGrowthInside1X128": "8440656469840784268644057617584278475223976"}
{"blockNumber":"1112980","poolId":"0xc79c9da1753145fdd8a76e734a71a8f07797a66ccb5e2a7b4f101bb078ad1e5c","stateView":"0xf3334192d15450cdd385c8b70e03f9a6bd9e673b","tickLower":-887200,"tickUpper":887200}	{"ok": true, "feeGrowthInside0X128": "0", "feeGrowthInside1X128": "0"}
{"blockNumber":"1113130","poolId":"0xc44df65236f865609b4703fea7651f3fc53d473746b39863040dd7e66d313aec","stateView":"0xf3334192d15450cdd385c8b70e03f9a6bd9e673b","tickLower":-883200,"tickUpper":883200}	{"ok": true, "feeGrowthInside0X128": "22945212932856985724219733608873137", "feeGrowthInside1X128": "8440656469840784268644057617584278475223976"}
{"blockNumber":"1113909","poolId":"0xc44df65236f865609b4703fea7651f3fc53d473746b39863040dd7e66d313aec","stateView":"0xf3334192d15450cdd385c8b70e03f9a6bd9e673b","tickLower":-883200,"tickUpper":883200}	{"ok": true, "feeGrowthInside0X128": "22945212932856985724219733608873137", "feeGrowthInside1X128": "8440656469840784268644057617584278475223976"}
{"blockNumber":"1114011","poolId":"0xc44df65236f865609b4703fea7651f3fc53d473746b39863040dd7e66d313aec","stateView":"0xf3334192d15450cdd385c8b70e03f9a6bd9e673b","tickLower":179200,"tickUpper":185600}	{"ok": true, "feeGrowthInside0X128": "0", "feeGrowthInside1X128": "0"}
{"blockNumber":"1114091","poolId":"0xc44df65236f865609b4703fea7651f3fc53d473746b39863040dd7e66d313aec","stateView":"0xf3334192d15450cdd385c8b70e03f9a6bd9e673b","tickLower":-883200,"tickUpper":883200}	{"ok": true, "feeGrowthInside0X128": "22945212932856985724219733608873137", "feeGrowthInside1X128": "8440656469840784268644057617584278475223976"}
{"blockNumber":"1114989","poolId":"0x77c5ca651a2290eb43f7b08f8e8d7d562a1404790f7c38037c990fbfc9f15dc8","stateView":"0xf3334192d15450cdd385c8b70e03f9a6bd9e673b","tickLower":200400,"tickUpper":232600}	{"ok": true, "feeGrowthInside0X128": "3213130663025696631195569555443", "feeGrowthInside1X128": "25734684766670977956215407383257010768148"}
{"blockNumber":"1114989","poolId":"0x77c5ca651a2290eb43f7b08f8e8d7d562a1404790f7c38037c990fbfc9f15dc8","stateView":"0xf3334192d15450cdd385c8b70e03f9a6bd9e673b","tickLower":170400,"tickUpper":200400}	{"ok": true, "feeGrowthInside0X128": "0", "feeGrowthInside1X128": "0"}
{"blockNumber":"1114989","poolId":"0x77c5ca651a2290eb43f7b08f8e8d7d562a1404790f7c38037c990fbfc9f15dc8","stateView":"0xf3334192d15450cdd385c8b70e03f9a6bd9e673b","tickLower":124400,"tickUpper":170400}	{"ok": true, "feeGrowthInside0X128": "0", "feeGrowthInside1X128": "0"}
{"blockNumber":"1115720","poolId":"0x77c5ca651a2290eb43f7b08f8e8d7d562a1404790f7c38037c990fbfc9f15dc8","stateView":"0xf3334192d15450cdd385c8b70e03f9a6bd9e673b","tickLower":200400,"tickUpper":232600}	{"ok": true, "feeGrowthInside0X128": "3213130663025696631195569555443", "feeGrowthInside1X128": "33737153891266106680107079733798710452916"}
{"blockNumber":"1115720","poolId":"0x77c5ca651a2290eb43f7b08f8e8d7d562a1404790f7c38037c990fbfc9f15dc8","stateView":"0xf3334192d15450cdd385c8b70e03f9a6bd9e673b","tickLower":170400,"tickUpper":200400}	{"ok": true, "feeGrowthInside0X128": "0", "feeGrowthInside1X128": "0"}
{"blockNumber":"1115720","poolId":"0x77c5ca651a2290eb43f7b08f8e8d7d562a1404790f7c38037c990fbfc9f15dc8","stateView":"0xf3334192d15450cdd385c8b70e03f9a6bd9e673b","tickLower":124400,"tickUpper":170400}	{"ok": true, "feeGrowthInside0X128": "0", "feeGrowthInside1X128": "0"}
{"blockNumber":"1116207","poolId":"0x7e44316c6f1ccfc09d3dbf7dbd55006b37848910420b40ab5a306c6c37d1f317","stateView":"0xf3334192d15450cdd385c8b70e03f9a6bd9e673b","tickLower":-884000,"tickUpper":884000}	{"ok": true, "feeGrowthInside0X128": "1035594900273660412956372376801272", "feeGrowthInside1X128": "8349628722953467885328955488190810281716"}
{"blockNumber":"1119329","poolId":"0xf2732d3a8a7cb092f7c6216f99e05cd953bfed2df31e65ba562430476b86738e","stateView":"0xf3334192d15450cdd385c8b70e03f9a6bd9e673b","tickLower":-880000,"tickUpper":880000}	{"ok": true, "feeGrowthInside0X128": "152755581902408753145915217315884087", "feeGrowthInside1X128": "1771980636217294507519518016954946215526621"}
{"blockNumber":"1119390","poolId":"0xd3c21c5c57c362a3236b12ba9229ddde94f35c0c59ecc038e7887423ca43818a","stateView":"0xf3334192d15450cdd385c8b70e03f9a6bd9e673b","tickLower":-887200,"tickUpper":887200}	{"ok": true, "feeGrowthInside0X128": "0", "feeGrowthInside1X128": "0"}
{"blockNumber":"1124827","poolId":"0xfcefa0784b6ea6731b7e3c98abb3aa3702798ac738644d130735e0cd50970cef","stateView":"0xf3334192d15450cdd385c8b70e03f9a6bd9e673b","tickLower":-882000,"tickUpper":882000}	{"ok": true, "feeGrowthInside0X128": "0", "feeGrowthInside1X128": "0"}
{"blockNumber":"1125401","poolId":"0xf2732d3a8a7cb092f7c6216f99e05cd953bfed2df31e65ba562430476b86738e","stateView":"0xf3334192d15450cdd385c8b70e03f9a6bd9e673b","tickLower":-880000,"tickUpper":880000}	{"ok": true, "feeGrowthInside0X128": "160728634002662205276161140935470934", "feeGrowthInside1X128": "1771980636217294507519518016954946215526621"}
{"blockNumber":"1126300","poolId":"0xc44df65236f865609b4703fea7651f3fc53d473746b39863040dd7e66d313aec","stateView":"0xf3334192d15450cdd385c8b70e03f9a6bd9e673b","tickLower":-883200,"tickUpper":883200}	{"ok": true, "feeGrowthInside0X128": "23627723802901354310807087852513465", "feeGrowthInside1X128": "12154030240826596147425990435554335865876189"}
{"blockNumber":"1126369","poolId":"0xc44df65236f865609b4703fea7651f3fc53d473746b39863040dd7e66d313aec","stateView":"0xf3334192d15450cdd385c8b70e03f9a6bd9e673b","tickLower":-883200,"tickUpper":883200}	{"ok": true, "feeGrowthInside0X128": "23627723802901354310807087852513465", "feeGrowthInside1X128": "12154030240826596147425990435554335865876189"}
{"blockNumber":"1129506","poolId":"0xaebd4eaafb332cdba49060f5d27dfcb2383ff34336fd6ca3a2014b165ca89702","stateView":"0xf3334192d15450cdd385c8b70e03f9a6bd9e673b","tickLower":-881600,"tickUpper":881600}	{"ok": true, "feeGrowthInside0X128": "0", "feeGrowthInside1X128": "0"}
{"blockNumber":"1132930","poolId":"0x5e531a2825a655ba577e8c54df42d549b1ec96dd54bf4223af861946f5bce82b","stateView":"0xf3334192d15450cdd385c8b70e03f9a6bd9e673b","tickLower":-882000,"tickUpper":882000}	{"ok": true, "feeGrowthInside0X128": "0", "feeGrowthInside1X128": "0"}
{"blockNumber":"1133022","poolId":"0x950cd6590927f83bfd2b45f196b2b0d2342189db2e04ebf6a86a97f595d18c14","stateView":"0xf3334192d15450cdd385c8b70e03f9a6bd9e673b","tickLower":281910,"tickUpper":281950}	{"ok": true, "feeGrowthInside0X128": "0", "feeGrowthInside1X128": "0"}
{"blockNumber":"1133706","poolId":"0x950cd6590927f83bfd2b45f196b2b0d2342189db2e04ebf6a86a97f595d18c14","stateView":"0xf3334192d15450cdd385c8b70e03f9a6bd9e673b","tickLower":281910,"tickUpper":281950}	{"ok": true, "feeGrowthInside0X128": "0", "feeGrowthInside1X128": "0"}
{"blockNumber":"1133900","poolId":"0x950cd6590927f83bfd2b45f196b2b0d2342189db2e04ebf6a86a97f595d18c14","stateView":"0xf3334192d15450cdd385c8b70e03f9a6bd9e673b","tickLower":281950,"tickUpper":282030}	{"ok": true, "feeGrowthInside0X128": "0", "feeGrowthInside1X128": "0"}
{"blockNumber":"1134451","poolId":"0xe07cf252b6caec20b1babc7d11058ce2f4ff117ae0c6a8460a0e42443164f048","stateView":"0xf3334192d15450cdd385c8b70e03f9a6bd9e673b","tickLower":-882000,"tickUpper":882000}	{"ok": true, "feeGrowthInside0X128": "0", "feeGrowthInside1X128": "0"}
{"blockNumber":"1134512","poolId":"0x950cd6590927f83bfd2b45f196b2b0d2342189db2e04ebf6a86a97f595d18c14","stateView":"0xf3334192d15450cdd385c8b70e03f9a6bd9e673b","tickLower":281950,"tickUpper":282030}	{"ok": true, "feeGrowthInside0X128": "47765370980292393421176344", "feeGrowthInside1X128": "0"}
{"blockNumber":"1134654","poolId":"0x3410ac973a179077f1f34d11533bc0c65a260e04588725eaf94d888afe368fa9","stateView":"0xf3334192d15450cdd385c8b70e03f9a6bd9e673b","tickLower":-887220,"tickUpper":887220}	{"ok": true, "feeGrowthInside0X128": "606127966077921638044136019487", "feeGrowthInside1X128": "0"}
{"blockNumber":"1134668","poolId":"0x3a916af69179e694b0a3b20b086c0005e73c6487c87fa3e41f442b406f8e92b3","stateView":"0xf3334192d15450cdd385c8b70e03f9a6bd9e673b","tickLower":-887220,"tickUpper":887220}	{"ok": true, "feeGrowthInside0X128": "0", "feeGrowthInside1X128": "0"}
{"blockNumber":"1134744","poolId":"0x950cd6590927f83bfd2b45f196b2b0d2342189db2e04ebf6a86a97f595d18c14","stateView":"0xf3334192d15450cdd385c8b70e03f9a6bd9e673b","tickLower":281950,"tickUpper":282030}	{"ok": true, "feeGrowthInside0X128": "47765370980292393421176344", "feeGrowthInside1X128": "83301780679845776786204731993399465244"}
{"blockNumber":"1134748","poolId":"0xda88fd6ffe57da0fc28dfe7b046bc713ed90f6e2921b4474e5f5a4832ebfbfd4","stateView":"0xf3334192d15450cdd385c8b70e03f9a6bd9e673b","tickLower":-871200,"tickUpper":871200}	{"ok": true, "feeGrowthInside0X128": "0", "feeGrowthInside1X128": "0"}
{"blockNumber":"1134945","poolId":"0x137b0581a4e0fdaad9a12b63822227788140b178f2a795f48c67e5c1c29df08e","stateView":"0xf3334192d15450cdd385c8b70e03f9a6bd9e673b","tickLower":-882000,"tickUpper":882000}	{"ok": true, "feeGrowthInside0X128": "0", "feeGrowthInside1X128": "0"}
{"blockNumber":"1135818","poolId":"0x950cd6590927f83bfd2b45f196b2b0d2342189db2e04ebf6a86a97f595d18c14","stateView":"0xf3334192d15450cdd385c8b70e03f9a6bd9e673b","tickLower":281950,"tickUpper":282030}	{"ok": true, "feeGrowthInside0X128": "47765370980292393421176344", "feeGrowthInside1X128": "84464058680939811509909868065948791711"}
{"blockNumber":"1136667","poolId":"0x13c7c3fa2468e45f1608f7a2ce99eeb4325a69cfbdc00a04af25e688fb0b1c7e","stateView":"0xf3334192d15450cdd385c8b70e03f9a6bd9e673b","tickLower":-885000,"tickUpper":885000}	{"ok": true, "feeGrowthInside0X128": "0", "feeGrowthInside1X128": "0"}
{"blockNumber":"1136826","poolId":"0x37a54de7ae9ac1e640f7954ead22fb5d9bd00f88475ecf60884f83048c1d558c","stateView":"0xf3334192d15450cdd385c8b70e03f9a6bd9e673b","tickLower":-882000,"tickUpper":882000}	{"ok": true, "feeGrowthInside0X128": "0", "feeGrowthInside1X128": "0"}
{"blockNumber":"1153192","poolId":"0x276965182ca1a042ad9a0d482b5c01ba1f6d7ce395c74429d47fdbf02c292fef","stateView":"0xf3334192d15450cdd385c8b70e03f9a6bd9e673b","tickLower":-886000,"tickUpper":886000}	{"ok": true, "feeGrowthInside0X128": "3864874541121371249900257480370280", "feeGrowthInside1X128": "131272757813563268897483716958135678381239"}
{"blockNumber":"1288966","poolId":"0x5f856c8d5a16e7f6c6a391844ad7ce49569e98cd0cade106d304dbb4fb7d0763","stateView":"0xf3334192d15450cdd385c8b70e03f9a6bd9e673b","tickLower":-887220,"tickUpper":191160}	{"ok": true, "feeGrowthInside0X128": "5296771677855799945799514296662", "feeGrowthInside1X128": "936023467266407039270082028576230590415"}
{"blockNumber":"1141146","poolId":"0x387bf619da4d3fb62bb276482693dba1b9b3520f573cabdfe033384a24125982","stateView":"0xf3334192d15450cdd385c8b70e03f9a6bd9e673b","tickLower":-204620,"tickUpper":-202390}	{"ok": true, "feeGrowthInside0X128": "0", "feeGrowthInside1X128": "0"}
{"blockNumber":"1143977","poolId":"0x387bf619da4d3fb62bb276482693dba1b9b3520f573cabdfe033384a24125982","stateView":"0xf3334192d15450cdd385c8b70e03f9a6bd9e673b","tickLower":-204620,"tickUpper":-202390}	{"ok": true, "feeGrowthInside0X128": "0", "feeGrowthInside1X128": "0"}
{"blockNumber":"1144853","poolId":"0x387bf619da4d3fb62bb276482693dba1b9b3520f573cabdfe033384a24125982","stateView":"0xf3334192d15450cdd385c8b70e03f9a6bd9e673b","tickLower":-202360,"tickUpper":-201940}	{"ok": true, "feeGrowthInside0X128": "0", "feeGrowthInside1X128": "0"}
{"blockNumber":"1146383","poolId":"0x387bf619da4d3fb62bb276482693dba1b9b3520f573cabdfe033384a24125982","stateView":"0xf3334192d15450cdd385c8b70e03f9a6bd9e673b","tickLower":-202360,"tickUpper":-201940}	{"ok": true, "feeGrowthInside0X128": "0", "feeGrowthInside1X128": "0"}
{"blockNumber":"1170526","poolId":"0x387bf619da4d3fb62bb276482693dba1b9b3520f573cabdfe033384a24125982","stateView":"0xf3334192d15450cdd385c8b70e03f9a6bd9e673b","tickLower":-202600,"tickUpper":-201220}	{"ok": true, "feeGrowthInside0X128": "0", "feeGrowthInside1X128": "0"}
{"blockNumber":"1278973","poolId":"0x387bf619da4d3fb62bb276482693dba1b9b3520f573cabdfe033384a24125982","stateView":"0xf3334192d15450cdd385c8b70e03f9a6bd9e673b","tickLower":-202600,"tickUpper":-201220}	{"ok": true, "feeGrowthInside0X128": "56517418042985171195195885878959439036382", "feeGrowthInside1X128": "102071347426974015777282562839198"}
{"blockNumber":"1173358","poolId":"0x387bf619da4d3fb62bb276482693dba1b9b3520f573cabdfe033384a24125982","stateView":"0xf3334192d15450cdd385c8b70e03f9a6bd9e673b","tickLower":-203450,"tickUpper":-201200}	{"ok": true, "feeGrowthInside0X128": "0", "feeGrowthInside1X128": "0"}
{"blockNumber":"1177321","poolId":"0x387bf619da4d3fb62bb276482693dba1b9b3520f573cabdfe033384a24125982","stateView":"0xf3334192d15450cdd385c8b70e03f9a6bd9e673b","tickLower":-202720,"tickUpper":-202100}	{"ok": true, "feeGrowthInside0X128": "2598873022949678047091716935482492069962", "feeGrowthInside1X128": "4292621649704782187108373005718"}
{"blockNumber":"1280635","poolId":"0x387bf619da4d3fb62bb276482693dba1b9b3520f573cabdfe033384a24125982","stateView":"0xf3334192d15450cdd385c8b70e03f9a6bd9e673b","tickLower":-202720,"tickUpper":-202100}	{"ok": true, "feeGrowthInside0X128": "3033074712659789738271117164346217265926", "feeGrowthInside1X128": "5063417141613966623105654196932"}
{"blockNumber":"1180297","poolId":"0x387bf619da4d3fb62bb276482693dba1b9b3520f573cabdfe033384a24125982","stateView":"0xf3334192d15450cdd385c8b70e03f9a6bd9e673b","tickLower":-202100,"tickUpper":-201500}	{"ok": true, "feeGrowthInside0X128": "0", "feeGrowthInside1X128": "0"}
{"blockNumber":"1281889","poolId":"0x387bf619da4d3fb62bb276482693dba1b9b3520f573cabdfe033384a24125982","stateView":"0xf3334192d15450cdd385c8b70e03f9a6bd9e673b","tickLower":-202100,"tickUpper":-201500}	{"ok": true, "feeGrowthInside0X128": "56609569270874540379995441548593414297192", "feeGrowthInside1X128": "102231702446004738597626997504602"}
{"blockNumber":"1183466","poolId":"0x387bf619da4d3fb62bb276482693dba1b9b3520f573cabdfe033384a24125982","stateView":"0xf3334192d15450cdd385c8b70e03f9a6bd9e673b","tickLower":-203310,"tickUpper":-202720}	{"ok": true, "feeGrowthInside0X128": "115792089237316195423570985008687907850652521135324321603772156540821974250432", "feeGrowthInside1X128": "115792089237316195423570985008687907853269984661319017507609679727628055023637"}
{"blockNumber":"1281648","poolId":"0x387bf619da4d3fb62bb276482693dba1b9b3520f573cabdfe033384a24125982","stateView":"0xf3334192d15450cdd385c8b70e03f9a6bd9e673b","tickLower":-203310,"tickUpper":-202720}	{"ok": true, "feeGrowthInside0X128": "0", "feeGrowthInside1X128": "0"}
{"blockNumber":"1185828","poolId":"0x387bf619da4d3fb62bb276482693dba1b9b3520f573cabdfe033384a24125982","stateView":"0xf3334192d15450cdd385c8b70e03f9a6bd9e673b","tickLower":-202400,"tickUpper":-201800}	{"ok": true, "feeGrowthInside0X128": "0", "feeGrowthInside1X128": "0"}
{"blockNumber":"1281437","poolId":"0x387bf619da4d3fb62bb276482693dba1b9b3520f573cabdfe033384a24125982","stateView":"0xf3334192d15450cdd385c8b70e03f9a6bd9e673b","tickLower":-202400,"tickUpper":-201800}	{"ok": true, "feeGrowthInside0X128": "56555158581199806385513894479679327005532", "feeGrowthInside1X128": "102137336692649267422490902067667"}
{"blockNumber":"1186754","poolId":"0x387bf619da4d3fb62bb276482693dba1b9b3520f573cabdfe033384a24125982","stateView":"0xf3334192d15450cdd385c8b70e03f9a6bd9e673b","tickLower":-203170,"tickUpper":-201070}	{"ok": true, "feeGrowthInside0X128": "0", "feeGrowthInside1X128": "0"}
{"blockNumber":"1188830","poolId":"0x387bf619da4d3fb62bb276482693dba1b9b3520f573cabdfe033384a24125982","stateView":"0xf3334192d15450cdd385c8b70e03f9a6bd9e673b","tickLower":-203020,"tickUpper":-202420}	{"ok": true, "feeGrowthInside0X128": "0", "feeGrowthInside1X128": "0"}
{"blockNumber":"1281188","poolId":"0x387bf619da4d3fb62bb276482693dba1b9b3520f573cabdfe033384a24125982","stateView":"0xf3334192d15450cdd385c8b70e03f9a6bd9e673b","tickLower":-203020,"tickUpper":-202420}	{"ok": true, "feeGrowthInside0X128": "0", "feeGrowthInside1X128": "0"}
{"blockNumber":"1192602","poolId":"0x387bf619da4d3fb62bb276482693dba1b9b3520f573cabdfe033384a24125982","stateView":"0xf3334192d15450cdd385c8b70e03f9a6bd9e673b","tickLower":-202920,"tickUpper":-201900}	{"ok": true, "feeGrowthInside0X128": "0", "feeGrowthInside1X128": "0"}
{"blockNumber":"1280908","poolId":"0x387bf619da4d3fb62bb276482693dba1b9b3520f573cabdfe033384a24125982","stateView":"0xf3334192d15450cdd385c8b70e03f9a6bd9e673b","tickLower":-202920,"tickUpper":-201900}	{"ok": true, "feeGrowthInside0X128": "0", "feeGrowthInside1X128": "0"}
{"blockNumber":"1199837","poolId":"0x387bf619da4d3fb62bb276482693dba1b9b3520f573cabdfe033384a24125982","stateView":"0xf3334192d15450cdd385c8b70e03f9a6bd9e673b","tickLower":-203070,"tickUpper":-201710}	{"ok": true, "feeGrowthInside0X128": "0", "feeGrowthInside1X128": "0"}
{"blockNumber":"1203572","poolId":"0xef5672974ad552f1ce24f2873f3e4237e82d44780ef623b6a239db42b08a7d5c","stateView":"0xf3334192d15450cdd385c8b70e03f9a6bd9e673b","tickLower":-202600,"tickUpper":-202200}	{"ok": true, "feeGrowthInside0X128": "55212264144781940442097731114755741702447", "feeGrowthInside1X128": "95456620275381487868223955507408"}
{"blockNumber":"1204545","poolId":"0xef5672974ad552f1ce24f2873f3e4237e82d44780ef623b6a239db42b08a7d5c","stateView":"0xf3334192d15450cdd385c8b70e03f9a6bd9e673b","tickLower":-202600,"tickUpper":-202200}	{"ok": true, "feeGrowthInside0X128": "55212264144781940442097731114755741702447", "feeGrowthInside1X128": "95456620275381487868223955507408"}
{"blockNumber":"1206280","poolId":"0x387bf619da4d3fb62bb276482693dba1b9b3520f573cabdfe033384a24125982","stateView":"0xf3334192d15450cdd385c8b70e03f9a6bd9e673b","tickLower":-203190,"tickUpper":-200310}	{"ok": true, "feeGrowthInside0X128": "0", "feeGrowthInside1X128": "0"}
{"blockNumber":"1215393","poolId":"0xab75e137d851202c01cc43a8d766cdc4b4227e5b4ad25146933a39bfc4b52d1c","stateView":"0xf3334192d15450cdd385c8b70e03f9a6bd9e673b","tickLower":-203072,"tickUpper":-201456}	{"ok": true, "feeGrowthInside0X128": "0", "feeGrowthInside1X128": "0"}
{"blockNumber":"1215824","poolId":"0xab75e137d851202c01cc43a8d766cdc4b4227e5b4ad25146933a39bfc4b52d1c","stateView":"0xf3334192d15450cdd385c8b70e03f9a6bd9e673b","tickLower":-203072,"tickUpper":-201456}	{"ok": true, "feeGrowthInside0X128": "0", "feeGrowthInside1X128": "32154584190638511504322162586"}
{"blockNumber":"1223526","poolId":"0xef5672974ad552f1ce24f2873f3e4237e82d44780ef623b6a239db42b08a7d5c","stateView":"0xf3334192d15450cdd385c8b70e03f9a6bd9e673b","tickLower":-202800,"tickUpper":-201800}	{"ok": true, "feeGrowthInside0X128": "17281422229186523799492407283991172170862", "feeGrowthInside1X128": "30605505665447368600794225052503"}
{"blockNumber":"1273604","poolId":"0x930e33a8dedff80c1ebc5f8536b6048b05edde8b54377356850b5ad239af7450","stateView":"0xf3334192d15450cdd385c8b70e03f9a6bd9e673b","tickLower":-202421,"tickUpper":-201072}	{"ok": true, "feeGrowthInside0X128": "6983328475322467292321656135256149915415", "feeGrowthInside1X128": "12583615284796066936699373462437"}
{"blockNumber":"1279595","poolId":"0xef5672974ad552f1ce24f2873f3e4237e82d44780ef623b6a239db42b08a7d5c","stateView":"0xf3334192d15450cdd385c8b70e03f9a6bd9e673b","tickLower":-202200,"tickUpper":-201600}	{"ok": true, "feeGrowthInside0X128": "1232585045050217424362545946671312634951", "feeGrowthInside1X128": "4860841223257290684198856540052"}
{"blockNumber":"1282523","poolId":"0x6a54a7257796135fcf0c397c6bc37102d64605d8b5dc528c9fad7b65e90e7418","stateView":"0xf3334192d15450cdd385c8b70e03f9a6bd9e673b","tickLower":-202368,"tickUpper":-201297}	{"ok": true, "feeGrowthInside0X128": "3741384255870386993092202055731414365784", "feeGrowthInside1X128": "7009940720229970750823532729770"}
{"blockNumber":"1290063","poolId":"0x387bf619da4d3fb62bb276482693dba1b9b3520f573cabdfe033384a24125982","stateView":"0xf3334192d15450cdd385c8b70e03f9a6bd9e673b","tickLower":-203260,"tickUpper":-200600}	{"ok": true, "feeGrowthInside0X128": "0", "feeGrowthInside1X128": "0"}
{"blockNumber":"1291082","poolId":"0x387bf619da4d3fb62bb276482693dba1b9b3520f573cabdfe033384a24125982","stateView":"0xf3334192d15450cdd385c8b70e03f9a6bd9e673b","tickLower":-201920,"tickUpper":-201820}	{"ok": true, "feeGrowthInside0X128": "0", "feeGrowthInside1X128": "0"}
{"blockNumber":"1291999","poolId":"0x387bf619da4d3fb62bb276482693dba1b9b3520f573cabdfe033384a24125982","stateView":"0xf3334192d15450cdd385c8b70e03f9a6bd9e673b","tickLower":-201920,"tickUpper":-201820}	{"ok": true, "feeGrowthInside0X128": "0", "feeGrowthInside1X128": "0"}
{"blockNumber":"1292986","poolId":"0x387bf619da4d3fb62bb276482693dba1b9b3520f573cabdfe033384a24125982","stateView":"0xf3334192d15450cdd385c8b70e03f9a6bd9e673b","tickLower":-201930,"tickUpper":-201720}	{"ok": true, "feeGrowthInside0X128": "0", "feeGrowthInside1X128": "0"}
{"blockNumber":"1293814","poolId":"0x387bf619da4d3fb62bb276482693dba1b9b3520f573cabdfe033384a24125982","stateView":"0xf3334192d15450cdd385c8b70e03f9a6bd9e673b","tickLower":-201930,"tickUpper":-201720}	{"ok": true, "feeGrowthInside0X128": "61588798932305767206404828307621034567", "feeGrowthInside1X128": "104795357820504425467919925795"}
{"blockNumber":"1293951","poolId":"0x387bf619da4d3fb62bb276482693dba1b9b3520f573cabdfe033384a24125982","stateView":"0xf3334192d15450cdd385c8b70e03f9a6bd9e673b","tickLower":-201930,"tickUpper":-201720}	{"ok": true, "feeGrowthInside0X128": "62724762657601013208544077909166294420", "feeGrowthInside1X128": "104795357820504425467919925795"}
{"blockNumber":"1307240","poolId":"0x387bf619da4d3fb62bb276482693dba1b9b3520f573cabdfe033384a24125982","stateView":"0xf3334192d15450cdd385c8b70e03f9a6bd9e673b","tickLower":-201930,"tickUpper":-201720}	{"ok": true, "feeGrowthInside0X128": "0", "feeGrowthInside1X128": "0"}
{"blockNumber":"1298668","poolId":"0x387bf619da4d3fb62bb276482693dba1b9b3520f573cabdfe033384a24125982","stateView":"0xf3334192d15450cdd385c8b70e03f9a6bd9e673b","tickLower":-202020,"tickUpper":-201760}	{"ok": true, "feeGrowthInside0X128": "0", "feeGrowthInside1X128": "0"}
{"blockNumber":"1307852","poolId":"0x387bf619da4d3fb62bb276482693dba1b9b3520f573cabdfe033384a24125982","stateView":"0xf3334192d15450cdd385c8b70e03f9a6bd9e673b","tickLower":-202020,"tickUpper":-201760}	{"ok": true, "feeGrowthInside0X128": "108086481369759665249911329220789845329", "feeGrowthInside1X128": "160470085951833624168276544835"}
{"blockNumber":"1308642","poolId":"0x387bf619da4d3fb62bb276482693dba1b9b3520f573cabdfe033384a24125982","stateView":"0xf3334192d15450cdd385c8b70e03f9a6bd9e673b","tickLower":-202020,"tickUpper":-201760}	{"ok": true, "feeGrowthInside0X128": "118879490020544382848262946160658208854", "feeGrowthInside1X128": "178598605363505234629580415105"}
{"blockNumber":"1308729","poolId":"0x387bf619da4d3fb62bb276482693dba1b9b3520f573cabdfe033384a24125982","stateView":"0xf3334192d15450cdd385c8b70e03f9a6bd9e673b","tickLower":-202020,"tickUpper":-201760}	{"ok": true, "feeGrowthInside0X128": "118879490020544382848262946160658208854", "feeGrowthInside1X128": "179756587823003600289538650273"}
{"blockNumber":"1309220","poolId":"0x387bf619da4d3fb62bb276482693dba1b9b3520f573cabdfe033384a24125982","stateView":"0xf3334192d15450cdd385c8b70e03f9a6bd9e673b","tickLower":-202250,"tickUpper":-201640}	{"ok": true, "feeGrowthInside0X128": "0", "feeGrowthInside1X128": "0"}
{"blockNumber":"1309859","poolId":"0x387bf619da4d3fb62bb276482693dba1b9b3520f573cabdfe033384a24125982","stateView":"0xf3334192d15450cdd385c8b70e03f9a6bd9e673b","tickLower":-202250,"tickUpper":-201640}	{"ok": true, "feeGrowthInside0X128": "0", "feeGrowthInside1X128": "1808788978903713076062710205"}
{"blockNumber":"1310312","poolId":"0x387bf619da4d3fb62bb276482693dba1b9b3520f573cabdfe033384a24125982","stateView":"0xf3334192d15450cdd385c8b70e03f9a6bd9e673b","tickLower":-202250,"tickUpper":-201640}	{"ok": true, "feeGrowthInside0X128": "0", "feeGrowthInside1X128": "8671777280031574060116611726"}
{"blockNumber":"1311379","poolId":"0x387bf619da4d3fb62bb276482693dba1b9b3520f573cabdfe033384a24125982","stateView":"0xf3334192d15450cdd385c8b70e03f9a6bd9e673b","tickLower":-202250,"tickUpper":-201640}	{"ok": true, "feeGrowthInside0X128": "13711226976822331633054620916121208417", "feeGrowthInside1X128": "29758475781189734927307988690"}
{"blockNumber":"1309292","poolId":"0x387bf619da4d3fb62bb276482693dba1b9b3520f573cabdfe033384a24125982","stateView":"0xf3334192d15450cdd385c8b70e03f9a6bd9e673b","tickLower":-203020,"tickUpper":-201170}	{"ok": true, "feeGrowthInside0X128": "0", "feeGrowthInside1X128": "0"}
{"blockNumber":"1315515","poolId":"0x387bf619da4d3fb62bb276482693dba1b9b3520f573cabdfe033384a24125982","stateView":"0xf3334192d15450cdd385c8b70e03f9a6bd9e673b","tickLower":-202150,"tickUpper":-201740}	{"ok": true, "feeGrowthInside0X128": "0", "feeGrowthInside1X128": "0"}
{"blockNumber":"1325806","poolId":"0x387bf619da4d3fb62bb276482693dba1b9b3520f573cabdfe033384a24125982","stateView":"0xf3334192d15450cdd385c8b70e03f9a6bd9e673b","tickLower":-201950,"tickUpper":-200310}	{"ok": true, "feeGrowthInside0X128": "0", "feeGrowthInside1X128": "0"}
{"blockNumber":"1155779","poolId":"0xc4cef7c8d86716db7c7f291a60128f08220ed8cabaac9fdcd910156b736f2272","stateView":"0xf3334192d15450cdd385c8b70e03f9a6bd9e673b","tickLower":79320,"tickUpper":79500}	{"ok": true, "feeGrowthInside0X128": "0", "feeGrowthInside1X128": "0"}
{"blockNumber":"1156296","poolId":"0xc4cef7c8d86716db7c7f291a60128f08220ed8cabaac9fdcd910156b736f2272","stateView":"0xf3334192d15450cdd385c8b70e03f9a6bd9e673b","tickLower":79320,"tickUpper":79500}	{"ok": true, "feeGrowthInside0X128": "16405342903659041713542068755652476", "feeGrowthInside1X128": "45984914654081340765559350645753622375"}
{"blockNumber":"1210332","poolId":"0x6b154342e00089b3b782d316f7c2e36f632be64517ad4dd49b50dfbb2ba2d97b","stateView":"0xf3334192d15450cdd385c8b70e03f9a6bd9e673b","tickLower":-880000,"tickUpper":880000}	{"ok": true, "feeGrowthInside0X128": "0", "feeGrowthInside1X128": "0"}
{"blockNumber":"1159838","poolId":"0x13c7c3fa2468e45f1608f7a2ce99eeb4325a69cfbdc00a04af25e688fb0b1c7e","stateView":"0xf3334192d15450cdd385c8b70e03f9a6bd9e673b","tickLower":-885000,"tickUpper":885000}	{"ok": true, "feeGrowthInside0X128": "472038238141665225964083687027943332", "feeGrowthInside1X128": "12437496808641316706254474589558639385795265"}
{"blockNumber":"1190444","poolId":"0xda88fd6ffe57da0fc28dfe7b046bc713ed90f6e2921b4474e5f5a4832ebfbfd4","stateView":"0xf3334192d15450cdd385c8b70e03f9a6bd9e673b","tickLower":-871200,"tickUpper":871200}	{"ok": true, "feeGrowthInside0X128": "11996330858530117994999164488189635", "feeGrowthInside1X128": "0"}
{"blockNumber":"1328149","poolId":"0x5501f1e70a9a3c56f57880c18d095a63f4e1b50e9def646e7f3c6633d49db550","stateView":"0xf3334192d15450cdd385c8b70e03f9a6bd9e673b","tickLower":119000,"tickUpper":126000}	{"ok": true, "feeGrowthInside0X128": "0", "feeGrowthInside1X128": "0"}
{"blockNumber":"1140627","poolId":"0xf2732d3a8a7cb092f7c6216f99e05cd953bfed2df31e65ba562430476b86738e","stateView":"0xf3334192d15450cdd385c8b70e03f9a6bd9e673b","tickLower":-880000,"tickUpper":880000}	{"ok": true, "feeGrowthInside0X128": "231932104863650681043628079434706992", "feeGrowthInside1X128": "3189432396000959170581453122054446373751410"}
{"blockNumber":"1158654","poolId":"0xf2732d3a8a7cb092f7c6216f99e05cd953bfed2df31e65ba562430476b86738e","stateView":"0xf3334192d15450cdd385c8b70e03f9a6bd9e673b","tickLower":-880000,"tickUpper":880000}	{"ok": true, "feeGrowthInside0X128": "259170820898864110863038107168638842", "feeGrowthInside1X128": "3534833917564092988322464587809229046172283"}
{"blockNumber":"1222865","poolId":"0xf2732d3a8a7cb092f7c6216f99e05cd953bfed2df31e65ba562430476b86738e","stateView":"0xf3334192d15450cdd385c8b70e03f9a6bd9e673b","tickLower":-880000,"tickUpper":880000}	{"ok": true, "feeGrowthInside0X128": "259473086445567193309389307239525865", "feeGrowthInside1X128": "4511345238193635081085673411459763663047714"}
{"blockNumber":"1223130","poolId":"0xf2732d3a8a7cb092f7c6216f99e05cd953bfed2df31e65ba562430476b86738e","stateView":"0xf3334192d15450cdd385c8b70e03f9a6bd9e673b","tickLower":-880000,"tickUpper":880000}	{"ok": true, "feeGrowthInside0X128": "259473086445567193309389307239525865", "feeGrowthInside1X128": "4511345238193635081085673411459763663047714"}
{"blockNumber":"1210671","poolId":"0xfcefa0784b6ea6731b7e3c98abb3aa3702798ac738644d130735e0cd50970cef","stateView":"0xf3334192d15450cdd385c8b70e03f9a6bd9e673b","tickLower":-882000,"tickUpper":882000}	{"ok": true, "feeGrowthInside0X128": "28002954401586572382647961036963008", "feeGrowthInside1X128": "823217813029653875230927460206334913174705"}
{"blockNumber":"1210780","poolId":"0xfcefa0784b6ea6731b7e3c98abb3aa3702798ac738644d130735e0cd50970cef","stateView":"0xf3334192d15450cdd385c8b70e03f9a6bd9e673b","tickLower":-882000,"tickUpper":882000}	{"ok": true, "feeGrowthInside0X128": "28002954401586572382647961036963008", "feeGrowthInside1X128": "823217813029653875230927460206334913174705"}
{"blockNumber":"1282831","poolId":"0xd3c21c5c57c362a3236b12ba9229ddde94f35c0c59ecc038e7887423ca43818a","stateView":"0xf3334192d15450cdd385c8b70e03f9a6bd9e673b","tickLower":-887200,"tickUpper":887200}	{"ok": true, "feeGrowthInside0X128": "4595404747966038460967748569050906", "feeGrowthInside1X128": "10160326564640555888775342694936115656"}
{"blockNumber":"1283040","poolId":"0xd3c21c5c57c362a3236b12ba9229ddde94f35c0c59ecc038e7887423ca43818a","stateView":"0xf3334192d15450cdd385c8b70e03f9a6bd9e673b","tickLower":-887200,"tickUpper":887200}	{"ok": true, "feeGrowthInside0X128": "4595404747966038460967748569050906", "feeGrowthInside1X128": "10160326564640555888775342694936115656"}
{"blockNumber":"1318283","poolId":"0xa5f23cae4e5c3388c5a8a6b08a83f53e56df8f1a63757e606b362994b68a2361","stateView":"0xf3334192d15450cdd385c8b70e03f9a6bd9e673b","tickLower":-887272,"tickUpper":887272}	{"ok": true, "feeGrowthInside0X128": "40078501952914101051433301538813727106", "feeGrowthInside1X128": "17446917679055868224587517"}
{"blockNumber":"1210421","poolId":"0xb2a6d67bf3fc511d11cac788a531655f5a7b60cd31c8ff386f0476121741e751","stateView":"0xf3334192d15450cdd385c8b70e03f9a6bd9e673b","tickLower":10000,"tickUpper":16000}	{"ok": true, "feeGrowthInside0X128": "0", "feeGrowthInside1X128": "0"}
{"blockNumber":"1313580","poolId":"0xb2a6d67bf3fc511d11cac788a531655f5a7b60cd31c8ff386f0476121741e751","stateView":"0xf3334192d15450cdd385c8b70e03f9a6bd9e673b","tickLower":-887000,"tickUpper":887000}	{"ok": true, "feeGrowthInside0X128": "0", "feeGrowthInside1X128": "0"}
{"blockNumber":"1321661","poolId":"0xb2a6d67bf3fc511d11cac788a531655f5a7b60cd31c8ff386f0476121741e751","stateView":"0xf3334192d15450cdd385c8b70e03f9a6bd9e673b","tickLower":-887000,"tickUpper":887000}	{"ok": true, "feeGrowthInside0X128": "2480591753803545647359428346233740227", "feeGrowthInside1X128": "13251982012946419910059341580881079959"}
{"blockNumber":"1322400","poolId":"0xb2a6d67bf3fc511d11cac788a531655f5a7b60cd31c8ff386f0476121741e751","stateView":"0xf3334192d15450cdd385c8b70e03f9a6bd9e673b","tickLower":-887000,"tickUpper":887000}	{"ok": true, "feeGrowthInside0X128": "0", "feeGrowthInside1X128": "0"}
{"blockNumber":"1140546","poolId":"0xc9515ac73a7ad2d864201332751ba0cc93b6c9e1b65c386a3c56c2b437f732ca","stateView":"0xf3334192d15450cdd385c8b70e03f9a6bd9e673b","tickLower":-887220,"tickUpper":887220}	{"ok": true, "feeGrowthInside0X128": "0", "feeGrowthInside1X128": "0"}
{"blockNumber":"1143087","poolId":"0xc9515ac73a7ad2d864201332751ba0cc93b6c9e1b65c386a3c56c2b437f732ca","stateView":"0xf3334192d15450cdd385c8b70e03f9a6bd9e673b","tickLower":-887220,"tickUpper":887220}	{"ok": true, "feeGrowthInside0X128": "80818238466838772890533493915", "feeGrowthInside1X128": "1701436599301868902958599871896438988"}
{"blockNumber":"1144477","poolId":"0xb9c69bf8a7feb62049e2baf08096a6aa272dff50c41b7728b7a81a1384cc3d5e","stateView":"0xf3334192d15450cdd385c8b70e03f9a6bd9e673b","tickLower":-887272,"tickUpper":887272}	{"ok": true, "feeGrowthInside0X128": "0", "feeGrowthInside1X128": "0"}
{"blockNumber":"1146712","poolId":"0x24107d152f14a76d292123265ae3f3c71f863fc2f4ef7ba49d64e78d28ea379e","stateView":"0xf3334192d15450cdd385c8b70e03f9a6bd9e673b","tickLower":-202388,"tickUpper":-202382}	{"ok": true, "feeGrowthInside0X128": "0", "feeGrowthInside1X128": "0"}
{"blockNumber":"1147947","poolId":"0x24107d152f14a76d292123265ae3f3c71f863fc2f4ef7ba49d64e78d28ea379e","stateView":"0xf3334192d15450cdd385c8b70e03f9a6bd9e673b","tickLower":-202388,"tickUpper":-202382}	{"ok": true, "feeGrowthInside0X128": "60248546425802808387501846400518500", "feeGrowthInside1X128": "279088366845764802938858699"}
{"blockNumber":"1151917","poolId":"0x06ca11bc02af898083715ab7b27a2e41f949861ff2269099016f2b837c758421","stateView":"0xf3334192d15450cdd385c8b70e03f9a6bd9e673b","tickLower":-874000,"tickUpper":874000}	{"ok": true, "feeGrowthInside0X128": "0", "feeGrowthInside1X128": "0"}
{"blockNumber":"1152013","poolId":"0x4f536ce341d347212f991f96ce886888b36d88528ac52beee1fc497a0319fce5","stateView":"0xf3334192d15450cdd385c8b70e03f9a6bd9e673b","tickLower":-874000,"tickUpper":874000}	{"ok": true, "feeGrowthInside0X128": "0", "feeGrowthInside1X128": "0"}
{"blockNumber":"1152037","poolId":"0xefad63717bc257c80d87e0252770d719dbd4397a39f8db2fb561bd931809bd7e","stateView":"0xf3334192d15450cdd385c8b70e03f9a6bd9e673b","tickLower":-874000,"tickUpper":874000}	{"ok": true, "feeGrowthInside0X128": "0", "feeGrowthInside1X128": "0"}
{"blockNumber":"1152066","poolId":"0xf75db872c431123995358e9247ca11229c27590e1e2958d09e1aa6ac82cdc9b3","stateView":"0xf3334192d15450cdd385c8b70e03f9a6bd9e673b","tickLower":-874000,"tickUpper":874000}	{"ok": true, "feeGrowthInside0X128": "0", "feeGrowthInside1X128": "0"}
{"blockNumber":"1152099","poolId":"0x3c5b8fb2972d3110483ee0a8865ba77ca42b83c46244bab0a433c3b8bdf5659d","stateView":"0xf3334192d15450cdd385c8b70e03f9a6bd9e673b","tickLower":-874000,"tickUpper":874000}	{"ok": true, "feeGrowthInside0X128": "0", "feeGrowthInside1X128": "0"}
{"blockNumber":"1152124","poolId":"0x0bb5ab6a0b3caac7525d51db5273a20c245027b2631510837fbd8b6a1f41879f","stateView":"0xf3334192d15450cdd385c8b70e03f9a6bd9e673b","tickLower":-874000,"tickUpper":874000}	{"ok": true, "feeGrowthInside0X128": "0", "feeGrowthInside1X128": "0"}
{"blockNumber":"1152161","poolId":"0x5343b5109fadfcba3b8a096d4f90fddef2535dd62e1c3bb0de5ee14aeea878d7","stateView":"0xf3334192d15450cdd385c8b70e03f9a6bd9e673b","tickLower":-874000,"tickUpper":874000}	{"ok": true, "feeGrowthInside0X128": "0", "feeGrowthInside1X128": "0"}
{"blockNumber":"1152190","poolId":"0x989af34065d3b3a1b09eedcfff13fe9a532f0b401c057bc4db1b39cb96cd8f62","stateView":"0xf3334192d15450cdd385c8b70e03f9a6bd9e673b","tickLower":-874000,"tickUpper":874000}	{"ok": true, "feeGrowthInside0X128": "0", "feeGrowthInside1X128": "0"}
{"blockNumber":"1152213","poolId":"0x9c161646baa0865dde85f010e5a4de32b369e31553a7280b5cb3772045d60a44","stateView":"0xf3334192d15450cdd385c8b70e03f9a6bd9e673b","tickLower":-874000,"tickUpper":874000}	{"ok": true, "feeGrowthInside0X128": "0", "feeGrowthInside1X128": "0"}
{"blockNumber":"1152237","poolId":"0x1375616ff0d49b3d71b7b23692cc1acfdeb7b6c168dd19761d313a214645bec7","stateView":"0xf3334192d15450cdd385c8b70e03f9a6bd9e673b","tickLower":-874000,"tickUpper":874000}	{"ok": true, "feeGrowthInside0X128": "0", "feeGrowthInside1X128": "0"}
{"blockNumber":"1152272","poolId":"0x7c0d987559de39fef31c84265a96aa6b9935b12b3e671b56e1b44f83aa02f028","stateView":"0xf3334192d15450cdd385c8b70e03f9a6bd9e673b","tickLower":-874000,"tickUpper":874000}	{"ok": true, "feeGrowthInside0X128": "0", "feeGrowthInside1X128": "0"}
{"blockNumber":"1152302","poolId":"0x159623a1027e1395b2cf71695a15c9589026a165efca2dc4619a593c86a30b37","stateView":"0xf3334192d15450cdd385c8b70e03f9a6bd9e673b","tickLower":-874000,"tickUpper":874000}	{"ok": true, "feeGrowthInside0X128": "0", "feeGrowthInside1X128": "0"}
{"blockNumber":"1152332","poolId":"0x7b80ac3ded846ce61ff4a9b5acbe24dd1a432f60784d2957111ae136f429a12e","stateView":"0xf3334192d15450cdd385c8b70e03f9a6bd9e673b","tickLower":-874000,"tickUpper":874000}	{"ok": true, "feeGrowthInside0X128": "0", "feeGrowthInside1X128": "0"}
{"blockNumber":"1152359","poolId":"0xd1ed74ec80e4841f36796426afca45fed5f2da01122fb45751222fe03d205287","stateView":"0xf3334192d15450cdd385c8b70e03f9a6bd9e673b","tickLower":-874000,"tickUpper":874000}	{"ok": true, "feeGrowthInside0X128": "0", "feeGrowthInside1X128": "0"}
{"blockNumber":"1152378","poolId":"0x61f40ba52c02c63c5e6daeca5600d00661f1f0d952d506d9dcc8f5b936ffc507","stateView":"0xf3334192d15450cdd385c8b70e03f9a6bd9e673b","tickLower":-874000,"tickUpper":874000}	{"ok": true, "feeGrowthInside0X128": "0", "feeGrowthInside1X128": "0"}
{"blockNumber":"1152394","poolId":"0xd5347f9b78b1701ff8e828c25808fd9ce1f10fe9b304a82f4fa8b7a473629098","stateView":"0xf3334192d15450cdd385c8b70e03f9a6bd9e673b","tickLower":-874000,"tickUpper":874000}	{"ok": true, "feeGrowthInside0X128": "0", "feeGrowthInside1X128": "0"}
{"blockNumber":"1152418","poolId":"0xf8373667898cf22d5dd58421cb01d64d30ca91d3e560f7e738d10277b3b14467","stateView":"0xf3334192d15450cdd385c8b70e03f9a6bd9e673b","tickLower":-874000,"tickUpper":874000}	{"ok": true, "feeGrowthInside0X128": "0", "feeGrowthInside1X128": "0"}
{"blockNumber":"1152451","poolId":"0xf474479b671f998900a78791f8778bc326c0d4f7bbc5b203711382433a366d10","stateView":"0xf3334192d15450cdd385c8b70e03f9a6bd9e673b","tickLower":-874000,"tickUpper":874000}	{"ok": true, "feeGrowthInside0X128": "0", "feeGrowthInside1X128": "0"}
{"blockNumber":"1152481","poolId":"0xfab8d8e16c0a94fbdb88214d21d1f32ae3bbd08538d8f80fa470add7092f1e12","stateView":"0xf3334192d15450cdd385c8b70e03f9a6bd9e673b","tickLower":-874000,"tickUpper":874000}	{"ok": true, "feeGrowthInside0X128": "0", "feeGrowthInside1X128": "0"}
{"blockNumber":"1152508","poolId":"0xb4986ba093f909ee9ae5098c17bfffc8cc53f3d8eda9ff7bc7e46a77dc4480d6","stateView":"0xf3334192d15450cdd385c8b70e03f9a6bd9e673b","tickLower":-874000,"tickUpper":874000}	{"ok": true, "feeGrowthInside0X128": "0", "feeGrowthInside1X128": "0"}
{"blockNumber":"1152532","poolId":"0x002eaee43a6c1daa7c29484ee0d44a9abcd65827e72f883a1feb42ab8618ccba","stateView":"0xf3334192d15450cdd385c8b70e03f9a6bd9e673b","tickLower":-874000,"tickUpper":874000}	{"ok": true, "feeGrowthInside0X128": "0", "feeGrowthInside1X128": "0"}
{"blockNumber":"1152554","poolId":"0x5a79e25a9abaf16a8511eda195089ada50429fb3306d1bc31fbd16b7cf3e03f0","stateView":"0xf3334192d15450cdd385c8b70e03f9a6bd9e673b","tickLower":-874000,"tickUpper":874000}	{"ok": true, "feeGrowthInside0X128": "0", "feeGrowthInside1X128": "0"}
{"blockNumber":"1152574","poolId":"0xe9f697c399e4c450386962f2038551937ee5a0015cb6e2a0fe486a45fcaa3567","stateView":"0xf3334192d15450cdd385c8b70e03f9a6bd9e673b","tickLower":-874000,"tickUpper":874000}	{"ok": true, "feeGrowthInside0X128": "0", "feeGrowthInside1X128": "0"}
{"blockNumber":"1152605","poolId":"0x8fb8fb6884e63a62d155fbb1ca030ec34b3484dfc0a5703cf46d49c59fd2b8b2","stateView":"0xf3334192d15450cdd385c8b70e03f9a6bd9e673b","tickLower":-874000,"tickUpper":874000}	{"ok": true, "feeGrowthInside0X128": "0", "feeGrowthInside1X128": "0"}
{"blockNumber":"1152637","poolId":"0xcc710dc248ce228857340c3cdd7b3c12e269f88587b9927adedbc019fa827855","stateView":"0xf3334192d15450cdd385c8b70e03f9a6bd9e673b","tickLower":-874000,"tickUpper":874000}	{"ok": true, "feeGrowthInside0X128": "0", "feeGrowthInside1X128": "0"}
{"blockNumber":"1152667","poolId":"0xb22a0124437d1e682348c70fe5c44a968165551fdd3d68c98d79047932fe73bb","stateView":"0xf3334192d15450cdd385c8b70e03f9a6bd9e673b","tickLower":-874000,"tickUpper":874000}	{"ok": true, "feeGrowthInside0X128": "0", "feeGrowthInside1X128": "0"}
{"blockNumber":"1152682","poolId":"0xbacbc635ee24487cba56b57be4555cb578b9487786333fbadf0f12fe9c02f9c4","stateView":"0xf3334192d15450cdd385c8b70e03f9a6bd9e673b","tickLower":-874000,"tickUpper":874000}	{"ok": true, "feeGrowthInside0X128": "0", "feeGrowthInside1X128": "0"}
{"blockNumber":"1152706","poolId":"0x7a82f22392e756e977e1900b0a7de78173fc0904c7f8806626f3d4ae3134edce","stateView":"0xf3334192d15450cdd385c8b70e03f9a6bd9e673b","tickLower":-874000,"tickUpper":874000}	{"ok": true, "feeGrowthInside0X128": "0", "feeGrowthInside1X128": "0"}
{"blockNumber":"1152724","poolId":"0xcc24d44719d8104becde814a14b7ba8bdbd1f68d2bebe6ce2d0576ea99785604","stateView":"0xf3334192d15450cdd385c8b70e03f9a6bd9e673b","tickLower":-874000,"tickUpper":874000}	{"ok": true, "feeGrowthInside0X128": "0", "feeGrowthInside1X128": "0"}
{"blockNumber":"1152745","poolId":"0x81cf36b461ebdb58e8d6cbcb71c43a69ab55a69d69737f7d14047512b91c5221","stateView":"0xf3334192d15450cdd385c8b70e03f9a6bd9e673b","tickLower":-874000,"tickUpper":874000}	{"ok": true, "feeGrowthInside0X128": "0", "feeGrowthInside1X128": "0"}
{"blockNumber":"1152767","poolId":"0xb7beb37d1fcb6d78ddba973325de3a0682115e74b10d5bcd8d6087a3dce094cd","stateView":"0xf3334192d15450cdd385c8b70e03f9a6bd9e673b","tickLower":-874000,"tickUpper":874000}	{"ok": true, "feeGrowthInside0X128": "0", "feeGrowthInside1X128": "0"}
{"blockNumber":"1152792","poolId":"0x05f4422624c0e701d954c885d4539bc493585e27207537985c56961980110076","stateView":"0xf3334192d15450cdd385c8b70e03f9a6bd9e673b","tickLower":-874000,"tickUpper":874000}	{"ok": true, "feeGrowthInside0X128": "0", "feeGrowthInside1X128": "0"}
{"blockNumber":"1152819","poolId":"0x1a8d51039a1e8e7598fdd43a7f7fa1b41d06919fae19f02c8e43c862c562be1b","stateView":"0xf3334192d15450cdd385c8b70e03f9a6bd9e673b","tickLower":-874000,"tickUpper":874000}	{"ok": true, "feeGrowthInside0X128": "0", "feeGrowthInside1X128": "0"}
{"blockNumber":"1152840","poolId":"0x16dcf4a91bec168149cd376db2ea1277e39af47fe9d6b68c2c2eba46ac229b69","stateView":"0xf3334192d15450cdd385c8b70e03f9a6bd9e673b","tickLower":-874000,"tickUpper":874000}	{"ok": true, "feeGrowthInside0X128": "0", "feeGrowthInside1X128": "0"}
{"blockNumber":"1152874","poolId":"0x71a7f839b3f329380ab8549bedb884b636ac513897773a53e2aecfc1109c0c01","stateView":"0xf3334192d15450cdd385c8b70e03f9a6bd9e673b","tickLower":-874000,"tickUpper":874000}	{"ok": true, "feeGrowthInside0X128": "0", "feeGrowthInside1X128": "0"}
{"blockNumber":"1152907","poolId":"0x599641270994de3395ec3f69a9931d9354cb159c0e16283a7d67f4f05843d9a1","stateView":"0xf3334192d15450cdd385c8b70e03f9a6bd9e673b","tickLower":-874000,"tickUpper":874000}	{"ok": true, "feeGrowthInside0X128": "0", "feeGrowthInside1X128": "0"}
{"blockNumber":"1152945","poolId":"0x968f7932f196cc8cf0eee950e8cd6d7f3595cc5b5564ca161adc1ddc02b359fe","stateView":"0xf3334192d15450cdd385c8b70e03f9a6bd9e673b","tickLower":-874000,"tickUpper":874000}	{"ok": true, "feeGrowthInside0X128": "0", "feeGrowthInside1X128": "0"}
{"blockNumber":"1152979","poolId":"0x6c4ff44ca9c41538521411979057bfe9f60b3cee4b396ebd14c6ca4e1a3c7f70","stateView":"0xf3334192d15450cdd385c8b70e03f9a6bd9e673b","tickLower":-874000,"tickUpper":874000}	{"ok": true, "feeGrowthInside0X128": "0", "feeGrowthInside1X128": "0"}
{"blockNumber":"1153011","poolId":"0x205fb95023822fde6142d6537c701e2c9a7e8fd507d91bc65c67460a3cd1effc","stateView":"0xf3334192d15450cdd385c8b70e03f9a6bd9e673b","tickLower":-874000,"tickUpper":874000}	{"ok": true, "feeGrowthInside0X128": "0", "feeGrowthInside1X128": "0"}
{"blockNumber":"1153032","poolId":"0x21f5c5adad85cdd6d50fccde87b20309d42478eacfffde8991e970dc0351796d","stateView":"0xf3334192d15450cdd385c8b70e03f9a6bd9e673b","tickLower":-874000,"tickUpper":874000}	{"ok": true, "feeGrowthInside0X128": "0", "feeGrowthInside1X128": "0"}
{"blockNumber":"1153053","poolId":"0xbcb59f4d8d026265225bed065be8bd6d2683de9d333e7faa83105c20a1b14f5a","stateView":"0xf3334192d15450cdd385c8b70e03f9a6bd9e673b","tickLower":-874000,"tickUpper":874000}	{"ok": true, "feeGrowthInside0X128": "0", "feeGrowthInside1X128": "0"}
{"blockNumber":"1153083","poolId":"0x6f5ca2d0999b4e78e39dd831368dd1b559b16b5ba56f1fe9b895265b0bb38749","stateView":"0xf3334192d15450cdd385c8b70e03f9a6bd9e673b","tickLower":-874000,"tickUpper":874000}	{"ok": true, "feeGrowthInside0X128": "0", "feeGrowthInside1X128": "0"}
{"blockNumber":"1153115","poolId":"0xf67b0df65d6ba77b5154326518745f284aa12f70706c182db85e6523adc8e509","stateView":"0xf3334192d15450cdd385c8b70e03f9a6bd9e673b","tickLower":-874000,"tickUpper":874000}	{"ok": true, "feeGrowthInside0X128": "0", "feeGrowthInside1X128": "0"}
{"blockNumber":"1153143","poolId":"0xcab67dba9afd6f849743b0f57230bf57ae82fb04f5b891e806bade3e9704bb0c","stateView":"0xf3334192d15450cdd385c8b70e03f9a6bd9e673b","tickLower":-874000,"tickUpper":874000}	{"ok": true, "feeGrowthInside0X128": "0", "feeGrowthInside1X128": "0"}
{"blockNumber":"1153171","poolId":"0x4e96cfd21c3b571a3881a6ce49a95093a14d0525c7387f229c175c9541872735","stateView":"0xf3334192d15450cdd385c8b70e03f9a6bd9e673b","tickLower":-874000,"tickUpper":874000}	{"ok": true, "feeGrowthInside0X128": "0", "feeGrowthInside1X128": "0"}
{"blockNumber":"1153185","poolId":"0x5f9f1cf4857c158f426930f7d2be3833f0fdd4c313dc33da3c069ee9db9e17ae","stateView":"0xf3334192d15450cdd385c8b70e03f9a6bd9e673b","tickLower":-874000,"tickUpper":874000}	{"ok": true, "feeGrowthInside0X128": "0", "feeGrowthInside1X128": "0"}
{"blockNumber":"1153229","poolId":"0x6c28389de489065f130ccbceb883d3585b884cca20fa897413909e2cb2c572d9","stateView":"0xf3334192d15450cdd385c8b70e03f9a6bd9e673b","tickLower":-874000,"tickUpper":874000}	{"ok": true, "feeGrowthInside0X128": "0", "feeGrowthInside1X128": "0"}
{"blockNumber":"1153255","poolId":"0x77d7d478dd79e9ea7150b2e42eace394fcb825d9a5a31c89e036136e953b8ecd","stateView":"0xf3334192d15450cdd385c8b70e03f9a6bd9e673b","tickLower":-874000,"tickUpper":874000}	{"ok": true, "feeGrowthInside0X128": "0", "feeGrowthInside1X128": "0"}
{"blockNumber":"1153290","poolId":"0x4d4389f9183040e95b9425d666b13b5e875811c53cd0d975bd19ec91c0bce7bc","stateView":"0xf3334192d15450cdd385c8b70e03f9a6bd9e673b","tickLower":-874000,"tickUpper":874000}	{"ok": true, "feeGrowthInside0X128": "0", "feeGrowthInside1X128": "0"}
{"blockNumber":"1153324","poolId":"0xb335f0b9bf6c1e1f5feb098ddfaf1b183c51125adbee9f6213c0e749911d5c63","stateView":"0xf3334192d15450cdd385c8b70e03f9a6bd9e673b","tickLower":-874000,"tickUpper":874000}	{"ok": true, "feeGrowthInside0X128": "0", "feeGrowthInside1X128": "0"}
{"blockNumber":"1153353","poolId":"0x7a305af794c2068b5d96e5037826df978ebc8da163d786652dd0be53ae38d801","stateView":"0xf3334192d15450cdd385c8b70e03f9a6bd9e673b","tickLower":-874000,"tickUpper":874000}	{"ok": true, "feeGrowthInside0X128": "0", "feeGrowthInside1X128": "0"}
{"blockNumber":"1153384","poolId":"0x483b516f6e4cc7732b0cd7f871ee1c5aa0728f98e9b02df9f280a9b7c029286b","stateView":"0xf3334192d15450cdd385c8b70e03f9a6bd9e673b","tickLower":-874000,"tickUpper":874000}	{"ok": true, "feeGrowthInside0X128": "0", "feeGrowthInside1X128": "0"}
{"blockNumber":"1153406","poolId":"0xf884c648fd8407395ae09f124eed411eaafcf1ad1ac1e9f00baeb997a8b07165","stateView":"0xf3334192d15450cdd385c8b70e03f9a6bd9e673b","tickLower":-874000,"tickUpper":874000}	{"ok": true, "feeGrowthInside0X128": "0", "feeGrowthInside1X128": "0"}
{"blockNumber":"1153422","poolId":"0x70734f5ba56ff9eb3714ac9f74ee667eb21327d718df0a2722e4311286a131e6","stateView":"0xf3334192d15450cdd385c8b70e03f9a6bd9e673b","tickLower":-874000,"tickUpper":874000}	{"ok": true, "feeGrowthInside0X128": "0", "feeGrowthInside1X128": "0"}
{"blockNumber":"1153453","poolId":"0x2105a80eb1e10ec4bc67f780effe789805e1894c91513ca0df2890ac6d6f7040","stateView":"0xf3334192d15450cdd385c8b70e03f9a6bd9e673b","tickLower":-874000,"tickUpper":874000}	{"ok": true, "feeGrowthInside0X128": "0", "feeGrowthInside1X128": "0"}
{"blockNumber":"1153470","poolId":"0xf31a8468cc80904ec455682d08751880d2562c1c7ef368194c84423806b30b69","stateView":"0xf3334192d15450cdd385c8b70e03f9a6bd9e673b","tickLower":-874000,"tickUpper":874000}	{"ok": true, "feeGrowthInside0X128": "0", "feeGrowthInside1X128": "0"}
{"blockNumber":"1153502","poolId":"0x93f290c34c937304b3af323c15fbb9b9bef44fa45b9ced17f743baefed2c0b32","stateView":"0xf3334192d15450cdd385c8b70e03f9a6bd9e673b","tickLower":-874000,"tickUpper":874000}	{"ok": true, "feeGrowthInside0X128": "0", "feeGrowthInside1X128": "0"}
{"blockNumber":"1153526","poolId":"0xa97b9327b252d332cb44114fdd4bdc8250cf70a805e28bfde5b5b8f7894354f6","stateView":"0xf3334192d15450cdd385c8b70e03f9a6bd9e673b","tickLower":-874000,"tickUpper":874000}	{"ok": true, "feeGrowthInside0X128": "0", "feeGrowthInside1X128": "0"}
{"blockNumber":"1153559","poolId":"0x4c1609e6670acb4e09af00ad07984ee05c4c1adc064a4425de8e9d23a253315a","stateView":"0xf3334192d15450cdd385c8b70e03f9a6bd9e673b","tickLower":-874000,"tickUpper":874000}	{"ok": true, "feeGrowthInside0X128": "0", "feeGrowthInside1X128": "0"}
{"blockNumber":"1153578","poolId":"0x9f2fe2fd812d55eb6a845f3c8688231566b23d0d09ec054a49133b67d0649515","stateView":"0xf3334192d15450cdd385c8b70e03f9a6bd9e673b","tickLower":-874000,"tickUpper":874000}	{"ok": true, "feeGrowthInside0X128": "0", "feeGrowthInside1X128": "0"}
{"blockNumber":"1153601","poolId":"0x8114750f105d1e15e06f1da11a59ebaae11f01304ed1df0b331462536114a716","stateView":"0xf3334192d15450cdd385c8b70e03f9a6bd9e673b","tickLower":-874000,"tickUpper":874000}	{"ok": true, "feeGrowthInside0X128": "0", "feeGrowthInside1X128": "0"}
{"blockNumber":"1153628","poolId":"0x7b92319f21881ea676e2ed49b8f392197d1b232360bc7b74b365f01b36a83a5c","stateView":"0xf3334192d15450cdd385c8b70e03f9a6bd9e673b","tickLower":-874000,"tickUpper":874000}	{"ok": true, "feeGrowthInside0X128": "0", "feeGrowthInside1X128": "0"}
{"blockNumber":"1153651","poolId":"0xfeac1a5f3747cf2021af5169df625f68bca78fc3cff8ea11e4668433c9fc5ac6","stateView":"0xf3334192d15450cdd385c8b70e03f9a6bd9e673b","tickLower":-874000,"tickUpper":874000}	{"ok": true, "feeGrowthInside0X128": "0", "feeGrowthInside1X128": "0"}
{"blockNumber":"1153672","poolId":"0x65b0164b4030e16340ebdf7f2c8558c1461138171e0339fa5fdae6b7480e4011","stateView":"0xf3334192d15450cdd385c8b70e03f9a6bd9e673b","tickLower":-874000,"tickUpper":874000}	{"ok": true, "feeGrowthInside0X128": "0", "feeGrowthInside1X128": "0"}
{"blockNumber":"1153692","poolId":"0x075d036a8464ed4ce43341254cf85253f2ead1cd1a80fe438d9ae5273d454619","stateView":"0xf3334192d15450cdd385c8b70e03f9a6bd9e673b","tickLower":-874000,"tickUpper":874000}	{"ok": true, "feeGrowthInside0X128": "0", "feeGrowthInside1X128": "0"}
{"blockNumber":"1153712","poolId":"0x131fe0d8d06c53e763cdc63a194c16059789c1b91fdf271ad5348ecddbf54a8f","stateView":"0xf3334192d15450cdd385c8b70e03f9a6bd9e673b","tickLower":-874000,"tickUpper":874000}	{"ok": true, "feeGrowthInside0X128": "0", "feeGrowthInside1X128": "0"}
{"blockNumber":"1154183","poolId":"0x478864aec59011741cfada1df824ee2d3fc918f321071d09bf71bce21df6e695","stateView":"0xf3334192d15450cdd385c8b70e03f9a6bd9e673b","tickLower":-885000,"tickUpper":885000}	{"ok": true, "feeGrowthInside0X128": "0", "feeGrowthInside1X128": "0"}
{"blockNumber":"1157509","poolId":"0x035f2b87c847dcab1eb4553e70f6c6c388737b925d0afe6c40c1c87df0c8731d","stateView":"0xf3334192d15450cdd385c8b70e03f9a6bd9e673b","tickLower":-887272,"tickUpper":887272}	{"ok": true, "feeGrowthInside0X128": "0", "feeGrowthInside1X128": "0"}
{"blockNumber":"1162091","poolId":"0xc2f3e2a310e74392ce568380fbf04051e84ba96903762ecfa234cf2af32077ee","stateView":"0xf3334192d15450cdd385c8b70e03f9a6bd9e673b","tickLower":-887272,"tickUpper":887272}	{"ok": true, "feeGrowthInside0X128": "0", "feeGrowthInside1X128": "0"}
{"blockNumber":"1162486","poolId":"0x4c205b4878c8100119cc884b6119ead4d617fbd5fc1769e32f7edb7db8c10c87","stateView":"0xf3334192d15450cdd385c8b70e03f9a6bd9e673b","tickLower":-886000,"tickUpper":886000}	{"ok": true, "feeGrowthInside0X128": "0", "feeGrowthInside1X128": "0"}
{"blockNumber":"1162666","poolId":"0x4db638bf7892f6e6f1d185cddf701d64f2790e5bf7faafcf842b4b262e283479","stateView":"0xf3334192d15450cdd385c8b70e03f9a6bd9e673b","tickLower":-882000,"tickUpper":882000}	{"ok": true, "feeGrowthInside0X128": "0", "feeGrowthInside1X128": "0"}
{"blockNumber":"1162816","poolId":"0x60841d3c198a554dc658dc44805d58bc28433f3b91a16bfa271d5ca4601e1f22","stateView":"0xf3334192d15450cdd385c8b70e03f9a6bd9e673b","tickLower":-880000,"tickUpper":880000}	{"ok": true, "feeGrowthInside0X128": "0", "feeGrowthInside1X128": "0"}
{"blockNumber":"1163413","poolId":"0xfd69e1d24a685df937eebee37faf8e9a987fde897f521dac2fb942388feb9bc7","stateView":"0xf3334192d15450cdd385c8b70e03f9a6bd9e673b","tickLower":-874000,"tickUpper":874000}	{"ok": true, "feeGrowthInside0X128": "0", "feeGrowthInside1X128": "0"}
{"blockNumber":"1165114","poolId":"0x96eece401832d992b231e81078e7b8f41972fa5468b5ab966425cc80665d62cf","stateView":"0xf3334192d15450cdd385c8b70e03f9a6bd9e673b","tickLower":-887272,"tickUpper":887272}	{"ok": true, "feeGrowthInside0X128": "0", "feeGrowthInside1X128": "0"}
{"blockNumber":"1167866","poolId":"0x3f5b08ade277104226e91588178384c86c4f8f9a53be295f7453ed6917e45c6a","stateView":"0xf3334192d15450cdd385c8b70e03f9a6bd9e673b","tickLower":-887272,"tickUpper":887272}	{"ok": true, "feeGrowthInside0X128": "0", "feeGrowthInside1X128": "0"}
{"blockNumber":"1169197","poolId":"0xa95732060867f07aa9b8ae9a4b7b8d737bc3374f1dfbb952759c5ed676e8737c","stateView":"0xf3334192d15450cdd385c8b70e03f9a6bd9e673b","tickLower":277380,"tickUpper":286800}	{"ok": true, "feeGrowthInside0X128": "0", "feeGrowthInside1X128": "0"}
{"blockNumber":"1169710","poolId":"0xa95732060867f07aa9b8ae9a4b7b8d737bc3374f1dfbb952759c5ed676e8737c","stateView":"0xf3334192d15450cdd385c8b70e03f9a6bd9e673b","tickLower":277380,"tickUpper":286800}	{"ok": true, "feeGrowthInside0X128": "7226963561285489292298983460", "feeGrowthInside1X128": "0"}
{"blockNumber":"1172669","poolId":"0x2a94376731d2729a61154724520df931ba158387afc7d5ae6a8ef80012b73d74","stateView":"0xf3334192d15450cdd385c8b70e03f9a6bd9e673b","tickLower":-887272,"tickUpper":887272}	{"ok": true, "feeGrowthInside0X128": "0", "feeGrowthInside1X128": "0"}
{"blockNumber":"1177291","poolId":"0xcd82386fd37923620d7dd823f77d4a6abf64752c81475115ab03cefd23a3961e","stateView":"0xf3334192d15450cdd385c8b70e03f9a6bd9e673b","tickLower":-887272,"tickUpper":887272}	{"ok": true, "feeGrowthInside0X128": "0", "feeGrowthInside1X128": "0"}
{"blockNumber":"1179992","poolId":"0x62544817d0b801a0af43dd1091845373c605713b838fb77e821ff8375eeb1584","stateView":"0xf3334192d15450cdd385c8b70e03f9a6bd9e673b","tickLower":-887272,"tickUpper":887272}	{"ok": true, "feeGrowthInside0X128": "0", "feeGrowthInside1X128": "0"}
{"blockNumber":"1185018","poolId":"0x62544817d0b801a0af43dd1091845373c605713b838fb77e821ff8375eeb1584","stateView":"0xf3334192d15450cdd385c8b70e03f9a6bd9e673b","tickLower":-887272,"tickUpper":887272}	{"ok": true, "feeGrowthInside0X128": "0", "feeGrowthInside1X128": "0"}
{"blockNumber":"1186211","poolId":"0x152ede373f925a6d410d573593d37ceb5452e47cca96ae886124643b37260961","stateView":"0xf3334192d15450cdd385c8b70e03f9a6bd9e673b","tickLower":-887272,"tickUpper":887272}	{"ok": true, "feeGrowthInside0X128": "0", "feeGrowthInside1X128": "0"}
{"blockNumber":"1189216","poolId":"0x3e86399a639994816477597513e566b5703c15f69f989b9ab132978efffdc814","stateView":"0xf3334192d15450cdd385c8b70e03f9a6bd9e673b","tickLower":-887272,"tickUpper":887272}	{"ok": true, "feeGrowthInside0X128": "0", "feeGrowthInside1X128": "0"}
{"blockNumber":"1190699","poolId":"0x152ede373f925a6d410d573593d37ceb5452e47cca96ae886124643b37260961","stateView":"0xf3334192d15450cdd385c8b70e03f9a6bd9e673b","tickLower":-887272,"tickUpper":887272}	{"ok": true, "feeGrowthInside0X128": "194444236609182923279995144325", "feeGrowthInside1X128": "0"}
{"blockNumber":"1198224","poolId":"0x39910df82a4009ea98d01e9df0b9f1b5b01583cc62ea5889c6c8a8e41fbef470","stateView":"0xf3334192d15450cdd385c8b70e03f9a6bd9e673b","tickLower":-887200,"tickUpper":887200}	{"ok": true, "feeGrowthInside0X128": "0", "feeGrowthInside1X128": "0"}
{"blockNumber":"1204390","poolId":"0x05e6c5d67bc69c7730cb33f29f4b754e278f390b948a5cdaa4a7c3f6a3bcdd22","stateView":"0xf3334192d15450cdd385c8b70e03f9a6bd9e673b","tickLower":-887220,"tickUpper":197520}	{"ok": true, "feeGrowthInside0X128": "0", "feeGrowthInside1X128": "0"}
{"blockNumber":"1205232","poolId":"0x2707cb88a6a40fa0f948f58958051ba097d6f6a3cf7f87929bd68ccc5becea24","stateView":"0xf3334192d15450cdd385c8b70e03f9a6bd9e673b","tickLower":-887200,"tickUpper":887200}	{"ok": true, "feeGrowthInside0X128": "0", "feeGrowthInside1X128": "0"}
{"blockNumber":"1205269","poolId":"0x9118ab7aaf7ba5daf125bcc7dc76c2779dd45a96ff8fb2ceb839c84d6b691bdc","stateView":"0xf3334192d15450cdd385c8b70e03f9a6bd9e673b","tickLower":-885000,"tickUpper":885000}	{"ok": true, "feeGrowthInside0X128": "0", "feeGrowthInside1X128": "0"}
{"blockNumber":"1206441","poolId":"0xa95732060867f07aa9b8ae9a4b7b8d737bc3374f1dfbb952759c5ed676e8737c","stateView":"0xf3334192d15450cdd385c8b70e03f9a6bd9e673b","tickLower":277380,"tickUpper":286800}	{"ok": true, "feeGrowthInside0X128": "22027504283867951522251646519", "feeGrowthInside1X128": "40390933084910979093469612562418560994474"}
{"blockNumber":"1207234","poolId":"0x2707cb88a6a40fa0f948f58958051ba097d6f6a3cf7f87929bd68ccc5becea24","stateView":"0xf3334192d15450cdd385c8b70e03f9a6bd9e673b","tickLower":-887200,"tickUpper":887200}	{"ok": true, "feeGrowthInside0X128": "0", "feeGrowthInside1X128": "0"}
{"blockNumber":"1212320","poolId":"0x478864aec59011741cfada1df824ee2d3fc918f321071d09bf71bce21df6e695","stateView":"0xf3334192d15450cdd385c8b70e03f9a6bd9e673b","tickLower":-885000,"tickUpper":885000}	{"ok": true, "feeGrowthInside0X128": "8274890660771518243287078474196016", "feeGrowthInside1X128": "2120698431644457513882755060281116032271"}
{"blockNumber":"1215241","poolId":"0x478864aec59011741cfada1df824ee2d3fc918f321071d09bf71bce21df6e695","stateView":"0xf3334192d15450cdd385c8b70e03f9a6bd9e673b","tickLower":-885000,"tickUpper":885000}	{"ok": true, "feeGrowthInside0X128": "8274890660771518243287078474196016", "feeGrowthInside1X128": "2120698431644457513882755060281116032271"}
{"blockNumber":"1217290","poolId":"0x30b5de3ec6671dbc01fe87d9f4d324ab427f3044f6df09909287ec4ea80ee53c","stateView":"0xf3334192d15450cdd385c8b70e03f9a6bd9e673b","tickLower":-887200,"tickUpper":887200}	{"ok": true, "feeGrowthInside0X128": "0", "feeGrowthInside1X128": "0"}
{"blockNumber":"1219513","poolId":"0xeb2aeaa5ed02084a809bf152b3dc81353a728c7eadff32473e02db5681aee516","stateView":"0xf3334192d15450cdd385c8b70e03f9a6bd9e673b","tickLower":-887272,"tickUpper":887272}	{"ok": true, "feeGrowthInside0X128": "0", "feeGrowthInside1X128": "0"}
{"blockNumber":"1219829","poolId":"0xd46b377ba6d5e68987774390c78e63c0ea194fb4322d7f44b93bd08ae80bc9d0","stateView":"0xf3334192d15450cdd385c8b70e03f9a6bd9e673b","tickLower":-880000,"tickUpper":880000}	{"ok": true, "feeGrowthInside0X128": "0", "feeGrowthInside1X128": "0"}
{"blockNumber":"1261816","poolId":"0x2707cb88a6a40fa0f948f58958051ba097d6f6a3cf7f87929bd68ccc5becea24","stateView":"0xf3334192d15450cdd385c8b70e03f9a6bd9e673b","tickLower":-887200,"tickUpper":887200}	{"ok": true, "feeGrowthInside0X128": "0", "feeGrowthInside1X128": "0"}
{"blockNumber":"1262912","poolId":"0x3a75225ac50e2664859f26b130321aff94107dbef642a3b0f1aaf654d47060af","stateView":"0xf3334192d15450cdd385c8b70e03f9a6bd9e673b","tickLower":-232600,"tickUpper":-200400}	{"ok": true, "feeGrowthInside0X128": "0", "feeGrowthInside1X128": "38160696710519351094255435257"}
{"blockNumber":"1262912","poolId":"0x3a75225ac50e2664859f26b130321aff94107dbef642a3b0f1aaf654d47060af","stateView":"0xf3334192d15450cdd385c8b70e03f9a6bd9e673b","tickLower":-200400,"tickUpper":-170400}	{"ok": true, "feeGrowthInside0X128": "0", "feeGrowthInside1X128": "0"}
{"blockNumber":"1262912","poolId":"0x3a75225ac50e2664859f26b130321aff94107dbef642a3b0f1aaf654d47060af","stateView":"0xf3334192d15450cdd385c8b70e03f9a6bd9e673b","tickLower":-170400,"tickUpper":-124400}	{"ok": true, "feeGrowthInside0X128": "0", "feeGrowthInside1X128": "0"}
{"blockNumber":"1264390","poolId":"0x3a75225ac50e2664859f26b130321aff94107dbef642a3b0f1aaf654d47060af","stateView":"0xf3334192d15450cdd385c8b70e03f9a6bd9e673b","tickLower":-232600,"tickUpper":-200400}	{"ok": true, "feeGrowthInside0X128": "0", "feeGrowthInside1X128": "45792836052623374261178938068"}
{"blockNumber":"1264390","poolId":"0x3a75225ac50e2664859f26b130321aff94107dbef642a3b0f1aaf654d47060af","stateView":"0xf3334192d15450cdd385c8b70e03f9a6bd9e673b","tickLower":-200400,"tickUpper":-170400}	{"ok": true, "feeGrowthInside0X128": "0", "feeGrowthInside1X128": "0"}
{"blockNumber":"1264390","poolId":"0x3a75225ac50e2664859f26b130321aff94107dbef642a3b0f1aaf654d47060af","stateView":"0xf3334192d15450cdd385c8b70e03f9a6bd9e673b","tickLower":-170400,"tickUpper":-124400}	{"ok": true, "feeGrowthInside0X128": "0", "feeGrowthInside1X128": "0"}
{"blockNumber":"1279211","poolId":"0x6986b38b2e1fa88d0cc25daf9087ad9bdf2ad51b78ae3afeb1aa11a08d8a3993","stateView":"0xf3334192d15450cdd385c8b70e03f9a6bd9e673b","tickLower":-881400,"tickUpper":881400}	{"ok": true, "feeGrowthInside0X128": "0", "feeGrowthInside1X128": "0"}
{"blockNumber":"1284109","poolId":"0x30b5de3ec6671dbc01fe87d9f4d324ab427f3044f6df09909287ec4ea80ee53c","stateView":"0xf3334192d15450cdd385c8b70e03f9a6bd9e673b","tickLower":-887200,"tickUpper":887200}	{"ok": true, "feeGrowthInside0X128": "745713918327403345129164612674", "feeGrowthInside1X128": "0"}
{"blockNumber":"1289864","poolId":"0x55bf0b17fce25a2b42bfb969b02756d4dbe6c749df699e151c3d0ce493cdb8ca","stateView":"0xf3334192d15450cdd385c8b70e03f9a6bd9e673b","tickLower":-878240,"tickUpper":878240}	{"ok": true, "feeGrowthInside0X128": "0", "feeGrowthInside1X128": "0"}
{"blockNumber":"1290399","poolId":"0xdbbdc3b6ed508deccf74d0ff6d9ef6155b31551687a1391a30edfeebbb8e34b5","stateView":"0xf3334192d15450cdd385c8b70e03f9a6bd9e673b","tickLower":-878240,"tickUpper":878240}	{"ok": true, "feeGrowthInside0X128": "0", "feeGrowthInside1X128": "0"}
{"blockNumber":"1290481","poolId":"0x60643044437ccf6fd7c1d39c185a2ba0b0d612b9c6bf800374cbbc59923c6e4d","stateView":"0xf3334192d15450cdd385c8b70e03f9a6bd9e673b","tickLower":-882000,"tickUpper":882000}	{"ok": true, "feeGrowthInside0X128": "0", "feeGrowthInside1X128": "0"}
{"blockNumber":"1291405","poolId":"0x73903bc73db73a47c06d9c8865e4339b00ec56c4a6446b7405450d2debd06990","stateView":"0xf3334192d15450cdd385c8b70e03f9a6bd9e673b","tickLower":-880000,"tickUpper":880000}	{"ok": true, "feeGrowthInside0X128": "0", "feeGrowthInside1X128": "0"}
{"blockNumber":"1292211","poolId":"0x02057e17c21c273743d3eb50075a4a5a178a0f41c8c0b1b9f6fa286a917c93b3","stateView":"0xf3334192d15450cdd385c8b70e03f9a6bd9e673b","tickLower":-887200,"tickUpper":68800}	{"ok": true, "feeGrowthInside0X128": "0", "feeGrowthInside1X128": "0"}
{"blockNumber":"1294001","poolId":"0x71c1785961125650adbf8b02414998455a0f1a043d15a133e1cd57167208ec43","stateView":"0xf3334192d15450cdd385c8b70e03f9a6bd9e673b","tickLower":-887200,"tickUpper":887200}	{"ok": true, "feeGrowthInside0X128": "0", "feeGrowthInside1X128": "0"}
{"blockNumber":"1295444","poolId":"0x8efc87544f6d931cf243777f1aea4a16fc7f157c51457207052717bda0aa184c","stateView":"0xf3334192d15450cdd385c8b70e03f9a6bd9e673b","tickLower":-887200,"tickUpper":68800}	{"ok": true, "feeGrowthInside0X128": "0", "feeGrowthInside1X128": "0"}
{"blockNumber":"1304599","poolId":"0xb3e8bf2366018bf9984897f367695fe46a47eac9e9dd48987b2e261a303358ab","stateView":"0xf3334192d15450cdd385c8b70e03f9a6bd9e673b","tickLower":-887272,"tickUpper":887272}	{"ok": true, "feeGrowthInside0X128": "0", "feeGrowthInside1X128": "0"}
{"blockNumber":"1309513","poolId":"0x73903bc73db73a47c06d9c8865e4339b00ec56c4a6446b7405450d2debd06990","stateView":"0xf3334192d15450cdd385c8b70e03f9a6bd9e673b","tickLower":-880000,"tickUpper":880000}	{"ok": true, "feeGrowthInside0X128": "0", "feeGrowthInside1X128": "0"}
{"blockNumber":"1309720","poolId":"0xc6a5f2b62e2e9b5f2b267b912a15abc5f3b89ee045e3dfa5a2a0f73956d9bae2","stateView":"0xf3334192d15450cdd385c8b70e03f9a6bd9e673b","tickLower":-885000,"tickUpper":885000}	{"ok": true, "feeGrowthInside0X128": "0", "feeGrowthInside1X128": "0"}
{"blockNumber":"1311306","poolId":"0xf0d273c1905386ee3f62772d01c11e7a7a69c47ab4179ad1311a3a18c91553e2","stateView":"0xf3334192d15450cdd385c8b70e03f9a6bd9e673b","tickLower":-887272,"tickUpper":251220}	{"ok": true, "feeGrowthInside0X128": "0", "feeGrowthInside1X128": "0"}
{"blockNumber":"1311516","poolId":"0x66c11add9d5057f909a457fcbbc51eab8e5027d5aea383853faf35c6f755e8fd","stateView":"0xf3334192d15450cdd385c8b70e03f9a6bd9e673b","tickLower":-884000,"tickUpper":884000}	{"ok": true, "feeGrowthInside0X128": "0", "feeGrowthInside1X128": "0"}
{"blockNumber":"1312320","poolId":"0xc6a5f2b62e2e9b5f2b267b912a15abc5f3b89ee045e3dfa5a2a0f73956d9bae2","stateView":"0xf3334192d15450cdd385c8b70e03f9a6bd9e673b","tickLower":-885000,"tickUpper":885000}	{"ok": true, "feeGrowthInside0X128": "0", "feeGrowthInside1X128": "0"}
{"blockNumber":"1313980","poolId":"0x66c11add9d5057f909a457fcbbc51eab8e5027d5aea383853faf35c6f755e8fd","stateView":"0xf3334192d15450cdd385c8b70e03f9a6bd9e673b","tickLower":-884000,"tickUpper":884000}	{"ok": true, "feeGrowthInside0X128": "0", "feeGrowthInside1X128": "0"}
{"blockNumber":"1314113","poolId":"0xa0e68683814e2e7e6011207c4c1d09cbee0f2a5be75aec135739561bb3177c3e","stateView":"0xf3334192d15450cdd385c8b70e03f9a6bd9e673b","tickLower":-871200,"tickUpper":871200}	{"ok": true, "feeGrowthInside0X128": "0", "feeGrowthInside1X128": "0"}
{"blockNumber":"1314569","poolId":"0x44955b59303af14d1ce59c35f21eaf1ef47d1affbd6e04425510a3c954b65ee9","stateView":"0xf3334192d15450cdd385c8b70e03f9a6bd9e673b","tickLower":-880000,"tickUpper":880000}	{"ok": true, "feeGrowthInside0X128": "0", "feeGrowthInside1X128": "0"}
{"blockNumber":"1314591","poolId":"0x66c11add9d5057f909a457fcbbc51eab8e5027d5aea383853faf35c6f755e8fd","stateView":"0xf3334192d15450cdd385c8b70e03f9a6bd9e673b","tickLower":-884000,"tickUpper":884000}	{"ok": true, "feeGrowthInside0X128": "0", "feeGrowthInside1X128": "0"}
{"blockNumber":"1315105","poolId":"0x943f0d390a79fedfb1934ceb8b959623eff4dd38bae3f0d902988b726c443724","stateView":"0xf3334192d15450cdd385c8b70e03f9a6bd9e673b","tickLower":-871200,"tickUpper":871200}	{"ok": true, "feeGrowthInside0X128": "0", "feeGrowthInside1X128": "0"}
{"blockNumber":"1315205","poolId":"0x66c11add9d5057f909a457fcbbc51eab8e5027d5aea383853faf35c6f755e8fd","stateView":"0xf3334192d15450cdd385c8b70e03f9a6bd9e673b","tickLower":-884000,"tickUpper":884000}	{"ok": true, "feeGrowthInside0X128": "0", "feeGrowthInside1X128": "0"}
{"blockNumber":"1315256","poolId":"0x79f32c8c75db91ecba23a0371830a5ec55e852494056d1527267105611a72bdb","stateView":"0xf3334192d15450cdd385c8b70e03f9a6bd9e673b","tickLower":-887272,"tickUpper":251220}	{"ok": true, "feeGrowthInside0X128": "0", "feeGrowthInside1X128": "0"}
{"blockNumber":"1315944","poolId":"0x27598320b6d9c3aeff8e0c100c0018d366eebbedacc11de4444f589063551328","stateView":"0xf3334192d15450cdd385c8b70e03f9a6bd9e673b","tickLower":-880000,"tickUpper":880000}	{"ok": true, "feeGrowthInside0X128": "0", "feeGrowthInside1X128": "0"}
{"blockNumber":"1318274","poolId":"0xa1835c44c610eef1a08f73dd6a6ffdde9c2cf66edb6c8762d6d14079eeed9169","stateView":"0xf3334192d15450cdd385c8b70e03f9a6bd9e673b","tickLower":-887200,"tickUpper":92000}	{"ok": true, "feeGrowthInside0X128": "0", "feeGrowthInside1X128": "0"}
{"blockNumber":"1318274","poolId":"0xa1835c44c610eef1a08f73dd6a6ffdde9c2cf66edb6c8762d6d14079eeed9169","stateView":"0xf3334192d15450cdd385c8b70e03f9a6bd9e673b","tickLower":92000,"tickUpper":92200}	{"ok": true, "feeGrowthInside0X128": "0", "feeGrowthInside1X128": "0"}
{"blockNumber":"1319864","poolId":"0xa1835c44c610eef1a08f73dd6a6ffdde9c2cf66edb6c8762d6d14079eeed9169","stateView":"0xf3334192d15450cdd385c8b70e03f9a6bd9e673b","tickLower":-887200,"tickUpper":92000}	{"ok": true, "feeGrowthInside0X128": "0", "feeGrowthInside1X128": "0"}
{"blockNumber":"1320632","poolId":"0x033edc52fd816a49334044a305cddce2845960b90f633c1dd980d3e4b6339386","stateView":"0xf3334192d15450cdd385c8b70e03f9a6bd9e673b","tickLower":-887272,"tickUpper":251220}	{"ok": true, "feeGrowthInside0X128": "0", "feeGrowthInside1X128": "0"}
{"blockNumber":"1321396","poolId":"0xf155acae4709eb7ef8ac36a79f35def984eab776c575f529831b96d6204f435f","stateView":"0xf3334192d15450cdd385c8b70e03f9a6bd9e673b","tickLower":-887200,"tickUpper":207200}	{"ok": true, "feeGrowthInside0X128": "0", "feeGrowthInside1X128": "0"}
{"blockNumber":"1323996","poolId":"0x230db6e3b032f62b37397b19910789d9e18974a3093e1eadf0c28d7b5621c320","stateView":"0xf3334192d15450cdd385c8b70e03f9a6bd9e673b","tickLower":-887272,"tickUpper":251220}	{"ok": true, "feeGrowthInside0X128": "0", "feeGrowthInside1X128": "0"}
{"blockNumber":"1324021","poolId":"0x5a9c3d5eaef690cebb2ffdfe0a73fabae304dab9bdc50516ed1e1852eccd7cb1","stateView":"0xf3334192d15450cdd385c8b70e03f9a6bd9e673b","tickLower":-887272,"tickUpper":-247546}	{"ok": true, "feeGrowthInside0X128": "0", "feeGrowthInside1X128": "0"}
{"blockNumber":"1324021","poolId":"0x5a9c3d5eaef690cebb2ffdfe0a73fabae304dab9bdc50516ed1e1852eccd7cb1","stateView":"0xf3334192d15450cdd385c8b70e03f9a6bd9e673b","tickLower":-887272,"tickUpper":887272}	{"ok": true, "feeGrowthInside0X128": "0", "feeGrowthInside1X128": "0"}
{"blockNumber":"1326482","poolId":"0x04231e0c6181cfdfe3d9b9a4794eef136d8a1f22d1298c07a0aa90bd2d5f2254","stateView":"0xf3334192d15450cdd385c8b70e03f9a6bd9e673b","tickLower":-887200,"tickUpper":207200}	{"ok": true, "feeGrowthInside0X128": "0", "feeGrowthInside1X128": "0"}
{"blockNumber":"1328702","poolId":"0x5a9c3d5eaef690cebb2ffdfe0a73fabae304dab9bdc50516ed1e1852eccd7cb1","stateView":"0xf3334192d15450cdd385c8b70e03f9a6bd9e673b","tickLower":-887272,"tickUpper":-247546}	{"ok": true, "feeGrowthInside0X128": "0", "feeGrowthInside1X128": "0"}
{"blockNumber":"1328708","poolId":"0x5a9c3d5eaef690cebb2ffdfe0a73fabae304dab9bdc50516ed1e1852eccd7cb1","stateView":"0xf3334192d15450cdd385c8b70e03f9a6bd9e673b","tickLower":-887272,"tickUpper":887272}	{"ok": true, "feeGrowthInside0X128": "0", "feeGrowthInside1X128": "0"}
{"blockNumber":"1347561","poolId":"0x60841d3c198a554dc658dc44805d58bc28433f3b91a16bfa271d5ca4601e1f22","stateView":"0xf3334192d15450cdd385c8b70e03f9a6bd9e673b","tickLower":-387200,"tickUpper":-281600}	{"ok": true, "feeGrowthInside0X128": "0", "feeGrowthInside1X128": "0"}
{"blockNumber":"1365287","poolId":"0x06ca11bc02af898083715ab7b27a2e41f949861ff2269099016f2b837c758421","stateView":"0xf3334192d15450cdd385c8b70e03f9a6bd9e673b","tickLower":-874000,"tickUpper":874000}	{"ok": true, "feeGrowthInside0X128": "0", "feeGrowthInside1X128": "0"}
{"blockNumber":"1365465","poolId":"0x0bb5ab6a0b3caac7525d51db5273a20c245027b2631510837fbd8b6a1f41879f","stateView":"0xf3334192d15450cdd385c8b70e03f9a6bd9e673b","tickLower":-874000,"tickUpper":874000}	{"ok": true, "feeGrowthInside0X128": "0", "feeGrowthInside1X128": "0"}
{"blockNumber":"1365328","poolId":"0x4f536ce341d347212f991f96ce886888b36d88528ac52beee1fc497a0319fce5","stateView":"0xf3334192d15450cdd385c8b70e03f9a6bd9e673b","tickLower":-874000,"tickUpper":874000}	{"ok": true, "feeGrowthInside0X128": "0", "feeGrowthInside1X128": "0"}
{"blockNumber":"1365436","poolId":"0x3c5b8fb2972d3110483ee0a8865ba77ca42b83c46244bab0a433c3b8bdf5659d","stateView":"0xf3334192d15450cdd385c8b70e03f9a6bd9e673b","tickLower":-874000,"tickUpper":874000}	{"ok": true, "feeGrowthInside0X128": "0", "feeGrowthInside1X128": "0"}
{"blockNumber":"1330379","poolId":"0x387bf619da4d3fb62bb276482693dba1b9b3520f573cabdfe033384a24125982","stateView":"0xf3334192d15450cdd385c8b70e03f9a6bd9e673b","tickLower":-203070,"tickUpper":-201710}	{"ok": true, "feeGrowthInside0X128": "58059943907671378821948301757155561555072", "feeGrowthInside1X128": "104703933525154555376789375430572"}
{"blockNumber":"1330829","poolId":"0x387bf619da4d3fb62bb276482693dba1b9b3520f573cabdfe033384a24125982","stateView":"0xf3334192d15450cdd385c8b70e03f9a6bd9e673b","tickLower":-203170,"tickUpper":-201070}	{"ok": true, "feeGrowthInside0X128": "58061873871100692382010262611221338976850", "feeGrowthInside1X128": "104713863704022813075646904759964"}
{"blockNumber":"1332745","poolId":"0x387bf619da4d3fb62bb276482693dba1b9b3520f573cabdfe033384a24125982","stateView":"0xf3334192d15450cdd385c8b70e03f9a6bd9e673b","tickLower":-203190,"tickUpper":-200820}	{"ok": true, "feeGrowthInside0X128": "2122888968503974360026724781759256095106", "feeGrowthInside1X128": "3731058836585178668591618964297"}
{"blockNumber":"1382675","poolId":"0x387bf619da4d3fb62bb276482693dba1b9b3520f573cabdfe033384a24125982","stateView":"0xf3334192d15450cdd385c8b70e03f9a6bd9e673b","tickLower":-203190,"tickUpper":-200820}	{"ok": true, "feeGrowthInside0X128": "2486670438997721258381158495536138245595", "feeGrowthInside1X128": "4354842900947399490424886219608"}
{"blockNumber":"1383470","poolId":"0x387bf619da4d3fb62bb276482693dba1b9b3520f573cabdfe033384a24125982","stateView":"0xf3334192d15450cdd385c8b70e03f9a6bd9e673b","tickLower":-203190,"tickUpper":-200820}	{"ok": true, "feeGrowthInside0X128": "2486735317885960808159105113983867650717", "feeGrowthInside1X128": "4356865818644450791652069378310"}
{"blockNumber":"1336603","poolId":"0x387bf619da4d3fb62bb276482693dba1b9b3520f573cabdfe033384a24125982","stateView":"0xf3334192d15450cdd385c8b70e03f9a6bd9e673b","tickLower":-201970,"tickUpper":-201900}	{"ok": true, "feeGrowthInside0X128": "0", "feeGrowthInside1X128": "0"}
{"blockNumber":"1436335","poolId":"0x387bf619da4d3fb62bb276482693dba1b9b3520f573cabdfe033384a24125982","stateView":"0xf3334192d15450cdd385c8b70e03f9a6bd9e673b","tickLower":-201970,"tickUpper":-201900}	{"ok": true, "feeGrowthInside0X128": "335578822450414092727491774333630616716", "feeGrowthInside1X128": "578866820834018783266534626544"}
{"blockNumber":"1436417","poolId":"0x387bf619da4d3fb62bb276482693dba1b9b3520f573cabdfe033384a24125982","stateView":"0xf3334192d15450cdd385c8b70e03f9a6bd9e673b","tickLower":-201970,"tickUpper":-201900}	{"ok": true, "feeGrowthInside0X128": "345381726145800836612464840045643757197", "feeGrowthInside1X128": "595604322157978937928078855861"}
{"blockNumber":"1339397","poolId":"0x387bf619da4d3fb62bb276482693dba1b9b3520f573cabdfe033384a24125982","stateView":"0xf3334192d15450cdd385c8b70e03f9a6bd9e673b","tickLower":-201920,"tickUpper":-201220}	{"ok": true, "feeGrowthInside0X128": "0", "feeGrowthInside1X128": "0"}
{"blockNumber":"1339895","poolId":"0x387bf619da4d3fb62bb276482693dba1b9b3520f573cabdfe033384a24125982","stateView":"0xf3334192d15450cdd385c8b70e03f9a6bd9e673b","tickLower":-201920,"tickUpper":-201220}	{"ok": true, "feeGrowthInside0X128": "0", "feeGrowthInside1X128": "0"}
{"blockNumber":"1339854","poolId":"0x387bf619da4d3fb62bb276482693dba1b9b3520f573cabdfe033384a24125982","stateView":"0xf3334192d15450cdd385c8b70e03f9a6bd9e673b","tickLower":-202250,"tickUpper":-201640}	{"ok": true, "feeGrowthInside0X128": "598464823597315124460617909764307931047", "feeGrowthInside1X128": "1023880138959299566947425216724"}
{"blockNumber":"1345812","poolId":"0x387bf619da4d3fb62bb276482693dba1b9b3520f573cabdfe033384a24125982","stateView":"0xf3334192d15450cdd385c8b70e03f9a6bd9e673b","tickLower":-202250,"tickUpper":-201640}	{"ok": true, "feeGrowthInside0X128": "658452017256453152364499394406842008604", "feeGrowthInside1X128": "1133220864340041119136137412424"}
{"blockNumber":"1340504","poolId":"0x387bf619da4d3fb62bb276482693dba1b9b3520f573cabdfe033384a24125982","stateView":"0xf3334192d15450cdd385c8b70e03f9a6bd9e673b","tickLower":-201930,"tickUpper":-201710}	{"ok": true, "feeGrowthInside0X128": "0", "feeGrowthInside1X128": "0"}
{"blockNumber":"1363743","poolId":"0x387bf619da4d3fb62bb276482693dba1b9b3520f573cabdfe033384a24125982","stateView":"0xf3334192d15450cdd385c8b70e03f9a6bd9e673b","tickLower":-201930,"tickUpper":-201710}	{"ok": true, "feeGrowthInside0X128": "0", "feeGrowthInside1X128": "0"}
{"blockNumber":"1346023","poolId":"0x387bf619da4d3fb62bb276482693dba1b9b3520f573cabdfe033384a24125982","stateView":"0xf3334192d15450cdd385c8b70e03f9a6bd9e673b","tickLower":-202130,"tickUpper":-201720}	{"ok": true, "feeGrowthInside0X128": "0", "feeGrowthInside1X128": "0"}
{"blockNumber":"1365446","poolId":"0x387bf619da4d3fb62bb276482693dba1b9b3520f573cabdfe033384a24125982","stateView":"0xf3334192d15450cdd385c8b70e03f9a6bd9e673b","tickLower":-201970,"tickUpper":-201720}	{"ok": true, "feeGrowthInside0X128": "169512604248940293689070429074146758676", "feeGrowthInside1X128": "274965303325429926896185423348"}
{"blockNumber":"1367984","poolId":"0x387bf619da4d3fb62bb276482693dba1b9b3520f573cabdfe033384a24125982","stateView":"0xf3334192d15450cdd385c8b70e03f9a6bd9e673b","tickLower":-201970,"tickUpper":-201720}	{"ok": true, "feeGrowthInside0X128": "184877488166986027435515795090564290480", "feeGrowthInside1X128": "301033116104553627778226964638"}
{"blockNumber":"1359361","poolId":"0x387bf619da4d3fb62bb276482693dba1b9b3520f573cabdfe033384a24125982","stateView":"0xf3334192d15450cdd385c8b70e03f9a6bd9e673b","tickLower":-204620,"tickUpper":-199820}	{"ok": true, "feeGrowthInside0X128": "0", "feeGrowthInside1X128": "0"}
{"blockNumber":"1359380","poolId":"0xef5672974ad552f1ce24f2873f3e4237e82d44780ef623b6a239db42b08a7d5c","stateView":"0xf3334192d15450cdd385c8b70e03f9a6bd9e673b","tickLower":-202600,"tickUpper":-202200}	{"ok": true, "feeGrowthInside0X128": "55212264144781940442097731114755741702447", "feeGrowthInside1X128": "95745110385208924881370075908375"}
{"blockNumber":"1361813","poolId":"0x5501f1e70a9a3c56f57880c18d095a63f4e1b50e9def646e7f3c6633d49db550","stateView":"0xf3334192d15450cdd385c8b70e03f9a6bd9e673b","tickLower":119000,"tickUpper":126000}	{"ok": true, "feeGrowthInside0X128": "1452632530372922281400366629432950", "feeGrowthInside1X128": "182499022972327118058735069987364985144"}
{"blockNumber":"1364215","poolId":"0x387bf619da4d3fb62bb276482693dba1b9b3520f573cabdfe033384a24125982","stateView":"0xf3334192d15450cdd385c8b70e03f9a6bd9e673b","tickLower":-201950,"tickUpper":-201730}	{"ok": true, "feeGrowthInside0X128": "215592224932925174100637842866393329400", "feeGrowthInside1X128": "366712208015026400211396724026"}
{"blockNumber":"1364591","poolId":"0x387bf619da4d3fb62bb276482693dba1b9b3520f573cabdfe033384a24125982","stateView":"0xf3334192d15450cdd385c8b70e03f9a6bd9e673b","tickLower":-201950,"tickUpper":-201730}	{"ok": true, "feeGrowthInside0X128": "215592224932925174100637842866393329400", "feeGrowthInside1X128": "366712208015026400211396724026"}
{"blockNumber":"1367501","poolId":"0x6986b38b2e1fa88d0cc25daf9087ad9bdf2ad51b78ae3afeb1aa11a08d8a3993","stateView":"0xf3334192d15450cdd385c8b70e03f9a6bd9e673b","tickLower":-881400,"tickUpper":881400}	{"ok": true, "feeGrowthInside0X128": "967954219064750300753237401708206179", "feeGrowthInside1X128": "1470630247235387077336597776431645663310701"}
{"blockNumber":"1497078","poolId":"0x6986b38b2e1fa88d0cc25daf9087ad9bdf2ad51b78ae3afeb1aa11a08d8a3993","stateView":"0xf3334192d15450cdd385c8b70e03f9a6bd9e673b","tickLower":-881400,"tickUpper":881400}	{"ok": true, "feeGrowthInside0X128": "1289084748289530431514750289189565252", "feeGrowthInside1X128": "1906983811559973038989808056303684820774938"}
{"blockNumber":"1368972","poolId":"0x387bf619da4d3fb62bb276482693dba1b9b3520f573cabdfe033384a24125982","stateView":"0xf3334192d15450cdd385c8b70e03f9a6bd9e673b","tickLower":-201980,"tickUpper":-201730}	{"ok": true, "feeGrowthInside0X128": "0", "feeGrowthInside1X128": "0"}
{"blockNumber":"1467961","poolId":"0x387bf619da4d3fb62bb276482693dba1b9b3520f573cabdfe033384a24125982","stateView":"0xf3334192d15450cdd385c8b70e03f9a6bd9e673b","tickLower":-201980,"tickUpper":-201900}	{"ok": true, "feeGrowthInside0X128": "202520681872597163814498512606514611376", "feeGrowthInside1X128": "366295504507559027634437275396"}
{"blockNumber":"1468586","poolId":"0x387bf619da4d3fb62bb276482693dba1b9b3520f573cabdfe033384a24125982","stateView":"0xf3334192d15450cdd385c8b70e03f9a6bd9e673b","tickLower":-201980,"tickUpper":-201900}	{"ok": true, "feeGrowthInside0X128": "202690825299767870736177380567908033913", "feeGrowthInside1X128": "367110308797538621465793813727"}
{"blockNumber":"1371891","poolId":"0x387bf619da4d3fb62bb276482693dba1b9b3520f573cabdfe033384a24125982","stateView":"0xf3334192d15450cdd385c8b70e03f9a6bd9e673b","tickLower":-202480,"tickUpper":-201530}	{"ok": true, "feeGrowthInside0X128": "0", "feeGrowthInside1X128": "0"}
{"blockNumber":"1377844","poolId":"0x387bf619da4d3fb62bb276482693dba1b9b3520f573cabdfe033384a24125982","stateView":"0xf3334192d15450cdd385c8b70e03f9a6bd9e673b","tickLower":-202480,"tickUpper":-201530}	{"ok": true, "feeGrowthInside0X128": "25889238471216792907933057535274507208", "feeGrowthInside1X128": "60169278352887340982632944389"}
{"blockNumber":"1506331","poolId":"0x387bf619da4d3fb62bb276482693dba1b9b3520f573cabdfe033384a24125982","stateView":"0xf3334192d15450cdd385c8b70e03f9a6bd9e673b","tickLower":-202000,"tickUpper":-199020}	{"ok": true, "feeGrowthInside0X128": "0", "feeGrowthInside1X128": "0"}
{"blockNumber":"1379203","poolId":"0x387bf619da4d3fb62bb276482693dba1b9b3520f573cabdfe033384a24125982","stateView":"0xf3334192d15450cdd385c8b70e03f9a6bd9e673b","tickLower":-202480,"tickUpper":-201530}	{"ok": true, "feeGrowthInside0X128": "29821955698071330733108688298945073739", "feeGrowthInside1X128": "69499205872278513841850715828"}
{"blockNumber":"1382291","poolId":"0x387bf619da4d3fb62bb276482693dba1b9b3520f573cabdfe033384a24125982","stateView":"0xf3334192d15450cdd385c8b70e03f9a6bd9e673b","tickLower":-203260,"tickUpper":-200600}	{"ok": true, "feeGrowthInside0X128": "1325782500752754699964474119070994857242", "feeGrowthInside1X128": "2238877241462276651175955320154"}
{"blockNumber":"1382973","poolId":"0xef5672974ad552f1ce24f2873f3e4237e82d44780ef623b6a239db42b08a7d5c","stateView":"0xf3334192d15450cdd385c8b70e03f9a6bd9e673b","tickLower":-202200,"tickUpper":-201600}	{"ok": true, "feeGrowthInside0X128": "3023014016039723057755460357463724384584", "feeGrowthInside1X128": "6913190502877061640308794985532"}
{"blockNumber":"1405213","poolId":"0x387bf619da4d3fb62bb276482693dba1b9b3520f573cabdfe033384a24125982","stateView":"0xf3334192d15450cdd385c8b70e03f9a6bd9e673b","tickLower":-887270,"tickUpper":887270}	{"ok": true, "feeGrowthInside0X128": "58519853114644955400083994254207727027978", "feeGrowthInside1X128": "105493576226669068843882109019020"}
{"blockNumber":"1410260","poolId":"0x387bf619da4d3fb62bb276482693dba1b9b3520f573cabdfe033384a24125982","stateView":"0xf3334192d15450cdd385c8b70e03f9a6bd9e673b","tickLower":-887270,"tickUpper":887270}	{"ok": true, "feeGrowthInside0X128": "58539639040283472227188810889127714874054", "feeGrowthInside1X128": "105523696244205507318004770848501"}
{"blockNumber":"1507661","poolId":"0x387bf619da4d3fb62bb276482693dba1b9b3520f573cabdfe033384a24125982","stateView":"0xf3334192d15450cdd385c8b70e03f9a6bd9e673b","tickLower":-887270,"tickUpper":887270}	{"ok": true, "feeGrowthInside0X128": "58744701363705149477485619723658934139182", "feeGrowthInside1X128": "105872244212716114967959995671157"}
{"blockNumber":"1508308","poolId":"0x387bf619da4d3fb62bb276482693dba1b9b3520f573cabdfe033384a24125982","stateView":"0xf3334192d15450cdd385c8b70e03f9a6bd9e673b","tickLower":-887270,"tickUpper":887270}	{"ok": true, "feeGrowthInside0X128": "58744706305214786139025270163195252284287", "feeGrowthInside1X128": "105875841711148723729457402892800"}
{"blockNumber":"1421929","poolId":"0x387bf619da4d3fb62bb276482693dba1b9b3520f573cabdfe033384a24125982","stateView":"0xf3334192d15450cdd385c8b70e03f9a6bd9e673b","tickLower":-208870,"tickUpper":-195000}	{"ok": true, "feeGrowthInside0X128": "0", "feeGrowthInside1X128": "0"}
{"blockNumber":"1422067","poolId":"0x387bf619da4d3fb62bb276482693dba1b9b3520f573cabdfe033384a24125982","stateView":"0xf3334192d15450cdd385c8b70e03f9a6bd9e673b","tickLower":-208870,"tickUpper":-195000}	{"ok": true, "feeGrowthInside0X128": "0", "feeGrowthInside1X128": "0"}
{"blockNumber":"1422362","poolId":"0x387bf619da4d3fb62bb276482693dba1b9b3520f573cabdfe033384a24125982","stateView":"0xf3334192d15450cdd385c8b70e03f9a6bd9e673b","tickLower":-208870,"tickUpper":-195000}	{"ok": true, "feeGrowthInside0X128": "7065259059096781731212177139089725", "feeGrowthInside1X128": "3908465106343544539940532371"}
{"blockNumber":"1422440","poolId":"0x387bf619da4d3fb62bb276482693dba1b9b3520f573cabdfe033384a24125982","stateView":"0xf3334192d15450cdd385c8b70e03f9a6bd9e673b","tickLower":-208870,"tickUpper":-195000}	{"ok": true, "feeGrowthInside0X128": "58567954236413613692947130941989614807153", "feeGrowthInside1X128": "105576994723256845867461193593979"}
{"blockNumber":"1426654","poolId":"0x387bf619da4d3fb62bb276482693dba1b9b3520f573cabdfe033384a24125982","stateView":"0xf3334192d15450cdd385c8b70e03f9a6bd9e673b","tickLower":-208850,"tickUpper":-194990}	{"ok": true, "feeGrowthInside0X128": "0", "feeGrowthInside1X128": "0"}
{"blockNumber":"1427149","poolId":"0x387bf619da4d3fb62bb276482693dba1b9b3520f573cabdfe033384a24125982","stateView":"0xf3334192d15450cdd385c8b70e03f9a6bd9e673b","tickLower":-208850,"tickUpper":-194990}	{"ok": true, "feeGrowthInside0X128": "3197326493410884563222112264831101865", "feeGrowthInside1X128": "5238556253688598861799346558"}
{"blockNumber":"1427268","poolId":"0x387bf619da4d3fb62bb276482693dba1b9b3520f573cabdfe033384a24125982","stateView":"0xf3334192d15450cdd385c8b70e03f9a6bd9e673b","tickLower":-208850,"tickUpper":-194990}	{"ok": true, "feeGrowthInside0X128": "58574821876797010100806478138399927824844", "feeGrowthInside1X128": "105591510223935389326267705562869"}
{"blockNumber":"1427478","poolId":"0x387bf619da4d3fb62bb276482693dba1b9b3520f573cabdfe033384a24125982","stateView":"0xf3334192d15450cdd385c8b70e03f9a6bd9e673b","tickLower":-202970,"tickUpper":-200960}	{"ok": true, "feeGrowthInside0X128": "0", "feeGrowthInside1X128": "0"}
{"blockNumber":"1434796","poolId":"0x387bf619da4d3fb62bb276482693dba1b9b3520f573cabdfe033384a24125982","stateView":"0xf3334192d15450cdd385c8b70e03f9a6bd9e673b","tickLower":-208850,"tickUpper":-194980}	{"ok": true, "feeGrowthInside0X128": "0", "feeGrowthInside1X128": "0"}
{"blockNumber":"1435120","poolId":"0x387bf619da4d3fb62bb276482693dba1b9b3520f573cabdfe033384a24125982","stateView":"0xf3334192d15450cdd385c8b70e03f9a6bd9e673b","tickLower":-208850,"tickUpper":-194980}	{"ok": true, "feeGrowthInside0X128": "0", "feeGrowthInside1X128": "1173277728091364382545691700"}
{"blockNumber":"1435572","poolId":"0x387bf619da4d3fb62bb276482693dba1b9b3520f573cabdfe033384a24125982","stateView":"0xf3334192d15450cdd385c8b70e03f9a6bd9e673b","tickLower":-208850,"tickUpper":-194980}	{"ok": true, "feeGrowthInside0X128": "58591362690406281841393023439983192915442", "feeGrowthInside1X128": "105622852229888987859933835482153"}
{"blockNumber":"1435901","poolId":"0x387bf619da4d3fb62bb276482693dba1b9b3520f573cabdfe033384a24125982","stateView":"0xf3334192d15450cdd385c8b70e03f9a6bd9e673b","tickLower":-203430,"tickUpper":-200590}	{"ok": true, "feeGrowthInside0X128": "0", "feeGrowthInside1X128": "0"}
{"blockNumber":"1436143","poolId":"0x387bf619da4d3fb62bb276482693dba1b9b3520f573cabdfe033384a24125982","stateView":"0xf3334192d15450cdd385c8b70e03f9a6bd9e673b","tickLower":-202020,"tickUpper":-201760}	{"ok": true, "feeGrowthInside0X128": "1112009259934145140858824800271962486306", "feeGrowthInside1X128": "1883121229797102168743975132028"}
{"blockNumber":"1436240","poolId":"0x387bf619da4d3fb62bb276482693dba1b9b3520f573cabdfe033384a24125982","stateView":"0xf3334192d15450cdd385c8b70e03f9a6bd9e673b","tickLower":-202020,"tickUpper":-201760}	{"ok": true, "feeGrowthInside0X128": "58591362690406281841393023439983192915442", "feeGrowthInside1X128": "105623018944245590149959079646143"}
{"blockNumber":"1437141","poolId":"0x387bf619da4d3fb62bb276482693dba1b9b3520f573cabdfe033384a24125982","stateView":"0xf3334192d15450cdd385c8b70e03f9a6bd9e673b","tickLower":-201970,"tickUpper":-201860}	{"ok": true, "feeGrowthInside0X128": "345515695385287825339062365710849872818", "feeGrowthInside1X128": "595604322157978937928078855861"}
{"blockNumber":"1437695","poolId":"0x387bf619da4d3fb62bb276482693dba1b9b3520f573cabdfe033384a24125982","stateView":"0xf3334192d15450cdd385c8b70e03f9a6bd9e673b","tickLower":-201970,"tickUpper":-201860}	{"ok": true, "feeGrowthInside0X128": "345636282401445107621665073371816343046", "feeGrowthInside1X128": "595604322157978937928078855861"}
{"blockNumber":"1464480","poolId":"0x387bf619da4d3fb62bb276482693dba1b9b3520f573cabdfe033384a24125982","stateView":"0xf3334192d15450cdd385c8b70e03f9a6bd9e673b","tickLower":-201970,"tickUpper":-201860}	{"ok": true, "feeGrowthInside0X128": "374219924533138284897369848213272287917", "feeGrowthInside1X128": "634635370271226393349583671937"}
{"blockNumber":"1464829","poolId":"0x387bf619da4d3fb62bb276482693dba1b9b3520f573cabdfe033384a24125982","stateView":"0xf3334192d15450cdd385c8b70e03f9a6bd9e673b","tickLower":-201970,"tickUpper":-201860}	{"ok": true, "feeGrowthInside0X128": "374219924533138284897369848213272287917", "feeGrowthInside1X128": "634635370271226393349583671937"}
{"blockNumber":"1465794","poolId":"0x387bf619da4d3fb62bb276482693dba1b9b3520f573cabdfe033384a24125982","stateView":"0xf3334192d15450cdd385c8b70e03f9a6bd9e673b","tickLower":-201970,"tickUpper":-201860}	{"ok": true, "feeGrowthInside0X128": "374321647908988623855677200444967216216", "feeGrowthInside1X128": "634635370271226393349583671937"}
{"blockNumber":"1441614","poolId":"0xab75e137d851202c01cc43a8d766cdc4b4227e5b4ad25146933a39bfc4b52d1c","stateView":"0xf3334192d15450cdd385c8b70e03f9a6bd9e673b","tickLower":-203072,"tickUpper":-201456}	{"ok": true, "feeGrowthInside0X128": "1801804006158861945913129398304790300659", "feeGrowthInside1X128": "3307132237257367760459592681298"}
{"blockNumber":"1442021","poolId":"0xab75e137d851202c01cc43a8d766cdc4b4227e5b4ad25146933a39bfc4b52d1c","stateView":"0xf3334192d15450cdd385c8b70e03f9a6bd9e673b","tickLower":-202544,"tickUpper":-201040}	{"ok": true, "feeGrowthInside0X128": "0", "feeGrowthInside1X128": "0"}
{"blockNumber":"1442528","poolId":"0xab75e137d851202c01cc43a8d766cdc4b4227e5b4ad25146933a39bfc4b52d1c","stateView":"0xf3334192d15450cdd385c8b70e03f9a6bd9e673b","tickLower":-202544,"tickUpper":-201040}	{"ok": true, "feeGrowthInside0X128": "0", "feeGrowthInside1X128": "0"}
{"blockNumber":"1442949","poolId":"0xab75e137d851202c01cc43a8d766cdc4b4227e5b4ad25146933a39bfc4b52d1c","stateView":"0xf3334192d15450cdd385c8b70e03f9a6bd9e673b","tickLower":-202544,"tickUpper":-201040}	{"ok": true, "feeGrowthInside0X128": "0", "feeGrowthInside1X128": "0"}
{"blockNumber":"1443340","poolId":"0xab75e137d851202c01cc43a8d766cdc4b4227e5b4ad25146933a39bfc4b52d1c","stateView":"0xf3334192d15450cdd385c8b70e03f9a6bd9e673b","tickLower":-202544,"tickUpper":-201040}	{"ok": true, "feeGrowthInside0X128": "0", "feeGrowthInside1X128": "0"}
{"blockNumber":"1444023","poolId":"0xab75e137d851202c01cc43a8d766cdc4b4227e5b4ad25146933a39bfc4b52d1c","stateView":"0xf3334192d15450cdd385c8b70e03f9a6bd9e673b","tickLower":-202544,"tickUpper":-201040}	{"ok": true, "feeGrowthInside0X128": "0", "feeGrowthInside1X128": "0"}
{"blockNumber":"1456565","poolId":"0x387bf619da4d3fb62bb276482693dba1b9b3520f573cabdfe033384a24125982","stateView":"0xf3334192d15450cdd385c8b70e03f9a6bd9e673b","tickLower":-201950,"tickUpper":-200310}	{"ok": true, "feeGrowthInside0X128": "58611902565293630184386132949781841512123", "feeGrowthInside1X128": "105650171764840873250196542401393"}
{"blockNumber":"1465508","poolId":"0x387bf619da4d3fb62bb276482693dba1b9b3520f573cabdfe033384a24125982","stateView":"0xf3334192d15450cdd385c8b70e03f9a6bd9e673b","tickLower":-202020,"tickUpper":-201890}	{"ok": true, "feeGrowthInside0X128": "0", "feeGrowthInside1X128": "0"}
{"blockNumber":"1469039","poolId":"0x387bf619da4d3fb62bb276482693dba1b9b3520f573cabdfe033384a24125982","stateView":"0xf3334192d15450cdd385c8b70e03f9a6bd9e673b","tickLower":-202020,"tickUpper":-201890}	{"ok": true, "feeGrowthInside0X128": "6076843956984841976381864953807848171", "feeGrowthInside1X128": "17971991441392681725310621068"}
{"blockNumber":"1469285","poolId":"0x387bf619da4d3fb62bb276482693dba1b9b3520f573cabdfe033384a24125982","stateView":"0xf3334192d15450cdd385c8b70e03f9a6bd9e673b","tickLower":-202020,"tickUpper":-201890}	{"ok": true, "feeGrowthInside0X128": "6076843956984841976381864953807848171", "feeGrowthInside1X128": "17971991441392681725310621068"}
{"blockNumber":"1515824","poolId":"0x387bf619da4d3fb62bb276482693dba1b9b3520f573cabdfe033384a24125982","stateView":"0xf3334192d15450cdd385c8b70e03f9a6bd9e673b","tickLower":-202020,"tickUpper":-201890}	{"ok": true, "feeGrowthInside0X128": "93480250351193207741783588032307469064", "feeGrowthInside1X128": "169528345355999325262025816833"}
{"blockNumber":"1515896","poolId":"0x387bf619da4d3fb62bb276482693dba1b9b3520f573cabdfe033384a24125982","stateView":"0xf3334192d15450cdd385c8b70e03f9a6bd9e673b","tickLower":-202020,"tickUpper":-201890}	{"ok": true, "feeGrowthInside0X128": "94421515067865746712912482772267750696", "feeGrowthInside1X128": "169528345355999325262025816833"}
{"blockNumber":"1466350","poolId":"0x387bf619da4d3fb62bb276482693dba1b9b3520f573cabdfe033384a24125982","stateView":"0xf3334192d15450cdd385c8b70e03f9a6bd9e673b","tickLower":-202050,"tickUpper":-201800}	{"ok": true, "feeGrowthInside0X128": "0", "feeGrowthInside1X128": "0"}
{"blockNumber":"1515195","poolId":"0x387bf619da4d3fb62bb276482693dba1b9b3520f573cabdfe033384a24125982","stateView":"0xf3334192d15450cdd385c8b70e03f9a6bd9e673b","tickLower":-202050,"tickUpper":-201800}	{"ok": true, "feeGrowthInside0X128": "58752229003319274119989274227684187254865", "feeGrowthInside1X128": "105897728988175128991960925948280"}
{"blockNumber":"1485111","poolId":"0xef5672974ad552f1ce24f2873f3e4237e82d44780ef623b6a239db42b08a7d5c","stateView":"0xf3334192d15450cdd385c8b70e03f9a6bd9e673b","tickLower":-203200,"tickUpper":-201400}	{"ok": true, "feeGrowthInside0X128": "9326663724176255973944993062223407306511", "feeGrowthInside1X128": "19037115839019436648032550784267"}
{"blockNumber":"1485197","poolId":"0x387bf619da4d3fb62bb276482693dba1b9b3520f573cabdfe033384a24125982","stateView":"0xf3334192d15450cdd385c8b70e03f9a6bd9e673b","tickLower":-202400,"tickUpper":-201380}	{"ok": true, "feeGrowthInside0X128": "0", "feeGrowthInside1X128": "0"}
{"blockNumber":"1487792","poolId":"0x387bf619da4d3fb62bb276482693dba1b9b3520f573cabdfe033384a24125982","stateView":"0xf3334192d15450cdd385c8b70e03f9a6bd9e673b","tickLower":-203880,"tickUpper":-200310}	{"ok": true, "feeGrowthInside0X128": "0", "feeGrowthInside1X128": "0"}
{"blockNumber":"1489753","poolId":"0x387bf619da4d3fb62bb276482693dba1b9b3520f573cabdfe033384a24125982","stateView":"0xf3334192d15450cdd385c8b70e03f9a6bd9e673b","tickLower":-203880,"tickUpper":-200310}	{"ok": true, "feeGrowthInside0X128": "3100740723698020505522855055970519128", "feeGrowthInside1X128": "6042651835800702268554638550"}
{"blockNumber":"1503147","poolId":"0x387bf619da4d3fb62bb276482693dba1b9b3520f573cabdfe033384a24125982","stateView":"0xf3334192d15450cdd385c8b70e03f9a6bd9e673b","tickLower":-203310,"tickUpper":-200750}	{"ok": true, "feeGrowthInside0X128": "0", "feeGrowthInside1X128": "0"}
{"blockNumber":"1508708","poolId":"0x24107d152f14a76d292123265ae3f3c71f863fc2f4ef7ba49d64e78d28ea379e","stateView":"0xf3334192d15450cdd385c8b70e03f9a6bd9e673b","tickLower":-887272,"tickUpper":887272}	{"ok": true, "feeGrowthInside0X128": "0", "feeGrowthInside1X128": "0"}
{"blockNumber":"1511455","poolId":"0x24107d152f14a76d292123265ae3f3c71f863fc2f4ef7ba49d64e78d28ea379e","stateView":"0xf3334192d15450cdd385c8b70e03f9a6bd9e673b","tickLower":-887272,"tickUpper":887272}	{"ok": true, "feeGrowthInside0X128": "5835391376014247528520635867133065998", "feeGrowthInside1X128": "41543164293787458746114011589"}
{"blockNumber":"1331286","poolId":"0xb2a6d67bf3fc511d11cac788a531655f5a7b60cd31c8ff386f0476121741e751","stateView":"0xf3334192d15450cdd385c8b70e03f9a6bd9e673b","tickLower":-887000,"tickUpper":887000}	{"ok": true, "feeGrowthInside0X128": "1068340893074814608748160782297242180", "feeGrowthInside1X128": "2600552431316951866916198711273521230"}
{"blockNumber":"1337219","poolId":"0xb2a6d67bf3fc511d11cac788a531655f5a7b60cd31c8ff386f0476121741e751","stateView":"0xf3334192d15450cdd385c8b70e03f9a6bd9e673b","tickLower":-887000,"tickUpper":887000}	{"ok": true, "feeGrowthInside0X128": "2267275947158737377427641295001772245", "feeGrowthInside1X128": "7411305424820655581425438594825846601"}
{"blockNumber":"1339498","poolId":"0xb2a6d67bf3fc511d11cac788a531655f5a7b60cd31c8ff386f0476121741e751","stateView":"0xf3334192d15450cdd385c8b70e03f9a6bd9e673b","tickLower":-887000,"tickUpper":887000}	{"ok": true, "feeGrowthInside0X128": "5037966416150937555536650080684500474", "feeGrowthInside1X128": "21830608631508051959218590718312436721"}
{"blockNumber":"1355785","poolId":"0xb2a6d67bf3fc511d11cac788a531655f5a7b60cd31c8ff386f0476121741e751","stateView":"0xf3334192d15450cdd385c8b70e03f9a6bd9e673b","tickLower":-887000,"tickUpper":887000}	{"ok": true, "feeGrowthInside0X128": "0", "feeGrowthInside1X128": "0"}
{"blockNumber":"1357056","poolId":"0xb2a6d67bf3fc511d11cac788a531655f5a7b60cd31c8ff386f0476121741e751","stateView":"0xf3334192d15450cdd385c8b70e03f9a6bd9e673b","tickLower":-887000,"tickUpper":887000}	{"ok": true, "feeGrowthInside0X128": "0", "feeGrowthInside1X128": "0"}
{"blockNumber":"1338019","poolId":"0xb2a6d67bf3fc511d11cac788a531655f5a7b60cd31c8ff386f0476121741e751","stateView":"0xf3334192d15450cdd385c8b70e03f9a6bd9e673b","tickLower":13000,"tickUpper":14000}	{"ok": true, "feeGrowthInside0X128": "2141581096230618151503283475263749840", "feeGrowthInside1X128": "9671605129863683351903975065836475497"}
{"blockNumber":"1341779","poolId":"0xb2a6d67bf3fc511d11cac788a531655f5a7b60cd31c8ff386f0476121741e751","stateView":"0xf3334192d15450cdd385c8b70e03f9a6bd9e673b","tickLower":13000,"tickUpper":14000}	{"ok": true, "feeGrowthInside0X128": "2470749715095757776913594805930019295", "feeGrowthInside1X128": "10997230107986281219231180060433057757"}
{"blockNumber":"1375285","poolId":"0xb2a6d67bf3fc511d11cac788a531655f5a7b60cd31c8ff386f0476121741e751","stateView":"0xf3334192d15450cdd385c8b70e03f9a6bd9e673b","tickLower":13000,"tickUpper":14000}	{"ok": true, "feeGrowthInside0X128": "0", "feeGrowthInside1X128": "0"}
{"blockNumber":"1339883","poolId":"0xb2a6d67bf3fc511d11cac788a531655f5a7b60cd31c8ff386f0476121741e751","stateView":"0xf3334192d15450cdd385c8b70e03f9a6bd9e673b","tickLower":13000,"tickUpper":15000}	{"ok": true, "feeGrowthInside0X128": "5037966416150937555536650080684500474", "feeGrowthInside1X128": "21830608631508051959218590718312436721"}
{"blockNumber":"1341973","poolId":"0xb2a6d67bf3fc511d11cac788a531655f5a7b60cd31c8ff386f0476121741e751","stateView":"0xf3334192d15450cdd385c8b70e03f9a6bd9e673b","tickLower":13000,"tickUpper":15000}	{"ok": true, "feeGrowthInside0X128": "5267930050114007023638976781335780011", "feeGrowthInside1X128": "23166129202868331113693333769839097650"}
{"blockNumber":"1344072","poolId":"0xb2a6d67bf3fc511d11cac788a531655f5a7b60cd31c8ff386f0476121741e751","stateView":"0xf3334192d15450cdd385c8b70e03f9a6bd9e673b","tickLower":13000,"tickUpper":15000}	{"ok": true, "feeGrowthInside0X128": "5383554837350228204478331312156869811", "feeGrowthInside1X128": "23236705917182229661360781852139551582"}
{"blockNumber":"1355114","poolId":"0xb2a6d67bf3fc511d11cac788a531655f5a7b60cd31c8ff386f0476121741e751","stateView":"0xf3334192d15450cdd385c8b70e03f9a6bd9e673b","tickLower":13000,"tickUpper":15000}	{"ok": true, "feeGrowthInside0X128": "5774101261533835741698868406599624721", "feeGrowthInside1X128": "25383534680037790834037739965784507647"}
{"blockNumber":"1356693","poolId":"0xb2a6d67bf3fc511d11cac788a531655f5a7b60cd31c8ff386f0476121741e751","stateView":"0xf3334192d15450cdd385c8b70e03f9a6bd9e673b","tickLower":13000,"tickUpper":15000}	{"ok": true, "feeGrowthInside0X128": "5774101261533835741698868406599624721", "feeGrowthInside1X128": "25383534680037790834037739965784507647"}
{"blockNumber":"1365361","poolId":"0xefad63717bc257c80d87e0252770d719dbd4397a39f8db2fb561bd931809bd7e","stateView":"0xf3334192d15450cdd385c8b70e03f9a6bd9e673b","tickLower":-874000,"tickUpper":874000}	{"ok": true, "feeGrowthInside0X128": "0", "feeGrowthInside1X128": "0"}
{"blockNumber":"1377019","poolId":"0xb2a6d67bf3fc511d11cac788a531655f5a7b60cd31c8ff386f0476121741e751","stateView":"0xf3334192d15450cdd385c8b70e03f9a6bd9e673b","tickLower":12000,"tickUpper":17000}	{"ok": true, "feeGrowthInside0X128": "0", "feeGrowthInside1X128": "0"}
{"blockNumber":"1408368","poolId":"0xdd5458c88d3de32b83514b9448bbfaa7f8df1d5f0a00939c95df4a5ceee53bf6","stateView":"0xf3334192d15450cdd385c8b70e03f9a6bd9e673b","tickLower":-218000,"tickUpper":-216000}	{"ok": true, "feeGrowthInside0X128": "1124020827098198852459828981174994471603924", "feeGrowthInside1X128": "415160473460715231591154618033650"}
{"blockNumber":"1478399","poolId":"0xb2a6d67bf3fc511d11cac788a531655f5a7b60cd31c8ff386f0476121741e751","stateView":"0xf3334192d15450cdd385c8b70e03f9a6bd9e673b","tickLower":10000,"tickUpper":16000}	{"ok": true, "feeGrowthInside0X128": "7877228390000473625307646498270760114", "feeGrowthInside1X128": "36654885559939012030358172006925830654"}
{"blockNumber":"1478608","poolId":"0xb2a6d67bf3fc511d11cac788a531655f5a7b60cd31c8ff386f0476121741e751","stateView":"0xf3334192d15450cdd385c8b70e03f9a6bd9e673b","tickLower":10000,"tickUpper":16000}	{"ok": true, "feeGrowthInside0X128": "7877228390000473625307646498270760114", "feeGrowthInside1X128": "36654885559939012030358172006925830654"}
{"blockNumber":"1499346","poolId":"0xb2a6d67bf3fc511d11cac788a531655f5a7b60cd31c8ff386f0476121741e751","stateView":"0xf3334192d15450cdd385c8b70e03f9a6bd9e673b","tickLower":12000,"tickUpper":18000}	{"ok": true, "feeGrowthInside0X128": "874865765603145260995323727672106240", "feeGrowthInside1X128": "3971433013844744672070517285691676081"}
{"blockNumber":"1499721","poolId":"0xdd5458c88d3de32b83514b9448bbfaa7f8df1d5f0a00939c95df4a5ceee53bf6","stateView":"0xf3334192d15450cdd385c8b70e03f9a6bd9e673b","tickLower":-218000,"tickUpper":-215000}	{"ok": true, "feeGrowthInside0X128": "1142714870531537704119078897059302493034822", "feeGrowthInside1X128": "423136985775308225450661378442337"}
{"blockNumber":"1343562","poolId":"0xd46b377ba6d5e68987774390c78e63c0ea194fb4322d7f44b93bd08ae80bc9d0","stateView":"0xf3334192d15450cdd385c8b70e03f9a6bd9e673b","tickLower":-880000,"tickUpper":880000}	{"ok": true, "feeGrowthInside0X128": "312589412751141036575792388236439", "feeGrowthInside1X128": "0"}
{"blockNumber":"1346896","poolId":"0xd46b377ba6d5e68987774390c78e63c0ea194fb4322d7f44b93bd08ae80bc9d0","stateView":"0xf3334192d15450cdd385c8b70e03f9a6bd9e673b","tickLower":-880000,"tickUpper":880000}	{"ok": true, "feeGrowthInside0X128": "312589412751141036575792388236439", "feeGrowthInside1X128": "0"}
{"blockNumber":"1497263","poolId":"0x13c7c3fa2468e45f1608f7a2ce99eeb4325a69cfbdc00a04af25e688fb0b1c7e","stateView":"0xf3334192d15450cdd385c8b70e03f9a6bd9e673b","tickLower":-885000,"tickUpper":885000}	{"ok": true, "feeGrowthInside0X128": "497702369669902827726811113223518074", "feeGrowthInside1X128": "12437496808641316706254474589558639385795265"}
{"blockNumber":"1349601","poolId":"0x4d4389f9183040e95b9425d666b13b5e875811c53cd0d975bd19ec91c0bce7bc","stateView":"0xf3334192d15450cdd385c8b70e03f9a6bd9e673b","tickLower":-874000,"tickUpper":874000}	{"ok": true, "feeGrowthInside0X128": "0", "feeGrowthInside1X128": "15335282378302420303253277926618254"}
{"blockNumber":"1366777","poolId":"0x4d4389f9183040e95b9425d666b13b5e875811c53cd0d975bd19ec91c0bce7bc","stateView":"0xf3334192d15450cdd385c8b70e03f9a6bd9e673b","tickLower":-874000,"tickUpper":874000}	{"ok": true, "feeGrowthInside0X128": "0", "feeGrowthInside1X128": "0"}
{"blockNumber":"1361960","poolId":"0xa5f23cae4e5c3388c5a8a6b08a83f53e56df8f1a63757e606b362994b68a2361","stateView":"0xf3334192d15450cdd385c8b70e03f9a6bd9e673b","tickLower":-887272,"tickUpper":887272}	{"ok": true, "feeGrowthInside0X128": "40097691780249229029311535934980888214", "feeGrowthInside1X128": "17450053299942906018705132"}
{"blockNumber":"1487248","poolId":"0xa5f23cae4e5c3388c5a8a6b08a83f53e56df8f1a63757e606b362994b68a2361","stateView":"0xf3334192d15450cdd385c8b70e03f9a6bd9e673b","tickLower":-887272,"tickUpper":887272}	{"ok": true, "feeGrowthInside0X128": "40126191087143572599424429397040707792", "feeGrowthInside1X128": "17607550226228421338083170"}
{"blockNumber":"1373975","poolId":"0xa5f23cae4e5c3388c5a8a6b08a83f53e56df8f1a63757e606b362994b68a2361","stateView":"0xf3334192d15450cdd385c8b70e03f9a6bd9e673b","tickLower":-276346,"tickUpper":-276330}	{"ok": true, "feeGrowthInside0X128": "0", "feeGrowthInside1X128": "0"}
{"blockNumber":"1479829","poolId":"0xa5f23cae4e5c3388c5a8a6b08a83f53e56df8f1a63757e606b362994b68a2361","stateView":"0xf3334192d15450cdd385c8b70e03f9a6bd9e673b","tickLower":-276341,"tickUpper":-276335}	{"ok": true, "feeGrowthInside0X128": "0", "feeGrowthInside1X128": "0"}
{"blockNumber":"1365393","poolId":"0xf75db872c431123995358e9247ca11229c27590e1e2958d09e1aa6ac82cdc9b3","stateView":"0xf3334192d15450cdd385c8b70e03f9a6bd9e673b","tickLower":-874000,"tickUpper":874000}	{"ok": true, "feeGrowthInside0X128": "0", "feeGrowthInside1X128": "0"}
{"blockNumber":"1365496","poolId":"0x5343b5109fadfcba3b8a096d4f90fddef2535dd62e1c3bb0de5ee14aeea878d7","stateView":"0xf3334192d15450cdd385c8b70e03f9a6bd9e673b","tickLower":-874000,"tickUpper":874000}	{"ok": true, "feeGrowthInside0X128": "0", "feeGrowthInside1X128": "0"}
{"blockNumber":"1365523","poolId":"0x989af34065d3b3a1b09eedcfff13fe9a532f0b401c057bc4db1b39cb96cd8f62","stateView":"0xf3334192d15450cdd385c8b70e03f9a6bd9e673b","tickLower":-874000,"tickUpper":874000}	{"ok": true, "feeGrowthInside0X128": "0", "feeGrowthInside1X128": "0"}
{"blockNumber":"1365555","poolId":"0x9c161646baa0865dde85f010e5a4de32b369e31553a7280b5cb3772045d60a44","stateView":"0xf3334192d15450cdd385c8b70e03f9a6bd9e673b","tickLower":-874000,"tickUpper":874000}	{"ok": true, "feeGrowthInside0X128": "0", "feeGrowthInside1X128": "0"}
{"blockNumber":"1365587","poolId":"0x1375616ff0d49b3d71b7b23692cc1acfdeb7b6c168dd19761d313a214645bec7","stateView":"0xf3334192d15450cdd385c8b70e03f9a6bd9e673b","tickLower":-874000,"tickUpper":874000}	{"ok": true, "feeGrowthInside0X128": "0", "feeGrowthInside1X128": "0"}
{"blockNumber":"1365619","poolId":"0x7c0d987559de39fef31c84265a96aa6b9935b12b3e671b56e1b44f83aa02f028","stateView":"0xf3334192d15450cdd385c8b70e03f9a6bd9e673b","tickLower":-874000,"tickUpper":874000}	{"ok": true, "feeGrowthInside0X128": "0", "feeGrowthInside1X128": "0"}
{"blockNumber":"1365647","poolId":"0x159623a1027e1395b2cf71695a15c9589026a165efca2dc4619a593c86a30b37","stateView":"0xf3334192d15450cdd385c8b70e03f9a6bd9e673b","tickLower":-874000,"tickUpper":874000}	{"ok": true, "feeGrowthInside0X128": "0", "feeGrowthInside1X128": "0"}
{"blockNumber":"1365717","poolId":"0x7b80ac3ded846ce61ff4a9b5acbe24dd1a432f60784d2957111ae136f429a12e","stateView":"0xf3334192d15450cdd385c8b70e03f9a6bd9e673b","tickLower":-874000,"tickUpper":874000}	{"ok": true, "feeGrowthInside0X128": "0", "feeGrowthInside1X128": "0"}
{"blockNumber":"1365749","poolId":"0xd1ed74ec80e4841f36796426afca45fed5f2da01122fb45751222fe03d205287","stateView":"0xf3334192d15450cdd385c8b70e03f9a6bd9e673b","tickLower":-874000,"tickUpper":874000}	{"ok": true, "feeGrowthInside0X128": "0", "feeGrowthInside1X128": "0"}
{"blockNumber":"1365782","poolId":"0x61f40ba52c02c63c5e6daeca5600d00661f1f0d952d506d9dcc8f5b936ffc507","stateView":"0xf3334192d15450cdd385c8b70e03f9a6bd9e673b","tickLower":-874000,"tickUpper":874000}	{"ok": true, "feeGrowthInside0X128": "0", "feeGrowthInside1X128": "0"}
{"blockNumber":"1365808","poolId":"0xd5347f9b78b1701ff8e828c25808fd9ce1f10fe9b304a82f4fa8b7a473629098","stateView":"0xf3334192d15450cdd385c8b70e03f9a6bd9e673b","tickLower":-874000,"tickUpper":874000}	{"ok": true, "feeGrowthInside0X128": "0", "feeGrowthInside1X128": "0"}
{"blockNumber":"1365828","poolId":"0xf8373667898cf22d5dd58421cb01d64d30ca91d3e560f7e738d10277b3b14467","stateView":"0xf3334192d15450cdd385c8b70e03f9a6bd9e673b","tickLower":-874000,"tickUpper":874000}	{"ok": true, "feeGrowthInside0X128": "0", "feeGrowthInside1X128": "0"}
{"blockNumber":"1365848","poolId":"0xf474479b671f998900a78791f8778bc326c0d4f7bbc5b203711382433a366d10","stateView":"0xf3334192d15450cdd385c8b70e03f9a6bd9e673b","tickLower":-874000,"tickUpper":874000}	{"ok": true, "feeGrowthInside0X128": "0", "feeGrowthInside1X128": "0"}
{"blockNumber":"1365891","poolId":"0xfab8d8e16c0a94fbdb88214d21d1f32ae3bbd08538d8f80fa470add7092f1e12","stateView":"0xf3334192d15450cdd385c8b70e03f9a6bd9e673b","tickLower":-874000,"tickUpper":874000}	{"ok": true, "feeGrowthInside0X128": "0", "feeGrowthInside1X128": "0"}
{"blockNumber":"1365919","poolId":"0xb4986ba093f909ee9ae5098c17bfffc8cc53f3d8eda9ff7bc7e46a77dc4480d6","stateView":"0xf3334192d15450cdd385c8b70e03f9a6bd9e673b","tickLower":-874000,"tickUpper":874000}	{"ok": true, "feeGrowthInside0X128": "0", "feeGrowthInside1X128": "0"}
{"blockNumber":"1365950","poolId":"0x002eaee43a6c1daa7c29484ee0d44a9abcd65827e72f883a1feb42ab8618ccba","stateView":"0xf3334192d15450cdd385c8b70e03f9a6bd9e673b","tickLower":-874000,"tickUpper":874000}	{"ok": true, "feeGrowthInside0X128": "1624565562492155751245706250430662", "feeGrowthInside1X128": "0"}
{"blockNumber":"1365984","poolId":"0x5a79e25a9abaf16a8511eda195089ada50429fb3306d1bc31fbd16b7cf3e03f0","stateView":"0xf3334192d15450cdd385c8b70e03f9a6bd9e673b","tickLower":-874000,"tickUpper":874000}	{"ok": true, "feeGrowthInside0X128": "0", "feeGrowthInside1X128": "0"}
{"blockNumber":"1366014","poolId":"0xe9f697c399e4c450386962f2038551937ee5a0015cb6e2a0fe486a45fcaa3567","stateView":"0xf3334192d15450cdd385c8b70e03f9a6bd9e673b","tickLower":-874000,"tickUpper":874000}	{"ok": true, "feeGrowthInside0X128": "0", "feeGrowthInside1X128": "0"}
{"blockNumber":"1366042","poolId":"0xcc710dc248ce228857340c3cdd7b3c12e269f88587b9927adedbc019fa827855","stateView":"0xf3334192d15450cdd385c8b70e03f9a6bd9e673b","tickLower":-874000,"tickUpper":874000}	{"ok": true, "feeGrowthInside0X128": "0", "feeGrowthInside1X128": "0"}
{"blockNumber":"1366071","poolId":"0xb22a0124437d1e682348c70fe5c44a968165551fdd3d68c98d79047932fe73bb","stateView":"0xf3334192d15450cdd385c8b70e03f9a6bd9e673b","tickLower":-874000,"tickUpper":874000}	{"ok": true, "feeGrowthInside0X128": "0", "feeGrowthInside1X128": "0"}
{"blockNumber":"1366100","poolId":"0xbacbc635ee24487cba56b57be4555cb578b9487786333fbadf0f12fe9c02f9c4","stateView":"0xf3334192d15450cdd385c8b70e03f9a6bd9e673b","tickLower":-874000,"tickUpper":874000}	{"ok": true, "feeGrowthInside0X128": "0", "feeGrowthInside1X128": "0"}
{"blockNumber":"1366131","poolId":"0x7a82f22392e756e977e1900b0a7de78173fc0904c7f8806626f3d4ae3134edce","stateView":"0xf3334192d15450cdd385c8b70e03f9a6bd9e673b","tickLower":-874000,"tickUpper":874000}	{"ok": true, "feeGrowthInside0X128": "0", "feeGrowthInside1X128": "0"}
{"blockNumber":"1366161","poolId":"0xcc24d44719d8104becde814a14b7ba8bdbd1f68d2bebe6ce2d0576ea99785604","stateView":"0xf3334192d15450cdd385c8b70e03f9a6bd9e673b","tickLower":-874000,"tickUpper":874000}	{"ok": true, "feeGrowthInside0X128": "0", "feeGrowthInside1X128": "0"}
{"blockNumber":"1366194","poolId":"0x81cf36b461ebdb58e8d6cbcb71c43a69ab55a69d69737f7d14047512b91c5221","stateView":"0xf3334192d15450cdd385c8b70e03f9a6bd9e673b","tickLower":-874000,"tickUpper":874000}	{"ok": true, "feeGrowthInside0X128": "0", "feeGrowthInside1X128": "0"}
{"blockNumber":"1366214","poolId":"0xb7beb37d1fcb6d78ddba973325de3a0682115e74b10d5bcd8d6087a3dce094cd","stateView":"0xf3334192d15450cdd385c8b70e03f9a6bd9e673b","tickLower":-874000,"tickUpper":874000}	{"ok": true, "feeGrowthInside0X128": "0", "feeGrowthInside1X128": "0"}
{"blockNumber":"1366243","poolId":"0x1a8d51039a1e8e7598fdd43a7f7fa1b41d06919fae19f02c8e43c862c562be1b","stateView":"0xf3334192d15450cdd385c8b70e03f9a6bd9e673b","tickLower":-874000,"tickUpper":874000}	{"ok": true, "feeGrowthInside0X128": "0", "feeGrowthInside1X128": "0"}
{"blockNumber":"1366272","poolId":"0x16dcf4a91bec168149cd376db2ea1277e39af47fe9d6b68c2c2eba46ac229b69","stateView":"0xf3334192d15450cdd385c8b70e03f9a6bd9e673b","tickLower":-874000,"tickUpper":874000}	{"ok": true, "feeGrowthInside0X128": "0", "feeGrowthInside1X128": "0"}
{"blockNumber":"1366301","poolId":"0x71a7f839b3f329380ab8549bedb884b636ac513897773a53e2aecfc1109c0c01","stateView":"0xf3334192d15450cdd385c8b70e03f9a6bd9e673b","tickLower":-874000,"tickUpper":874000}	{"ok": true, "feeGrowthInside0X128": "0", "feeGrowthInside1X128": "528478767562762480865318458786186"}
{"blockNumber":"1366334","poolId":"0x599641270994de3395ec3f69a9931d9354cb159c0e16283a7d67f4f05843d9a1","stateView":"0xf3334192d15450cdd385c8b70e03f9a6bd9e673b","tickLower":-874000,"tickUpper":874000}	{"ok": true, "feeGrowthInside0X128": "0", "feeGrowthInside1X128": "0"}
{"blockNumber":"1366363","poolId":"0x968f7932f196cc8cf0eee950e8cd6d7f3595cc5b5564ca161adc1ddc02b359fe","stateView":"0xf3334192d15450cdd385c8b70e03f9a6bd9e673b","tickLower":-874000,"tickUpper":874000}	{"ok": true, "feeGrowthInside0X128": "0", "feeGrowthInside1X128": "0"}
{"blockNumber":"1366400","poolId":"0x6c4ff44ca9c41538521411979057bfe9f60b3cee4b396ebd14c6ca4e1a3c7f70","stateView":"0xf3334192d15450cdd385c8b70e03f9a6bd9e673b","tickLower":-874000,"tickUpper":874000}	{"ok": true, "feeGrowthInside0X128": "0", "feeGrowthInside1X128": "0"}
{"blockNumber":"1366420","poolId":"0x205fb95023822fde6142d6537c701e2c9a7e8fd507d91bc65c67460a3cd1effc","stateView":"0xf3334192d15450cdd385c8b70e03f9a6bd9e673b","tickLower":-874000,"tickUpper":874000}	{"ok": true, "feeGrowthInside0X128": "0", "feeGrowthInside1X128": "0"}
{"blockNumber":"1366448","poolId":"0x21f5c5adad85cdd6d50fccde87b20309d42478eacfffde8991e970dc0351796d","stateView":"0xf3334192d15450cdd385c8b70e03f9a6bd9e673b","tickLower":-874000,"tickUpper":874000}	{"ok": true, "feeGrowthInside0X128": "0", "feeGrowthInside1X128": "0"}
{"blockNumber":"1366485","poolId":"0xbcb59f4d8d026265225bed065be8bd6d2683de9d333e7faa83105c20a1b14f5a","stateView":"0xf3334192d15450cdd385c8b70e03f9a6bd9e673b","tickLower":-874000,"tickUpper":874000}	{"ok": true, "feeGrowthInside0X128": "0", "feeGrowthInside1X128": "0"}
{"blockNumber":"1366517","poolId":"0x6f5ca2d0999b4e78e39dd831368dd1b559b16b5ba56f1fe9b895265b0bb38749","stateView":"0xf3334192d15450cdd385c8b70e03f9a6bd9e673b","tickLower":-874000,"tickUpper":874000}	{"ok": true, "feeGrowthInside0X128": "0", "feeGrowthInside1X128": "0"}
{"blockNumber":"1366549","poolId":"0xf67b0df65d6ba77b5154326518745f284aa12f70706c182db85e6523adc8e509","stateView":"0xf3334192d15450cdd385c8b70e03f9a6bd9e673b","tickLower":-874000,"tickUpper":874000}	{"ok": true, "feeGrowthInside0X128": "0", "feeGrowthInside1X128": "0"}
{"blockNumber":"1366585","poolId":"0xcab67dba9afd6f849743b0f57230bf57ae82fb04f5b891e806bade3e9704bb0c","stateView":"0xf3334192d15450cdd385c8b70e03f9a6bd9e673b","tickLower":-874000,"tickUpper":874000}	{"ok": true, "feeGrowthInside0X128": "0", "feeGrowthInside1X128": "0"}
{"blockNumber":"1366664","poolId":"0x4e96cfd21c3b571a3881a6ce49a95093a14d0525c7387f229c175c9541872735","stateView":"0xf3334192d15450cdd385c8b70e03f9a6bd9e673b","tickLower":-874000,"tickUpper":874000}	{"ok": true, "feeGrowthInside0X128": "0", "feeGrowthInside1X128": "0"}
{"blockNumber":"1366742","poolId":"0x6c28389de489065f130ccbceb883d3585b884cca20fa897413909e2cb2c572d9","stateView":"0xf3334192d15450cdd385c8b70e03f9a6bd9e673b","tickLower":-874000,"tickUpper":874000}	{"ok": true, "feeGrowthInside0X128": "0", "feeGrowthInside1X128": "0"}
{"blockNumber":"1366815","poolId":"0x7a305af794c2068b5d96e5037826df978ebc8da163d786652dd0be53ae38d801","stateView":"0xf3334192d15450cdd385c8b70e03f9a6bd9e673b","tickLower":-874000,"tickUpper":874000}	{"ok": true, "feeGrowthInside0X128": "0", "feeGrowthInside1X128": "0"}
{"blockNumber":"1366851","poolId":"0x483b516f6e4cc7732b0cd7f871ee1c5aa0728f98e9b02df9f280a9b7c029286b","stateView":"0xf3334192d15450cdd385c8b70e03f9a6bd9e673b","tickLower":-874000,"tickUpper":874000}	{"ok": true, "feeGrowthInside0X128": "0", "feeGrowthInside1X128": "0"}
{"blockNumber":"1366894","poolId":"0xf884c648fd8407395ae09f124eed411eaafcf1ad1ac1e9f00baeb997a8b07165","stateView":"0xf3334192d15450cdd385c8b70e03f9a6bd9e673b","tickLower":-874000,"tickUpper":874000}	{"ok": true, "feeGrowthInside0X128": "0", "feeGrowthInside1X128": "0"}
{"blockNumber":"1366930","poolId":"0x70734f5ba56ff9eb3714ac9f74ee667eb21327d718df0a2722e4311286a131e6","stateView":"0xf3334192d15450cdd385c8b70e03f9a6bd9e673b","tickLower":-874000,"tickUpper":874000}	{"ok": true, "feeGrowthInside0X128": "0", "feeGrowthInside1X128": "0"}
{"blockNumber":"1366956","poolId":"0x2105a80eb1e10ec4bc67f780effe789805e1894c91513ca0df2890ac6d6f7040","stateView":"0xf3334192d15450cdd385c8b70e03f9a6bd9e673b","tickLower":-874000,"tickUpper":874000}	{"ok": true, "feeGrowthInside0X128": "0", "feeGrowthInside1X128": "0"}
{"blockNumber":"1366981","poolId":"0xf31a8468cc80904ec455682d08751880d2562c1c7ef368194c84423806b30b69","stateView":"0xf3334192d15450cdd385c8b70e03f9a6bd9e673b","tickLower":-874000,"tickUpper":874000}	{"ok": true, "feeGrowthInside0X128": "0", "feeGrowthInside1X128": "0"}
{"blockNumber":"1367018","poolId":"0x93f290c34c937304b3af323c15fbb9b9bef44fa45b9ced17f743baefed2c0b32","stateView":"0xf3334192d15450cdd385c8b70e03f9a6bd9e673b","tickLower":-874000,"tickUpper":874000}	{"ok": true, "feeGrowthInside0X128": "0", "feeGrowthInside1X128": "0"}
{"blockNumber":"1367051","poolId":"0xa97b9327b252d332cb44114fdd4bdc8250cf70a805e28bfde5b5b8f7894354f6","stateView":"0xf3334192d15450cdd385c8b70e03f9a6bd9e673b","tickLower":-874000,"tickUpper":874000}	{"ok": true, "feeGrowthInside0X128": "0", "feeGrowthInside1X128": "0"}
{"blockNumber":"1367080","poolId":"0x4c1609e6670acb4e09af00ad07984ee05c4c1adc064a4425de8e9d23a253315a","stateView":"0xf3334192d15450cdd385c8b70e03f9a6bd9e673b","tickLower":-874000,"tickUpper":874000}	{"ok": true, "feeGrowthInside0X128": "0", "feeGrowthInside1X128": "0"}
{"blockNumber":"1367112","poolId":"0x9f2fe2fd812d55eb6a845f3c8688231566b23d0d09ec054a49133b67d0649515","stateView":"0xf3334192d15450cdd385c8b70e03f9a6bd9e673b","tickLower":-874000,"tickUpper":874000}	{"ok": true, "feeGrowthInside0X128": "0", "feeGrowthInside1X128": "0"}
{"blockNumber":"1367145","poolId":"0x8114750f105d1e15e06f1da11a59ebaae11f01304ed1df0b331462536114a716","stateView":"0xf3334192d15450cdd385c8b70e03f9a6bd9e673b","tickLower":-874000,"tickUpper":874000}	{"ok": true, "feeGrowthInside0X128": "0", "feeGrowthInside1X128": "0"}
{"blockNumber":"1367177","poolId":"0x7b92319f21881ea676e2ed49b8f392197d1b232360bc7b74b365f01b36a83a5c","stateView":"0xf3334192d15450cdd385c8b70e03f9a6bd9e673b","tickLower":-874000,"tickUpper":874000}	{"ok": true, "feeGrowthInside0X128": "0", "feeGrowthInside1X128": "0"}
{"blockNumber":"1367205","poolId":"0xfeac1a5f3747cf2021af5169df625f68bca78fc3cff8ea11e4668433c9fc5ac6","stateView":"0xf3334192d15450cdd385c8b70e03f9a6bd9e673b","tickLower":-874000,"tickUpper":874000}	{"ok": true, "feeGrowthInside0X128": "0", "feeGrowthInside1X128": "0"}
{"blockNumber":"1367251","poolId":"0x65b0164b4030e16340ebdf7f2c8558c1461138171e0339fa5fdae6b7480e4011","stateView":"0xf3334192d15450cdd385c8b70e03f9a6bd9e673b","tickLower":-874000,"tickUpper":874000}	{"ok": true, "feeGrowthInside0X128": "0", "feeGrowthInside1X128": "0"}
{"blockNumber":"1436035","poolId":"0xc44df65236f865609b4703fea7651f3fc53d473746b39863040dd7e66d313aec","stateView":"0xf3334192d15450cdd385c8b70e03f9a6bd9e673b","tickLower":-883200,"tickUpper":883200}	{"ok": true, "feeGrowthInside0X128": "23857692712530719970456168179200109", "feeGrowthInside1X128": "17572223973420066813834477779868022136422463"}
{"blockNumber":"1462706","poolId":"0xc46ff7936702fe273f4d518a1e21966c23dcfa9931b3e552312cf38b48a26c7e","stateView":"0xf3334192d15450cdd385c8b70e03f9a6bd9e673b","tickLower":183600,"tickUpper":190400}	{"ok": true, "feeGrowthInside0X128": "0", "feeGrowthInside1X128": "0"}
{"blockNumber":"1497882","poolId":"0xc46ff7936702fe273f4d518a1e21966c23dcfa9931b3e552312cf38b48a26c7e","stateView":"0xf3334192d15450cdd385c8b70e03f9a6bd9e673b","tickLower":-884000,"tickUpper":884000}	{"ok": true, "feeGrowthInside0X128": "0", "feeGrowthInside1X128": "992242212443494857954330992484673310065700"}
{"blockNumber":"1497382","poolId":"0xc6e62d2c1fcfc3aca71ae47506d51fbbdef5e38be99d6506ef7fe289fce8e233","stateView":"0xf3334192d15450cdd385c8b70e03f9a6bd9e673b","tickLower":-885000,"tickUpper":885000}	{"ok": true, "feeGrowthInside0X128": "0", "feeGrowthInside1X128": "22078548721755556319865251063136175008851110466"}
{"blockNumber":"1497603","poolId":"0xbed9a524709873a90cbaf3356cebe05756eebe11a7957f345e05a2bef918301c","stateView":"0xf3334192d15450cdd385c8b70e03f9a6bd9e673b","tickLower":-885000,"tickUpper":885000}	{"ok": true, "feeGrowthInside0X128": "0", "feeGrowthInside1X128": "854632671264362945854423647303701151515602"}
{"blockNumber":"1497507","poolId":"0x1428ab56ed03634d4c666ff1cba0c3e2a3a7b5299e2b987efab21606827d1384","stateView":"0xf3334192d15450cdd385c8b70e03f9a6bd9e673b","tickLower":-885000,"tickUpper":885000}	{"ok": true, "feeGrowthInside0X128": "20644539786166494654682959391244780", "feeGrowthInside1X128": "1228669658492723200092117081113062235096771"}
{"blockNumber":"1497956","poolId":"0x1449c80ebabe6ffc9ceb75f2e4a8e426c60e548cc0ebda798b945ad51c886e49","stateView":"0xf3334192d15450cdd385c8b70e03f9a6bd9e673b","tickLower":-885000,"tickUpper":885000}	{"ok": true, "feeGrowthInside0X128": "11354406590866452931411924603590627", "feeGrowthInside1X128": "0"}
{"blockNumber":"1329340","poolId":"0x83f3ceeff98e6a569a424c487cb24423c585114926f7e1ca6055422a25e2e60f","stateView":"0xf3334192d15450cdd385c8b70e03f9a6bd9e673b","tickLower":-887272,"tickUpper":-384005}	{"ok": true, "feeGrowthInside0X128": "0", "feeGrowthInside1X128": "0"}
{"blockNumber":"1329340","poolId":"0x83f3ceeff98e6a569a424c487cb24423c585114926f7e1ca6055422a25e2e60f","stateView":"0xf3334192d15450cdd385c8b70e03f9a6bd9e673b","tickLower":-887272,"tickUpper":887272}	{"ok": true, "feeGrowthInside0X128": "0", "feeGrowthInside1X128": "0"}
{"blockNumber":"1330806","poolId":"0x7222c9cf7050dd2d2805e1ee2dbbf44deb77df5ebed8b55d167dcf3d87b9f5b9","stateView":"0xf3334192d15450cdd385c8b70e03f9a6bd9e673b","tickLower":-883200,"tickUpper":883200}	{"ok": true, "feeGrowthInside0X128": "0", "feeGrowthInside1X128": "0"}
{"blockNumber":"1334403","poolId":"0x927fb7e78398eb9bdad8bdeca915df7469844a80ba495cde970be77167d08df9","stateView":"0xf3334192d15450cdd385c8b70e03f9a6bd9e673b","tickLower":-887200,"tickUpper":207200}	{"ok": true, "feeGrowthInside0X128": "0", "feeGrowthInside1X128": "0"}
{"blockNumber":"1338233","poolId":"0x4e106990a7db1a4224889ca8af7d3fef844c38e4dd6a449040a1282289ee155b","stateView":"0xf3334192d15450cdd385c8b70e03f9a6bd9e673b","tickLower":-887200,"tickUpper":207200}	{"ok": true, "feeGrowthInside0X128": "0", "feeGrowthInside1X128": "0"}
{"blockNumber":"1339846","poolId":"0x242797d8c650130c886794989883956929ac48e9bfcc892b42f325839860d5e6","stateView":"0xf3334192d15450cdd385c8b70e03f9a6bd9e673b","tickLower":-882000,"tickUpper":882000}	{"ok": true, "feeGrowthInside0X128": "0", "feeGrowthInside1X128": "0"}
{"blockNumber":"1341308","poolId":"0xf75b839e36179a8d3144692b4d2b5316e5b586ebe4721462c5e35b38cc4316cd","stateView":"0xf3334192d15450cdd385c8b70e03f9a6bd9e673b","tickLower":-880000,"tickUpper":880000}	{"ok": true, "feeGrowthInside0X128": "0", "feeGrowthInside1X128": "0"}
{"blockNumber":"1341792","poolId":"0xe7a743690c04844d0536eceb7800bdfb412fe34445a52923e61a9ade033a6b93","stateView":"0xf3334192d15450cdd385c8b70e03f9a6bd9e673b","tickLower":-887200,"tickUpper":207200}	{"ok": true, "feeGrowthInside0X128": "0", "feeGrowthInside1X128": "0"}
{"blockNumber":"1342063","poolId":"0x3e53a2c09a072abddf81ddfab8977da5313e33e4637124158fa1bd8c08ceeec7","stateView":"0xf3334192d15450cdd385c8b70e03f9a6bd9e673b","tickLower":200309,"tickUpper":246364}	{"ok": true, "feeGrowthInside0X128": "0", "feeGrowthInside1X128": "0"}
{"blockNumber":"1342696","poolId":"0x4893a925e4818940e4646fc55cee1d291e0e0c0d46838d2f9620be3d785a8111","stateView":"0xf3334192d15450cdd385c8b70e03f9a6bd9e673b","tickLower":-884400,"tickUpper":884400}	{"ok": true, "feeGrowthInside0X128": "0", "feeGrowthInside1X128": "0"}
{"blockNumber":"1342740","poolId":"0xd5c0c869ed40884e1089a3d3f8ab5e045ec7e98578b7f22b40c157e3296f673b","stateView":"0xf3334192d15450cdd385c8b70e03f9a6bd9e673b","tickLower":-871200,"tickUpper":871200}	{"ok": true, "feeGrowthInside0X128": "0", "feeGrowthInside1X128": "0"}
{"blockNumber":"1344017","poolId":"0xe5acd9575d7395b1a7bcb2a552de858ea8fd88428635be103d18b84236183665","stateView":"0xf3334192d15450cdd385c8b70e03f9a6bd9e673b","tickLower":-887200,"tickUpper":207200}	{"ok": true, "feeGrowthInside0X128": "0", "feeGrowthInside1X128": "0"}
{"blockNumber":"1344306","poolId":"0x739deae4032ba417775779b9962a36b2a049de004b8964dac5c1c9474fa18824","stateView":"0xf3334192d15450cdd385c8b70e03f9a6bd9e673b","tickLower":-887200,"tickUpper":887200}	{"ok": true, "feeGrowthInside0X128": "0", "feeGrowthInside1X128": "0"}
{"blockNumber":"1344588","poolId":"0x479fd081f1a91c795a41fc9d8c7e24a7dee0ee21b989fe866007c6663fd8ae92","stateView":"0xf3334192d15450cdd385c8b70e03f9a6bd9e673b","tickLower":-887272,"tickUpper":251220}	{"ok": true, "feeGrowthInside0X128": "0", "feeGrowthInside1X128": "0"}
{"blockNumber":"1344835","poolId":"0x172ba761480e04b3bfd239ddd05e21d18e7736e11053ed283f2c21b72fd71097","stateView":"0xf3334192d15450cdd385c8b70e03f9a6bd9e673b","tickLower":-882000,"tickUpper":882000}	{"ok": true, "feeGrowthInside0X128": "0", "feeGrowthInside1X128": "0"}
{"blockNumber":"1345361","poolId":"0x4b775ec227d54212378468c8efcc78da1c3fbc26c1890c25dd44f252cc21f263","stateView":"0xf3334192d15450cdd385c8b70e03f9a6bd9e673b","tickLower":-882000,"tickUpper":882000}	{"ok": true, "feeGrowthInside0X128": "0", "feeGrowthInside1X128": "0"}
{"blockNumber":"1345603","poolId":"0xba93d625ce5324d15c2e791f03ba111d24edfbf2ff34e5a29eab06723308884c","stateView":"0xf3334192d15450cdd385c8b70e03f9a6bd9e673b","tickLower":-871200,"tickUpper":871200}	{"ok": true, "feeGrowthInside0X128": "0", "feeGrowthInside1X128": "0"}
{"blockNumber":"1345632","poolId":"0x1753bfe99b898c81ec1ca3180cb859db6022b5c2b71d116870f0ec0f6e897da0","stateView":"0xf3334192d15450cdd385c8b70e03f9a6bd9e673b","tickLower":-887200,"tickUpper":207200}	{"ok": true, "feeGrowthInside0X128": "0", "feeGrowthInside1X128": "0"}
{"blockNumber":"1346606","poolId":"0x927fb7e78398eb9bdad8bdeca915df7469844a80ba495cde970be77167d08df9","stateView":"0xf3334192d15450cdd385c8b70e03f9a6bd9e673b","tickLower":-887200,"tickUpper":207200}	{"ok": true, "feeGrowthInside0X128": "0", "feeGrowthInside1X128": "0"}
{"blockNumber":"1346667","poolId":"0x1753bfe99b898c81ec1ca3180cb859db6022b5c2b71d116870f0ec0f6e897da0","stateView":"0xf3334192d15450cdd385c8b70e03f9a6bd9e673b","tickLower":-887200,"tickUpper":207200}	{"ok": true, "feeGrowthInside0X128": "0", "feeGrowthInside1X128": "0"}
{"blockNumber":"1346725","poolId":"0xe5acd9575d7395b1a7bcb2a552de858ea8fd88428635be103d18b84236183665","stateView":"0xf3334192d15450cdd385c8b70e03f9a6bd9e673b","tickLower":-887200,"tickUpper":207200}	{"ok": true, "feeGrowthInside0X128": "0", "feeGrowthInside1X128": "0"}
{"blockNumber":"1347119","poolId":"0x4908f29bc394f6592d21e03c744590a3f61a48ced7876c6765ccb1f68e5b2ecd","stateView":"0xf3334192d15450cdd385c8b70e03f9a6bd9e673b","tickLower":-882000,"tickUpper":882000}	{"ok": true, "feeGrowthInside0X128": "0", "feeGrowthInside1X128": "0"}
{"blockNumber":"1347312","poolId":"0x4b775ec227d54212378468c8efcc78da1c3fbc26c1890c25dd44f252cc21f263","stateView":"0xf3334192d15450cdd385c8b70e03f9a6bd9e673b","tickLower":-882000,"tickUpper":882000}	{"ok": true, "feeGrowthInside0X128": "0", "feeGrowthInside1X128": "0"}
{"blockNumber":"1347513","poolId":"0x9667ff9e835bf348b84cfa50630b6727292a79061b6af07545792ac831e8f3da","stateView":"0xf3334192d15450cdd385c8b70e03f9a6bd9e673b","tickLower":-887200,"tickUpper":207200}	{"ok": true, "feeGrowthInside0X128": "0", "feeGrowthInside1X128": "0"}
{"blockNumber":"1347849","poolId":"0x4908f29bc394f6592d21e03c744590a3f61a48ced7876c6765ccb1f68e5b2ecd","stateView":"0xf3334192d15450cdd385c8b70e03f9a6bd9e673b","tickLower":-882000,"tickUpper":882000}	{"ok": true, "feeGrowthInside0X128": "0", "feeGrowthInside1X128": "611944076425027588161222085239814537636391"}
{"blockNumber":"1348101","poolId":"0x4908f29bc394f6592d21e03c744590a3f61a48ced7876c6765ccb1f68e5b2ecd","stateView":"0xf3334192d15450cdd385c8b70e03f9a6bd9e673b","tickLower":-882000,"tickUpper":882000}	{"ok": true, "feeGrowthInside0X128": "0", "feeGrowthInside1X128": "611944076425027588161222085239814537636391"}
{"blockNumber":"1348181","poolId":"0x4b775ec227d54212378468c8efcc78da1c3fbc26c1890c25dd44f252cc21f263","stateView":"0xf3334192d15450cdd385c8b70e03f9a6bd9e673b","tickLower":-882000,"tickUpper":882000}	{"ok": true, "feeGrowthInside0X128": "0", "feeGrowthInside1X128": "0"}
{"blockNumber":"1348494","poolId":"0x94b2f97553f1747d95f26a7f1ceeedb81ef8b5dbaef0abe5e5fe6f6ffb7a22a3","stateView":"0xf3334192d15450cdd385c8b70e03f9a6bd9e673b","tickLower":-887272,"tickUpper":251220}	{"ok": true, "feeGrowthInside0X128": "0", "feeGrowthInside1X128": "0"}
{"blockNumber":"1349194","poolId":"0x4b775ec227d54212378468c8efcc78da1c3fbc26c1890c25dd44f252cc21f263","stateView":"0xf3334192d15450cdd385c8b70e03f9a6bd9e673b","tickLower":-882000,"tickUpper":882000}	{"ok": true, "feeGrowthInside0X128": "0", "feeGrowthInside1X128": "0"}
{"blockNumber":"1349249","poolId":"0xa3c00974d2cd842e28ede58c73f22ed8428ad782148eed89f974d01f6c6e5336","stateView":"0xf3334192d15450cdd385c8b70e03f9a6bd9e673b","tickLower":-887200,"tickUpper":207200}	{"ok": true, "feeGrowthInside0X128": "0", "feeGrowthInside1X128": "0"}
{"blockNumber":"1350475","poolId":"0x8e95f3f7fa8a7a8dcfae7a8fe2108ccf868b8fc4694dfe34d9b0699cb1861f09","stateView":"0xf3334192d15450cdd385c8b70e03f9a6bd9e673b","tickLower":-887200,"tickUpper":207200}	{"ok": true, "feeGrowthInside0X128": "0", "feeGrowthInside1X128": "0"}
{"blockNumber":"1351615","poolId":"0xd85da70122e95c6f7aabb8755233dfc79db375733e5ca335945cda8511165445","stateView":"0xf3334192d15450cdd385c8b70e03f9a6bd9e673b","tickLower":-887272,"tickUpper":887272}	{"ok": true, "feeGrowthInside0X128": "0", "feeGrowthInside1X128": "0"}
{"blockNumber":"1353434","poolId":"0xe4bfb7eb84f7d6b379e30aa2986302f878ae289e4667a4dbc7b37932c1d4133b","stateView":"0xf3334192d15450cdd385c8b70e03f9a6bd9e673b","tickLower":-887200,"tickUpper":207200}	{"ok": true, "feeGrowthInside0X128": "0", "feeGrowthInside1X128": "0"}
{"blockNumber":"1354033","poolId":"0x48c9ce28a6f901a7f1d907f2c85df64f078697c95f82eb2c906851fbdd666deb","stateView":"0xf3334192d15450cdd385c8b70e03f9a6bd9e673b","tickLower":-887000,"tickUpper":887000}	{"ok": true, "feeGrowthInside0X128": "0", "feeGrowthInside1X128": "0"}
{"blockNumber":"1355822","poolId":"0xd85da70122e95c6f7aabb8755233dfc79db375733e5ca335945cda8511165445","stateView":"0xf3334192d15450cdd385c8b70e03f9a6bd9e673b","tickLower":-887272,"tickUpper":887272}	{"ok": true, "feeGrowthInside0X128": "0", "feeGrowthInside1X128": "0"}
{"blockNumber":"1356512","poolId":"0x642e654f31c969eef48593e5bc2c1afd12a3decb1dd566676791e90f24251229","stateView":"0xf3334192d15450cdd385c8b70e03f9a6bd9e673b","tickLower":-887200,"tickUpper":207200}	{"ok": true, "feeGrowthInside0X128": "0", "feeGrowthInside1X128": "0"}
{"blockNumber":"1357201","poolId":"0x7f6a681bafc3031b548eeb6566baf3e2b16d5a12a6a79cd15b665e00347dc0ba","stateView":"0xf3334192d15450cdd385c8b70e03f9a6bd9e673b","tickLower":200309,"tickUpper":246364}	{"ok": true, "feeGrowthInside0X128": "0", "feeGrowthInside1X128": "0"}
{"blockNumber":"1357877","poolId":"0x83f3ceeff98e6a569a424c487cb24423c585114926f7e1ca6055422a25e2e60f","stateView":"0xf3334192d15450cdd385c8b70e03f9a6bd9e673b","tickLower":-887272,"tickUpper":-384005}	{"ok": true, "feeGrowthInside0X128": "0", "feeGrowthInside1X128": "0"}
{"blockNumber":"1357884","poolId":"0x83f3ceeff98e6a569a424c487cb24423c585114926f7e1ca6055422a25e2e60f","stateView":"0xf3334192d15450cdd385c8b70e03f9a6bd9e673b","tickLower":-887272,"tickUpper":887272}	{"ok": true, "feeGrowthInside0X128": "0", "feeGrowthInside1X128": "0"}
{"blockNumber":"1358564","poolId":"0x5cc31c53b3fdd10b61784bff989f2cee5824b2e8516bb6d1f1b4018ffe5bb468","stateView":"0xf3334192d15450cdd385c8b70e03f9a6bd9e673b","tickLower":-887200,"tickUpper":203000}	{"ok": true, "feeGrowthInside0X128": "0", "feeGrowthInside1X128": "0"}
{"blockNumber":"1358802","poolId":"0x0f481135ab82049d4f639c6f4d510bd8eb4c3d56365ea8833c37159e13e4c913","stateView":"0xf3334192d15450cdd385c8b70e03f9a6bd9e673b","tickLower":-887272,"tickUpper":-247546}	{"ok": true, "feeGrowthInside0X128": "0", "feeGrowthInside1X128": "0"}
{"blockNumber":"1358802","poolId":"0x0f481135ab82049d4f639c6f4d510bd8eb4c3d56365ea8833c37159e13e4c913","stateView":"0xf3334192d15450cdd385c8b70e03f9a6bd9e673b","tickLower":-887272,"tickUpper":887272}	{"ok": true, "feeGrowthInside0X128": "0", "feeGrowthInside1X128": "0"}
{"blockNumber":"1360173","poolId":"0x48c9ce28a6f901a7f1d907f2c85df64f078697c95f82eb2c906851fbdd666deb","stateView":"0xf3334192d15450cdd385c8b70e03f9a6bd9e673b","tickLower":-887000,"tickUpper":887000}	{"ok": true, "feeGrowthInside0X128": "0", "feeGrowthInside1X128": "4327242482107347374815952779456842449901"}
{"blockNumber":"1360683","poolId":"0x5cc31c53b3fdd10b61784bff989f2cee5824b2e8516bb6d1f1b4018ffe5bb468","stateView":"0xf3334192d15450cdd385c8b70e03f9a6bd9e673b","tickLower":-887200,"tickUpper":203000}	{"ok": true, "feeGrowthInside0X128": "0", "feeGrowthInside1X128": "0"}
{"blockNumber":"1360727","poolId":"0x4e5184701889afb553cb0fa78fd71cc297c21e342f943295455816cb408b8b21","stateView":"0xf3334192d15450cdd385c8b70e03f9a6bd9e673b","tickLower":-887200,"tickUpper":189200}	{"ok": true, "feeGrowthInside0X128": "6548639679520549332647415511799", "feeGrowthInside1X128": "0"}
{"blockNumber":"1361323","poolId":"0xa46336b0d330900e740e4f520470dfa0fddbe94992369a3d74726139c9225535","stateView":"0xf3334192d15450cdd385c8b70e03f9a6bd9e673b","tickLower":-887200,"tickUpper":196200}	{"ok": true, "feeGrowthInside0X128": "0", "feeGrowthInside1X128": "0"}
{"blockNumber":"1361393","poolId":"0x4b775ec227d54212378468c8efcc78da1c3fbc26c1890c25dd44f252cc21f263","stateView":"0xf3334192d15450cdd385c8b70e03f9a6bd9e673b","tickLower":-882000,"tickUpper":882000}	{"ok": true, "feeGrowthInside0X128": "0", "feeGrowthInside1X128": "0"}
{"blockNumber":"1362219","poolId":"0x7f6a681bafc3031b548eeb6566baf3e2b16d5a12a6a79cd15b665e00347dc0ba","stateView":"0xf3334192d15450cdd385c8b70e03f9a6bd9e673b","tickLower":200309,"tickUpper":246364}	{"ok": true, "feeGrowthInside0X128": "414284370797148392347739979", "feeGrowthInside1X128": "16929942888570357160083573311462668230"}
{"blockNumber":"1363624","poolId":"0x95576e3d954b78453fe3589bbf40bd09ff6ec241e7a3f31917f94147c8fe0564","stateView":"0xf3334192d15450cdd385c8b70e03f9a6bd9e673b","tickLower":-887200,"tickUpper":196200}	{"ok": true, "feeGrowthInside0X128": "0", "feeGrowthInside1X128": "0"}
{"blockNumber":"1363956","poolId":"0x3c168ea6e6a1392a13c1b79ed2257a7a8a53d8d258c3b0d03bfcfe67eca1b2c9","stateView":"0xf3334192d15450cdd385c8b70e03f9a6bd9e673b","tickLower":200309,"tickUpper":246364}	{"ok": true, "feeGrowthInside0X128": "0", "feeGrowthInside1X128": "0"}
{"blockNumber":"1364139","poolId":"0x95576e3d954b78453fe3589bbf40bd09ff6ec241e7a3f31917f94147c8fe0564","stateView":"0xf3334192d15450cdd385c8b70e03f9a6bd9e673b","tickLower":-887200,"tickUpper":196200}	{"ok": true, "feeGrowthInside0X128": "0", "feeGrowthInside1X128": "0"}
{"blockNumber":"1364199","poolId":"0xa46336b0d330900e740e4f520470dfa0fddbe94992369a3d74726139c9225535","stateView":"0xf3334192d15450cdd385c8b70e03f9a6bd9e673b","tickLower":-887200,"tickUpper":196200}	{"ok": true, "feeGrowthInside0X128": "0", "feeGrowthInside1X128": "0"}
{"blockNumber":"1365490","poolId":"0xb4bd339bb5961b9c22c97408638ef522a6ad329d8047b8a23b64fe0b4a3e3d0d","stateView":"0xf3334192d15450cdd385c8b70e03f9a6bd9e673b","tickLower":-885000,"tickUpper":885000}	{"ok": true, "feeGrowthInside0X128": "0", "feeGrowthInside1X128": "0"}
{"blockNumber":"1366008","poolId":"0x4b775ec227d54212378468c8efcc78da1c3fbc26c1890c25dd44f252cc21f263","stateView":"0xf3334192d15450cdd385c8b70e03f9a6bd9e673b","tickLower":-882000,"tickUpper":882000}	{"ok": true, "feeGrowthInside0X128": "0", "feeGrowthInside1X128": "0"}
{"blockNumber":"1366411","poolId":"0xb4bd339bb5961b9c22c97408638ef522a6ad329d8047b8a23b64fe0b4a3e3d0d","stateView":"0xf3334192d15450cdd385c8b70e03f9a6bd9e673b","tickLower":-885000,"tickUpper":885000}	{"ok": true, "feeGrowthInside0X128": "4754392180403240463408708841254707", "feeGrowthInside1X128": "0"}
{"blockNumber":"1366708","poolId":"0x0f481135ab82049d4f639c6f4d510bd8eb4c3d56365ea8833c37159e13e4c913","stateView":"0xf3334192d15450cdd385c8b70e03f9a6bd9e673b","tickLower":-887272,"tickUpper":-247546}	{"ok": true, "feeGrowthInside0X128": "0", "feeGrowthInside1X128": "0"}
{"blockNumber":"1366714","poolId":"0x0f481135ab82049d4f639c6f4d510bd8eb4c3d56365ea8833c37159e13e4c913","stateView":"0xf3334192d15450cdd385c8b70e03f9a6bd9e673b","tickLower":-887272,"tickUpper":887272}	{"ok": true, "feeGrowthInside0X128": "0", "feeGrowthInside1X128": "0"}
{"blockNumber":"1366794","poolId":"0xb4bd339bb5961b9c22c97408638ef522a6ad329d8047b8a23b64fe0b4a3e3d0d","stateView":"0xf3334192d15450cdd385c8b70e03f9a6bd9e673b","tickLower":-885000,"tickUpper":885000}	{"ok": true, "feeGrowthInside0X128": "4754392180403240463408708841254707", "feeGrowthInside1X128": "0"}
{"blockNumber":"1366977","poolId":"0x4893a925e4818940e4646fc55cee1d291e0e0c0d46838d2f9620be3d785a8111","stateView":"0xf3334192d15450cdd385c8b70e03f9a6bd9e673b","tickLower":-884400,"tickUpper":884400}	{"ok": true, "feeGrowthInside0X128": "286969553051714209151216259122188779", "feeGrowthInside1X128": "358634859200972170020840885488922925716647"}
{"blockNumber":"1367296","poolId":"0x4893a925e4818940e4646fc55cee1d291e0e0c0d46838d2f9620be3d785a8111","stateView":"0xf3334192d15450cdd385c8b70e03f9a6bd9e673b","tickLower":-884400,"tickUpper":884400}	{"ok": true, "feeGrowthInside0X128": "299055385737225085027467803135711420", "feeGrowthInside1X128": "381001827866269412874508240372564833656646"}
{"blockNumber":"1367378","poolId":"0x0b5b3cf855db98411573083a34b27337ca1c5e9814bdd56c12d0677d462d213f","stateView":"0xf3334192d15450cdd385c8b70e03f9a6bd9e673b","tickLower":-874000,"tickUpper":874000}	{"ok": true, "feeGrowthInside0X128": "0", "feeGrowthInside1X128": "0"}
{"blockNumber":"1367411","poolId":"0xdac5a34c821d4a46807e2bcf27f704a4763fd631cfc2095c270688ef8aa5b79e","stateView":"0xf3334192d15450cdd385c8b70e03f9a6bd9e673b","tickLower":-874000,"tickUpper":874000}	{"ok": true, "feeGrowthInside0X128": "0", "feeGrowthInside1X128": "0"}
{"blockNumber":"1367452","poolId":"0x91624ebb6649fa55ccf02e0746da49dd712083c2c4c198a340a22e3bff859a9d","stateView":"0xf3334192d15450cdd385c8b70e03f9a6bd9e673b","tickLower":-874000,"tickUpper":874000}	{"ok": true, "feeGrowthInside0X128": "0", "feeGrowthInside1X128": "0"}
{"blockNumber":"1367481","poolId":"0xd3ef9af0d5f57520e6fe7409a843a625d50fed2156a8d77fbc1985b586fc494a","stateView":"0xf3334192d15450cdd385c8b70e03f9a6bd9e673b","tickLower":-874000,"tickUpper":874000}	{"ok": true, "feeGrowthInside0X128": "0", "feeGrowthInside1X128": "0"}
{"blockNumber":"1367513","poolId":"0x7c795de81407fb94d0c47808449c182a73fe4e885bc3c5f3f14d374647cf9712","stateView":"0xf3334192d15450cdd385c8b70e03f9a6bd9e673b","tickLower":-874000,"tickUpper":874000}	{"ok": true, "feeGrowthInside0X128": "0", "feeGrowthInside1X128": "0"}
{"blockNumber":"1367578","poolId":"0x25ecc17b4266ea46f2717ab7f5af7486c1f932fee08e137d26c919a3ca9bd433","stateView":"0xf3334192d15450cdd385c8b70e03f9a6bd9e673b","tickLower":-874000,"tickUpper":874000}	{"ok": true, "feeGrowthInside0X128": "0", "feeGrowthInside1X128": "0"}
{"blockNumber":"1367611","poolId":"0xb4ead18476c2fba2aea47fbfcbb6e90fc5c7bd60b8a560668f04bdbed051d252","stateView":"0xf3334192d15450cdd385c8b70e03f9a6bd9e673b","tickLower":-874000,"tickUpper":874000}	{"ok": true, "feeGrowthInside0X128": "0", "feeGrowthInside1X128": "0"}
{"blockNumber":"1367637","poolId":"0x493c352f0ef8bdf4899594d817624ac86a26b384617da6c5cdedbc3ae2655a0b","stateView":"0xf3334192d15450cdd385c8b70e03f9a6bd9e673b","tickLower":-874000,"tickUpper":874000}	{"ok": true, "feeGrowthInside0X128": "0", "feeGrowthInside1X128": "0"}
{"blockNumber":"1367666","poolId":"0xb628ba70c896f535943a89fed75c77f57ccd717f9b04a45814a3901e534cebca","stateView":"0xf3334192d15450cdd385c8b70e03f9a6bd9e673b","tickLower":-874000,"tickUpper":874000}	{"ok": true, "feeGrowthInside0X128": "0", "feeGrowthInside1X128": "0"}
{"blockNumber":"1367713","poolId":"0x54b857dcd238af51aea213e35b8b88f5496fc4fc531ce1942f1ea3605ec5a463","stateView":"0xf3334192d15450cdd385c8b70e03f9a6bd9e673b","tickLower":-874000,"tickUpper":874000}	{"ok": true, "feeGrowthInside0X128": "0", "feeGrowthInside1X128": "0"}
{"blockNumber":"1367744","poolId":"0x65beb176ae6d62ba3d27002cac8949b59a04dd81903fd6b57b0e955fe63a8c72","stateView":"0xf3334192d15450cdd385c8b70e03f9a6bd9e673b","tickLower":-874000,"tickUpper":874000}	{"ok": true, "feeGrowthInside0X128": "0", "feeGrowthInside1X128": "0"}
{"blockNumber":"1367773","poolId":"0xc2b716bf8f8db876b16d40427b5264027abf491e1899a0c52639b18e94df1d84","stateView":"0xf3334192d15450cdd385c8b70e03f9a6bd9e673b","tickLower":-874000,"tickUpper":874000}	{"ok": true, "feeGrowthInside0X128": "0", "feeGrowthInside1X128": "0"}
{"blockNumber":"1367802","poolId":"0x2388b6f192e7df2d888555d7eba0a2fd15e92283b1b8b3c69cc092f53f4cc415","stateView":"0xf3334192d15450cdd385c8b70e03f9a6bd9e673b","tickLower":-874000,"tickUpper":874000}	{"ok": true, "feeGrowthInside0X128": "0", "feeGrowthInside1X128": "0"}
{"blockNumber":"1367835","poolId":"0xfbaf9842a6d73c01c24a25602e81171613a74eea33849feacadf903c02642a14","stateView":"0xf3334192d15450cdd385c8b70e03f9a6bd9e673b","tickLower":-874000,"tickUpper":874000}	{"ok": true, "feeGrowthInside0X128": "0", "feeGrowthInside1X128": "0"}
{"blockNumber":"1367872","poolId":"0xa3bf1a392054a3d40af35912bde34b46faa32a349116ac0808d9f9081113e55d","stateView":"0xf3334192d15450cdd385c8b70e03f9a6bd9e673b","tickLower":-874000,"tickUpper":874000}	{"ok": true, "feeGrowthInside0X128": "0", "feeGrowthInside1X128": "0"}
{"blockNumber":"1367905","poolId":"0x6fe4c822d36faefc6a6be0f57fdf1aac864ff041d1bbbc201cb3bb84340709ed","stateView":"0xf3334192d15450cdd385c8b70e03f9a6bd9e673b","tickLower":-874000,"tickUpper":874000}	{"ok": true, "feeGrowthInside0X128": "0", "feeGrowthInside1X128": "0"}
{"blockNumber":"1367936","poolId":"0xbfe0c11e9af0bbd17c2ab93bc0cb069b1f4d7f4dc35797aa9d8659505893b139","stateView":"0xf3334192d15450cdd385c8b70e03f9a6bd9e673b","tickLower":-874000,"tickUpper":874000}	{"ok": true, "feeGrowthInside0X128": "0", "feeGrowthInside1X128": "0"}
{"blockNumber":"1367965","poolId":"0x5e840686d7b13b739f570f7bddf03ef3ad3c332bfed68c3c9364697d90d33c7c","stateView":"0xf3334192d15450cdd385c8b70e03f9a6bd9e673b","tickLower":-874000,"tickUpper":874000}	{"ok": true, "feeGrowthInside0X128": "0", "feeGrowthInside1X128": "0"}
{"blockNumber":"1367991","poolId":"0x6ff03107f375083abd490b667dae07c8d42a25c1f201a177cd7b8639ccd5d4e7","stateView":"0xf3334192d15450cdd385c8b70e03f9a6bd9e673b","tickLower":-884800,"tickUpper":884800}	{"ok": true, "feeGrowthInside0X128": "0", "feeGrowthInside1X128": "0"}
{"blockNumber":"1367994","poolId":"0x1fd53abc4d691ed62db26a98ab75d5bd594496563a29a86009b089453f65c44b","stateView":"0xf3334192d15450cdd385c8b70e03f9a6bd9e673b","tickLower":-874000,"tickUpper":874000}	{"ok": true, "feeGrowthInside0X128": "0", "feeGrowthInside1X128": "0"}
{"blockNumber":"1368027","poolId":"0xf6ee1e5197324d64051ca2f74bbc63a0ed46ded83a11b67f9e9c886ac62d31bc","stateView":"0xf3334192d15450cdd385c8b70e03f9a6bd9e673b","tickLower":-874000,"tickUpper":874000}	{"ok": true, "feeGrowthInside0X128": "0", "feeGrowthInside1X128": "0"}
{"blockNumber":"1368070","poolId":"0x67174e3adbeafeb8cea120c94403eadad51944aa2560c1e7a11bc47ad9fe035e","stateView":"0xf3334192d15450cdd385c8b70e03f9a6bd9e673b","tickLower":-874000,"tickUpper":874000}	{"ok": true, "feeGrowthInside0X128": "0", "feeGrowthInside1X128": "0"}
{"blockNumber":"1368073","poolId":"0x4893a925e4818940e4646fc55cee1d291e0e0c0d46838d2f9620be3d785a8111","stateView":"0xf3334192d15450cdd385c8b70e03f9a6bd9e673b","tickLower":-884400,"tickUpper":884400}	{"ok": true, "feeGrowthInside0X128": "322573391930253403841194483475653890", "feeGrowthInside1X128": "436432175894143109109274600573311688396550"}
{"blockNumber":"1368091","poolId":"0xaeca291994bd8cbc8151df4db96d65ead721d646c21fb15381654b06e4b554e1","stateView":"0xf3334192d15450cdd385c8b70e03f9a6bd9e673b","tickLower":-874000,"tickUpper":874000}	{"ok": true, "feeGrowthInside0X128": "0", "feeGrowthInside1X128": "0"}
{"blockNumber":"1368128","poolId":"0xc3b84f928d0edb294df3ee9abc0a83c4384d0848d27af931e7e765693b7a26e3","stateView":"0xf3334192d15450cdd385c8b70e03f9a6bd9e673b","tickLower":-874000,"tickUpper":874000}	{"ok": true, "feeGrowthInside0X128": "0", "feeGrowthInside1X128": "0"}
{"blockNumber":"1368161","poolId":"0xd6d8472dd30d06be62fe6aa2cc9c313dda7ce30921267ed60560438b0e89129d","stateView":"0xf3334192d15450cdd385c8b70e03f9a6bd9e673b","tickLower":-874000,"tickUpper":874000}	{"ok": true, "feeGrowthInside0X128": "0", "feeGrowthInside1X128": "0"}
{"blockNumber":"1368190","poolId":"0x6ff03107f375083abd490b667dae07c8d42a25c1f201a177cd7b8639ccd5d4e7","stateView":"0xf3334192d15450cdd385c8b70e03f9a6bd9e673b","tickLower":-884800,"tickUpper":884800}	{"ok": true, "feeGrowthInside0X128": "0", "feeGrowthInside1X128": "0"}
{"blockNumber":"1368198","poolId":"0xcc333ca9b5f5ccb38ee279f15269ebe578c67117d14b4faa46199c0d1677ca67","stateView":"0xf3334192d15450cdd385c8b70e03f9a6bd9e673b","tickLower":-874000,"tickUpper":874000}	{"ok": true, "feeGrowthInside0X128": "0", "feeGrowthInside1X128": "0"}
{"blockNumber":"1368227","poolId":"0xc642483998d96122f1b37e59cad46737e58e6b6ae36ee7421245c2a56c60f5e5","stateView":"0xf3334192d15450cdd385c8b70e03f9a6bd9e673b","tickLower":-874000,"tickUpper":874000}	{"ok": true, "feeGrowthInside0X128": "0", "feeGrowthInside1X128": "0"}
{"blockNumber":"1368310","poolId":"0x7222c9cf7050dd2d2805e1ee2dbbf44deb77df5ebed8b55d167dcf3d87b9f5b9","stateView":"0xf3334192d15450cdd385c8b70e03f9a6bd9e673b","tickLower":-883200,"tickUpper":883200}	{"ok": true, "feeGrowthInside0X128": "0", "feeGrowthInside1X128": "78938636797510278051075008348562428808822"}
{"blockNumber":"1368407","poolId":"0x7faf2bf1f7434a5f349e212069b1d1620e6a5e8a18b37be8d60b5aec67343f42","stateView":"0xf3334192d15450cdd385c8b70e03f9a6bd9e673b","tickLower":200309,"tickUpper":246364}	{"ok": true, "feeGrowthInside0X128": "0", "feeGrowthInside1X128": "0"}
{"blockNumber":"1369245","poolId":"0x6ff03107f375083abd490b667dae07c8d42a25c1f201a177cd7b8639ccd5d4e7","stateView":"0xf3334192d15450cdd385c8b70e03f9a6bd9e673b","tickLower":-884800,"tickUpper":884800}	{"ok": true, "feeGrowthInside0X128": "0", "feeGrowthInside1X128": "0"}
{"blockNumber":"1369898","poolId":"0x4893a925e4818940e4646fc55cee1d291e0e0c0d46838d2f9620be3d785a8111","stateView":"0xf3334192d15450cdd385c8b70e03f9a6bd9e673b","tickLower":-884400,"tickUpper":884400}	{"ok": true, "feeGrowthInside0X128": "322573391930253403841194483475653890", "feeGrowthInside1X128": "454775581477450173843636999936972239727963"}
{"blockNumber":"1370936","poolId":"0xc1dc79a10105ee190f978e976e9b58edfb4e82dc5e2dd56bcb0b024a44e59533","stateView":"0xf3334192d15450cdd385c8b70e03f9a6bd9e673b","tickLower":-883200,"tickUpper":883200}	{"ok": true, "feeGrowthInside0X128": "0", "feeGrowthInside1X128": "0"}
{"blockNumber":"1371374","poolId":"0x675107c18af756a18f2c4b42b99b56f8404c421749c18cf4b9d895cb0b2c9c94","stateView":"0xf3334192d15450cdd385c8b70e03f9a6bd9e673b","tickLower":-887200,"tickUpper":196200}	{"ok": true, "feeGrowthInside0X128": "0", "feeGrowthInside1X128": "0"}
{"blockNumber":"1371401","poolId":"0x48c9ce28a6f901a7f1d907f2c85df64f078697c95f82eb2c906851fbdd666deb","stateView":"0xf3334192d15450cdd385c8b70e03f9a6bd9e673b","tickLower":-887000,"tickUpper":887000}	{"ok": true, "feeGrowthInside0X128": "1096764782171786929149375693260551", "feeGrowthInside1X128": "5952771044499901295260134941232159455804"}
{"blockNumber":"1371633","poolId":"0x48c9ce28a6f901a7f1d907f2c85df64f078697c95f82eb2c906851fbdd666deb","stateView":"0xf3334192d15450cdd385c8b70e03f9a6bd9e673b","tickLower":-887000,"tickUpper":887000}	{"ok": true, "feeGrowthInside0X128": "1096764782171786929149375693260551", "feeGrowthInside1X128": "5952771044499901295260134941232159455804"}
{"blockNumber":"1372363","poolId":"0xb4bd339bb5961b9c22c97408638ef522a6ad329d8047b8a23b64fe0b4a3e3d0d","stateView":"0xf3334192d15450cdd385c8b70e03f9a6bd9e673b","tickLower":-885000,"tickUpper":885000}	{"ok": true, "feeGrowthInside0X128": "23365906178906446898861119369890035", "feeGrowthInside1X128": "23536747619931517670195847889244540166321"}
{"blockNumber":"1372507","poolId":"0x739deae4032ba417775779b9962a36b2a049de004b8964dac5c1c9474fa18824","stateView":"0xf3334192d15450cdd385c8b70e03f9a6bd9e673b","tickLower":-887200,"tickUpper":887200}	{"ok": true, "feeGrowthInside0X128": "566981725456594802878502627457761", "feeGrowthInside1X128": "0"}
{"blockNumber":"1373040","poolId":"0xb4bd339bb5961b9c22c97408638ef522a6ad329d8047b8a23b64fe0b4a3e3d0d","stateView":"0xf3334192d15450cdd385c8b70e03f9a6bd9e673b","tickLower":-885000,"tickUpper":885000}	{"ok": true, "feeGrowthInside0X128": "23365906178906446898861119369890035", "feeGrowthInside1X128": "23536747619931517670195847889244540166321"}
{"blockNumber":"1373242","poolId":"0x4893a925e4818940e4646fc55cee1d291e0e0c0d46838d2f9620be3d785a8111","stateView":"0xf3334192d15450cdd385c8b70e03f9a6bd9e673b","tickLower":-884400,"tickUpper":884400}	{"ok": true, "feeGrowthInside0X128": "322573391930253403841194483475653890", "feeGrowthInside1X128": "454775581477450173843636999936972239727963"}
{"blockNumber":"1376761","poolId":"0x4893a925e4818940e4646fc55cee1d291e0e0c0d46838d2f9620be3d785a8111","stateView":"0xf3334192d15450cdd385c8b70e03f9a6bd9e673b","tickLower":125400,"tickUpper":165000}	{"ok": true, "feeGrowthInside0X128": "0", "feeGrowthInside1X128": "0"}
{"blockNumber":"1378552","poolId":"0xb1b4b6b07996c821501eeb7313a53df209598865d7e6c502d9a9955c163d9c09","stateView":"0xf3334192d15450cdd385c8b70e03f9a6bd9e673b","tickLower":114000,"tickUpper":138000}	{"ok": true, "feeGrowthInside0X128": "0", "feeGrowthInside1X128": "0"}
{"blockNumber":"1381878","poolId":"0xb1b4b6b07996c821501eeb7313a53df209598865d7e6c502d9a9955c163d9c09","stateView":"0xf3334192d15450cdd385c8b70e03f9a6bd9e673b","tickLower":114000,"tickUpper":138000}	{"ok": true, "feeGrowthInside0X128": "0", "feeGrowthInside1X128": "0"}
{"blockNumber":"1383660","poolId":"0x739deae4032ba417775779b9962a36b2a049de004b8964dac5c1c9474fa18824","stateView":"0xf3334192d15450cdd385c8b70e03f9a6bd9e673b","tickLower":-887200,"tickUpper":887200}	{"ok": true, "feeGrowthInside0X128": "602935975716134702293379621564087", "feeGrowthInside1X128": "392419163821200235142559194604344418"}
{"blockNumber":"1385191","poolId":"0xb4bd339bb5961b9c22c97408638ef522a6ad329d8047b8a23b64fe0b4a3e3d0d","stateView":"0xf3334192d15450cdd385c8b70e03f9a6bd9e673b","tickLower":-885000,"tickUpper":885000}	{"ok": true, "feeGrowthInside0X128": "23365906178906446898861119369890035", "feeGrowthInside1X128": "60244872946996849446888026674658804451034"}
{"blockNumber":"1385376","poolId":"0x48c9ce28a6f901a7f1d907f2c85df64f078697c95f82eb2c906851fbdd666deb","stateView":"0xf3334192d15450cdd385c8b70e03f9a6bd9e673b","tickLower":-887000,"tickUpper":887000}	{"ok": true, "feeGrowthInside0X128": "1544751684476692031619726281994478", "feeGrowthInside1X128": "5952771044499901295260134941232159455804"}
{"blockNumber":"1385540","poolId":"0xf601da02537272b58a25b3a80579d769d85eda36a69360f2008ff3f136f6dc40","stateView":"0xf3334192d15450cdd385c8b70e03f9a6bd9e673b","tickLower":136800,"tickUpper":151200}	{"ok": true, "feeGrowthInside0X128": "0", "feeGrowthInside1X128": "0"}
{"blockNumber":"1387354","poolId":"0xfc9e99b3dc100590ead3976619a0bc3ac1f3ab7462c113a8a5a1097b052c3977","stateView":"0xf3334192d15450cdd385c8b70e03f9a6bd9e673b","tickLower":145000,"tickUpper":155000}	{"ok": true, "feeGrowthInside0X128": "0", "feeGrowthInside1X128": "0"}
{"blockNumber":"1389019","poolId":"0x4e5184701889afb553cb0fa78fd71cc297c21e342f943295455816cb408b8b21","stateView":"0xf3334192d15450cdd385c8b70e03f9a6bd9e673b","tickLower":-887200,"tickUpper":189200}	{"ok": true, "feeGrowthInside0X128": "6679612473110960319300363822033", "feeGrowthInside1X128": "0"}
{"blockNumber":"1393880","poolId":"0xc84043e53a9643ff498555cab69cccc41160b4832b96bf5a45e491f7c22c4f40","stateView":"0xf3334192d15450cdd385c8b70e03f9a6bd9e673b","tickLower":-887272,"tickUpper":-247546}	{"ok": true, "feeGrowthInside0X128": "0", "feeGrowthInside1X128": "0"}
{"blockNumber":"1393880","poolId":"0xc84043e53a9643ff498555cab69cccc41160b4832b96bf5a45e491f7c22c4f40","stateView":"0xf3334192d15450cdd385c8b70e03f9a6bd9e673b","tickLower":-887272,"tickUpper":887272}	{"ok": true, "feeGrowthInside0X128": "0", "feeGrowthInside1X128": "0"}
{"blockNumber":"1394140","poolId":"0x4893a925e4818940e4646fc55cee1d291e0e0c0d46838d2f9620be3d785a8111","stateView":"0xf3334192d15450cdd385c8b70e03f9a6bd9e673b","tickLower":145200,"tickUpper":158400}	{"ok": true, "feeGrowthInside0X128": "0", "feeGrowthInside1X128": "0"}
{"blockNumber":"1395293","poolId":"0xb4bd339bb5961b9c22c97408638ef522a6ad329d8047b8a23b64fe0b4a3e3d0d","stateView":"0xf3334192d15450cdd385c8b70e03f9a6bd9e673b","tickLower":-885000,"tickUpper":885000}	{"ok": true, "feeGrowthInside0X128": "38779151620339234776724405514065642", "feeGrowthInside1X128": "106470183088794012934188456256401117874630"}
{"blockNumber":"1395460","poolId":"0x4893a925e4818940e4646fc55cee1d291e0e0c0d46838d2f9620be3d785a8111","stateView":"0xf3334192d15450cdd385c8b70e03f9a6bd9e673b","tickLower":145200,"tickUpper":158400}	{"ok": true, "feeGrowthInside0X128": "0", "feeGrowthInside1X128": "0"}
{"blockNumber":"1395681","poolId":"0xb4bd339bb5961b9c22c97408638ef522a6ad329d8047b8a23b64fe0b4a3e3d0d","stateView":"0xf3334192d15450cdd385c8b70e03f9a6bd9e673b","tickLower":-885000,"tickUpper":885000}	{"ok": true, "feeGrowthInside0X128": "38779151620339234776724405514065642", "feeGrowthInside1X128": "110817975713567106744143291453046205128067"}
{"blockNumber":"1396389","poolId":"0xc07bc00dd4672cacc842f539291d298bea56504fe7adaa69d8533d00dcaea160","stateView":"0xf3334192d15450cdd385c8b70e03f9a6bd9e673b","tickLower":-887000,"tickUpper":887000}	{"ok": true, "feeGrowthInside0X128": "0", "feeGrowthInside1X128": "0"}
{"blockNumber":"1396796","poolId":"0x7da212b1b7b7e0ec676ed27ca9a9b3ef5a37dbd91984d863ed753789c23747e6","stateView":"0xf3334192d15450cdd385c8b70e03f9a6bd9e673b","tickLower":-887200,"tickUpper":196200}	{"ok": true, "feeGrowthInside0X128": "0", "feeGrowthInside1X128": "0"}
{"blockNumber":"1397410","poolId":"0x09165c0aebc5ee58b65d5bfb334747e61e95b899d5dbb085c6d99495eae95a8e","stateView":"0xf3334192d15450cdd385c8b70e03f9a6bd9e673b","tickLower":-887200,"tickUpper":196200}	{"ok": true, "feeGrowthInside0X128": "0", "feeGrowthInside1X128": "0"}
{"blockNumber":"1397744","poolId":"0xec8749b7b64dad7e72535f56c53e3c226b3736b34d78c9d2942a3eb862bed8a3","stateView":"0xf3334192d15450cdd385c8b70e03f9a6bd9e673b","tickLower":-887270,"tickUpper":887270}	{"ok": true, "feeGrowthInside0X128": "0", "feeGrowthInside1X128": "0"}
{"blockNumber":"1398068","poolId":"0xc07bc00dd4672cacc842f539291d298bea56504fe7adaa69d8533d00dcaea160","stateView":"0xf3334192d15450cdd385c8b70e03f9a6bd9e673b","tickLower":-887000,"tickUpper":887000}	{"ok": true, "feeGrowthInside0X128": "8567900182511164329584389408967298", "feeGrowthInside1X128": "12983375858557495074258714780489036155"}
{"blockNumber":"1398919","poolId":"0x4893a925e4818940e4646fc55cee1d291e0e0c0d46838d2f9620be3d785a8111","stateView":"0xf3334192d15450cdd385c8b70e03f9a6bd9e673b","tickLower":145200,"tickUpper":158400}	{"ok": true, "feeGrowthInside0X128": "1238975717654511563721423110362616", "feeGrowthInside1X128": "0"}
{"blockNumber":"1399135","poolId":"0xb4bd339bb5961b9c22c97408638ef522a6ad329d8047b8a23b64fe0b4a3e3d0d","stateView":"0xf3334192d15450cdd385c8b70e03f9a6bd9e673b","tickLower":-885000,"tickUpper":885000}	{"ok": true, "feeGrowthInside0X128": "41501852086713051535579119068646536", "feeGrowthInside1X128": "119092396561444217104013861066855980986604"}
{"blockNumber":"1401031","poolId":"0x4893a925e4818940e4646fc55cee1d291e0e0c0d46838d2f9620be3d785a8111","stateView":"0xf3334192d15450cdd385c8b70e03f9a6bd9e673b","tickLower":145200,"tickUpper":158400}	{"ok": true, "feeGrowthInside0X128": "4600938373086628150140292191974736", "feeGrowthInside1X128": "0"}
{"blockNumber":"1401089","poolId":"0x6ff03107f375083abd490b667dae07c8d42a25c1f201a177cd7b8639ccd5d4e7","stateView":"0xf3334192d15450cdd385c8b70e03f9a6bd9e673b","tickLower":-884800,"tickUpper":884800}	{"ok": true, "feeGrowthInside0X128": "36954092091106707890832950550564513", "feeGrowthInside1X128": "107855640583545839451268773409323711412352"}
{"blockNumber":"1401101","poolId":"0x4893a925e4818940e4646fc55cee1d291e0e0c0d46838d2f9620be3d785a8111","stateView":"0xf3334192d15450cdd385c8b70e03f9a6bd9e673b","tickLower":145200,"tickUpper":158400}	{"ok": true, "feeGrowthInside0X128": "4600938373086628150140292191974736", "feeGrowthInside1X128": "0"}
{"blockNumber":"1402456","poolId":"0xb4bd339bb5961b9c22c97408638ef522a6ad329d8047b8a23b64fe0b4a3e3d0d","stateView":"0xf3334192d15450cdd385c8b70e03f9a6bd9e673b","tickLower":-885000,"tickUpper":885000}	{"ok": true, "feeGrowthInside0X128": "41610292750581149661966753922572694", "feeGrowthInside1X128": "119092396561444217104013861066855980986604"}
{"blockNumber":"1404211","poolId":"0xec8749b7b64dad7e72535f56c53e3c226b3736b34d78c9d2942a3eb862bed8a3","stateView":"0xf3334192d15450cdd385c8b70e03f9a6bd9e673b","tickLower":-887270,"tickUpper":887270}	{"ok": true, "feeGrowthInside0X128": "327448153330053354666257351171", "feeGrowthInside1X128": "32744815332939845836614751732164758267"}
{"blockNumber":"1405190","poolId":"0xb7b16944ab781ab2c770ca0a87aabf1aa4bf24bbb5672829c2c16fe86123776d","stateView":"0xf3334192d15450cdd385c8b70e03f9a6bd9e673b","tickLower":-887272,"tickUpper":887272}	{"ok": true, "feeGrowthInside0X128": "0", "feeGrowthInside1X128": "0"}
{"blockNumber":"1406473","poolId":"0x4893a925e4818940e4646fc55cee1d291e0e0c0d46838d2f9620be3d785a8111","stateView":"0xf3334192d15450cdd385c8b70e03f9a6bd9e673b","tickLower":145200,"tickUpper":158400}	{"ok": true, "feeGrowthInside0X128": "12630589196002699693098546983351247", "feeGrowthInside1X128": "0"}
{"blockNumber":"1421903","poolId":"0x1a4f742818327f79e1751943696c1736060b60e5e5244c597d4bfdf68c6f8c10","stateView":"0xf3334192d15450cdd385c8b70e03f9a6bd9e673b","tickLower":-887200,"tickUpper":196200}	{"ok": true, "feeGrowthInside0X128": "0", "feeGrowthInside1X128": "0"}
{"blockNumber":"1407078","poolId":"0x4893a925e4818940e4646fc55cee1d291e0e0c0d46838d2f9620be3d785a8111","stateView":"0xf3334192d15450cdd385c8b70e03f9a6bd9e673b","tickLower":145200,"tickUpper":158400}	{"ok": true, "feeGrowthInside0X128": "12630589196002699693098546983351247", "feeGrowthInside1X128": "21175379947925653106367192481216306016975"}
{"blockNumber":"1410165","poolId":"0xc752ecbe456e0e319d414757c2baa94097fedcd3231fc5a006a8aacc496936e8","stateView":"0xf3334192d15450cdd385c8b70e03f9a6bd9e673b","tickLower":-887200,"tickUpper":196200}	{"ok": true, "feeGrowthInside0X128": "0", "feeGrowthInside1X128": "0"}
{"blockNumber":"1410282","poolId":"0x4893a925e4818940e4646fc55cee1d291e0e0c0d46838d2f9620be3d785a8111","stateView":"0xf3334192d15450cdd385c8b70e03f9a6bd9e673b","tickLower":145200,"tickUpper":158400}	{"ok": true, "feeGrowthInside0X128": "12630589196002699693098546983351247", "feeGrowthInside1X128": "27816785291421462868772801106611828845161"}
{"blockNumber":"1412438","poolId":"0x4893a925e4818940e4646fc55cee1d291e0e0c0d46838d2f9620be3d785a8111","stateView":"0xf3334192d15450cdd385c8b70e03f9a6bd9e673b","tickLower":145200,"tickUpper":158400}	{"ok": true, "feeGrowthInside0X128": "45818497940659944005113479542054010", "feeGrowthInside1X128": "121188999194219947374375901315377832480069"}
{"blockNumber":"1412447","poolId":"0x84ba044ca16c1ce8e160759105a93447b8112162230a55110ed41e72352c45eb","stateView":"0xf3334192d15450cdd385c8b70e03f9a6bd9e673b","tickLower":-887200,"tickUpper":196200}	{"ok": true, "feeGrowthInside0X128": "0", "feeGrowthInside1X128": "0"}
{"blockNumber":"1413018","poolId":"0xc84043e53a9643ff498555cab69cccc41160b4832b96bf5a45e491f7c22c4f40","stateView":"0xf3334192d15450cdd385c8b70e03f9a6bd9e673b","tickLower":-887272,"tickUpper":-247546}	{"ok": true, "feeGrowthInside0X128": "0", "feeGrowthInside1X128": "0"}
{"blockNumber":"1413023","poolId":"0xc84043e53a9643ff498555cab69cccc41160b4832b96bf5a45e491f7c22c4f40","stateView":"0xf3334192d15450cdd385c8b70e03f9a6bd9e673b","tickLower":-887272,"tickUpper":887272}	{"ok": true, "feeGrowthInside0X128": "0", "feeGrowthInside1X128": "0"}
{"blockNumber":"1413149","poolId":"0x739deae4032ba417775779b9962a36b2a049de004b8964dac5c1c9474fa18824","stateView":"0xf3334192d15450cdd385c8b70e03f9a6bd9e673b","tickLower":-887200,"tickUpper":887200}	{"ok": true, "feeGrowthInside0X128": "178677166730637203740680827137250302", "feeGrowthInside1X128": "424663086482720603610633886605409839641"}
{"blockNumber":"1414248","poolId":"0x0d1b7b9a9c67c1d74c730b6dae9afb6ad96d9f1d8f4d4c7b1cfcaa8c9b583eb3","stateView":"0xf3334192d15450cdd385c8b70e03f9a6bd9e673b","tickLower":-887272,"tickUpper":-223456}	{"ok": true, "feeGrowthInside0X128": "0", "feeGrowthInside1X128": "0"}
{"blockNumber":"1414248","poolId":"0x0d1b7b9a9c67c1d74c730b6dae9afb6ad96d9f1d8f4d4c7b1cfcaa8c9b583eb3","stateView":"0xf3334192d15450cdd385c8b70e03f9a6bd9e673b","tickLower":-887272,"tickUpper":887272}	{"ok": true, "feeGrowthInside0X128": "0", "feeGrowthInside1X128": "0"}
{"blockNumber":"1414500","poolId":"0x4893a925e4818940e4646fc55cee1d291e0e0c0d46838d2f9620be3d785a8111","stateView":"0xf3334192d15450cdd385c8b70e03f9a6bd9e673b","tickLower":145200,"tickUpper":158400}	{"ok": true, "feeGrowthInside0X128": "53807597574651375566334835859223427", "feeGrowthInside1X128": "138610706298368869502203102761164978994324"}
{"blockNumber":"1414622","poolId":"0x02a804c76b6baf3e17e8be8f994008e24258b83ff045aadf594076006604d3e8","stateView":"0xf3334192d15450cdd385c8b70e03f9a6bd9e673b","tickLower":-68600,"tickUpper":-60000}	{"ok": true, "feeGrowthInside0X128": "0", "feeGrowthInside1X128": "0"}
{"blockNumber":"1415332","poolId":"0x02a804c76b6baf3e17e8be8f994008e24258b83ff045aadf594076006604d3e8","stateView":"0xf3334192d15450cdd385c8b70e03f9a6bd9e673b","tickLower":-68600,"tickUpper":-60000}	{"ok": true, "feeGrowthInside0X128": "0", "feeGrowthInside1X128": "0"}
{"blockNumber":"1415825","poolId":"0x4893a925e4818940e4646fc55cee1d291e0e0c0d46838d2f9620be3d785a8111","stateView":"0xf3334192d15450cdd385c8b70e03f9a6bd9e673b","tickLower":145200,"tickUpper":158400}	{"ok": true, "feeGrowthInside0X128": "55038330486729412210067997053919861", "feeGrowthInside1X128": "138610706298368869502203102761164978994324"}
{"blockNumber":"1417198","poolId":"0x6ff03107f375083abd490b667dae07c8d42a25c1f201a177cd7b8639ccd5d4e7","stateView":"0xf3334192d15450cdd385c8b70e03f9a6bd9e673b","tickLower":-884800,"tickUpper":884800}	{"ok": true, "feeGrowthInside0X128": "270737952781328442941368187093875741", "feeGrowthInside1X128": "470752398893662704685424223353114894918255"}
{"blockNumber":"1417261","poolId":"0x6ff03107f375083abd490b667dae07c8d42a25c1f201a177cd7b8639ccd5d4e7","stateView":"0xf3334192d15450cdd385c8b70e03f9a6bd9e673b","tickLower":-884800,"tickUpper":884800}	{"ok": true, "feeGrowthInside0X128": "270737952781328442941368187093875741", "feeGrowthInside1X128": "470752398893662704685424223353114894918255"}
{"blockNumber":"1418215","poolId":"0x4893a925e4818940e4646fc55cee1d291e0e0c0d46838d2f9620be3d785a8111","stateView":"0xf3334192d15450cdd385c8b70e03f9a6bd9e673b","tickLower":145200,"tickUpper":158400}	{"ok": true, "feeGrowthInside0X128": "55038330486729412210067997053919861", "feeGrowthInside1X128": "154162574958251239198173876628687328578417"}
{"blockNumber":"1418274","poolId":"0xb7b16944ab781ab2c770ca0a87aabf1aa4bf24bbb5672829c2c16fe86123776d","stateView":"0xf3334192d15450cdd385c8b70e03f9a6bd9e673b","tickLower":-887272,"tickUpper":887272}	{"ok": true, "feeGrowthInside0X128": "0", "feeGrowthInside1X128": "0"}
{"blockNumber":"1418697","poolId":"0x4893a925e4818940e4646fc55cee1d291e0e0c0d46838d2f9620be3d785a8111","stateView":"0xf3334192d15450cdd385c8b70e03f9a6bd9e673b","tickLower":145200,"tickUpper":158400}	{"ok": true, "feeGrowthInside0X128": "55038330486729412210067997053919861", "feeGrowthInside1X128": "161235503306882406052402215705377122430242"}
{"blockNumber":"1419170","poolId":"0xc4a4b22588dc9be45795a410258507e2cdf4426a7d1dedece4fdaae393e99d93","stateView":"0xf3334192d15450cdd385c8b70e03f9a6bd9e673b","tickLower":-882000,"tickUpper":882000}	{"ok": true, "feeGrowthInside0X128": "0", "feeGrowthInside1X128": "0"}
{"blockNumber":"1419568","poolId":"0xc4a4b22588dc9be45795a410258507e2cdf4426a7d1dedece4fdaae393e99d93","stateView":"0xf3334192d15450cdd385c8b70e03f9a6bd9e673b","tickLower":-882000,"tickUpper":882000}	{"ok": true, "feeGrowthInside0X128": "0", "feeGrowthInside1X128": "0"}
{"blockNumber":"1420225","poolId":"0x4893a925e4818940e4646fc55cee1d291e0e0c0d46838d2f9620be3d785a8111","stateView":"0xf3334192d15450cdd385c8b70e03f9a6bd9e673b","tickLower":145200,"tickUpper":158400}	{"ok": true, "feeGrowthInside0X128": "55038330486729412210067997053919861", "feeGrowthInside1X128": "161235503306882406052402215705377122430242"}
{"blockNumber":"1421068","poolId":"0x84ba044ca16c1ce8e160759105a93447b8112162230a55110ed41e72352c45eb","stateView":"0xf3334192d15450cdd385c8b70e03f9a6bd9e673b","tickLower":-887200,"tickUpper":196200}	{"ok": true, "feeGrowthInside0X128": "0", "feeGrowthInside1X128": "0"}
{"blockNumber":"1424152","poolId":"0xe5d6f50b867a4ae21ca8675fd96a992913616ec52bd681cd0170f4c0b2665406","stateView":"0xf3334192d15450cdd385c8b70e03f9a6bd9e673b","tickLower":-887272,"tickUpper":251220}	{"ok": true, "feeGrowthInside0X128": "0", "feeGrowthInside1X128": "0"}
{"blockNumber":"1424753","poolId":"0x0d1b7b9a9c67c1d74c730b6dae9afb6ad96d9f1d8f4d4c7b1cfcaa8c9b583eb3","stateView":"0xf3334192d15450cdd385c8b70e03f9a6bd9e673b","tickLower":-887272,"tickUpper":-223456}	{"ok": true, "feeGrowthInside0X128": "0", "feeGrowthInside1X128": "0"}
{"blockNumber":"1424760","poolId":"0x0d1b7b9a9c67c1d74c730b6dae9afb6ad96d9f1d8f4d4c7b1cfcaa8c9b583eb3","stateView":"0xf3334192d15450cdd385c8b70e03f9a6bd9e673b","tickLower":-887272,"tickUpper":887272}	{"ok": true, "feeGrowthInside0X128": "0", "feeGrowthInside1X128": "0"}
{"blockNumber":"1426909","poolId":"0xf601da02537272b58a25b3a80579d769d85eda36a69360f2008ff3f136f6dc40","stateView":"0xf3334192d15450cdd385c8b70e03f9a6bd9e673b","tickLower":136800,"tickUpper":151200}	{"ok": true, "feeGrowthInside0X128": "11027582195333387096730155533449987", "feeGrowthInside1X128": "37543757182091876301250229812993094275880"}
{"blockNumber":"1427494","poolId":"0xf601da02537272b58a25b3a80579d769d85eda36a69360f2008ff3f136f6dc40","stateView":"0xf3334192d15450cdd385c8b70e03f9a6bd9e673b","tickLower":136800,"tickUpper":151200}	{"ok": true, "feeGrowthInside0X128": "11027582195333387096730155533449987", "feeGrowthInside1X128": "37543757182091876301250229812993094275880"}
{"blockNumber":"1428541","poolId":"0x02a804c76b6baf3e17e8be8f994008e24258b83ff045aadf594076006604d3e8","stateView":"0xf3334192d15450cdd385c8b70e03f9a6bd9e673b","tickLower":-68600,"tickUpper":-60000}	{"ok": true, "feeGrowthInside0X128": "1621294543169927935499903969708175564", "feeGrowthInside1X128": "6607677567639917546105747014722504"}
{"blockNumber":"1429376","poolId":"0xf5e59ccfac00b8a790d91f3c28145a6cb49bfd1a486744ee33bd88907b9ff7fb","stateView":"0xf3334192d15450cdd385c8b70e03f9a6bd9e673b","tickLower":-887272,"tickUpper":251220}	{"ok": true, "feeGrowthInside0X128": "0", "feeGrowthInside1X128": "0"}
{"blockNumber":"1429620","poolId":"0x4893a925e4818940e4646fc55cee1d291e0e0c0d46838d2f9620be3d785a8111","stateView":"0xf3334192d15450cdd385c8b70e03f9a6bd9e673b","tickLower":145200,"tickUpper":158400}	{"ok": true, "feeGrowthInside0X128": "591447097164113125709975895469899628", "feeGrowthInside1X128": "818713477848359370628476855501076188744752"}
{"blockNumber":"1430065","poolId":"0xdc22e94dc4b6422e8e5d7fffe368c2292a2b27750b66d1502f986044469afda7","stateView":"0xf3334192d15450cdd385c8b70e03f9a6bd9e673b","tickLower":-885000,"tickUpper":885000}	{"ok": true, "feeGrowthInside0X128": "0", "feeGrowthInside1X128": "0"}
{"blockNumber":"1430866","poolId":"0xdc22e94dc4b6422e8e5d7fffe368c2292a2b27750b66d1502f986044469afda7","stateView":"0xf3334192d15450cdd385c8b70e03f9a6bd9e673b","tickLower":-885000,"tickUpper":885000}	{"ok": true, "feeGrowthInside0X128": "0", "feeGrowthInside1X128": "55497300653995260707722568892138040487325"}
{"blockNumber":"1431110","poolId":"0xdc22e94dc4b6422e8e5d7fffe368c2292a2b27750b66d1502f986044469afda7","stateView":"0xf3334192d15450cdd385c8b70e03f9a6bd9e673b","tickLower":-885000,"tickUpper":885000}	{"ok": true, "feeGrowthInside0X128": "0", "feeGrowthInside1X128": "55497300653995260707722568892138040487325"}
{"blockNumber":"1434173","poolId":"0xdc22e94dc4b6422e8e5d7fffe368c2292a2b27750b66d1502f986044469afda7","stateView":"0xf3334192d15450cdd385c8b70e03f9a6bd9e673b","tickLower":-885000,"tickUpper":885000}	{"ok": true, "feeGrowthInside0X128": "1714634979153439227815803684154080", "feeGrowthInside1X128": "61931112802496742690869918634227219871939"}
{"blockNumber":"1434236","poolId":"0xbf2c2c83c7c2730537599555f22aae789a810236bd5d102b5506ce62965bf1f4","stateView":"0xf3334192d15450cdd385c8b70e03f9a6bd9e673b","tickLower":-887220,"tickUpper":887220}	{"ok": true, "feeGrowthInside0X128": "0", "feeGrowthInside1X128": "0"}
{"blockNumber":"1434699","poolId":"0xdc22e94dc4b6422e8e5d7fffe368c2292a2b27750b66d1502f986044469afda7","stateView":"0xf3334192d15450cdd385c8b70e03f9a6bd9e673b","tickLower":-885000,"tickUpper":885000}	{"ok": true, "feeGrowthInside0X128": "1714634979153439227815803684154080", "feeGrowthInside1X128": "61931112802496742690869918634227219871939"}
{"blockNumber":"1434841","poolId":"0x6ff03107f375083abd490b667dae07c8d42a25c1f201a177cd7b8639ccd5d4e7","stateView":"0xf3334192d15450cdd385c8b70e03f9a6bd9e673b","tickLower":-884800,"tickUpper":884800}	{"ok": true, "feeGrowthInside0X128": "273275951840201424789911420674059501", "feeGrowthInside1X128": "499705754972307733054164021938762694621802"}
{"blockNumber":"1434878","poolId":"0xbf2c2c83c7c2730537599555f22aae789a810236bd5d102b5506ce62965bf1f4","stateView":"0xf3334192d15450cdd385c8b70e03f9a6bd9e673b","tickLower":-887220,"tickUpper":887220}	{"ok": true, "feeGrowthInside0X128": "0", "feeGrowthInside1X128": "1756368684966074456263269917834376440506"}
{"blockNumber":"1435228","poolId":"0xbf2c2c83c7c2730537599555f22aae789a810236bd5d102b5506ce62965bf1f4","stateView":"0xf3334192d15450cdd385c8b70e03f9a6bd9e673b","tickLower":-887220,"tickUpper":887220}	{"ok": true, "feeGrowthInside0X128": "0", "feeGrowthInside1X128": "1756368684966074456263269917834376440506"}
{"blockNumber":"1435308","poolId":"0x4893a925e4818940e4646fc55cee1d291e0e0c0d46838d2f9620be3d785a8111","stateView":"0xf3334192d15450cdd385c8b70e03f9a6bd9e673b","tickLower":145200,"tickUpper":158400}	{"ok": true, "feeGrowthInside0X128": "0", "feeGrowthInside1X128": "0"}
{"blockNumber":"1435336","poolId":"0x405192f1df2786b530f243d43f4782ab9425f3b0747e140eaf8a4fc79bf1ad39","stateView":"0xf3334192d15450cdd385c8b70e03f9a6bd9e673b","tickLower":-887200,"tickUpper":887200}	{"ok": true, "feeGrowthInside0X128": "0", "feeGrowthInside1X128": "0"}
{"blockNumber":"1435414","poolId":"0xe0d49c36584bde0d41445e398d995e52bab2d9704ba99218dde93c26ce95aa94","stateView":"0xf3334192d15450cdd385c8b70e03f9a6bd9e673b","tickLower":-887272,"tickUpper":251220}	{"ok": true, "feeGrowthInside0X128": "0", "feeGrowthInside1X128": "0"}
{"blockNumber":"1435725","poolId":"0x6ff03107f375083abd490b667dae07c8d42a25c1f201a177cd7b8639ccd5d4e7","stateView":"0xf3334192d15450cdd385c8b70e03f9a6bd9e673b","tickLower":-884800,"tickUpper":884800}	{"ok": true, "feeGrowthInside0X128": "277638074514306279833089368549839606", "feeGrowthInside1X128": "507812694674328341988828076196137246101370"}
{"blockNumber":"1436230","poolId":"0x4893a925e4818940e4646fc55cee1d291e0e0c0d46838d2f9620be3d785a8111","stateView":"0xf3334192d15450cdd385c8b70e03f9a6bd9e673b","tickLower":145200,"tickUpper":158400}	{"ok": true, "feeGrowthInside0X128": "591447097164113125709975895469899628", "feeGrowthInside1X128": "833081381014657063545440890000677236642296"}
{"blockNumber":"1436447","poolId":"0x6ff03107f375083abd490b667dae07c8d42a25c1f201a177cd7b8639ccd5d4e7","stateView":"0xf3334192d15450cdd385c8b70e03f9a6bd9e673b","tickLower":-884800,"tickUpper":884800}	{"ok": true, "feeGrowthInside0X128": "277638074514306279833089368549839606", "feeGrowthInside1X128": "517328123595237391320846932750218205048998"}
{"blockNumber":"1436732","poolId":"0xc1dc79a10105ee190f978e976e9b58edfb4e82dc5e2dd56bcb0b024a44e59533","stateView":"0xf3334192d15450cdd385c8b70e03f9a6bd9e673b","tickLower":-883200,"tickUpper":883200}	{"ok": true, "feeGrowthInside0X128": "11427396095552471804902605866500398", "feeGrowthInside1X128": "0"}
{"blockNumber":"1436838","poolId":"0x6ff03107f375083abd490b667dae07c8d42a25c1f201a177cd7b8639ccd5d4e7","stateView":"0xf3334192d15450cdd385c8b70e03f9a6bd9e673b","tickLower":145600,"tickUpper":162400}	{"ok": true, "feeGrowthInside0X128": "0", "feeGrowthInside1X128": "0"}
{"blockNumber":"1438186","poolId":"0xcb092cd7551730bc871ba0fd9917f7169d292649a0466c4999cfbd4797d32d1c","stateView":"0xf3334192d15450cdd385c8b70e03f9a6bd9e673b","tickLower":-887272,"tickUpper":-247546}	{"ok": true, "feeGrowthInside0X128": "0", "feeGrowthInside1X128": "0"}
{"blockNumber":"1438186","poolId":"0xcb092cd7551730bc871ba0fd9917f7169d292649a0466c4999cfbd4797d32d1c","stateView":"0xf3334192d15450cdd385c8b70e03f9a6bd9e673b","tickLower":-887272,"tickUpper":887272}	{"ok": true, "feeGrowthInside0X128": "0", "feeGrowthInside1X128": "0"}
{"blockNumber":"1438732","poolId":"0xcb092cd7551730bc871ba0fd9917f7169d292649a0466c4999cfbd4797d32d1c","stateView":"0xf3334192d15450cdd385c8b70e03f9a6bd9e673b","tickLower":-887272,"tickUpper":-247546}	{"ok": true, "feeGrowthInside0X128": "0", "feeGrowthInside1X128": "0"}
{"blockNumber":"1438738","poolId":"0xcb092cd7551730bc871ba0fd9917f7169d292649a0466c4999cfbd4797d32d1c","stateView":"0xf3334192d15450cdd385c8b70e03f9a6bd9e673b","tickLower":-887272,"tickUpper":887272}	{"ok": true, "feeGrowthInside0X128": "0", "feeGrowthInside1X128": "0"}
{"blockNumber":"1439493","poolId":"0x6ff03107f375083abd490b667dae07c8d42a25c1f201a177cd7b8639ccd5d4e7","stateView":"0xf3334192d15450cdd385c8b70e03f9a6bd9e673b","tickLower":-884800,"tickUpper":884800}	{"ok": true, "feeGrowthInside0X128": "278936203837881091632272266967117351", "feeGrowthInside1X128": "519992443693091925133812490272266348450229"}
{"blockNumber":"1444274","poolId":"0xf601da02537272b58a25b3a80579d769d85eda36a69360f2008ff3f136f6dc40","stateView":"0xf3334192d15450cdd385c8b70e03f9a6bd9e673b","tickLower":136800,"tickUpper":151200}	{"ok": true, "feeGrowthInside0X128": "0", "feeGrowthInside1X128": "0"}
{"blockNumber":"1444637","poolId":"0x4893a925e4818940e4646fc55cee1d291e0e0c0d46838d2f9620be3d785a8111","stateView":"0xf3334192d15450cdd385c8b70e03f9a6bd9e673b","tickLower":132000,"tickUpper":151800}	{"ok": true, "feeGrowthInside0X128": "0", "feeGrowthInside1X128": "0"}
{"blockNumber":"1445698","poolId":"0xd313d79d9d6a714e7bdf02fc42a2c27ede7e51928ffd605126fe9e1192630cf8","stateView":"0xf3334192d15450cdd385c8b70e03f9a6bd9e673b","tickLower":-202920,"tickUpper":-201960}	{"ok": true, "feeGrowthInside0X128": "0", "feeGrowthInside1X128": "0"}
{"blockNumber":"1445962","poolId":"0xd313d79d9d6a714e7bdf02fc42a2c27ede7e51928ffd605126fe9e1192630cf8","stateView":"0xf3334192d15450cdd385c8b70e03f9a6bd9e673b","tickLower":-202920,"tickUpper":-201960}	{"ok": true, "feeGrowthInside0X128": "0", "feeGrowthInside1X128": "0"}
{"blockNumber":"1446260","poolId":"0x405192f1df2786b530f243d43f4782ab9425f3b0747e140eaf8a4fc79bf1ad39","stateView":"0xf3334192d15450cdd385c8b70e03f9a6bd9e673b","tickLower":-887200,"tickUpper":887200}	{"ok": true, "feeGrowthInside0X128": "0", "feeGrowthInside1X128": "272849104600971243437551812193223841860"}
{"blockNumber":"1446517","poolId":"0x6ff03107f375083abd490b667dae07c8d42a25c1f201a177cd7b8639ccd5d4e7","stateView":"0xf3334192d15450cdd385c8b70e03f9a6bd9e673b","tickLower":-884800,"tickUpper":884800}	{"ok": true, "feeGrowthInside0X128": "294932898468749168242756723675058419", "feeGrowthInside1X128": "536813138000414810932788498254982322003737"}
{"blockNumber":"1446539","poolId":"0x6ff03107f375083abd490b667dae07c8d42a25c1f201a177cd7b8639ccd5d4e7","stateView":"0xf3334192d15450cdd385c8b70e03f9a6bd9e673b","tickLower":145600,"tickUpper":162400}	{"ok": true, "feeGrowthInside0X128": "17294823954442888409667355125218813", "feeGrowthInside1X128": "16820694307322885798976007982715973553508"}
{"blockNumber":"1447455","poolId":"0x4893a925e4818940e4646fc55cee1d291e0e0c0d46838d2f9620be3d785a8111","stateView":"0xf3334192d15450cdd385c8b70e03f9a6bd9e673b","tickLower":132000,"tickUpper":151800}	{"ok": true, "feeGrowthInside0X128": "9370713929539834249049605558828967", "feeGrowthInside1X128": "0"}
{"blockNumber":"1449186","poolId":"0x6ff03107f375083abd490b667dae07c8d42a25c1f201a177cd7b8639ccd5d4e7","stateView":"0xf3334192d15450cdd385c8b70e03f9a6bd9e673b","tickLower":145600,"tickUpper":162400}	{"ok": true, "feeGrowthInside0X128": "17294823954442888409667355125218813", "feeGrowthInside1X128": "18141693974388512706980304644007029316948"}
{"blockNumber":"1449254","poolId":"0x6ff03107f375083abd490b667dae07c8d42a25c1f201a177cd7b8639ccd5d4e7","stateView":"0xf3334192d15450cdd385c8b70e03f9a6bd9e673b","tickLower":145600,"tickUpper":162400}	{"ok": true, "feeGrowthInside0X128": "294932898468749168242756723675058419", "feeGrowthInside1X128": "538134137667480437840792794916273377767177"}
{"blockNumber":"1450026","poolId":"0x02a804c76b6baf3e17e8be8f994008e24258b83ff045aadf594076006604d3e8","stateView":"0xf3334192d15450cdd385c8b70e03f9a6bd9e673b","tickLower":-64800,"tickUpper":-58000}	{"ok": true, "feeGrowthInside0X128": "0", "feeGrowthInside1X128": "0"}
{"blockNumber":"1450402","poolId":"0x6ff03107f375083abd490b667dae07c8d42a25c1f201a177cd7b8639ccd5d4e7","stateView":"0xf3334192d15450cdd385c8b70e03f9a6bd9e673b","tickLower":151200,"tickUpper":156800}	{"ok": true, "feeGrowthInside0X128": "0", "feeGrowthInside1X128": "0"}
{"blockNumber":"1450472","poolId":"0x02a804c76b6baf3e17e8be8f994008e24258b83ff045aadf594076006604d3e8","stateView":"0xf3334192d15450cdd385c8b70e03f9a6bd9e673b","tickLower":-64800,"tickUpper":-58000}	{"ok": true, "feeGrowthInside0X128": "0", "feeGrowthInside1X128": "0"}
{"blockNumber":"1450614","poolId":"0x6ff03107f375083abd490b667dae07c8d42a25c1f201a177cd7b8639ccd5d4e7","stateView":"0xf3334192d15450cdd385c8b70e03f9a6bd9e673b","tickLower":151200,"tickUpper":156800}	{"ok": true, "feeGrowthInside0X128": "0", "feeGrowthInside1X128": "0"}
{"blockNumber":"1452289","poolId":"0x6ff03107f375083abd490b667dae07c8d42a25c1f201a177cd7b8639ccd5d4e7","stateView":"0xf3334192d15450cdd385c8b70e03f9a6bd9e673b","tickLower":145600,"tickUpper":156800}	{"ok": true, "feeGrowthInside0X128": "0", "feeGrowthInside1X128": "0"}
{"blockNumber":"1453655","poolId":"0x4893a925e4818940e4646fc55cee1d291e0e0c0d46838d2f9620be3d785a8111","stateView":"0xf3334192d15450cdd385c8b70e03f9a6bd9e673b","tickLower":125400,"tickUpper":165000}	{"ok": true, "feeGrowthInside0X128": "268950670469625523270044028680694438", "feeGrowthInside1X128": "374440652112320944004158017824080275104560"}
{"blockNumber":"1456316","poolId":"0xb0994867235a74c58cdc488196b1709d44709ccdd3584f55b9a3b3dc9fe1fcfa","stateView":"0xf3334192d15450cdd385c8b70e03f9a6bd9e673b","tickLower":-887200,"tickUpper":92000}	{"ok": true, "feeGrowthInside0X128": "0", "feeGrowthInside1X128": "0"}
{"blockNumber":"1456824","poolId":"0x4893a925e4818940e4646fc55cee1d291e0e0c0d46838d2f9620be3d785a8111","stateView":"0xf3334192d15450cdd385c8b70e03f9a6bd9e673b","tickLower":125400,"tickUpper":165000}	{"ok": true, "feeGrowthInside0X128": "268950670469625523270044028680694438", "feeGrowthInside1X128": "374440652112320944004158017824080275104560"}
{"blockNumber":"1459914","poolId":"0x5814c270ad43b1bee3d76e3597df3f95a73879283d7fccf182f0040a630665e7","stateView":"0xf3334192d15450cdd385c8b70e03f9a6bd9e673b","tickLower":-887200,"tickUpper":196200}	{"ok": true, "feeGrowthInside0X128": "0", "feeGrowthInside1X128": "0"}
{"blockNumber":"1460115","poolId":"0x4208cb70b14edf91d8769cc0a0b0d485944dd5f5d917216809c147395a4a4a93","stateView":"0xf3334192d15450cdd385c8b70e03f9a6bd9e673b","tickLower":210000,"tickUpper":216000}	{"ok": true, "feeGrowthInside0X128": "0", "feeGrowthInside1X128": "0"}
{"blockNumber":"1461539","poolId":"0x4208cb70b14edf91d8769cc0a0b0d485944dd5f5d917216809c147395a4a4a93","stateView":"0xf3334192d15450cdd385c8b70e03f9a6bd9e673b","tickLower":210000,"tickUpper":216000}	{"ok": true, "feeGrowthInside0X128": "0", "feeGrowthInside1X128": "0"}
{"blockNumber":"1466111","poolId":"0x243b7352c2c4e8bf89b9897329c60916e2a4560dea67641f84c76394f9ef7c1c","stateView":"0xf3334192d15450cdd385c8b70e03f9a6bd9e673b","tickLower":-887270,"tickUpper":-383610}	{"ok": true, "feeGrowthInside0X128": "0", "feeGrowthInside1X128": "0"}
{"blockNumber":"1466111","poolId":"0x243b7352c2c4e8bf89b9897329c60916e2a4560dea67641f84c76394f9ef7c1c","stateView":"0xf3334192d15450cdd385c8b70e03f9a6bd9e673b","tickLower":-887270,"tickUpper":887270}	{"ok": true, "feeGrowthInside0X128": "0", "feeGrowthInside1X128": "0"}
{"blockNumber":"1469568","poolId":"0x6ff03107f375083abd490b667dae07c8d42a25c1f201a177cd7b8639ccd5d4e7","stateView":"0xf3334192d15450cdd385c8b70e03f9a6bd9e673b","tickLower":145600,"tickUpper":156800}	{"ok": true, "feeGrowthInside0X128": "1137567985397092711549730568872062", "feeGrowthInside1X128": "40255538645039602500238644943636994239754"}
{"blockNumber":"1471404","poolId":"0x243b7352c2c4e8bf89b9897329c60916e2a4560dea67641f84c76394f9ef7c1c","stateView":"0xf3334192d15450cdd385c8b70e03f9a6bd9e673b","tickLower":-887270,"tickUpper":-383610}	{"ok": true, "feeGrowthInside0X128": "0", "feeGrowthInside1X128": "0"}
{"blockNumber":"1471410","poolId":"0x243b7352c2c4e8bf89b9897329c60916e2a4560dea67641f84c76394f9ef7c1c","stateView":"0xf3334192d15450cdd385c8b70e03f9a6bd9e673b","tickLower":-887270,"tickUpper":887270}	{"ok": true, "feeGrowthInside0X128": "0", "feeGrowthInside1X128": "0"}
{"blockNumber":"1472579","poolId":"0x3574e813290119f59b3246713e3601032b5d2c74b7fdb3ec615099303482d310","stateView":"0xf3334192d15450cdd385c8b70e03f9a6bd9e673b","tickLower":293610,"tickUpper":887270}	{"ok": true, "feeGrowthInside0X128": "0", "feeGrowthInside1X128": "0"}
{"blockNumber":"1472579","poolId":"0x3574e813290119f59b3246713e3601032b5d2c74b7fdb3ec615099303482d310","stateView":"0xf3334192d15450cdd385c8b70e03f9a6bd9e673b","tickLower":-887270,"tickUpper":887270}	{"ok": true, "feeGrowthInside0X128": "0", "feeGrowthInside1X128": "0"}
{"blockNumber":"1472853","poolId":"0x4893a925e4818940e4646fc55cee1d291e0e0c0d46838d2f9620be3d785a8111","stateView":"0xf3334192d15450cdd385c8b70e03f9a6bd9e673b","tickLower":132000,"tickUpper":151800}	{"ok": true, "feeGrowthInside0X128": "9370713929539834249049605558828967", "feeGrowthInside1X128": "31614169041037683985950932072096361341694"}
{"blockNumber":"1472977","poolId":"0x4893a925e4818940e4646fc55cee1d291e0e0c0d46838d2f9620be3d785a8111","stateView":"0xf3334192d15450cdd385c8b70e03f9a6bd9e673b","tickLower":132000,"tickUpper":151800}	{"ok": true, "feeGrowthInside0X128": "9370713929539834249049605558828967", "feeGrowthInside1X128": "31614169041037683985950932072096361341694"}
{"blockNumber":"1475466","poolId":"0x4893a925e4818940e4646fc55cee1d291e0e0c0d46838d2f9620be3d785a8111","stateView":"0xf3334192d15450cdd385c8b70e03f9a6bd9e673b","tickLower":132000,"tickUpper":151800}	{"ok": true, "feeGrowthInside0X128": "9370713929539834249049605558828967", "feeGrowthInside1X128": "31614169041037683985950932072096361341694"}
{"blockNumber":"1476821","poolId":"0x0751658ed7c56e1163bc920cfec63f0881eeb754e4cf9e68e40f1c773671c877","stateView":"0xf3334192d15450cdd385c8b70e03f9a6bd9e673b","tickLower":142800,"tickUpper":148800}	{"ok": true, "feeGrowthInside0X128": "0", "feeGrowthInside1X128": "0"}
{"blockNumber":"1477486","poolId":"0x0751658ed7c56e1163bc920cfec63f0881eeb754e4cf9e68e40f1c773671c877","stateView":"0xf3334192d15450cdd385c8b70e03f9a6bd9e673b","tickLower":142800,"tickUpper":148800}	{"ok": true, "feeGrowthInside0X128": "0", "feeGrowthInside1X128": "0"}
{"blockNumber":"1482835","poolId":"0x3574e813290119f59b3246713e3601032b5d2c74b7fdb3ec615099303482d310","stateView":"0xf3334192d15450cdd385c8b70e03f9a6bd9e673b","tickLower":293610,"tickUpper":887270}	{"ok": true, "feeGrowthInside0X128": "0", "feeGrowthInside1X128": "0"}
{"blockNumber":"1482841","poolId":"0x3574e813290119f59b3246713e3601032b5d2c74b7fdb3ec615099303482d310","stateView":"0xf3334192d15450cdd385c8b70e03f9a6bd9e673b","tickLower":-887270,"tickUpper":887270}	{"ok": true, "feeGrowthInside0X128": "0", "feeGrowthInside1X128": "0"}
{"blockNumber":"1487398","poolId":"0x24bff7b4e60577c341c93ebd957b6590c3d1343f5aa4ab1a6008c10e2878b734","stateView":"0xf3334192d15450cdd385c8b70e03f9a6bd9e673b","tickLower":-887220,"tickUpper":887220}	{"ok": true, "feeGrowthInside0X128": "0", "feeGrowthInside1X128": "0"}
{"blockNumber":"1487730","poolId":"0x089e40bebd7b68de474f923be35db928f21b9d4f6f231e4fcbee47f3d5f9b7fd","stateView":"0xf3334192d15450cdd385c8b70e03f9a6bd9e673b","tickLower":-887200,"tickUpper":887200}	{"ok": true, "feeGrowthInside0X128": "0", "feeGrowthInside1X128": "0"}
{"blockNumber":"1488785","poolId":"0x089e40bebd7b68de474f923be35db928f21b9d4f6f231e4fcbee47f3d5f9b7fd","stateView":"0xf3334192d15450cdd385c8b70e03f9a6bd9e673b","tickLower":-887200,"tickUpper":887200}	{"ok": true, "feeGrowthInside0X128": "0", "feeGrowthInside1X128": "703070778798121674595944916486062372286"}
{"blockNumber":"1491698","poolId":"0x24bff7b4e60577c341c93ebd957b6590c3d1343f5aa4ab1a6008c10e2878b734","stateView":"0xf3334192d15450cdd385c8b70e03f9a6bd9e673b","tickLower":-887220,"tickUpper":887220}	{"ok": true, "feeGrowthInside0X128": "39392308611624501686887300605221", "feeGrowthInside1X128": "10068525380598349579265957112154535428735"}
{"blockNumber":"1495210","poolId":"0xaa8039d8e39d2bbcae23762e71f5a12162875a61848f0d96914c827f61877ef6","stateView":"0xf3334192d15450cdd385c8b70e03f9a6bd9e673b","tickLower":18000,"tickUpper":25000}	{"ok": true, "feeGrowthInside0X128": "0", "feeGrowthInside1X128": "0"}
{"blockNumber":"1496185","poolId":"0x98be496c51741e7a41b565aa52ba2731e8bb17e45246e220729cfbf835d84fd8","stateView":"0xf3334192d15450cdd385c8b70e03f9a6bd9e673b","tickLower":222000,"tickUpper":225000}	{"ok": true, "feeGrowthInside0X128": "0", "feeGrowthInside1X128": "0"}
{"blockNumber":"1497408","poolId":"0xf4dda6b92ccfaa5db9d241651557195e3ef3959f1bbedb2acc38c57919a18052","stateView":"0xf3334192d15450cdd385c8b70e03f9a6bd9e673b","tickLower":13000,"tickUpper":20000}	{"ok": true, "feeGrowthInside0X128": "0", "feeGrowthInside1X128": "0"}
{"blockNumber":"1497459","poolId":"0x089e40bebd7b68de474f923be35db928f21b9d4f6f231e4fcbee47f3d5f9b7fd","stateView":"0xf3334192d15450cdd385c8b70e03f9a6bd9e673b","tickLower":-887200,"tickUpper":887200}	{"ok": true, "feeGrowthInside0X128": "11789929207474556284697872892857", "feeGrowthInside1X128": "4712269581455165041075635724042536034648"}
{"blockNumber":"1497937","poolId":"0xab55d82d96ef264cf482851acd7429cbe19df98bac8b32c0ab752d112630cd07","stateView":"0xf3334192d15450cdd385c8b70e03f9a6bd9e673b","tickLower":-887272,"tickUpper":887272}	{"ok": true, "feeGrowthInside0X128": "0", "feeGrowthInside1X128": "0"}
{"blockNumber":"1498257","poolId":"0x36b9a6280ac5ac147255a45b33f5bcdc61b073ad829403e681a78cd81476354e","stateView":"0xf3334192d15450cdd385c8b70e03f9a6bd9e673b","tickLower":216000,"tickUpper":223000}	{"ok": true, "feeGrowthInside0X128": "0", "feeGrowthInside1X128": "0"}
{"blockNumber":"1499193","poolId":"0xab55d82d96ef264cf482851acd7429cbe19df98bac8b32c0ab752d112630cd07","stateView":"0xf3334192d15450cdd385c8b70e03f9a6bd9e673b","tickLower":-887272,"tickUpper":887272}	{"ok": true, "feeGrowthInside0X128": "0", "feeGrowthInside1X128": "0"}
{"blockNumber":"1499509","poolId":"0xab55d82d96ef264cf482851acd7429cbe19df98bac8b32c0ab752d112630cd07","stateView":"0xf3334192d15450cdd385c8b70e03f9a6bd9e673b","tickLower":-887272,"tickUpper":887272}	{"ok": true, "feeGrowthInside0X128": "0", "feeGrowthInside1X128": "0"}
{"blockNumber":"1500808","poolId":"0xab55d82d96ef264cf482851acd7429cbe19df98bac8b32c0ab752d112630cd07","stateView":"0xf3334192d15450cdd385c8b70e03f9a6bd9e673b","tickLower":-887272,"tickUpper":887272}	{"ok": true, "feeGrowthInside0X128": "0", "feeGrowthInside1X128": "0"}
{"blockNumber":"1501985","poolId":"0x3046e8161c17979455f6825c1c6180b647c7d000c1e90b4804b5ae09918909b2","stateView":"0xf3334192d15450cdd385c8b70e03f9a6bd9e673b","tickLower":-887268,"tickUpper":887268}	{"ok": true, "feeGrowthInside0X128": "0", "feeGrowthInside1X128": "0"}
{"blockNumber":"1502199","poolId":"0x5b997165252fe365e170433e1f743eb088952ca28312069780db630c9057c1a5","stateView":"0xf3334192d15450cdd385c8b70e03f9a6bd9e673b","tickLower":-887200,"tickUpper":887200}	{"ok": true, "feeGrowthInside0X128": "0", "feeGrowthInside1X128": "0"}
{"blockNumber":"1502273","poolId":"0x3046e8161c17979455f6825c1c6180b647c7d000c1e90b4804b5ae09918909b2","stateView":"0xf3334192d15450cdd385c8b70e03f9a6bd9e673b","tickLower":-887268,"tickUpper":887268}	{"ok": true, "feeGrowthInside0X128": "0", "feeGrowthInside1X128": "0"}
{"blockNumber":"1503230","poolId":"0x7cf7a805185bce4766278dc4e4047fbc5d8e2bc8a33b3268270d43b86e10236b","stateView":"0xf3334192d15450cdd385c8b70e03f9a6bd9e673b","tickLower":20000,"tickUpper":26000}	{"ok": true, "feeGrowthInside0X128": "0", "feeGrowthInside1X128": "0"}
{"blockNumber":"1503245","poolId":"0x5b997165252fe365e170433e1f743eb088952ca28312069780db630c9057c1a5","stateView":"0xf3334192d15450cdd385c8b70e03f9a6bd9e673b","tickLower":-887200,"tickUpper":887200}	{"ok": true, "feeGrowthInside0X128": "130090801226754422040233310365383", "feeGrowthInside1X128": "683341211900370795169362067539335165792"}
{"blockNumber":"1503816","poolId":"0x343afe28793b47e767de391e17a5c4e9422e3c57c29fd605963b105215b78a27","stateView":"0xf3334192d15450cdd385c8b70e03f9a6bd9e673b","tickLower":-887272,"tickUpper":887272}	{"ok": true, "feeGrowthInside0X128": "0", "feeGrowthInside1X128": "0"}
{"blockNumber":"1504305","poolId":"0x7299841b076c2e7021cc1cad26b0f96046a32bd5212851b68ee3cf1958f57e3d","stateView":"0xf3334192d15450cdd385c8b70e03f9a6bd9e673b","tickLower":7000,"tickUpper":14000}	{"ok": true, "feeGrowthInside0X128": "0", "feeGrowthInside1X128": "0"}
{"blockNumber":"1505923","poolId":"0x343afe28793b47e767de391e17a5c4e9422e3c57c29fd605963b105215b78a27","stateView":"0xf3334192d15450cdd385c8b70e03f9a6bd9e673b","tickLower":-887272,"tickUpper":887272}	{"ok": true, "feeGrowthInside0X128": "0", "feeGrowthInside1X128": "0"}
{"blockNumber":"1510677","poolId":"0xff98dc02b8d7ca9f75d46e6c8335e82334e37d1385c2d84e65900531d211ee86","stateView":"0xf3334192d15450cdd385c8b70e03f9a6bd9e673b","tickLower":-887270,"tickUpper":-351420}	{"ok": true, "feeGrowthInside0X128": "0", "feeGrowthInside1X128": "0"}
{"blockNumber":"1510677","poolId":"0xff98dc02b8d7ca9f75d46e6c8335e82334e37d1385c2d84e65900531d211ee86","stateView":"0xf3334192d15450cdd385c8b70e03f9a6bd9e673b","tickLower":-887270,"tickUpper":887270}	{"ok": true, "feeGrowthInside0X128": "0", "feeGrowthInside1X128": "0"}
{"blockNumber":"1514366","poolId":"0x739deae4032ba417775779b9962a36b2a049de004b8964dac5c1c9474fa18824","stateView":"0xf3334192d15450cdd385c8b70e03f9a6bd9e673b","tickLower":-887200,"tickUpper":887200}	{"ok": true, "feeGrowthInside0X128": "179163169949867235786431347383675893", "feeGrowthInside1X128": "548193854181330414735588904321495231657"}
{"blockNumber":"1514417","poolId":"0x22cc4328021c1916e1f058eb60ec38f99a3e24524bbefa3e1f490d0c9d13f6d8","stateView":"0xf3334192d15450cdd385c8b70e03f9a6bd9e673b","tickLower":-887200,"tickUpper":230400}	{"ok": true, "feeGrowthInside0X128": "0", "feeGrowthInside1X128": "0"}
{"blockNumber":"1514469","poolId":"0x739deae4032ba417775779b9962a36b2a049de004b8964dac5c1c9474fa18824","stateView":"0xf3334192d15450cdd385c8b70e03f9a6bd9e673b","tickLower":-887200,"tickUpper":887200}	{"ok": true, "feeGrowthInside0X128": "179163169949867235786431347383675893", "feeGrowthInside1X128": "548193854181330414735588904321495231657"}
{"blockNumber":"1519551","poolId":"0x739deae4032ba417775779b9962a36b2a049de004b8964dac5c1c9474fa18824","stateView":"0xf3334192d15450cdd385c8b70e03f9a6bd9e673b","tickLower":-887200,"tickUpper":887200}	{"ok": true, "feeGrowthInside0X128": "179163169949867235786431347383675893", "feeGrowthInside1X128": "548193854181330414735588904321495231657"}
{"blockNumber":"1519684","poolId":"0x739deae4032ba417775779b9962a36b2a049de004b8964dac5c1c9474fa18824","stateView":"0xf3334192d15450cdd385c8b70e03f9a6bd9e673b","tickLower":-887200,"tickUpper":887200}	{"ok": true, "feeGrowthInside0X128": "179163169949867235786431347383675893", "feeGrowthInside1X128": "548193854181330414735588904321495231657"}
{"blockNumber":"1519826","poolId":"0x739deae4032ba417775779b9962a36b2a049de004b8964dac5c1c9474fa18824","stateView":"0xf3334192d15450cdd385c8b70e03f9a6bd9e673b","tickLower":-887200,"tickUpper":887200}	{"ok": true, "feeGrowthInside0X128": "179163169949867235786431347383675893", "feeGrowthInside1X128": "548193854181330414735588904321495231657"}
{"blockNumber":"1529068","poolId":"0xff98dc02b8d7ca9f75d46e6c8335e82334e37d1385c2d84e65900531d211ee86","stateView":"0xf3334192d15450cdd385c8b70e03f9a6bd9e673b","tickLower":-887270,"tickUpper":-351420}	{"ok": true, "feeGrowthInside0X128": "0", "feeGrowthInside1X128": "0"}
{"blockNumber":"1529073","poolId":"0xff98dc02b8d7ca9f75d46e6c8335e82334e37d1385c2d84e65900531d211ee86","stateView":"0xf3334192d15450cdd385c8b70e03f9a6bd9e673b","tickLower":-887270,"tickUpper":887270}	{"ok": true, "feeGrowthInside0X128": "53857223576806523472340849942545", "feeGrowthInside1X128": "24467202634327552413391759237400655419"}
{"blockNumber":"1531727","poolId":"0x6ff03107f375083abd490b667dae07c8d42a25c1f201a177cd7b8639ccd5d4e7","stateView":"0xf3334192d15450cdd385c8b70e03f9a6bd9e673b","tickLower":145600,"tickUpper":156800}	{"ok": true, "feeGrowthInside0X128": "4386264847936390140183620218765512", "feeGrowthInside1X128": "111162167483674509117395792674196638759573"}
{"blockNumber":"1532213","poolId":"0x6ff03107f375083abd490b667dae07c8d42a25c1f201a177cd7b8639ccd5d4e7","stateView":"0xf3334192d15450cdd385c8b70e03f9a6bd9e673b","tickLower":145600,"tickUpper":156800}	{"ok": true, "feeGrowthInside0X128": "8772889893318481923923234186374543", "feeGrowthInside1X128": "111162167483674509117395792674196638759573"}
{"blockNumber":"1532462","poolId":"0x5b997165252fe365e170433e1f743eb088952ca28312069780db630c9057c1a5","stateView":"0xf3334192d15450cdd385c8b70e03f9a6bd9e673b","tickLower":-887200,"tickUpper":887200}	{"ok": true, "feeGrowthInside0X128": "724088832247221049243024271477875", "feeGrowthInside1X128": "26348154893286829593292965590190731546095"}
{"blockNumber":"1533103","poolId":"0x5b997165252fe365e170433e1f743eb088952ca28312069780db630c9057c1a5","stateView":"0xf3334192d15450cdd385c8b70e03f9a6bd9e673b","tickLower":-887200,"tickUpper":887200}	{"ok": true, "feeGrowthInside0X128": "724088832247221049243024271477875", "feeGrowthInside1X128": "26617559377164852873438837893175637778790"}
{"blockNumber":"1534055","poolId":"0x6ff03107f375083abd490b667dae07c8d42a25c1f201a177cd7b8639ccd5d4e7","stateView":"0xf3334192d15450cdd385c8b70e03f9a6bd9e673b","tickLower":145600,"tickUpper":156800}	{"ok": true, "feeGrowthInside0X128": "11995119753340431681942084659386003", "feeGrowthInside1X128": "111162167483674509117395792674196638759573"}
{"blockNumber":"1535880","poolId":"0x5814c270ad43b1bee3d76e3597df3f95a73879283d7fccf182f0040a630665e7","stateView":"0xf3334192d15450cdd385c8b70e03f9a6bd9e673b","tickLower":-887200,"tickUpper":196200}	{"ok": true, "feeGrowthInside0X128": "0", "feeGrowthInside1X128": "0"}
{"blockNumber":"1535923","poolId":"0x1a4f742818327f79e1751943696c1736060b60e5e5244c597d4bfdf68c6f8c10","stateView":"0xf3334192d15450cdd385c8b70e03f9a6bd9e673b","tickLower":-887200,"tickUpper":196200}	{"ok": true, "feeGrowthInside0X128": "0", "feeGrowthInside1X128": "0"}
{"blockNumber":"1537846","poolId":"0x6c9254bd476b15809b4b3eb0a4f514769f15a06a64242a0d2e738d349782a4e7","stateView":"0xf3334192d15450cdd385c8b70e03f9a6bd9e673b","tickLower":-887200,"tickUpper":74000}	{"ok": true, "feeGrowthInside0X128": "0", "feeGrowthInside1X128": "0"}
{"blockNumber":"1539081","poolId":"0x9073be36ecab9603f8b86dd7c84906d191f1267f3582eae842c49f1ac39b7ab7","stateView":"0xf3334192d15450cdd385c8b70e03f9a6bd9e673b","tickLower":-887272,"tickUpper":-111741}	{"ok": true, "feeGrowthInside0X128": "0", "feeGrowthInside1X128": "0"}
{"blockNumber":"1539081","poolId":"0x9073be36ecab9603f8b86dd7c84906d191f1267f3582eae842c49f1ac39b7ab7","stateView":"0xf3334192d15450cdd385c8b70e03f9a6bd9e673b","tickLower":-887272,"tickUpper":887272}	{"ok": true, "feeGrowthInside0X128": "0", "feeGrowthInside1X128": "0"}
{"blockNumber":"1539664","poolId":"0x9073be36ecab9603f8b86dd7c84906d191f1267f3582eae842c49f1ac39b7ab7","stateView":"0xf3334192d15450cdd385c8b70e03f9a6bd9e673b","tickLower":-887272,"tickUpper":-111741}	{"ok": true, "feeGrowthInside0X128": "0", "feeGrowthInside1X128": "0"}
{"blockNumber":"1539670","poolId":"0x9073be36ecab9603f8b86dd7c84906d191f1267f3582eae842c49f1ac39b7ab7","stateView":"0xf3334192d15450cdd385c8b70e03f9a6bd9e673b","tickLower":-887272,"tickUpper":887272}	{"ok": true, "feeGrowthInside0X128": "85079099640895365121522181428", "feeGrowthInside1X128": "618695212580424512957731472030341271779"}
{"blockNumber":"1540946","poolId":"0xaa331c800f64d366435f261f9a7cedd9a677e19e63977e60f0b3dea35fa2a615","stateView":"0xf3334192d15450cdd385c8b70e03f9a6bd9e673b","tickLower":-887220,"tickUpper":887220}	{"ok": true, "feeGrowthInside0X128": "0", "feeGrowthInside1X128": "0"}
{"blockNumber":"1543510","poolId":"0xb1b5e0599b49bf44cd8bb566c9a8818bb5af596871ff2402d20d4c58b292e6db","stateView":"0xf3334192d15450cdd385c8b70e03f9a6bd9e673b","tickLower":-882000,"tickUpper":882000}	{"ok": true, "feeGrowthInside0X128": "0", "feeGrowthInside1X128": "0"}
{"blockNumber":"1544365","poolId":"0x6ff03107f375083abd490b667dae07c8d42a25c1f201a177cd7b8639ccd5d4e7","stateView":"0xf3334192d15450cdd385c8b70e03f9a6bd9e673b","tickLower":145600,"tickUpper":156800}	{"ok": true, "feeGrowthInside0X128": "15865155412656045546357267938857990", "feeGrowthInside1X128": "125484394897224668293584503230658842332417"}
{"blockNumber":"1545881","poolId":"0x65f569e45c133c6d4dff8e52c58d81aa1cc5aff28867c227427643ddfc9dc7bd","stateView":"0xf3334192d15450cdd385c8b70e03f9a6bd9e673b","tickLower":-887220,"tickUpper":-245640}	{"ok": true, "feeGrowthInside0X128": "0", "feeGrowthInside1X128": "0"}
{"blockNumber":"1545881","poolId":"0x65f569e45c133c6d4dff8e52c58d81aa1cc5aff28867c227427643ddfc9dc7bd","stateView":"0xf3334192d15450cdd385c8b70e03f9a6bd9e673b","tickLower":-887220,"tickUpper":887220}	{"ok": true, "feeGrowthInside0X128": "0", "feeGrowthInside1X128": "0"}
{"blockNumber":"1545967","poolId":"0xaa331c800f64d366435f261f9a7cedd9a677e19e63977e60f0b3dea35fa2a615","stateView":"0xf3334192d15450cdd385c8b70e03f9a6bd9e673b","tickLower":-887220,"tickUpper":887220}	{"ok": true, "feeGrowthInside0X128": "5134739260651724405667115153582", "feeGrowthInside1X128": "224088774155989763862622473358167104572"}
{"blockNumber":"1545972","poolId":"0x65f569e45c133c6d4dff8e52c58d81aa1cc5aff28867c227427643ddfc9dc7bd","stateView":"0xf3334192d15450cdd385c8b70e03f9a6bd9e673b","tickLower":-887220,"tickUpper":-245640}	{"ok": true, "feeGrowthInside0X128": "0", "feeGrowthInside1X128": "0"}
{"blockNumber":"1545978","poolId":"0x65f569e45c133c6d4dff8e52c58d81aa1cc5aff28867c227427643ddfc9dc7bd","stateView":"0xf3334192d15450cdd385c8b70e03f9a6bd9e673b","tickLower":-887220,"tickUpper":887220}	{"ok": true, "feeGrowthInside0X128": "13778878376984287797399680491623", "feeGrowthInside1X128": "2061006364811267487171777658102191420945"}
{"blockNumber":"1546140","poolId":"0x6ff03107f375083abd490b667dae07c8d42a25c1f201a177cd7b8639ccd5d4e7","stateView":"0xf3334192d15450cdd385c8b70e03f9a6bd9e673b","tickLower":145600,"tickUpper":156800}	{"ok": true, "feeGrowthInside0X128": "16534253689867369536980737015534534", "feeGrowthInside1X128": "125484394897224668293584503230658842332417"}
{"blockNumber":"1546605","poolId":"0x6ff03107f375083abd490b667dae07c8d42a25c1f201a177cd7b8639ccd5d4e7","stateView":"0xf3334192d15450cdd385c8b70e03f9a6bd9e673b","tickLower":145600,"tickUpper":156800}	{"ok": true, "feeGrowthInside0X128": "23198321024670482030129210029481875", "feeGrowthInside1X128": "125484394897224668293584503230658842332417"}
{"blockNumber":"1547651","poolId":"0xb1b5e0599b49bf44cd8bb566c9a8818bb5af596871ff2402d20d4c58b292e6db","stateView":"0xf3334192d15450cdd385c8b70e03f9a6bd9e673b","tickLower":-882000,"tickUpper":882000}	{"ok": true, "feeGrowthInside0X128": "0", "feeGrowthInside1X128": "0"}
{"blockNumber":"1548246","poolId":"0xab2fe3290327c1fae694d84abd801af0557106787f21d0dc4326828932213db1","stateView":"0xf3334192d15450cdd385c8b70e03f9a6bd9e673b","tickLower":-883600,"tickUpper":883600}	{"ok": true, "feeGrowthInside0X128": "0", "feeGrowthInside1X128": "0"}
{"blockNumber":"1629726","poolId":"0x387bf619da4d3fb62bb276482693dba1b9b3520f573cabdfe033384a24125982","stateView":"0xf3334192d15450cdd385c8b70e03f9a6bd9e673b","tickLower":-202020,"tickUpper":-201890}	{"ok": true, "feeGrowthInside0X128": "0", "feeGrowthInside1X128": "0"}
{"blockNumber":"1629638","poolId":"0x387bf619da4d3fb62bb276482693dba1b9b3520f573cabdfe033384a24125982","stateView":"0xf3334192d15450cdd385c8b70e03f9a6bd9e673b","tickLower":-201980,"tickUpper":-201900}	{"ok": true, "feeGrowthInside0X128": "115792089237316195423570985008687907794823710641407071035700883027413854690670", "feeGrowthInside1X128": "115792089237316195423570985008687907853269984560289566742476678435193373982387"}
{"blockNumber":"1556325","poolId":"0xef5672974ad552f1ce24f2873f3e4237e82d44780ef623b6a239db42b08a7d5c","stateView":"0xf3334192d15450cdd385c8b70e03f9a6bd9e673b","tickLower":-203000,"tickUpper":-201200}	{"ok": true, "feeGrowthInside0X128": "5130646418224361168197490388662931188351", "feeGrowthInside1X128": "12131529939439216038446922417525"}
{"blockNumber":"1630221","poolId":"0x387bf619da4d3fb62bb276482693dba1b9b3520f573cabdfe033384a24125982","stateView":"0xf3334192d15450cdd385c8b70e03f9a6bd9e673b","tickLower":-203020,"tickUpper":-201170}	{"ok": true, "feeGrowthInside0X128": "58956080314441694553653839137060309138453", "feeGrowthInside1X128": "106257869827902383593080822426890"}
{"blockNumber":"1664266","poolId":"0x387bf619da4d3fb62bb276482693dba1b9b3520f573cabdfe033384a24125982","stateView":"0xf3334192d15450cdd385c8b70e03f9a6bd9e673b","tickLower":-208860,"tickUpper":-194990}	{"ok": true, "feeGrowthInside0X128": "0", "feeGrowthInside1X128": "0"}
{"blockNumber":"1682803","poolId":"0xef5672974ad552f1ce24f2873f3e4237e82d44780ef623b6a239db42b08a7d5c","stateView":"0xf3334192d15450cdd385c8b70e03f9a6bd9e673b","tickLower":-202600,"tickUpper":-201800}	{"ok": true, "feeGrowthInside0X128": "56921590187681416224504316297082832604195", "feeGrowthInside1X128": "100525507536420118800457337304401"}
{"blockNumber":"1579407","poolId":"0x6725b4d6dbdbce3752e1305cda158c81e8c8cee3e57d0145bc119bd084c183f8","stateView":"0xf3334192d15450cdd385c8b70e03f9a6bd9e673b","tickLower":-882000,"tickUpper":882000}	{"ok": true, "feeGrowthInside0X128": "22640684072183884613229231450957190637921227", "feeGrowthInside1X128": "0"}
{"blockNumber":"1672694","poolId":"0xb2a6d67bf3fc511d11cac788a531655f5a7b60cd31c8ff386f0476121741e751","stateView":"0xf3334192d15450cdd385c8b70e03f9a6bd9e673b","tickLower":15000,"tickUpper":16000}	{"ok": true, "feeGrowthInside0X128": "2007295737024352464777789993822969675", "feeGrowthInside1X128": "9544400299147572085609489697596528151"}
{"blockNumber":"1674222","poolId":"0xdd5458c88d3de32b83514b9448bbfaa7f8df1d5f0a00939c95df4a5ceee53bf6","stateView":"0xf3334192d15450cdd385c8b70e03f9a6bd9e673b","tickLower":-219000,"tickUpper":-217000}	{"ok": true, "feeGrowthInside0X128": "0", "feeGrowthInside1X128": "0"}
{"blockNumber":"1681296","poolId":"0xb2a6d67bf3fc511d11cac788a531655f5a7b60cd31c8ff386f0476121741e751","stateView":"0xf3334192d15450cdd385c8b70e03f9a6bd9e673b","tickLower":-887000,"tickUpper":887000}	{"ok": true, "feeGrowthInside0X128": "12349435788859178835133481389363894073", "feeGrowthInside1X128": "141951411340404210159715223680407778074"}
{"blockNumber":"1690163","poolId":"0xa5f23cae4e5c3388c5a8a6b08a83f53e56df8f1a63757e606b362994b68a2361","stateView":"0xf3334192d15450cdd385c8b70e03f9a6bd9e673b","tickLower":-276338,"tickUpper":-276336}	{"ok": true, "feeGrowthInside0X128": "0", "feeGrowthInside1X128": "0"}
{"blockNumber":"1691296","poolId":"0xa5f23cae4e5c3388c5a8a6b08a83f53e56df8f1a63757e606b362994b68a2361","stateView":"0xf3334192d15450cdd385c8b70e03f9a6bd9e673b","tickLower":-276339,"tickUpper":-276336}	{"ok": true, "feeGrowthInside0X128": "0", "feeGrowthInside1X128": "0"}
{"blockNumber":"1584940","poolId":"0x4893a925e4818940e4646fc55cee1d291e0e0c0d46838d2f9620be3d785a8111","stateView":"0xf3334192d15450cdd385c8b70e03f9a6bd9e673b","tickLower":125400,"tickUpper":165000}	{"ok": true, "feeGrowthInside0X128": "331829097444682453471903578190058503", "feeGrowthInside1X128": "735130639464580085041673708541305078371558"}
{"blockNumber":"1585095","poolId":"0x4893a925e4818940e4646fc55cee1d291e0e0c0d46838d2f9620be3d785a8111","stateView":"0xf3334192d15450cdd385c8b70e03f9a6bd9e673b","tickLower":125400,"tickUpper":165000}	{"ok": true, "feeGrowthInside0X128": "331829097444682453471903578190058503", "feeGrowthInside1X128": "735130639464580085041673708541305078371558"}
{"blockNumber":"1632933","poolId":"0x6ff03107f375083abd490b667dae07c8d42a25c1f201a177cd7b8639ccd5d4e7","stateView":"0xf3334192d15450cdd385c8b70e03f9a6bd9e673b","tickLower":-884800,"tickUpper":884800}	{"ok": true, "feeGrowthInside0X128": "386804038585061078640796101214798350", "feeGrowthInside1X128": "1544401277271610438642497826268636764599287"}
{"blockNumber":"1650811","poolId":"0x6ff03107f375083abd490b667dae07c8d42a25c1f201a177cd7b8639ccd5d4e7","stateView":"0xf3334192d15450cdd385c8b70e03f9a6bd9e673b","tickLower":-884800,"tickUpper":884800}	{"ok": true, "feeGrowthInside0X128": "386804038585061078640796101214798350", "feeGrowthInside1X128": "1554803482042069996491126535462392243227380"}
{"blockNumber":"1652370","poolId":"0x6ff03107f375083abd490b667dae07c8d42a25c1f201a177cd7b8639ccd5d4e7","stateView":"0xf3334192d15450cdd385c8b70e03f9a6bd9e673b","tickLower":-884800,"tickUpper":884800}	{"ok": true, "feeGrowthInside0X128": "386804038585061078640796101214798350", "feeGrowthInside1X128": "1554803482042069996491126535462392243227380"}
{"blockNumber":"1657214","poolId":"0x6ff03107f375083abd490b667dae07c8d42a25c1f201a177cd7b8639ccd5d4e7","stateView":"0xf3334192d15450cdd385c8b70e03f9a6bd9e673b","tickLower":-884800,"tickUpper":884800}	{"ok": true, "feeGrowthInside0X128": "387872936768672960007359506376510451", "feeGrowthInside1X128": "1560153031050197470174151949550230146177105"}
{"blockNumber":"1581461","poolId":"0x4893a925e4818940e4646fc55cee1d291e0e0c0d46838d2f9620be3d785a8111","stateView":"0xf3334192d15450cdd385c8b70e03f9a6bd9e673b","tickLower":132000,"tickUpper":151800}	{"ok": true, "feeGrowthInside0X128": "31302929753702597877244564625326353", "feeGrowthInside1X128": "46454375669150401310210540910936590812958"}
{"blockNumber":"1583291","poolId":"0x4893a925e4818940e4646fc55cee1d291e0e0c0d46838d2f9620be3d785a8111","stateView":"0xf3334192d15450cdd385c8b70e03f9a6bd9e673b","tickLower":132000,"tickUpper":151800}	{"ok": true, "feeGrowthInside0X128": "31302929753702597877244564625326353", "feeGrowthInside1X128": "50880739969325555680022995599031823246188"}
{"blockNumber":"1668908","poolId":"0x4893a925e4818940e4646fc55cee1d291e0e0c0d46838d2f9620be3d785a8111","stateView":"0xf3334192d15450cdd385c8b70e03f9a6bd9e673b","tickLower":132000,"tickUpper":151800}	{"ok": true, "feeGrowthInside0X128": "692300384898893666973654294208158916", "feeGrowthInside1X128": "1961063134235408858275307566452015181416973"}
{"blockNumber":"1558040","poolId":"0x6ff03107f375083abd490b667dae07c8d42a25c1f201a177cd7b8639ccd5d4e7","stateView":"0xf3334192d15450cdd385c8b70e03f9a6bd9e673b","tickLower":145600,"tickUpper":156800}	{"ok": true, "feeGrowthInside0X128": "30446955669544042987588952606056175", "feeGrowthInside1X128": "140481032254550525621912723671500846542504"}
{"blockNumber":"1569646","poolId":"0x6ff03107f375083abd490b667dae07c8d42a25c1f201a177cd7b8639ccd5d4e7","stateView":"0xf3334192d15450cdd385c8b70e03f9a6bd9e673b","tickLower":145600,"tickUpper":156800}	{"ok": true, "feeGrowthInside0X128": "32389168201455553278456732031260310", "feeGrowthInside1X128": "141676831743723382532579079673585680243718"}
{"blockNumber":"1580500","poolId":"0x6ff03107f375083abd490b667dae07c8d42a25c1f201a177cd7b8639ccd5d4e7","stateView":"0xf3334192d15450cdd385c8b70e03f9a6bd9e673b","tickLower":145600,"tickUpper":156800}	{"ok": true, "feeGrowthInside0X128": "42097529040793514797105135199033805", "feeGrowthInside1X128": "157247519132040520722272735737512837109682"}
{"blockNumber":"1602622","poolId":"0x6ff03107f375083abd490b667dae07c8d42a25c1f201a177cd7b8639ccd5d4e7","stateView":"0xf3334192d15450cdd385c8b70e03f9a6bd9e673b","tickLower":145600,"tickUpper":156800}	{"ok": true, "feeGrowthInside0X128": "52748893462130276862291758445311975", "feeGrowthInside1X128": "195005994977040907482589350614391731776007"}
{"blockNumber":"1650503","poolId":"0x6ff03107f375083abd490b667dae07c8d42a25c1f201a177cd7b8639ccd5d4e7","stateView":"0xf3334192d15450cdd385c8b70e03f9a6bd9e673b","tickLower":145600,"tickUpper":156800}	{"ok": true, "feeGrowthInside0X128": "52748893462130276862291758445311975", "feeGrowthInside1X128": "209203359600804756032258448534847689093395"}
{"blockNumber":"1654736","poolId":"0x6ff03107f375083abd490b667dae07c8d42a25c1f201a177cd7b8639ccd5d4e7","stateView":"0xf3334192d15450cdd385c8b70e03f9a6bd9e673b","tickLower":145600,"tickUpper":156800}	{"ok": true, "feeGrowthInside0X128": "52748893462130276862291758445311975", "feeGrowthInside1X128": "214552908608932229715283862622685592043120"}
{"blockNumber":"1610801","poolId":"0x4893a925e4818940e4646fc55cee1d291e0e0c0d46838d2f9620be3d785a8111","stateView":"0xf3334192d15450cdd385c8b70e03f9a6bd9e673b","tickLower":-884400,"tickUpper":884400}	{"ok": true, "feeGrowthInside0X128": "692300384898893666973654294208158916", "feeGrowthInside1X128": "1932696654223698565662827662068031529348630"}
{"blockNumber":"1693439","poolId":"0x4893a925e4818940e4646fc55cee1d291e0e0c0d46838d2f9620be3d785a8111","stateView":"0xf3334192d15450cdd385c8b70e03f9a6bd9e673b","tickLower":-884400,"tickUpper":884400}	{"ok": true, "feeGrowthInside0X128": "692300384898893666973654294208158916", "feeGrowthInside1X128": "1961063134235408858275307566452015181416973"}
{"blockNumber":"1694040","poolId":"0x4893a925e4818940e4646fc55cee1d291e0e0c0d46838d2f9620be3d785a8111","stateView":"0xf3334192d15450cdd385c8b70e03f9a6bd9e673b","tickLower":-884400,"tickUpper":884400}	{"ok": true, "feeGrowthInside0X128": "692300384898893666973654294208158916", "feeGrowthInside1X128": "1961063134235408858275307566452015181416973"}
{"blockNumber":"1669197","poolId":"0x6ff03107f375083abd490b667dae07c8d42a25c1f201a177cd7b8639ccd5d4e7","stateView":"0xf3334192d15450cdd385c8b70e03f9a6bd9e673b","tickLower":128800,"tickUpper":151200}	{"ok": true, "feeGrowthInside0X128": "0", "feeGrowthInside1X128": "0"}
{"blockNumber":"1699088","poolId":"0x6ff03107f375083abd490b667dae07c8d42a25c1f201a177cd7b8639ccd5d4e7","stateView":"0xf3334192d15450cdd385c8b70e03f9a6bd9e673b","tickLower":128800,"tickUpper":151200}	{"ok": true, "feeGrowthInside0X128": "12692288711571840886451405763734709", "feeGrowthInside1X128": "0"}
{"blockNumber":"1577187","poolId":"0xcb6ffbcc84359535c2cc0a5688c0a76520ea6e0a4820fddd3ac8d7880e576370","stateView":"0xf3334192d15450cdd385c8b70e03f9a6bd9e673b","tickLower":-246400,"tickUpper":-207200}	{"ok": true, "feeGrowthInside0X128": "142018271528870511961872456994113646401192", "feeGrowthInside1X128": "24123579120034632905222808719161"}
{"blockNumber":"1577287","poolId":"0xcb6ffbcc84359535c2cc0a5688c0a76520ea6e0a4820fddd3ac8d7880e576370","stateView":"0xf3334192d15450cdd385c8b70e03f9a6bd9e673b","tickLower":-246400,"tickUpper":-207200}	{"ok": true, "feeGrowthInside0X128": "142018271528870511961872456994113646401192", "feeGrowthInside1X128": "24123579120034632905222808719161"}
{"blockNumber":"1682745","poolId":"0x74739c7ee5dda3695d01575c32371eff16e7b831e37517d1a99b568749143e7a","stateView":"0xf3334192d15450cdd385c8b70e03f9a6bd9e673b","tickLower":120900,"tickUpper":134760}	{"ok": true, "feeGrowthInside0X128": "0", "feeGrowthInside1X128": "0"}
{"blockNumber":"1685763","poolId":"0x74739c7ee5dda3695d01575c32371eff16e7b831e37517d1a99b568749143e7a","stateView":"0xf3334192d15450cdd385c8b70e03f9a6bd9e673b","tickLower":120900,"tickUpper":134760}	{"ok": true, "feeGrowthInside0X128": "0", "feeGrowthInside1X128": "20023376892421275030522424043854608303"}
{"blockNumber":"1695287","poolId":"0x74739c7ee5dda3695d01575c32371eff16e7b831e37517d1a99b568749143e7a","stateView":"0xf3334192d15450cdd385c8b70e03f9a6bd9e673b","tickLower":120900,"tickUpper":134760}	{"ok": true, "feeGrowthInside0X128": "8579834295184338120651279592773015", "feeGrowthInside1X128": "2583707831558154519297600693676101526731"}
{"blockNumber":"1574430","poolId":"0x2707cb88a6a40fa0f948f58958051ba097d6f6a3cf7f87929bd68ccc5becea24","stateView":"0xf3334192d15450cdd385c8b70e03f9a6bd9e673b","tickLower":-887200,"tickUpper":887200}	{"ok": true, "feeGrowthInside0X128": "152180433606489640928487137279112", "feeGrowthInside1X128": "38128545850665022978942866492877050856047"}
{"blockNumber":"1559858","poolId":"0x6711dd8394f1e6268dd8f1f589ce433a65ec349f3d509d7658555fe035ab4394","stateView":"0xf3334192d15450cdd385c8b70e03f9a6bd9e673b","tickLower":-887220,"tickUpper":887220}	{"ok": true, "feeGrowthInside0X128": "0", "feeGrowthInside1X128": "0"}
{"blockNumber":"1560141","poolId":"0x6529b463f316875245b80c7076fa4810c96b1e1f4305ecb425dcea0f52e33692","stateView":"0xf3334192d15450cdd385c8b70e03f9a6bd9e673b","tickLower":-884000,"tickUpper":884000}	{"ok": true, "feeGrowthInside0X128": "0", "feeGrowthInside1X128": "0"}
{"blockNumber":"1565486","poolId":"0x343eacf1618a890ec31287e23791369e68708b7e40f7ab6c15dd943599861f2e","stateView":"0xf3334192d15450cdd385c8b70e03f9a6bd9e673b","tickLower":-884000,"tickUpper":884000}	{"ok": true, "feeGrowthInside0X128": "0", "feeGrowthInside1X128": "0"}
{"blockNumber":"1565523","poolId":"0xb5a7b531534550f0a91185480ba8b7d18b271dc16bf7d6e9e79af1e478dcc2e8","stateView":"0xf3334192d15450cdd385c8b70e03f9a6bd9e673b","tickLower":-887220,"tickUpper":887220}	{"ok": true, "feeGrowthInside0X128": "0", "feeGrowthInside1X128": "0"}
{"blockNumber":"1570135","poolId":"0x6529b463f316875245b80c7076fa4810c96b1e1f4305ecb425dcea0f52e33692","stateView":"0xf3334192d15450cdd385c8b70e03f9a6bd9e673b","tickLower":-884000,"tickUpper":884000}	{"ok": true, "feeGrowthInside0X128": "0", "feeGrowthInside1X128": "0"}
{"blockNumber":"1570597","poolId":"0xb84b94d431e7c63b6ce77ab56359e8d43cc75ece00fb7bb6ae45e5638207b02f","stateView":"0xf3334192d15450cdd385c8b70e03f9a6bd9e673b","tickLower":-887220,"tickUpper":887220}	{"ok": true, "feeGrowthInside0X128": "0", "feeGrowthInside1X128": "0"}
{"blockNumber":"1571156","poolId":"0x343eacf1618a890ec31287e23791369e68708b7e40f7ab6c15dd943599861f2e","stateView":"0xf3334192d15450cdd385c8b70e03f9a6bd9e673b","tickLower":-884000,"tickUpper":884000}	{"ok": true, "feeGrowthInside0X128": "1658674095139636025093813756475342", "feeGrowthInside1X128": "83573236026116920074781708353941158552800"}
{"blockNumber":"1572284","poolId":"0xde9f85fdd9e05a943a52f2c69ffafe3064a3287df03d02c9b431bc92d4781274","stateView":"0xf3334192d15450cdd385c8b70e03f9a6bd9e673b","tickLower":212400,"tickUpper":216400}	{"ok": true, "feeGrowthInside0X128": "0", "feeGrowthInside1X128": "0"}
{"blockNumber":"1575265","poolId":"0x6c9254bd476b15809b4b3eb0a4f514769f15a06a64242a0d2e738d349782a4e7","stateView":"0xf3334192d15450cdd385c8b70e03f9a6bd9e673b","tickLower":-887200,"tickUpper":74000}	{"ok": true, "feeGrowthInside0X128": "0", "feeGrowthInside1X128": "0"}
{"blockNumber":"1576460","poolId":"0x3bb34a44f1b2b5f32c034c38a53065a521a47b199700fa9bd19d60985ff24bf1","stateView":"0xf3334192d15450cdd385c8b70e03f9a6bd9e673b","tickLower":221100,"tickUpper":224940}	{"ok": true, "feeGrowthInside0X128": "0", "feeGrowthInside1X128": "0"}
{"blockNumber":"1577887","poolId":"0x414cbc05f7ae7cfd4407aa763eb1eee4f422f23ef62526ab5bec636867456c37","stateView":"0xf3334192d15450cdd385c8b70e03f9a6bd9e673b","tickLower":-887220,"tickUpper":887220}	{"ok": true, "feeGrowthInside0X128": "0", "feeGrowthInside1X128": "0"}
{"blockNumber":"1577923","poolId":"0x343eacf1618a890ec31287e23791369e68708b7e40f7ab6c15dd943599861f2e","stateView":"0xf3334192d15450cdd385c8b70e03f9a6bd9e673b","tickLower":-884000,"tickUpper":884000}	{"ok": true, "feeGrowthInside0X128": "4218847711319309338344862672435205", "feeGrowthInside1X128": "131267628396805710626607898144566230203091"}
{"blockNumber":"1579685","poolId":"0x73a47d24e1b9d73721440bfb94d5a20d3ca9fbd62ddeddd1e0c05935211dc24b","stateView":"0xf3334192d15450cdd385c8b70e03f9a6bd9e673b","tickLower":-887220,"tickUpper":887220}	{"ok": true, "feeGrowthInside0X128": "0", "feeGrowthInside1X128": "0"}
{"blockNumber":"1581276","poolId":"0x6e67431a7eb8b17ec48d136db675919904d0ea788eeb844a906eee3e6c37232f","stateView":"0xf3334192d15450cdd385c8b70e03f9a6bd9e673b","tickLower":-887220,"tickUpper":887220}	{"ok": true, "feeGrowthInside0X128": "0", "feeGrowthInside1X128": "0"}
{"blockNumber":"1582665","poolId":"0xe54b570ebc7fc18ab51157c4af2f07b9207b899c0fed7795722b45aee18ffb6f","stateView":"0xf3334192d15450cdd385c8b70e03f9a6bd9e673b","tickLower":-882000,"tickUpper":882000}	{"ok": true, "feeGrowthInside0X128": "0", "feeGrowthInside1X128": "0"}
{"blockNumber":"1583116","poolId":"0xe1661fa620662bc622091a44fe1dc12fe2b46ced2fe50016b468a952afd9f955","stateView":"0xf3334192d15450cdd385c8b70e03f9a6bd9e673b","tickLower":-880000,"tickUpper":880000}	{"ok": true, "feeGrowthInside0X128": "0", "feeGrowthInside1X128": "0"}
{"blockNumber":"1587953","poolId":"0xb1607e2ea58f92e4b73c50d8d1e7104832e40e97c9595337490018ff147be69a","stateView":"0xf3334192d15450cdd385c8b70e03f9a6bd9e673b","tickLower":351000,"tickUpper":357000}	{"ok": true, "feeGrowthInside0X128": "0", "feeGrowthInside1X128": "0"}
{"blockNumber":"1589969","poolId":"0x4afb9b1e7fa9dfcd9e3181530b713c8bd150e8505e7a0ab0b593cd22ac53733c","stateView":"0xf3334192d15450cdd385c8b70e03f9a6bd9e673b","tickLower":-882000,"tickUpper":882000}	{"ok": true, "feeGrowthInside0X128": "0", "feeGrowthInside1X128": "0"}
{"blockNumber":"1590580","poolId":"0x061a6e50ea9288db8b8cda2e4c9976dd9c295d91870cde18aaeb0bfd054beff4","stateView":"0xf3334192d15450cdd385c8b70e03f9a6bd9e673b","tickLower":-882000,"tickUpper":882000}	{"ok": true, "feeGrowthInside0X128": "0", "feeGrowthInside1X128": "0"}
{"blockNumber":"1591128","poolId":"0x8db521d272888af0c0622b8692059973343b3dec86b59abfcb08fe7cfa8d534d","stateView":"0xf3334192d15450cdd385c8b70e03f9a6bd9e673b","tickLower":-882000,"tickUpper":882000}	{"ok": true, "feeGrowthInside0X128": "0", "feeGrowthInside1X128": "0"}
{"blockNumber":"1591708","poolId":"0x24750df85cd4a817d02753fa8ab8ae0c173b41c88f76af16ab0a7e05d54d3876","stateView":"0xf3334192d15450cdd385c8b70e03f9a6bd9e673b","tickLower":-882000,"tickUpper":882000}	{"ok": true, "feeGrowthInside0X128": "0", "feeGrowthInside1X128": "0"}
{"blockNumber":"1598425","poolId":"0xdc1274a27ad7937e702d87a5de62c9a164847444e140c562478496def0012bfc","stateView":"0xf3334192d15450cdd385c8b70e03f9a6bd9e673b","tickLower":-887220,"tickUpper":887220}	{"ok": true, "feeGrowthInside0X128": "0", "feeGrowthInside1X128": "0"}
{"blockNumber":"1605546","poolId":"0x8a9fe40caac5465a72cb3a2e564ebc980ff13fcf52f962d572543015f106a8fe","stateView":"0xf3334192d15450cdd385c8b70e03f9a6bd9e673b","tickLower":-887200,"tickUpper":887200}	{"ok": true, "feeGrowthInside0X128": "0", "feeGrowthInside1X128": "0"}
{"blockNumber":"1630990","poolId":"0xb5a7b531534550f0a91185480ba8b7d18b271dc16bf7d6e9e79af1e478dcc2e8","stateView":"0xf3334192d15450cdd385c8b70e03f9a6bd9e673b","tickLower":-887220,"tickUpper":887220}	{"ok": true, "feeGrowthInside0X128": "1650445773058118570750146181200816444601", "feeGrowthInside1X128": "0"}
{"blockNumber":"1631225","poolId":"0x6711dd8394f1e6268dd8f1f589ce433a65ec349f3d509d7658555fe035ab4394","stateView":"0xf3334192d15450cdd385c8b70e03f9a6bd9e673b","tickLower":-887220,"tickUpper":887220}	{"ok": true, "feeGrowthInside0X128": "0", "feeGrowthInside1X128": "1069157615075727751525367563623491893740"}
{"blockNumber":"1631913","poolId":"0xb84b94d431e7c63b6ce77ab56359e8d43cc75ece00fb7bb6ae45e5638207b02f","stateView":"0xf3334192d15450cdd385c8b70e03f9a6bd9e673b","tickLower":-887220,"tickUpper":887220}	{"ok": true, "feeGrowthInside0X128": "147038389438530496781269007417131203383", "feeGrowthInside1X128": "0"}
{"blockNumber":"1632125","poolId":"0x414cbc05f7ae7cfd4407aa763eb1eee4f422f23ef62526ab5bec636867456c37","stateView":"0xf3334192d15450cdd385c8b70e03f9a6bd9e673b","tickLower":-887220,"tickUpper":887220}	{"ok": true, "feeGrowthInside0X128": "0", "feeGrowthInside1X128": "0"}
{"blockNumber":"1632284","poolId":"0x73a47d24e1b9d73721440bfb94d5a20d3ca9fbd62ddeddd1e0c05935211dc24b","stateView":"0xf3334192d15450cdd385c8b70e03f9a6bd9e673b","tickLower":-887220,"tickUpper":887220}	{"ok": true, "feeGrowthInside0X128": "0", "feeGrowthInside1X128": "0"}
{"blockNumber":"1632421","poolId":"0x6e67431a7eb8b17ec48d136db675919904d0ea788eeb844a906eee3e6c37232f","stateView":"0xf3334192d15450cdd385c8b70e03f9a6bd9e673b","tickLower":-887220,"tickUpper":887220}	{"ok": true, "feeGrowthInside0X128": "0", "feeGrowthInside1X128": "0"}
{"blockNumber":"1632557","poolId":"0xdc1274a27ad7937e702d87a5de62c9a164847444e140c562478496def0012bfc","stateView":"0xf3334192d15450cdd385c8b70e03f9a6bd9e673b","tickLower":-887220,"tickUpper":887220}	{"ok": true, "feeGrowthInside0X128": "0", "feeGrowthInside1X128": "0"}
{"blockNumber":"1635940","poolId":"0x4208cb70b14edf91d8769cc0a0b0d485944dd5f5d917216809c147395a4a4a93","stateView":"0xf3334192d15450cdd385c8b70e03f9a6bd9e673b","tickLower":210000,"tickUpper":216000}	{"ok": true, "feeGrowthInside0X128": "407613751821465071553088515169302", "feeGrowthInside1X128": "1175624634994802135158711107195591922021885"}
{"blockNumber":"1640069","poolId":"0x0751658ed7c56e1163bc920cfec63f0881eeb754e4cf9e68e40f1c773671c877","stateView":"0xf3334192d15450cdd385c8b70e03f9a6bd9e673b","tickLower":142800,"tickUpper":148800}	{"ok": true, "feeGrowthInside0X128": "0", "feeGrowthInside1X128": "4391873225745345564640804861885632689701"}
{"blockNumber":"1641899","poolId":"0xf601da02537272b58a25b3a80579d769d85eda36a69360f2008ff3f136f6dc40","stateView":"0xf3334192d15450cdd385c8b70e03f9a6bd9e673b","tickLower":-885600,"tickUpper":885600}	{"ok": true, "feeGrowthInside0X128": "0", "feeGrowthInside1X128": "0"}
{"blockNumber":"1646682","poolId":"0xb1607e2ea58f92e4b73c50d8d1e7104832e40e97c9595337490018ff147be69a","stateView":"0xf3334192d15450cdd385c8b70e03f9a6bd9e673b","tickLower":351000,"tickUpper":357000}	{"ok": true, "feeGrowthInside0X128": "252916688795697072437525587991", "feeGrowthInside1X128": "909766484488154383729394678772327131222087927"}
{"blockNumber":"1646796","poolId":"0xb1607e2ea58f92e4b73c50d8d1e7104832e40e97c9595337490018ff147be69a","stateView":"0xf3334192d15450cdd385c8b70e03f9a6bd9e673b","tickLower":351000,"tickUpper":357000}	{"ok": true, "feeGrowthInside0X128": "252916688795697072437525587991", "feeGrowthInside1X128": "909766484488154383729394678772327131222087927"}
{"blockNumber":"1647059","poolId":"0xb49b5d08721cf09217aeccf484a01848afa7268035c748e086fee1733fa5a383","stateView":"0xf3334192d15450cdd385c8b70e03f9a6bd9e673b","tickLower":71400,"tickUpper":80000}	{"ok": true, "feeGrowthInside0X128": "0", "feeGrowthInside1X128": "0"}
{"blockNumber":"1648739","poolId":"0xb49b5d08721cf09217aeccf484a01848afa7268035c748e086fee1733fa5a383","stateView":"0xf3334192d15450cdd385c8b70e03f9a6bd9e673b","tickLower":71400,"tickUpper":80000}	{"ok": true, "feeGrowthInside0X128": "0", "feeGrowthInside1X128": "0"}
{"blockNumber":"1651686","poolId":"0xb1607e2ea58f92e4b73c50d8d1e7104832e40e97c9595337490018ff147be69a","stateView":"0xf3334192d15450cdd385c8b70e03f9a6bd9e673b","tickLower":351000,"tickUpper":357000}	{"ok": true, "feeGrowthInside0X128": "252916688795697072437525587991", "feeGrowthInside1X128": "926985925027332125410304008958561938573433083"}
{"blockNumber":"1652084","poolId":"0xb1607e2ea58f92e4b73c50d8d1e7104832e40e97c9595337490018ff147be69a","stateView":"0xf3334192d15450cdd385c8b70e03f9a6bd9e673b","tickLower":351000,"tickUpper":354000}	{"ok": true, "feeGrowthInside0X128": "252916688795697072437525587991", "feeGrowthInside1X128": "926985925027332125410304008958561938573433083"}
{"blockNumber":"1653474","poolId":"0xf601da02537272b58a25b3a80579d769d85eda36a69360f2008ff3f136f6dc40","stateView":"0xf3334192d15450cdd385c8b70e03f9a6bd9e673b","tickLower":-885600,"tickUpper":885600}	{"ok": true, "feeGrowthInside0X128": "8980949841444623340494311736595560773344908813", "feeGrowthInside1X128": "38548412812683608313828749169966642498244"}
{"blockNumber":"1656238","poolId":"0xb1607e2ea58f92e4b73c50d8d1e7104832e40e97c9595337490018ff147be69a","stateView":"0xf3334192d15450cdd385c8b70e03f9a6bd9e673b","tickLower":351000,"tickUpper":357000}	{"ok": true, "feeGrowthInside0X128": "495405784601734671002927595870", "feeGrowthInside1X128": "1418146860323398881523010835843788714416982584"}
{"blockNumber":"1656298","poolId":"0xb1607e2ea58f92e4b73c50d8d1e7104832e40e97c9595337490018ff147be69a","stateView":"0xf3334192d15450cdd385c8b70e03f9a6bd9e673b","tickLower":351000,"tickUpper":357000}	{"ok": true, "feeGrowthInside0X128": "495405784601734671002927595870", "feeGrowthInside1X128": "1418146860323398881523010835843788714416982584"}
{"blockNumber":"1674171","poolId":"0xb1607e2ea58f92e4b73c50d8d1e7104832e40e97c9595337490018ff147be69a","stateView":"0xf3334192d15450cdd385c8b70e03f9a6bd9e673b","tickLower":351000,"tickUpper":357000}	{"ok": true, "feeGrowthInside0X128": "561794191131080173261236523920", "feeGrowthInside1X128": "1551190187941819499191019374040038367807736562"}
{"blockNumber":"1674266","poolId":"0xb1607e2ea58f92e4b73c50d8d1e7104832e40e97c9595337490018ff147be69a","stateView":"0xf3334192d15450cdd385c8b70e03f9a6bd9e673b","tickLower":351000,"tickUpper":354000}	{"ok": true, "feeGrowthInside0X128": "561794191131080173261236523920", "feeGrowthInside1X128": "1551190187941819499191019374040038367807736562"}
{"blockNumber":"1674747","poolId":"0x23ee96eca4f6455c239f2a2ae3016f921ef8347143ae23980a9f18a80d883908","stateView":"0xf3334192d15450cdd385c8b70e03f9a6bd9e673b","tickLower":353600,"tickUpper":355200}	{"ok": true, "feeGrowthInside0X128": "0", "feeGrowthInside1X128": "0"}
{"blockNumber":"1674809","poolId":"0x0fbd1aab9d8af6c6bbffbbc72be2c02e9d45e0833211482ddcdf96f3bb3acb6a","stateView":"0xf3334192d15450cdd385c8b70e03f9a6bd9e673b","tickLower":353400,"tickUpper":362400}	{"ok": true, "feeGrowthInside0X128": "0", "feeGrowthInside1X128": "0"}
{"blockNumber":"1675002","poolId":"0x0fbd1aab9d8af6c6bbffbbc72be2c02e9d45e0833211482ddcdf96f3bb3acb6a","stateView":"0xf3334192d15450cdd385c8b70e03f9a6bd9e673b","tickLower":353400,"tickUpper":362400}	{"ok": true, "feeGrowthInside0X128": "0", "feeGrowthInside1X128": "0"}
{"blockNumber":"1675281","poolId":"0x0fbd1aab9d8af6c6bbffbbc72be2c02e9d45e0833211482ddcdf96f3bb3acb6a","stateView":"0xf3334192d15450cdd385c8b70e03f9a6bd9e673b","tickLower":353400,"tickUpper":362400}	{"ok": true, "feeGrowthInside0X128": "0", "feeGrowthInside1X128": "0"}
{"blockNumber":"1676457","poolId":"0x0fbd1aab9d8af6c6bbffbbc72be2c02e9d45e0833211482ddcdf96f3bb3acb6a","stateView":"0xf3334192d15450cdd385c8b70e03f9a6bd9e673b","tickLower":353400,"tickUpper":362400}	{"ok": true, "feeGrowthInside0X128": "0", "feeGrowthInside1X128": "0"}
{"blockNumber":"1676611","poolId":"0x86dc501e160456b436687328481543860fb6e5e06d90b984e04f19b3358c5bde","stateView":"0xf3334192d15450cdd385c8b70e03f9a6bd9e673b","tickLower":352440,"tickUpper":360360}	{"ok": true, "feeGrowthInside0X128": "0", "feeGrowthInside1X128": "0"}
{"blockNumber":"1676801","poolId":"0x23ee96eca4f6455c239f2a2ae3016f921ef8347143ae23980a9f18a80d883908","stateView":"0xf3334192d15450cdd385c8b70e03f9a6bd9e673b","tickLower":353600,"tickUpper":355200}	{"ok": true, "feeGrowthInside0X128": "29112822957935490921723879858", "feeGrowthInside1X128": "51986700846247243649058491008833879730041375"}
{"blockNumber":"1676853","poolId":"0x23ee96eca4f6455c239f2a2ae3016f921ef8347143ae23980a9f18a80d883908","stateView":"0xf3334192d15450cdd385c8b70e03f9a6bd9e673b","tickLower":353600,"tickUpper":355200}	{"ok": true, "feeGrowthInside0X128": "43847072638954940095676701271", "feeGrowthInside1X128": "51986700846247243649058491008833879730041375"}
{"blockNumber":"1677677","poolId":"0x0fbd1aab9d8af6c6bbffbbc72be2c02e9d45e0833211482ddcdf96f3bb3acb6a","stateView":"0xf3334192d15450cdd385c8b70e03f9a6bd9e673b","tickLower":353400,"tickUpper":362400}	{"ok": true, "feeGrowthInside0X128": "7914169925425583045725443263", "feeGrowthInside1X128": "18607898956027356281223200491445747563701880"}
{"blockNumber":"1678046","poolId":"0x0fbd1aab9d8af6c6bbffbbc72be2c02e9d45e0833211482ddcdf96f3bb3acb6a","stateView":"0xf3334192d15450cdd385c8b70e03f9a6bd9e673b","tickLower":-886800,"tickUpper":886800}	{"ok": true, "feeGrowthInside0X128": "0", "feeGrowthInside1X128": "0"}
{"blockNumber":"1688888","poolId":"0x23ee96eca4f6455c239f2a2ae3016f921ef8347143ae23980a9f18a80d883908","stateView":"0xf3334192d15450cdd385c8b70e03f9a6bd9e673b","tickLower":353600,"tickUpper":355200}	{"ok": true, "feeGrowthInside0X128": "51422606327627100302407278206", "feeGrowthInside1X128": "51986700846247243649058491008833879730041375"}
{"blockNumber":"1694839","poolId":"0x0fbd1aab9d8af6c6bbffbbc72be2c02e9d45e0833211482ddcdf96f3bb3acb6a","stateView":"0xf3334192d15450cdd385c8b70e03f9a6bd9e673b","tickLower":353400,"tickUpper":362400}	{"ok": true, "feeGrowthInside0X128": "0", "feeGrowthInside1X128": "0"}
{"blockNumber":"1694904","poolId":"0xc259b43a21ad75981a5ad2f7b7ddf8d35f77032f7dc846bb28a562665982c9e8","stateView":"0xf3334192d15450cdd385c8b70e03f9a6bd9e673b","tickLower":-884000,"tickUpper":884000}	{"ok": true, "feeGrowthInside0X128": "0", "feeGrowthInside1X128": "0"}
{"blockNumber":"1695045","poolId":"0x0fbd1aab9d8af6c6bbffbbc72be2c02e9d45e0833211482ddcdf96f3bb3acb6a","stateView":"0xf3334192d15450cdd385c8b70e03f9a6bd9e673b","tickLower":350400,"tickUpper":357600}	{"ok": true, "feeGrowthInside0X128": "0", "feeGrowthInside1X128": "0"}
{"blockNumber":"1698098","poolId":"0x0fbd1aab9d8af6c6bbffbbc72be2c02e9d45e0833211482ddcdf96f3bb3acb6a","stateView":"0xf3334192d15450cdd385c8b70e03f9a6bd9e673b","tickLower":351600,"tickUpper":365400}	{"ok": true, "feeGrowthInside0X128": "0", "feeGrowthInside1X128": "0"}
{"blockNumber":"1698577","poolId":"0x0fbd1aab9d8af6c6bbffbbc72be2c02e9d45e0833211482ddcdf96f3bb3acb6a","stateView":"0xf3334192d15450cdd385c8b70e03f9a6bd9e673b","tickLower":351600,"tickUpper":365400}	{"ok": true, "feeGrowthInside0X128": "0", "feeGrowthInside1X128": "0"}
{"blockNumber":"1698662","poolId":"0x0fbd1aab9d8af6c6bbffbbc72be2c02e9d45e0833211482ddcdf96f3bb3acb6a","stateView":"0xf3334192d15450cdd385c8b70e03f9a6bd9e673b","tickLower":351000,"tickUpper":365400}	{"ok": true, "feeGrowthInside0X128": "0", "feeGrowthInside1X128": "0"}
{"blockNumber":"1699700","poolId":"0x6d99954de52c584568b2fa953dc6728ad40b68d01d451de4926b617e1593633b","stateView":"0xf3334192d15450cdd385c8b70e03f9a6bd9e673b","tickLower":-887272,"tickUpper":887272}	{"ok": true, "feeGrowthInside0X128": "0", "feeGrowthInside1X128": "0"}
{"blockNumber":"1700438","poolId":"0x6d99954de52c584568b2fa953dc6728ad40b68d01d451de4926b617e1593633b","stateView":"0xf3334192d15450cdd385c8b70e03f9a6bd9e673b","tickLower":-887272,"tickUpper":887272}	{"ok": true, "feeGrowthInside0X128": "0", "feeGrowthInside1X128": "0"}
{"blockNumber":"1737282","poolId":"0xa95732060867f07aa9b8ae9a4b7b8d737bc3374f1dfbb952759c5ed676e8737c","stateView":"0xf3334192d15450cdd385c8b70e03f9a6bd9e673b","tickLower":278520,"tickUpper":283860}	{"ok": true, "feeGrowthInside0X128": "0", "feeGrowthInside1X128": "0"}
{"blockNumber":"1949743","poolId":"0xa95732060867f07aa9b8ae9a4b7b8d737bc3374f1dfbb952759c5ed676e8737c","stateView":"0xf3334192d15450cdd385c8b70e03f9a6bd9e673b","tickLower":278520,"tickUpper":283860}	{"ok": true, "feeGrowthInside0X128": "70831247250341731775844877655", "feeGrowthInside1X128": "106777130107671056931441433836863773778355"}
{"blockNumber":"1709380","poolId":"0x0fbd1aab9d8af6c6bbffbbc72be2c02e9d45e0833211482ddcdf96f3bb3acb6a","stateView":"0xf3334192d15450cdd385c8b70e03f9a6bd9e673b","tickLower":351000,"tickUpper":365400}	{"ok": true, "feeGrowthInside0X128": "0", "feeGrowthInside1X128": "0"}
{"blockNumber":"1709737","poolId":"0x0fbd1aab9d8af6c6bbffbbc72be2c02e9d45e0833211482ddcdf96f3bb3acb6a","stateView":"0xf3334192d15450cdd385c8b70e03f9a6bd9e673b","tickLower":350400,"tickUpper":365400}	{"ok": true, "feeGrowthInside0X128": "81495707819034234660310557851", "feeGrowthInside1X128": "139795526755120925711118329972744776466053850"}
{"blockNumber":"1713175","poolId":"0x0fbd1aab9d8af6c6bbffbbc72be2c02e9d45e0833211482ddcdf96f3bb3acb6a","stateView":"0xf3334192d15450cdd385c8b70e03f9a6bd9e673b","tickLower":350400,"tickUpper":365400}	{"ok": true, "feeGrowthInside0X128": "83071700548109186441769664400", "feeGrowthInside1X128": "142408392488082664715407460405676080864440093"}
{"blockNumber":"1709936","poolId":"0x0fbd1aab9d8af6c6bbffbbc72be2c02e9d45e0833211482ddcdf96f3bb3acb6a","stateView":"0xf3334192d15450cdd385c8b70e03f9a6bd9e673b","tickLower":350400,"tickUpper":357600}	{"ok": true, "feeGrowthInside0X128": "81495707819034234660310557851", "feeGrowthInside1X128": "139795526755120925711118329972744776466053850"}
{"blockNumber":"1713387","poolId":"0x0fbd1aab9d8af6c6bbffbbc72be2c02e9d45e0833211482ddcdf96f3bb3acb6a","stateView":"0xf3334192d15450cdd385c8b70e03f9a6bd9e673b","tickLower":350400,"tickUpper":357600}	{"ok": true, "feeGrowthInside0X128": "0", "feeGrowthInside1X128": "0"}
{"blockNumber":"1713253","poolId":"0x0fbd1aab9d8af6c6bbffbbc72be2c02e9d45e0833211482ddcdf96f3bb3acb6a","stateView":"0xf3334192d15450cdd385c8b70e03f9a6bd9e673b","tickLower":349800,"tickUpper":364200}	{"ok": true, "feeGrowthInside0X128": "0", "feeGrowthInside1X128": "0"}
{"blockNumber":"1713527","poolId":"0x0fbd1aab9d8af6c6bbffbbc72be2c02e9d45e0833211482ddcdf96f3bb3acb6a","stateView":"0xf3334192d15450cdd385c8b70e03f9a6bd9e673b","tickLower":349800,"tickUpper":364200}	{"ok": true, "feeGrowthInside0X128": "0", "feeGrowthInside1X128": "0"}
{"blockNumber":"1714522","poolId":"0x0fbd1aab9d8af6c6bbffbbc72be2c02e9d45e0833211482ddcdf96f3bb3acb6a","stateView":"0xf3334192d15450cdd385c8b70e03f9a6bd9e673b","tickLower":349800,"tickUpper":364200}	{"ok": true, "feeGrowthInside0X128": "0", "feeGrowthInside1X128": "0"}
{"blockNumber":"1713307","poolId":"0x86dc501e160456b436687328481543860fb6e5e06d90b984e04f19b3358c5bde","stateView":"0xf3334192d15450cdd385c8b70e03f9a6bd9e673b","tickLower":352440,"tickUpper":360360}	{"ok": true, "feeGrowthInside0X128": "0", "feeGrowthInside1X128": "0"}
{"blockNumber":"1714681","poolId":"0x0fbd1aab9d8af6c6bbffbbc72be2c02e9d45e0833211482ddcdf96f3bb3acb6a","stateView":"0xf3334192d15450cdd385c8b70e03f9a6bd9e673b","tickLower":348000,"tickUpper":361800}	{"ok": true, "feeGrowthInside0X128": "0", "feeGrowthInside1X128": "0"}
{"blockNumber":"1726632","poolId":"0x0fbd1aab9d8af6c6bbffbbc72be2c02e9d45e0833211482ddcdf96f3bb3acb6a","stateView":"0xf3334192d15450cdd385c8b70e03f9a6bd9e673b","tickLower":348000,"tickUpper":361800}	{"ok": true, "feeGrowthInside0X128": "1483162161716208873074353757206", "feeGrowthInside1X128": "1652720252468000328182477140905041387742306769"}
{"blockNumber":"1727528","poolId":"0x0fbd1aab9d8af6c6bbffbbc72be2c02e9d45e0833211482ddcdf96f3bb3acb6a","stateView":"0xf3334192d15450cdd385c8b70e03f9a6bd9e673b","tickLower":352200,"tickUpper":368400}	{"ok": true, "feeGrowthInside0X128": "0", "feeGrowthInside1X128": "0"}
{"blockNumber":"1730046","poolId":"0x0fbd1aab9d8af6c6bbffbbc72be2c02e9d45e0833211482ddcdf96f3bb3acb6a","stateView":"0xf3334192d15450cdd385c8b70e03f9a6bd9e673b","tickLower":352200,"tickUpper":368400}	{"ok": true, "feeGrowthInside0X128": "16091459827058989590318250169", "feeGrowthInside1X128": "33458216205914624942404209966329979498068820"}
{"blockNumber":"1732114","poolId":"0x0fbd1aab9d8af6c6bbffbbc72be2c02e9d45e0833211482ddcdf96f3bb3acb6a","stateView":"0xf3334192d15450cdd385c8b70e03f9a6bd9e673b","tickLower":352200,"tickUpper":368400}	{"ok": true, "feeGrowthInside0X128": "0", "feeGrowthInside1X128": "0"}
{"blockNumber":"1732554","poolId":"0x0fbd1aab9d8af6c6bbffbbc72be2c02e9d45e0833211482ddcdf96f3bb3acb6a","stateView":"0xf3334192d15450cdd385c8b70e03f9a6bd9e673b","tickLower":350400,"tickUpper":368400}	{"ok": true, "feeGrowthInside0X128": "0", "feeGrowthInside1X128": "0"}
{"blockNumber":"1738599","poolId":"0x0fbd1aab9d8af6c6bbffbbc72be2c02e9d45e0833211482ddcdf96f3bb3acb6a","stateView":"0xf3334192d15450cdd385c8b70e03f9a6bd9e673b","tickLower":350400,"tickUpper":357000}	{"ok": true, "feeGrowthInside0X128": "0", "feeGrowthInside1X128": "0"}
{"blockNumber":"1738683","poolId":"0x0fbd1aab9d8af6c6bbffbbc72be2c02e9d45e0833211482ddcdf96f3bb3acb6a","stateView":"0xf3334192d15450cdd385c8b70e03f9a6bd9e673b","tickLower":350400,"tickUpper":357000}	{"ok": true, "feeGrowthInside0X128": "0", "feeGrowthInside1X128": "0"}
{"blockNumber":"1746772","poolId":"0x0fbd1aab9d8af6c6bbffbbc72be2c02e9d45e0833211482ddcdf96f3bb3acb6a","stateView":"0xf3334192d15450cdd385c8b70e03f9a6bd9e673b","tickLower":350400,"tickUpper":357000}	{"ok": true, "feeGrowthInside0X128": "0", "feeGrowthInside1X128": "0"}
{"blockNumber":"1747713","poolId":"0x0fbd1aab9d8af6c6bbffbbc72be2c02e9d45e0833211482ddcdf96f3bb3acb6a","stateView":"0xf3334192d15450cdd385c8b70e03f9a6bd9e673b","tickLower":346200,"tickUpper":357600}	{"ok": true, "feeGrowthInside0X128": "0", "feeGrowthInside1X128": "0"}
{"blockNumber":"1803024","poolId":"0x0fbd1aab9d8af6c6bbffbbc72be2c02e9d45e0833211482ddcdf96f3bb3acb6a","stateView":"0xf3334192d15450cdd385c8b70e03f9a6bd9e673b","tickLower":346200,"tickUpper":357600}	{"ok": true, "feeGrowthInside0X128": "2739110297324215889550802947388", "feeGrowthInside1X128": "2790364361951567029203621742970024327782411520"}
{"blockNumber":"1750462","poolId":"0x0fbd1aab9d8af6c6bbffbbc72be2c02e9d45e0833211482ddcdf96f3bb3acb6a","stateView":"0xf3334192d15450cdd385c8b70e03f9a6bd9e673b","tickLower":348600,"tickUpper":362400}	{"ok": true, "feeGrowthInside0X128": "0", "feeGrowthInside1X128": "0"}
{"blockNumber":"1789148","poolId":"0x0fbd1aab9d8af6c6bbffbbc72be2c02e9d45e0833211482ddcdf96f3bb3acb6a","stateView":"0xf3334192d15450cdd385c8b70e03f9a6bd9e673b","tickLower":348600,"tickUpper":362400}	{"ok": true, "feeGrowthInside0X128": "98820281387746611106484556195", "feeGrowthInside1X128": "167863178437441654623967760933568507886122870"}
{"blockNumber":"1823859","poolId":"0x0fbd1aab9d8af6c6bbffbbc72be2c02e9d45e0833211482ddcdf96f3bb3acb6a","stateView":"0xf3334192d15450cdd385c8b70e03f9a6bd9e673b","tickLower":348600,"tickUpper":362400}	{"ok": true, "feeGrowthInside0X128": "245978331802183073685087948279", "feeGrowthInside1X128": "360441086032491160710059119881513474036498111"}
{"blockNumber":"1931220","poolId":"0x0fbd1aab9d8af6c6bbffbbc72be2c02e9d45e0833211482ddcdf96f3bb3acb6a","stateView":"0xf3334192d15450cdd385c8b70e03f9a6bd9e673b","tickLower":348600,"tickUpper":362400}	{"ok": true, "feeGrowthInside0X128": "258972426105545821605206934244", "feeGrowthInside1X128": "377916734399201211894282387783858013955440365"}
{"blockNumber":"1789358","poolId":"0x0fbd1aab9d8af6c6bbffbbc72be2c02e9d45e0833211482ddcdf96f3bb3acb6a","stateView":"0xf3334192d15450cdd385c8b70e03f9a6bd9e673b","tickLower":350400,"tickUpper":356400}	{"ok": true, "feeGrowthInside0X128": "4282871004114411735643731507", "feeGrowthInside1X128": "7176077799672988031003563413880465037086814"}
{"blockNumber":"1817353","poolId":"0x0fbd1aab9d8af6c6bbffbbc72be2c02e9d45e0833211482ddcdf96f3bb3acb6a","stateView":"0xf3334192d15450cdd385c8b70e03f9a6bd9e673b","tickLower":350400,"tickUpper":356400}	{"ok": true, "feeGrowthInside0X128": "11058483523112448948680995004", "feeGrowthInside1X128": "18640904025966254563694084032223607967848339"}
{"blockNumber":"1829259","poolId":"0x0fbd1aab9d8af6c6bbffbbc72be2c02e9d45e0833211482ddcdf96f3bb3acb6a","stateView":"0xf3334192d15450cdd385c8b70e03f9a6bd9e673b","tickLower":350400,"tickUpper":356400}	{"ok": true, "feeGrowthInside0X128": "11058483523112448948680995004", "feeGrowthInside1X128": "18640904025966254563694084032223607967848339"}
{"blockNumber":"1829402","poolId":"0x0fbd1aab9d8af6c6bbffbbc72be2c02e9d45e0833211482ddcdf96f3bb3acb6a","stateView":"0xf3334192d15450cdd385c8b70e03f9a6bd9e673b","tickLower":349200,"tickUpper":357000}	{"ok": true, "feeGrowthInside0X128": "0", "feeGrowthInside1X128": "0"}
{"blockNumber":"1931794","poolId":"0x0fbd1aab9d8af6c6bbffbbc72be2c02e9d45e0833211482ddcdf96f3bb3acb6a","stateView":"0xf3334192d15450cdd385c8b70e03f9a6bd9e673b","tickLower":349200,"tickUpper":357000}	{"ok": true, "feeGrowthInside0X128": "0", "feeGrowthInside1X128": "0"}
{"blockNumber":"1839096","poolId":"0x0fbd1aab9d8af6c6bbffbbc72be2c02e9d45e0833211482ddcdf96f3bb3acb6a","stateView":"0xf3334192d15450cdd385c8b70e03f9a6bd9e673b","tickLower":346800,"tickUpper":358800}	{"ok": true, "feeGrowthInside0X128": "0", "feeGrowthInside1X128": "0"}
{"blockNumber":"1929960","poolId":"0x0fbd1aab9d8af6c6bbffbbc72be2c02e9d45e0833211482ddcdf96f3bb3acb6a","stateView":"0xf3334192d15450cdd385c8b70e03f9a6bd9e673b","tickLower":346800,"tickUpper":358800}	{"ok": true, "feeGrowthInside0X128": "253473313778718800271306674877", "feeGrowthInside1X128": "332101445696885547572486620639663663980102222"}
{"blockNumber":"1935324","poolId":"0x0fbd1aab9d8af6c6bbffbbc72be2c02e9d45e0833211482ddcdf96f3bb3acb6a","stateView":"0xf3334192d15450cdd385c8b70e03f9a6bd9e673b","tickLower":346800,"tickUpper":358800}	{"ok": true, "feeGrowthInside0X128": "265439627305622641237954412729", "feeGrowthInside1X128": "332101445696885547572486620639663663980102222"}
{"blockNumber":"1936867","poolId":"0x0fbd1aab9d8af6c6bbffbbc72be2c02e9d45e0833211482ddcdf96f3bb3acb6a","stateView":"0xf3334192d15450cdd385c8b70e03f9a6bd9e673b","tickLower":346800,"tickUpper":358800}	{"ok": true, "feeGrowthInside0X128": "265439627305622641237954412729", "feeGrowthInside1X128": "332101445696885547572486620639663663980102222"}
{"blockNumber":"1846582","poolId":"0x0fbd1aab9d8af6c6bbffbbc72be2c02e9d45e0833211482ddcdf96f3bb3acb6a","stateView":"0xf3334192d15450cdd385c8b70e03f9a6bd9e673b","tickLower":-886800,"tickUpper":886800}	{"ok": true, "feeGrowthInside0X128": "3299607861411162646881471042351", "feeGrowthInside1X128": "3383642284661577695347419751345087379118805217"}
{"blockNumber":"1863829","poolId":"0x0fbd1aab9d8af6c6bbffbbc72be2c02e9d45e0833211482ddcdf96f3bb3acb6a","stateView":"0xf3334192d15450cdd385c8b70e03f9a6bd9e673b","tickLower":342000,"tickUpper":348600}	{"ok": true, "feeGrowthInside0X128": "115792089237316195423570985008687907853269984665391626986402468939110492869009", "feeGrowthInside1X128": "115792089237316195423570985008687541892783634163437859365413990539864934186165"}
{"blockNumber":"1909123","poolId":"0x0fbd1aab9d8af6c6bbffbbc72be2c02e9d45e0833211482ddcdf96f3bb3acb6a","stateView":"0xf3334192d15450cdd385c8b70e03f9a6bd9e673b","tickLower":342000,"tickUpper":348600}	{"ok": true, "feeGrowthInside0X128": "115792089237316195423570985008687907853269984665524319303204365661938914592653", "feeGrowthInside1X128": "115792089237316195423570985008687682413837267796593661994163587726589625267010"}
{"blockNumber":"1910712","poolId":"0x0fbd1aab9d8af6c6bbffbbc72be2c02e9d45e0833211482ddcdf96f3bb3acb6a","stateView":"0xf3334192d15450cdd385c8b70e03f9a6bd9e673b","tickLower":342000,"tickUpper":348600}	{"ok": true, "feeGrowthInside0X128": "115792089237316195423570985008687907853269984665528745390332830177726384766080", "feeGrowthInside1X128": "115792089237316195423570985008687682494022896891586825900761220965083401835472"}
{"blockNumber":"1938044","poolId":"0x0fbd1aab9d8af6c6bbffbbc72be2c02e9d45e0833211482ddcdf96f3bb3acb6a","stateView":"0xf3334192d15450cdd385c8b70e03f9a6bd9e673b","tickLower":342000,"tickUpper":348600}	{"ok": true, "feeGrowthInside0X128": "51584663692879616962391455685", "feeGrowthInside1X128": "115792089237316195423570985008687839990891938123319076558654317615613459597749"}
{"blockNumber":"1947885","poolId":"0x0fbd1aab9d8af6c6bbffbbc72be2c02e9d45e0833211482ddcdf96f3bb3acb6a","stateView":"0xf3334192d15450cdd385c8b70e03f9a6bd9e673b","tickLower":342000,"tickUpper":348600}	{"ok": true, "feeGrowthInside0X128": "220447143861498938305994788381", "feeGrowthInside1X128": "122566241852020493010169127512051493755078298"}
{"blockNumber":"1947929","poolId":"0x0fbd1aab9d8af6c6bbffbbc72be2c02e9d45e0833211482ddcdf96f3bb3acb6a","stateView":"0xf3334192d15450cdd385c8b70e03f9a6bd9e673b","tickLower":342000,"tickUpper":348600}	{"ok": true, "feeGrowthInside0X128": "220447143861498938305994788381", "feeGrowthInside1X128": "122566241852020493010169127512051493755078298"}
{"blockNumber":"1953935","poolId":"0x0fbd1aab9d8af6c6bbffbbc72be2c02e9d45e0833211482ddcdf96f3bb3acb6a","stateView":"0xf3334192d15450cdd385c8b70e03f9a6bd9e673b","tickLower":342000,"tickUpper":348600}	{"ok": true, "feeGrowthInside0X128": "378481724920009465291576056731", "feeGrowthInside1X128": "259603792004245087371657295357508209369168053"}
{"blockNumber":"1957327","poolId":"0x0fbd1aab9d8af6c6bbffbbc72be2c02e9d45e0833211482ddcdf96f3bb3acb6a","stateView":"0xf3334192d15450cdd385c8b70e03f9a6bd9e673b","tickLower":342000,"tickUpper":348600}	{"ok": true, "feeGrowthInside0X128": "439460625268559640026731356348", "feeGrowthInside1X128": "305665753795317281290291673203576584160778421"}
{"blockNumber":"1899523","poolId":"0x0fbd1aab9d8af6c6bbffbbc72be2c02e9d45e0833211482ddcdf96f3bb3acb6a","stateView":"0xf3334192d15450cdd385c8b70e03f9a6bd9e673b","tickLower":348600,"tickUpper":360600}	{"ok": true, "feeGrowthInside0X128": "258972426105545821605206934244", "feeGrowthInside1X128": "377916734399201211894282387783858013955440365"}
{"blockNumber":"1923876","poolId":"0x0fbd1aab9d8af6c6bbffbbc72be2c02e9d45e0833211482ddcdf96f3bb3acb6a","stateView":"0xf3334192d15450cdd385c8b70e03f9a6bd9e673b","tickLower":348600,"tickUpper":360600}	{"ok": true, "feeGrowthInside0X128": "258972426105545821605206934244", "feeGrowthInside1X128": "377916734399201211894282387783858013955440365"}
{"blockNumber":"1942109","poolId":"0x0fbd1aab9d8af6c6bbffbbc72be2c02e9d45e0833211482ddcdf96f3bb3acb6a","stateView":"0xf3334192d15450cdd385c8b70e03f9a6bd9e673b","tickLower":346800,"tickUpper":360600}	{"ok": true, "feeGrowthInside0X128": "334124368651315674460623807254", "feeGrowthInside1X128": "414236505231955025552625411272709915964464237"}
{"blockNumber":"1944478","poolId":"0x0fbd1aab9d8af6c6bbffbbc72be2c02e9d45e0833211482ddcdf96f3bb3acb6a","stateView":"0xf3334192d15450cdd385c8b70e03f9a6bd9e673b","tickLower":346800,"tickUpper":360600}	{"ok": true, "feeGrowthInside0X128": "334124368651315674460623807254", "feeGrowthInside1X128": "414236505231955025552625411272709915964464237"}
{"blockNumber":"1932201","poolId":"0x0fbd1aab9d8af6c6bbffbbc72be2c02e9d45e0833211482ddcdf96f3bb3acb6a","stateView":"0xf3334192d15450cdd385c8b70e03f9a6bd9e673b","tickLower":347400,"tickUpper":357000}	{"ok": true, "feeGrowthInside0X128": "23547711640863630712286179278", "feeGrowthInside1X128": "30077134063786733205247904520892368794087662"}
{"blockNumber":"1946686","poolId":"0x0fbd1aab9d8af6c6bbffbbc72be2c02e9d45e0833211482ddcdf96f3bb3acb6a","stateView":"0xf3334192d15450cdd385c8b70e03f9a6bd9e673b","tickLower":347400,"tickUpper":357000}	{"ok": true, "feeGrowthInside0X128": "38685398457252093486507592133", "feeGrowthInside1X128": "48847023709281055506856576543118088687043277"}
{"blockNumber":"1953249","poolId":"0x0fbd1aab9d8af6c6bbffbbc72be2c02e9d45e0833211482ddcdf96f3bb3acb6a","stateView":"0xf3334192d15450cdd385c8b70e03f9a6bd9e673b","tickLower":347400,"tickUpper":357000}	{"ok": true, "feeGrowthInside0X128": "0", "feeGrowthInside1X128": "0"}
{"blockNumber":"1924247","poolId":"0x0fbd1aab9d8af6c6bbffbbc72be2c02e9d45e0833211482ddcdf96f3bb3acb6a","stateView":"0xf3334192d15450cdd385c8b70e03f9a6bd9e673b","tickLower":347400,"tickUpper":359400}	{"ok": true, "feeGrowthInside0X128": "0", "feeGrowthInside1X128": "0"}
{"blockNumber":"1934530","poolId":"0x0fbd1aab9d8af6c6bbffbbc72be2c02e9d45e0833211482ddcdf96f3bb3acb6a","stateView":"0xf3334192d15450cdd385c8b70e03f9a6bd9e673b","tickLower":347400,"tickUpper":359400}	{"ok": true, "feeGrowthInside0X128": "23547711640863630712286179278", "feeGrowthInside1X128": "30077134063786733205247904520892368794087662"}
{"blockNumber":"1931350","poolId":"0x0fbd1aab9d8af6c6bbffbbc72be2c02e9d45e0833211482ddcdf96f3bb3acb6a","stateView":"0xf3334192d15450cdd385c8b70e03f9a6bd9e673b","tickLower":348000,"tickUpper":361200}	{"ok": true, "feeGrowthInside0X128": "0", "feeGrowthInside1X128": "0"}
{"blockNumber":"1931958","poolId":"0x0fbd1aab9d8af6c6bbffbbc72be2c02e9d45e0833211482ddcdf96f3bb3acb6a","stateView":"0xf3334192d15450cdd385c8b70e03f9a6bd9e673b","tickLower":348000,"tickUpper":361200}	{"ok": true, "feeGrowthInside0X128": "0", "feeGrowthInside1X128": "0"}
{"blockNumber":"1932328","poolId":"0x0fbd1aab9d8af6c6bbffbbc72be2c02e9d45e0833211482ddcdf96f3bb3acb6a","stateView":"0xf3334192d15450cdd385c8b70e03f9a6bd9e673b","tickLower":345600,"tickUpper":358800}	{"ok": true, "feeGrowthInside0X128": "0", "feeGrowthInside1X128": "0"}
{"blockNumber":"1943470","poolId":"0x0fbd1aab9d8af6c6bbffbbc72be2c02e9d45e0833211482ddcdf96f3bb3acb6a","stateView":"0xf3334192d15450cdd385c8b70e03f9a6bd9e673b","tickLower":345600,"tickUpper":358800}	{"ok": true, "feeGrowthInside0X128": "148989984733981722257032746523", "feeGrowthInside1X128": "183916274764687599226598474331291555030264432"}
{"blockNumber":"1949081","poolId":"0x0fbd1aab9d8af6c6bbffbbc72be2c02e9d45e0833211482ddcdf96f3bb3acb6a","stateView":"0xf3334192d15450cdd385c8b70e03f9a6bd9e673b","tickLower":345600,"tickUpper":357600}	{"ok": true, "feeGrowthInside0X128": "164153146795073685189502747051", "feeGrowthInside1X128": "185536820056232125162252001901696083041920007"}
{"blockNumber":"1956844","poolId":"0x0fbd1aab9d8af6c6bbffbbc72be2c02e9d45e0833211482ddcdf96f3bb3acb6a","stateView":"0xf3334192d15450cdd385c8b70e03f9a6bd9e673b","tickLower":345600,"tickUpper":358800}	{"ok": true, "feeGrowthInside0X128": "178881021787559108431067578811", "feeGrowthInside1X128": "201257140429653521907250178576650615547763060"}
{"blockNumber":"1958238","poolId":"0x0fbd1aab9d8af6c6bbffbbc72be2c02e9d45e0833211482ddcdf96f3bb3acb6a","stateView":"0xf3334192d15450cdd385c8b70e03f9a6bd9e673b","tickLower":345600,"tickUpper":357600}	{"ok": true, "feeGrowthInside0X128": "178881021787559108431067578811", "feeGrowthInside1X128": "201257140429653521907250178576650615547763060"}
{"blockNumber":"1937047","poolId":"0x0fbd1aab9d8af6c6bbffbbc72be2c02e9d45e0833211482ddcdf96f3bb3acb6a","stateView":"0xf3334192d15450cdd385c8b70e03f9a6bd9e673b","tickLower":346200,"tickUpper":358200}	{"ok": true, "feeGrowthInside0X128": "0", "feeGrowthInside1X128": "0"}
{"blockNumber":"1948801","poolId":"0x0fbd1aab9d8af6c6bbffbbc72be2c02e9d45e0833211482ddcdf96f3bb3acb6a","stateView":"0xf3334192d15450cdd385c8b70e03f9a6bd9e673b","tickLower":346200,"tickUpper":358200}	{"ok": true, "feeGrowthInside0X128": "0", "feeGrowthInside1X128": "0"}
{"blockNumber":"1938631","poolId":"0x0fbd1aab9d8af6c6bbffbbc72be2c02e9d45e0833211482ddcdf96f3bb3acb6a","stateView":"0xf3334192d15450cdd385c8b70e03f9a6bd9e673b","tickLower":341400,"tickUpper":345600}	{"ok": true, "feeGrowthInside0X128": "115792089237316195423570985008687907853269984665602220787261547074565773325659", "feeGrowthInside1X128": "115792089237316195423570985008687863631338621563679757865186361206272206158454"}
{"blockNumber":"1954024","poolId":"0x0fbd1aab9d8af6c6bbffbbc72be2c02e9d45e0833211482ddcdf96f3bb3acb6a","stateView":"0xf3334192d15450cdd385c8b70e03f9a6bd9e673b","tickLower":341400,"tickUpper":345600}	{"ok": true, "feeGrowthInside0X128": "142568615870409950328524510309", "feeGrowthInside1X128": "112841487313628897230870862178897481413068913"}
{"blockNumber":"1954093","poolId":"0x0fbd1aab9d8af6c6bbffbbc72be2c02e9d45e0833211482ddcdf96f3bb3acb6a","stateView":"0xf3334192d15450cdd385c8b70e03f9a6bd9e673b","tickLower":341400,"tickUpper":345600}	{"ok": true, "feeGrowthInside0X128": "142568615870409950328524510309", "feeGrowthInside1X128": "112841487313628897230870862178897481413068913"}
{"blockNumber":"1955531","poolId":"0x0fbd1aab9d8af6c6bbffbbc72be2c02e9d45e0833211482ddcdf96f3bb3acb6a","stateView":"0xf3334192d15450cdd385c8b70e03f9a6bd9e673b","tickLower":341400,"tickUpper":345600}	{"ok": true, "feeGrowthInside0X128": "146320577208306286796734742433", "feeGrowthInside1X128": "112841487313628897230870862178897481413068913"}
{"blockNumber":"1957421","poolId":"0x0fbd1aab9d8af6c6bbffbbc72be2c02e9d45e0833211482ddcdf96f3bb3acb6a","stateView":"0xf3334192d15450cdd385c8b70e03f9a6bd9e673b","tickLower":341400,"tickUpper":345600}	{"ok": true, "feeGrowthInside0X128": "203547516218960125063679809926", "feeGrowthInside1X128": "158903449104701091149505240024965856204679281"}
{"blockNumber":"1942126","poolId":"0x0fbd1aab9d8af6c6bbffbbc72be2c02e9d45e0833211482ddcdf96f3bb3acb6a","stateView":"0xf3334192d15450cdd385c8b70e03f9a6bd9e673b","tickLower":340200,"tickUpper":354000}	{"ok": true, "feeGrowthInside0X128": "0", "feeGrowthInside1X128": "0"}
{"blockNumber":"1944555","poolId":"0x0fbd1aab9d8af6c6bbffbbc72be2c02e9d45e0833211482ddcdf96f3bb3acb6a","stateView":"0xf3334192d15450cdd385c8b70e03f9a6bd9e673b","tickLower":340200,"tickUpper":354000}	{"ok": true, "feeGrowthInside0X128": "7076335610051991118917064764", "feeGrowthInside1X128": "536059240395451609614183344979710435946171"}
{"blockNumber":"1943665","poolId":"0x0fbd1aab9d8af6c6bbffbbc72be2c02e9d45e0833211482ddcdf96f3bb3acb6a","stateView":"0xf3334192d15450cdd385c8b70e03f9a6bd9e673b","tickLower":336600,"tickUpper":353400}	{"ok": true, "feeGrowthInside0X128": "0", "feeGrowthInside1X128": "0"}
{"blockNumber":"1953007","poolId":"0x0fbd1aab9d8af6c6bbffbbc72be2c02e9d45e0833211482ddcdf96f3bb3acb6a","stateView":"0xf3334192d15450cdd385c8b70e03f9a6bd9e673b","tickLower":336600,"tickUpper":353400}	{"ok": true, "feeGrowthInside0X128": "170602789565309934668078653494", "feeGrowthInside1X128": "135307467442147581648369491312457278994068268"}
{"blockNumber":"1955010","poolId":"0x0fbd1aab9d8af6c6bbffbbc72be2c02e9d45e0833211482ddcdf96f3bb3acb6a","stateView":"0xf3334192d15450cdd385c8b70e03f9a6bd9e673b","tickLower":346200,"tickUpper":353400}	{"ok": true, "feeGrowthInside0X128": "0", "feeGrowthInside1X128": "0"}
{"blockNumber":"1944399","poolId":"0x0fbd1aab9d8af6c6bbffbbc72be2c02e9d45e0833211482ddcdf96f3bb3acb6a","stateView":"0xf3334192d15450cdd385c8b70e03f9a6bd9e673b","tickLower":346800,"tickUpper":355800}	{"ok": true, "feeGrowthInside0X128": "334124368651315674460623807254", "feeGrowthInside1X128": "414236505231955025552625411272709915964464237"}
{"blockNumber":"1952300","poolId":"0x0fbd1aab9d8af6c6bbffbbc72be2c02e9d45e0833211482ddcdf96f3bb3acb6a","stateView":"0xf3334192d15450cdd385c8b70e03f9a6bd9e673b","tickLower":346800,"tickUpper":355800}	{"ok": true, "feeGrowthInside0X128": "334124368651315674460623807254", "feeGrowthInside1X128": "414236505231955025552625411272709915964464237"}
{"blockNumber":"1952670","poolId":"0x0fbd1aab9d8af6c6bbffbbc72be2c02e9d45e0833211482ddcdf96f3bb3acb6a","stateView":"0xf3334192d15450cdd385c8b70e03f9a6bd9e673b","tickLower":345600,"tickUpper":354600}	{"ok": true, "feeGrowthInside0X128": "178881021787559108431067578811", "feeGrowthInside1X128": "201257140429653521907250178576650615547763060"}
{"blockNumber":"1952975","poolId":"0x0fbd1aab9d8af6c6bbffbbc72be2c02e9d45e0833211482ddcdf96f3bb3acb6a","stateView":"0xf3334192d15450cdd385c8b70e03f9a6bd9e673b","tickLower":345600,"tickUpper":354600}	{"ok": true, "feeGrowthInside0X128": "178881021787559108431067578811", "feeGrowthInside1X128": "201257140429653521907250178576650615547763060"}
{"blockNumber":"1953566","poolId":"0x0fbd1aab9d8af6c6bbffbbc72be2c02e9d45e0833211482ddcdf96f3bb3acb6a","stateView":"0xf3334192d15450cdd385c8b70e03f9a6bd9e673b","tickLower":346800,"tickUpper":354600}	{"ok": true, "feeGrowthInside0X128": "334124368651315674460623807254", "feeGrowthInside1X128": "414236505231955025552625411272709915964464237"}
{"blockNumber":"1954656","poolId":"0x0fbd1aab9d8af6c6bbffbbc72be2c02e9d45e0833211482ddcdf96f3bb3acb6a","stateView":"0xf3334192d15450cdd385c8b70e03f9a6bd9e673b","tickLower":346800,"tickUpper":354600}	{"ok": true, "feeGrowthInside0X128": "334124368651315674460623807254", "feeGrowthInside1X128": "414236505231955025552625411272709915964464237"}
{"blockNumber":"1953308","poolId":"0x0fbd1aab9d8af6c6bbffbbc72be2c02e9d45e0833211482ddcdf96f3bb3acb6a","stateView":"0xf3334192d15450cdd385c8b70e03f9a6bd9e673b","tickLower":345000,"tickUpper":354600}	{"ok": true, "feeGrowthInside0X128": "0", "feeGrowthInside1X128": "0"}
{"blockNumber":"1957015","poolId":"0x0fbd1aab9d8af6c6bbffbbc72be2c02e9d45e0833211482ddcdf96f3bb3acb6a","stateView":"0xf3334192d15450cdd385c8b70e03f9a6bd9e673b","tickLower":345000,"tickUpper":359400}	{"ok": true, "feeGrowthInside0X128": "4044984483121302466867116656", "feeGrowthInside1X128": "3931252959778275189947309918489634908596476"}
{"blockNumber":"1704798","poolId":"0x4893a925e4818940e4646fc55cee1d291e0e0c0d46838d2f9620be3d785a8111","stateView":"0xf3334192d15450cdd385c8b70e03f9a6bd9e673b","tickLower":125400,"tickUpper":165000}	{"ok": true, "feeGrowthInside0X128": "335915042305549024537490782892297769", "feeGrowthInside1X128": "765858383157738447555754595719427588262890"}
{"blockNumber":"1704905","poolId":"0x4893a925e4818940e4646fc55cee1d291e0e0c0d46838d2f9620be3d785a8111","stateView":"0xf3334192d15450cdd385c8b70e03f9a6bd9e673b","tickLower":125400,"tickUpper":165000}	{"ok": true, "feeGrowthInside0X128": "335915042305549024537490782892297769", "feeGrowthInside1X128": "765858383157738447555754595719427588262890"}
{"blockNumber":"1710324","poolId":"0x6a54a7257796135fcf0c397c6bc37102d64605d8b5dc528c9fad7b65e90e7418","stateView":"0xf3334192d15450cdd385c8b70e03f9a6bd9e673b","tickLower":-887247,"tickUpper":887247}	{"ok": true, "feeGrowthInside0X128": "0", "feeGrowthInside1X128": "0"}
{"blockNumber":"1712751","poolId":"0xef5672974ad552f1ce24f2873f3e4237e82d44780ef623b6a239db42b08a7d5c","stateView":"0xf3334192d15450cdd385c8b70e03f9a6bd9e673b","tickLower":-202600,"tickUpper":-201800}	{"ok": true, "feeGrowthInside0X128": "56921590187681416224504316297082832604195", "feeGrowthInside1X128": "100525507536420118800457337304401"}
{"blockNumber":"1713856","poolId":"0xef5672974ad552f1ce24f2873f3e4237e82d44780ef623b6a239db42b08a7d5c","stateView":"0xf3334192d15450cdd385c8b70e03f9a6bd9e673b","tickLower":-202000,"tickUpper":-201800}	{"ok": true, "feeGrowthInside0X128": "784555568532413693991555614296611966774", "feeGrowthInside1X128": "1990193863346319139417903892006"}
{"blockNumber":"1717805","poolId":"0x6ff03107f375083abd490b667dae07c8d42a25c1f201a177cd7b8639ccd5d4e7","stateView":"0xf3334192d15450cdd385c8b70e03f9a6bd9e673b","tickLower":128800,"tickUpper":151200}	{"ok": true, "feeGrowthInside0X128": "409123770007414988083104863297476175", "feeGrowthInside1X128": "1561444556418714358240957135466844535351738"}
{"blockNumber":"1720672","poolId":"0x6ff03107f375083abd490b667dae07c8d42a25c1f201a177cd7b8639ccd5d4e7","stateView":"0xf3334192d15450cdd385c8b70e03f9a6bd9e673b","tickLower":151200,"tickUpper":162400}	{"ok": true, "feeGrowthInside0X128": "0", "feeGrowthInside1X128": "0"}
{"blockNumber":"1721204","poolId":"0x6ff03107f375083abd490b667dae07c8d42a25c1f201a177cd7b8639ccd5d4e7","stateView":"0xf3334192d15450cdd385c8b70e03f9a6bd9e673b","tickLower":151200,"tickUpper":162400}	{"ok": true, "feeGrowthInside0X128": "0", "feeGrowthInside1X128": "0"}
{"blockNumber":"1721158","poolId":"0xef5672974ad552f1ce24f2873f3e4237e82d44780ef623b6a239db42b08a7d5c","stateView":"0xf3334192d15450cdd385c8b70e03f9a6bd9e673b","tickLower":-202600,"tickUpper":-202200}	{"ok": true, "feeGrowthInside0X128": "55212264144781940442097731114755741702447", "feeGrowthInside1X128": "95745110385208924881370075908375"}
{"blockNumber":"1735319","poolId":"0x6ff03107f375083abd490b667dae07c8d42a25c1f201a177cd7b8639ccd5d4e7","stateView":"0xf3334192d15450cdd385c8b70e03f9a6bd9e673b","tickLower":134400,"tickUpper":151200}	{"ok": true, "feeGrowthInside0X128": "0", "feeGrowthInside1X128": "0"}
{"blockNumber":"1735880","poolId":"0x6ff03107f375083abd490b667dae07c8d42a25c1f201a177cd7b8639ccd5d4e7","stateView":"0xf3334192d15450cdd385c8b70e03f9a6bd9e673b","tickLower":134400,"tickUpper":151200}	{"ok": true, "feeGrowthInside0X128": "0", "feeGrowthInside1X128": "0"}
{"blockNumber":"1863165","poolId":"0x6ff03107f375083abd490b667dae07c8d42a25c1f201a177cd7b8639ccd5d4e7","stateView":"0xf3334192d15450cdd385c8b70e03f9a6bd9e673b","tickLower":134400,"tickUpper":151200}	{"ok": true, "feeGrowthInside0X128": "27520803284999588783750325194595168", "feeGrowthInside1X128": "23617463067363393693525449293707618115530"}
{"blockNumber":"1863205","poolId":"0x6ff03107f375083abd490b667dae07c8d42a25c1f201a177cd7b8639ccd5d4e7","stateView":"0xf3334192d15450cdd385c8b70e03f9a6bd9e673b","tickLower":134400,"tickUpper":151200}	{"ok": true, "feeGrowthInside0X128": "27520803284999588783750325194595168", "feeGrowthInside1X128": "23617463067363393693525449293707618115530"}
{"blockNumber":"1863282","poolId":"0x6ff03107f375083abd490b667dae07c8d42a25c1f201a177cd7b8639ccd5d4e7","stateView":"0xf3334192d15450cdd385c8b70e03f9a6bd9e673b","tickLower":134400,"tickUpper":151200}	{"ok": true, "feeGrowthInside0X128": "27520803284999588783750325194595168", "feeGrowthInside1X128": "23617463067363393693525449293707618115530"}
{"blockNumber":"1863362","poolId":"0x6ff03107f375083abd490b667dae07c8d42a25c1f201a177cd7b8639ccd5d4e7","stateView":"0xf3334192d15450cdd385c8b70e03f9a6bd9e673b","tickLower":134400,"tickUpper":151200}	{"ok": true, "feeGrowthInside0X128": "27520803284999588783750325194595168", "feeGrowthInside1X128": "23617463067363393693525449293707618115530"}
{"blockNumber":"1942703","poolId":"0x6ff03107f375083abd490b667dae07c8d42a25c1f201a177cd7b8639ccd5d4e7","stateView":"0xf3334192d15450cdd385c8b70e03f9a6bd9e673b","tickLower":134400,"tickUpper":151200}	{"ok": true, "feeGrowthInside0X128": "454554359984798411780087859989792100", "feeGrowthInside1X128": "1643958366063719525656378316012534528844866"}
{"blockNumber":"1736878","poolId":"0x6ff03107f375083abd490b667dae07c8d42a25c1f201a177cd7b8639ccd5d4e7","stateView":"0xf3334192d15450cdd385c8b70e03f9a6bd9e673b","tickLower":-884800,"tickUpper":884800}	{"ok": true, "feeGrowthInside0X128": "427033556699798822996337534795196932", "feeGrowthInside1X128": "1615364799191804709406175428067245940831783"}
{"blockNumber":"1787758","poolId":"0x6ff03107f375083abd490b667dae07c8d42a25c1f201a177cd7b8639ccd5d4e7","stateView":"0xf3334192d15450cdd385c8b70e03f9a6bd9e673b","tickLower":-884800,"tickUpper":884800}	{"ok": true, "feeGrowthInside0X128": "436075275276497210900973709233947477", "feeGrowthInside1X128": "1619917927864008749529752449235241784612489"}
{"blockNumber":"1845749","poolId":"0x6ff03107f375083abd490b667dae07c8d42a25c1f201a177cd7b8639ccd5d4e7","stateView":"0xf3334192d15450cdd385c8b70e03f9a6bd9e673b","tickLower":-884800,"tickUpper":884800}	{"ok": true, "feeGrowthInside0X128": "446982588429022356368306858367995927", "feeGrowthInside1X128": "1635631364658337651915382765490918529070884"}
{"blockNumber":"1863311","poolId":"0x6ff03107f375083abd490b667dae07c8d42a25c1f201a177cd7b8639ccd5d4e7","stateView":"0xf3334192d15450cdd385c8b70e03f9a6bd9e673b","tickLower":-884800,"tickUpper":884800}	{"ok": true, "feeGrowthInside0X128": "454554359984798411780087859989792100", "feeGrowthInside1X128": "1638982262259168103099700877360953558947313"}
{"blockNumber":"1863644","poolId":"0x6ff03107f375083abd490b667dae07c8d42a25c1f201a177cd7b8639ccd5d4e7","stateView":"0xf3334192d15450cdd385c8b70e03f9a6bd9e673b","tickLower":-884800,"tickUpper":884800}	{"ok": true, "feeGrowthInside0X128": "454554359984798411780087859989792100", "feeGrowthInside1X128": "1638982262259168103099700877360953558947313"}
{"blockNumber":"1743015","poolId":"0xc259b43a21ad75981a5ad2f7b7ddf8d35f77032f7dc846bb28a562665982c9e8","stateView":"0xf3334192d15450cdd385c8b70e03f9a6bd9e673b","tickLower":-884000,"tickUpper":884000}	{"ok": true, "feeGrowthInside0X128": "53925942437363304745823971091438241", "feeGrowthInside1X128": "107402786081391625099151114557704668793143"}
{"blockNumber":"1755050","poolId":"0xc259b43a21ad75981a5ad2f7b7ddf8d35f77032f7dc846bb28a562665982c9e8","stateView":"0xf3334192d15450cdd385c8b70e03f9a6bd9e673b","tickLower":-884000,"tickUpper":884000}	{"ok": true, "feeGrowthInside0X128": "54716231360297714935880728532866330", "feeGrowthInside1X128": "107402786081391625099151114557704668793143"}
{"blockNumber":"1755331","poolId":"0xc259b43a21ad75981a5ad2f7b7ddf8d35f77032f7dc846bb28a562665982c9e8","stateView":"0xf3334192d15450cdd385c8b70e03f9a6bd9e673b","tickLower":-884000,"tickUpper":884000}	{"ok": true, "feeGrowthInside0X128": "54716231360297714935880728532866330", "feeGrowthInside1X128": "107402786081391625099151114557704668793143"}
{"blockNumber":"1760584","poolId":"0xc259b43a21ad75981a5ad2f7b7ddf8d35f77032f7dc846bb28a562665982c9e8","stateView":"0xf3334192d15450cdd385c8b70e03f9a6bd9e673b","tickLower":-884000,"tickUpper":884000}	{"ok": true, "feeGrowthInside0X128": "0", "feeGrowthInside1X128": "0"}
{"blockNumber":"1798620","poolId":"0xc259b43a21ad75981a5ad2f7b7ddf8d35f77032f7dc846bb28a562665982c9e8","stateView":"0xf3334192d15450cdd385c8b70e03f9a6bd9e673b","tickLower":-884000,"tickUpper":884000}	{"ok": true, "feeGrowthInside0X128": "11088789863862244527274838013963266", "feeGrowthInside1X128": "23355396211542287055103847416562838494188"}
{"blockNumber":"1842470","poolId":"0xc259b43a21ad75981a5ad2f7b7ddf8d35f77032f7dc846bb28a562665982c9e8","stateView":"0xf3334192d15450cdd385c8b70e03f9a6bd9e673b","tickLower":-884000,"tickUpper":884000}	{"ok": true, "feeGrowthInside0X128": "30956859752212594307894783624295143", "feeGrowthInside1X128": "59460350008520385028486022806542104823208"}
{"blockNumber":"1871777","poolId":"0xc259b43a21ad75981a5ad2f7b7ddf8d35f77032f7dc846bb28a562665982c9e8","stateView":"0xf3334192d15450cdd385c8b70e03f9a6bd9e673b","tickLower":-884000,"tickUpper":884000}	{"ok": true, "feeGrowthInside0X128": "37681681392908809767370677401101334", "feeGrowthInside1X128": "72240159557172841200923182778911038036966"}
{"blockNumber":"1932910","poolId":"0xc259b43a21ad75981a5ad2f7b7ddf8d35f77032f7dc846bb28a562665982c9e8","stateView":"0xf3334192d15450cdd385c8b70e03f9a6bd9e673b","tickLower":-884000,"tickUpper":884000}	{"ok": true, "feeGrowthInside0X128": "37681681392908809767370677401101334", "feeGrowthInside1X128": "72924723081180310061953116780388236003193"}
{"blockNumber":"1933504","poolId":"0xc259b43a21ad75981a5ad2f7b7ddf8d35f77032f7dc846bb28a562665982c9e8","stateView":"0xf3334192d15450cdd385c8b70e03f9a6bd9e673b","tickLower":-884000,"tickUpper":884000}	{"ok": true, "feeGrowthInside0X128": "92397912753206524703251405933967664", "feeGrowthInside1X128": "180327509162571935161104231338092904796336"}
{"blockNumber":"1743946","poolId":"0x6986b38b2e1fa88d0cc25daf9087ad9bdf2ad51b78ae3afeb1aa11a08d8a3993","stateView":"0xf3334192d15450cdd385c8b70e03f9a6bd9e673b","tickLower":-881400,"tickUpper":881400}	{"ok": true, "feeGrowthInside0X128": "1391882775590585222611360714374722174", "feeGrowthInside1X128": "3344206681626035766180825870421591587071575"}
{"blockNumber":"1746179","poolId":"0x6ff03107f375083abd490b667dae07c8d42a25c1f201a177cd7b8639ccd5d4e7","stateView":"0xf3334192d15450cdd385c8b70e03f9a6bd9e673b","tickLower":140000,"tickUpper":151200}	{"ok": true, "feeGrowthInside0X128": "0", "feeGrowthInside1X128": "0"}
{"blockNumber":"1747829","poolId":"0x6ff03107f375083abd490b667dae07c8d42a25c1f201a177cd7b8639ccd5d4e7","stateView":"0xf3334192d15450cdd385c8b70e03f9a6bd9e673b","tickLower":140000,"tickUpper":151200}	{"ok": true, "feeGrowthInside0X128": "0", "feeGrowthInside1X128": "0"}
{"blockNumber":"1787706","poolId":"0x6ff03107f375083abd490b667dae07c8d42a25c1f201a177cd7b8639ccd5d4e7","stateView":"0xf3334192d15450cdd385c8b70e03f9a6bd9e673b","tickLower":140000,"tickUpper":151200}	{"ok": true, "feeGrowthInside0X128": "9041718576698387904636174438750545", "feeGrowthInside1X128": "4553128672204040123577021167995843780706"}
{"blockNumber":"1863348","poolId":"0x6ff03107f375083abd490b667dae07c8d42a25c1f201a177cd7b8639ccd5d4e7","stateView":"0xf3334192d15450cdd385c8b70e03f9a6bd9e673b","tickLower":140000,"tickUpper":151200}	{"ok": true, "feeGrowthInside0X128": "27520803284999588783750325194595168", "feeGrowthInside1X128": "23617463067363393693525449293707618115530"}
{"blockNumber":"1863675","poolId":"0x6ff03107f375083abd490b667dae07c8d42a25c1f201a177cd7b8639ccd5d4e7","stateView":"0xf3334192d15450cdd385c8b70e03f9a6bd9e673b","tickLower":140000,"tickUpper":151200}	{"ok": true, "feeGrowthInside0X128": "454554359984798411780087859989792100", "feeGrowthInside1X128": "1638982262259168103099700877360953558947313"}
{"blockNumber":"1753306","poolId":"0x387bf619da4d3fb62bb276482693dba1b9b3520f573cabdfe033384a24125982","stateView":"0xf3334192d15450cdd385c8b70e03f9a6bd9e673b","tickLower":-203480,"tickUpper":-200450}	{"ok": true, "feeGrowthInside0X128": "0", "feeGrowthInside1X128": "0"}
{"blockNumber":"1761883","poolId":"0x387bf619da4d3fb62bb276482693dba1b9b3520f573cabdfe033384a24125982","stateView":"0xf3334192d15450cdd385c8b70e03f9a6bd9e673b","tickLower":-203480,"tickUpper":-200450}	{"ok": true, "feeGrowthInside0X128": "37238917099732461646420577774096874080", "feeGrowthInside1X128": "60600291840067810142953652456"}
{"blockNumber":"1760590","poolId":"0x387bf619da4d3fb62bb276482693dba1b9b3520f573cabdfe033384a24125982","stateView":"0xf3334192d15450cdd385c8b70e03f9a6bd9e673b","tickLower":-203480,"tickUpper":-200440}	{"ok": true, "feeGrowthInside0X128": "18382888834850015751104913412135927361", "feeGrowthInside1X128": "33538620514030608703247227205"}
{"blockNumber":"1760762","poolId":"0x387bf619da4d3fb62bb276482693dba1b9b3520f573cabdfe033384a24125982","stateView":"0xf3334192d15450cdd385c8b70e03f9a6bd9e673b","tickLower":-203410,"tickUpper":-200510}	{"ok": true, "feeGrowthInside0X128": "0", "feeGrowthInside1X128": "0"}
{"blockNumber":"1770971","poolId":"0x387bf619da4d3fb62bb276482693dba1b9b3520f573cabdfe033384a24125982","stateView":"0xf3334192d15450cdd385c8b70e03f9a6bd9e673b","tickLower":-203410,"tickUpper":-200510}	{"ok": true, "feeGrowthInside0X128": "29112417470268171438621845730349997262", "feeGrowthInside1X128": "50129172218282821416523146835"}
{"blockNumber":"1766046","poolId":"0x387bf619da4d3fb62bb276482693dba1b9b3520f573cabdfe033384a24125982","stateView":"0xf3334192d15450cdd385c8b70e03f9a6bd9e673b","tickLower":-203500,"tickUpper":-200470}	{"ok": true, "feeGrowthInside0X128": "0", "feeGrowthInside1X128": "0"}
{"blockNumber":"1779524","poolId":"0x387bf619da4d3fb62bb276482693dba1b9b3520f573cabdfe033384a24125982","stateView":"0xf3334192d15450cdd385c8b70e03f9a6bd9e673b","tickLower":-203390,"tickUpper":-200460}	{"ok": true, "feeGrowthInside0X128": "0", "feeGrowthInside1X128": "0"}
{"blockNumber":"1779731","poolId":"0x387bf619da4d3fb62bb276482693dba1b9b3520f573cabdfe033384a24125982","stateView":"0xf3334192d15450cdd385c8b70e03f9a6bd9e673b","tickLower":-203190,"tickUpper":-200310}	{"ok": true, "feeGrowthInside0X128": "3229476461766346872163085396157669008847", "feeGrowthInside1X128": "5654174533685876761065289623750"}
{"blockNumber":"1805225","poolId":"0x387bf619da4d3fb62bb276482693dba1b9b3520f573cabdfe033384a24125982","stateView":"0xf3334192d15450cdd385c8b70e03f9a6bd9e673b","tickLower":-203190,"tickUpper":-200310}	{"ok": true, "feeGrowthInside0X128": "3282092046080579626590277909902668644032", "feeGrowthInside1X128": "5764221932417568620300271853487"}
{"blockNumber":"1781460","poolId":"0x387bf619da4d3fb62bb276482693dba1b9b3520f573cabdfe033384a24125982","stateView":"0xf3334192d15450cdd385c8b70e03f9a6bd9e673b","tickLower":-202870,"tickUpper":-200900}	{"ok": true, "feeGrowthInside0X128": "0", "feeGrowthInside1X128": "0"}
{"blockNumber":"1787886","poolId":"0xef5672974ad552f1ce24f2873f3e4237e82d44780ef623b6a239db42b08a7d5c","stateView":"0xf3334192d15450cdd385c8b70e03f9a6bd9e673b","tickLower":-202800,"tickUpper":-201600}	{"ok": true, "feeGrowthInside0X128": "19469143920019784588390949802761021753126", "feeGrowthInside1X128": "36880188433908904090002425953328"}
{"blockNumber":"1793732","poolId":"0xef5672974ad552f1ce24f2873f3e4237e82d44780ef623b6a239db42b08a7d5c","stateView":"0xf3334192d15450cdd385c8b70e03f9a6bd9e673b","tickLower":-202200,"tickUpper":-201600}	{"ok": true, "feeGrowthInside0X128": "3112492165200322877313572086800328517238", "feeGrowthInside1X128": "7370807175063487323939973683345"}
{"blockNumber":"1788453","poolId":"0x930e33a8dedff80c1ebc5f8536b6048b05edde8b54377356850b5ad239af7450","stateView":"0xf3334192d15450cdd385c8b70e03f9a6bd9e673b","tickLower":-887216,"tickUpper":887216}	{"ok": true, "feeGrowthInside0X128": "0", "feeGrowthInside1X128": "0"}
{"blockNumber":"1801486","poolId":"0x930e33a8dedff80c1ebc5f8536b6048b05edde8b54377356850b5ad239af7450","stateView":"0xf3334192d15450cdd385c8b70e03f9a6bd9e673b","tickLower":-887216,"tickUpper":887216}	{"ok": true, "feeGrowthInside0X128": "6983328475322467292321656135256149915415", "feeGrowthInside1X128": "12583615284796066936699373462437"}
{"blockNumber":"1794985","poolId":"0x387bf619da4d3fb62bb276482693dba1b9b3520f573cabdfe033384a24125982","stateView":"0xf3334192d15450cdd385c8b70e03f9a6bd9e673b","tickLower":-203260,"tickUpper":-200600}	{"ok": true, "feeGrowthInside0X128": "2092058178308233634113564448223183024633", "feeGrowthInside1X128": "3579894512981301453296877468892"}
{"blockNumber":"1799455","poolId":"0x387bf619da4d3fb62bb276482693dba1b9b3520f573cabdfe033384a24125982","stateView":"0xf3334192d15450cdd385c8b70e03f9a6bd9e673b","tickLower":-202250,"tickUpper":-201640}	{"ok": true, "feeGrowthInside0X128": "59256241092561638496843044745061053108083", "feeGrowthInside1X128": "106791335204915439430277494413993"}
{"blockNumber":"1803174","poolId":"0x387bf619da4d3fb62bb276482693dba1b9b3520f573cabdfe033384a24125982","stateView":"0xf3334192d15450cdd385c8b70e03f9a6bd9e673b","tickLower":-203980,"tickUpper":-199830}	{"ok": true, "feeGrowthInside0X128": "0", "feeGrowthInside1X128": "0"}
{"blockNumber":"1803286","poolId":"0x387bf619da4d3fb62bb276482693dba1b9b3520f573cabdfe033384a24125982","stateView":"0xf3334192d15450cdd385c8b70e03f9a6bd9e673b","tickLower":-202080,"tickUpper":-201480}	{"ok": true, "feeGrowthInside0X128": "0", "feeGrowthInside1X128": "0"}
{"blockNumber":"1803883","poolId":"0x387bf619da4d3fb62bb276482693dba1b9b3520f573cabdfe033384a24125982","stateView":"0xf3334192d15450cdd385c8b70e03f9a6bd9e673b","tickLower":-202080,"tickUpper":-201480}	{"ok": true, "feeGrowthInside0X128": "592433270732987594909031305740683602", "feeGrowthInside1X128": "4423816215895435688548381203"}
{"blockNumber":"1804840","poolId":"0x387bf619da4d3fb62bb276482693dba1b9b3520f573cabdfe033384a24125982","stateView":"0xf3334192d15450cdd385c8b70e03f9a6bd9e673b","tickLower":-202080,"tickUpper":-201480}	{"ok": true, "feeGrowthInside0X128": "5440595995549354217421647862446739753", "feeGrowthInside1X128": "9980910073217979641851055495"}
{"blockNumber":"1809447","poolId":"0x387bf619da4d3fb62bb276482693dba1b9b3520f573cabdfe033384a24125982","stateView":"0xf3334192d15450cdd385c8b70e03f9a6bd9e673b","tickLower":-202080,"tickUpper":-201480}	{"ok": true, "feeGrowthInside0X128": "59280651550363339314453221014908717421284", "feeGrowthInside1X128": "106845346534259048389425695645126"}
{"blockNumber":"1804248","poolId":"0x6ff03107f375083abd490b667dae07c8d42a25c1f201a177cd7b8639ccd5d4e7","stateView":"0xf3334192d15450cdd385c8b70e03f9a6bd9e673b","tickLower":145600,"tickUpper":156800}	{"ok": true, "feeGrowthInside0X128": "89256592420811723312713745367298234", "feeGrowthInside1X128": "248156942120100447969062327593703501045830"}
{"blockNumber":"1807603","poolId":"0x6ff03107f375083abd490b667dae07c8d42a25c1f201a177cd7b8639ccd5d4e7","stateView":"0xf3334192d15450cdd385c8b70e03f9a6bd9e673b","tickLower":145600,"tickUpper":156800}	{"ok": true, "feeGrowthInside0X128": "89256592420811723312713745367298234", "feeGrowthInside1X128": "253461934282766430638343865930193830031274"}
{"blockNumber":"1869046","poolId":"0x6ff03107f375083abd490b667dae07c8d42a25c1f201a177cd7b8639ccd5d4e7","stateView":"0xf3334192d15450cdd385c8b70e03f9a6bd9e673b","tickLower":145600,"tickUpper":156800}	{"ok": true, "feeGrowthInside0X128": "91710356933367037312810031896253993", "feeGrowthInside1X128": "253461934282766430638343865930193830031274"}
{"blockNumber":"1812940","poolId":"0x6a54a7257796135fcf0c397c6bc37102d64605d8b5dc528c9fad7b65e90e7418","stateView":"0xf3334192d15450cdd385c8b70e03f9a6bd9e673b","tickLower":-201960,"tickUpper":-201654}	{"ok": true, "feeGrowthInside0X128": "0", "feeGrowthInside1X128": "0"}
{"blockNumber":"1816689","poolId":"0x387bf619da4d3fb62bb276482693dba1b9b3520f573cabdfe033384a24125982","stateView":"0xf3334192d15450cdd385c8b70e03f9a6bd9e673b","tickLower":-204050,"tickUpper":-200030}	{"ok": true, "feeGrowthInside0X128": "0", "feeGrowthInside1X128": "0"}
{"blockNumber":"1821312","poolId":"0x387bf619da4d3fb62bb276482693dba1b9b3520f573cabdfe033384a24125982","stateView":"0xf3334192d15450cdd385c8b70e03f9a6bd9e673b","tickLower":-203150,"tickUpper":-197100}	{"ok": true, "feeGrowthInside0X128": "0", "feeGrowthInside1X128": "0"}
{"blockNumber":"1821922","poolId":"0x387bf619da4d3fb62bb276482693dba1b9b3520f573cabdfe033384a24125982","stateView":"0xf3334192d15450cdd385c8b70e03f9a6bd9e673b","tickLower":-203150,"tickUpper":-197100}	{"ok": true, "feeGrowthInside0X128": "0", "feeGrowthInside1X128": "4851706728100093135155288658"}
{"blockNumber":"1836701","poolId":"0x387bf619da4d3fb62bb276482693dba1b9b3520f573cabdfe033384a24125982","stateView":"0xf3334192d15450cdd385c8b70e03f9a6bd9e673b","tickLower":-202130,"tickUpper":-201720}	{"ok": true, "feeGrowthInside0X128": "59365192663100596393109741281120309662580", "feeGrowthInside1X128": "107010058106673132075019452700741"}
{"blockNumber":"1837830","poolId":"0x387bf619da4d3fb62bb276482693dba1b9b3520f573cabdfe033384a24125982","stateView":"0xf3334192d15450cdd385c8b70e03f9a6bd9e673b","tickLower":-203350,"tickUpper":-200330}	{"ok": true, "feeGrowthInside0X128": "0", "feeGrowthInside1X128": "0"}
{"blockNumber":"1838466","poolId":"0x387bf619da4d3fb62bb276482693dba1b9b3520f573cabdfe033384a24125982","stateView":"0xf3334192d15450cdd385c8b70e03f9a6bd9e673b","tickLower":-203350,"tickUpper":-200330}	{"ok": true, "feeGrowthInside0X128": "59366140433778984503353493701019853234399", "feeGrowthInside1X128": "107016559572789894750613252697789"}
{"blockNumber":"1838901","poolId":"0x387bf619da4d3fb62bb276482693dba1b9b3520f573cabdfe033384a24125982","stateView":"0xf3334192d15450cdd385c8b70e03f9a6bd9e673b","tickLower":-201920,"tickUpper":-201510}	{"ok": true, "feeGrowthInside0X128": "0", "feeGrowthInside1X128": "0"}
{"blockNumber":"1839013","poolId":"0x387bf619da4d3fb62bb276482693dba1b9b3520f573cabdfe033384a24125982","stateView":"0xf3334192d15450cdd385c8b70e03f9a6bd9e673b","tickLower":-202150,"tickUpper":-201740}	{"ok": true, "feeGrowthInside0X128": "115792089237316195423570985008687907795600900366507605752553000780907947840393", "feeGrowthInside1X128": "115792089237316195423570985008687907853269984561597855476323607129844045414592"}
{"blockNumber":"1844900","poolId":"0x387bf619da4d3fb62bb276482693dba1b9b3520f573cabdfe033384a24125982","stateView":"0xf3334192d15450cdd385c8b70e03f9a6bd9e673b","tickLower":-887270,"tickUpper":887270}	{"ok": true, "feeGrowthInside0X128": "59384398337428521453715289379637052409862", "feeGrowthInside1X128": "107052009170354170818669928455214"}
{"blockNumber":"1864954","poolId":"0x387bf619da4d3fb62bb276482693dba1b9b3520f573cabdfe033384a24125982","stateView":"0xf3334192d15450cdd385c8b70e03f9a6bd9e673b","tickLower":-887270,"tickUpper":887270}	{"ok": true, "feeGrowthInside0X128": "59448689697988556259569831271600243808224", "feeGrowthInside1X128": "107143480902499658792166755153248"}
{"blockNumber":"1865057","poolId":"0x387bf619da4d3fb62bb276482693dba1b9b3520f573cabdfe033384a24125982","stateView":"0xf3334192d15450cdd385c8b70e03f9a6bd9e673b","tickLower":-887270,"tickUpper":887270}	{"ok": true, "feeGrowthInside0X128": "59448689697988556259569831271600243808224", "feeGrowthInside1X128": "107143480902499658792166755153248"}
{"blockNumber":"1846757","poolId":"0x387bf619da4d3fb62bb276482693dba1b9b3520f573cabdfe033384a24125982","stateView":"0xf3334192d15450cdd385c8b70e03f9a6bd9e673b","tickLower":-203340,"tickUpper":-200300}	{"ok": true, "feeGrowthInside0X128": "0", "feeGrowthInside1X128": "0"}
{"blockNumber":"1852753","poolId":"0x387bf619da4d3fb62bb276482693dba1b9b3520f573cabdfe033384a24125982","stateView":"0xf3334192d15450cdd385c8b70e03f9a6bd9e673b","tickLower":-203330,"tickUpper":-200280}	{"ok": true, "feeGrowthInside0X128": "0", "feeGrowthInside1X128": "0"}
{"blockNumber":"1853152","poolId":"0x387bf619da4d3fb62bb276482693dba1b9b3520f573cabdfe033384a24125982","stateView":"0xf3334192d15450cdd385c8b70e03f9a6bd9e673b","tickLower":-203330,"tickUpper":-200280}	{"ok": true, "feeGrowthInside0X128": "59409258289880914853690259231514242798559", "feeGrowthInside1X128": "107102006061282723809370582349092"}
{"blockNumber":"1867594","poolId":"0x387bf619da4d3fb62bb276482693dba1b9b3520f573cabdfe033384a24125982","stateView":"0xf3334192d15450cdd385c8b70e03f9a6bd9e673b","tickLower":-203220,"tickUpper":-200480}	{"ok": true, "feeGrowthInside0X128": "0", "feeGrowthInside1X128": "0"}
{"blockNumber":"1871683","poolId":"0x387bf619da4d3fb62bb276482693dba1b9b3520f573cabdfe033384a24125982","stateView":"0xf3334192d15450cdd385c8b70e03f9a6bd9e673b","tickLower":-203220,"tickUpper":-200480}	{"ok": true, "feeGrowthInside0X128": "9358026088043228284514260146220542861", "feeGrowthInside1X128": "16531545051776964324868819546"}
{"blockNumber":"1871797","poolId":"0x387bf619da4d3fb62bb276482693dba1b9b3520f573cabdfe033384a24125982","stateView":"0xf3334192d15450cdd385c8b70e03f9a6bd9e673b","tickLower":-203220,"tickUpper":-200480}	{"ok": true, "feeGrowthInside0X128": "9358026088043228284514260146220542861", "feeGrowthInside1X128": "16531545051776964324868819546"}
{"blockNumber":"1869463","poolId":"0x387bf619da4d3fb62bb276482693dba1b9b3520f573cabdfe033384a24125982","stateView":"0xf3334192d15450cdd385c8b70e03f9a6bd9e673b","tickLower":-203210,"tickUpper":-200460}	{"ok": true, "feeGrowthInside0X128": "0", "feeGrowthInside1X128": "0"}
{"blockNumber":"1872249","poolId":"0xef5672974ad552f1ce24f2873f3e4237e82d44780ef623b6a239db42b08a7d5c","stateView":"0xf3334192d15450cdd385c8b70e03f9a6bd9e673b","tickLower":-203200,"tickUpper":-202000}	{"ok": true, "feeGrowthInside0X128": "4295774619300736666142157347033944775115", "feeGrowthInside1X128": "9262996185046551912063930184768"}
{"blockNumber":"1872913","poolId":"0xef5672974ad552f1ce24f2873f3e4237e82d44780ef623b6a239db42b08a7d5c","stateView":"0xf3334192d15450cdd385c8b70e03f9a6bd9e673b","tickLower":-203000,"tickUpper":-201800}	{"ok": true, "feeGrowthInside0X128": "794834732720655734828098558433476491075", "feeGrowthInside1X128": "5121162422182301778022041139614"}
{"blockNumber":"1873508","poolId":"0xef5672974ad552f1ce24f2873f3e4237e82d44780ef623b6a239db42b08a7d5c","stateView":"0xf3334192d15450cdd385c8b70e03f9a6bd9e673b","tickLower":-202400,"tickUpper":-201200}	{"ok": true, "feeGrowthInside0X128": "0", "feeGrowthInside1X128": "0"}
{"blockNumber":"1876402","poolId":"0x387bf619da4d3fb62bb276482693dba1b9b3520f573cabdfe033384a24125982","stateView":"0xf3334192d15450cdd385c8b70e03f9a6bd9e673b","tickLower":-206290,"tickUpper":-197270}	{"ok": true, "feeGrowthInside0X128": "0", "feeGrowthInside1X128": "0"}
{"blockNumber":"1880384","poolId":"0x387bf619da4d3fb62bb276482693dba1b9b3520f573cabdfe033384a24125982","stateView":"0xf3334192d15450cdd385c8b70e03f9a6bd9e673b","tickLower":-200190,"tickUpper":-194730}	{"ok": true, "feeGrowthInside0X128": "0", "feeGrowthInside1X128": "0"}
{"blockNumber":"1887216","poolId":"0x387bf619da4d3fb62bb276482693dba1b9b3520f573cabdfe033384a24125982","stateView":"0xf3334192d15450cdd385c8b70e03f9a6bd9e673b","tickLower":-203180,"tickUpper":-200360}	{"ok": true, "feeGrowthInside0X128": "0", "feeGrowthInside1X128": "0"}
{"blockNumber":"1915452","poolId":"0x387bf619da4d3fb62bb276482693dba1b9b3520f573cabdfe033384a24125982","stateView":"0xf3334192d15450cdd385c8b70e03f9a6bd9e673b","tickLower":-203190,"tickUpper":-200820}	{"ok": true, "feeGrowthInside0X128": "3531644749367484655591595544742468564863", "feeGrowthInside1X128": "6218589555741357085474671742147"}
{"blockNumber":"1934885","poolId":"0x387bf619da4d3fb62bb276482693dba1b9b3520f573cabdfe033384a24125982","stateView":"0xf3334192d15450cdd385c8b70e03f9a6bd9e673b","tickLower":-201880,"tickUpper":-201610}	{"ok": true, "feeGrowthInside0X128": "0", "feeGrowthInside1X128": "0"}
{"blockNumber":"1939325","poolId":"0x387bf619da4d3fb62bb276482693dba1b9b3520f573cabdfe033384a24125982","stateView":"0xf3334192d15450cdd385c8b70e03f9a6bd9e673b","tickLower":-202480,"tickUpper":-201530}	{"ok": true, "feeGrowthInside0X128": "59577986439515363118473588922565199454342", "feeGrowthInside1X128": "107373159329811307560225212428646"}
{"blockNumber":"1942653","poolId":"0x387bf619da4d3fb62bb276482693dba1b9b3520f573cabdfe033384a24125982","stateView":"0xf3334192d15450cdd385c8b70e03f9a6bd9e673b","tickLower":-203360,"tickUpper":-200370}	{"ok": true, "feeGrowthInside0X128": "0", "feeGrowthInside1X128": "0"}
{"blockNumber":"1943425","poolId":"0x387bf619da4d3fb62bb276482693dba1b9b3520f573cabdfe033384a24125982","stateView":"0xf3334192d15450cdd385c8b70e03f9a6bd9e673b","tickLower":-202640,"tickUpper":-202120}	{"ok": true, "feeGrowthInside0X128": "4848747891623783590778911052168758292645", "feeGrowthInside1X128": "8012835271777867089898820583653"}
{"blockNumber":"1820866","poolId":"0x4c205b4878c8100119cc884b6119ead4d617fbd5fc1769e32f7edb7db8c10c87","stateView":"0xf3334192d15450cdd385c8b70e03f9a6bd9e673b","tickLower":-340000,"tickUpper":-334000}	{"ok": true, "feeGrowthInside0X128": "0", "feeGrowthInside1X128": "0"}
{"blockNumber":"1842056","poolId":"0x4c205b4878c8100119cc884b6119ead4d617fbd5fc1769e32f7edb7db8c10c87","stateView":"0xf3334192d15450cdd385c8b70e03f9a6bd9e673b","tickLower":-340000,"tickUpper":-334000}	{"ok": true, "feeGrowthInside0X128": "0", "feeGrowthInside1X128": "0"}
{"blockNumber":"1711558","poolId":"0xb2a6d67bf3fc511d11cac788a531655f5a7b60cd31c8ff386f0476121741e751","stateView":"0xf3334192d15450cdd385c8b70e03f9a6bd9e673b","tickLower":15000,"tickUpper":17000}	{"ok": true, "feeGrowthInside0X128": "11953038984206735527252997979942592391", "feeGrowthInside1X128": "138842706962454248097960828450739417774"}
{"blockNumber":"1779644","poolId":"0xb2a6d67bf3fc511d11cac788a531655f5a7b60cd31c8ff386f0476121741e751","stateView":"0xf3334192d15450cdd385c8b70e03f9a6bd9e673b","tickLower":10000,"tickUpper":16000}	{"ok": true, "feeGrowthInside0X128": "8228375845529257576855317724944441905", "feeGrowthInside1X128": "38220837124475864380161692585822406046"}
{"blockNumber":"1908685","poolId":"0xb2a6d67bf3fc511d11cac788a531655f5a7b60cd31c8ff386f0476121741e751","stateView":"0xf3334192d15450cdd385c8b70e03f9a6bd9e673b","tickLower":15000,"tickUpper":16000}	{"ok": true, "feeGrowthInside0X128": "2087812858804220815594813064357383708", "feeGrowthInside1X128": "9979176920977350293338897251870924613"}
{"blockNumber":"1909888","poolId":"0xb2a6d67bf3fc511d11cac788a531655f5a7b60cd31c8ff386f0476121741e751","stateView":"0xf3334192d15450cdd385c8b70e03f9a6bd9e673b","tickLower":15000,"tickUpper":16000}	{"ok": true, "feeGrowthInside0X128": "2087812858804220815594813064357383708", "feeGrowthInside1X128": "10011908858761243160643456112536142324"}
{"blockNumber":"1910463","poolId":"0xb2a6d67bf3fc511d11cac788a531655f5a7b60cd31c8ff386f0476121741e751","stateView":"0xf3334192d15450cdd385c8b70e03f9a6bd9e673b","tickLower":15000,"tickUpper":16000}	{"ok": true, "feeGrowthInside0X128": "2088304704214981244746016092408468148", "feeGrowthInside1X128": "10011908858761243160643456112536142324"}
{"blockNumber":"1762302","poolId":"0xa5f23cae4e5c3388c5a8a6b08a83f53e56df8f1a63757e606b362994b68a2361","stateView":"0xf3334192d15450cdd385c8b70e03f9a6bd9e673b","tickLower":-887272,"tickUpper":887272}	{"ok": true, "feeGrowthInside0X128": "40276119907085026852503010542713036810", "feeGrowthInside1X128": "17985087220772670193493018"}
{"blockNumber":"1932263","poolId":"0xa5f23cae4e5c3388c5a8a6b08a83f53e56df8f1a63757e606b362994b68a2361","stateView":"0xf3334192d15450cdd385c8b70e03f9a6bd9e673b","tickLower":-276341,"tickUpper":-276335}	{"ok": true, "feeGrowthInside0X128": "183063014573951362919036887976462109", "feeGrowthInside1X128": "452441568100520023847920"}
{"blockNumber":"1933620","poolId":"0xa5f23cae4e5c3388c5a8a6b08a83f53e56df8f1a63757e606b362994b68a2361","stateView":"0xf3334192d15450cdd385c8b70e03f9a6bd9e673b","tickLower":-276341,"tickUpper":-276335}	{"ok": true, "feeGrowthInside0X128": "183534328929899265138409227981544091", "feeGrowthInside1X128": "456330667626035394811853"}
{"blockNumber":"1907464","poolId":"0x0bf9dfc669aa675f7f3f5ee3a1d5782f40e2bd06234394605dff45bf16e885de","stateView":"0xf3334192d15450cdd385c8b70e03f9a6bd9e673b","tickLower":153200,"tickUpper":167600}	{"ok": true, "feeGrowthInside0X128": "3526112143107670959554106435573616", "feeGrowthInside1X128": "40990008713899528420759899296111732653523"}
{"blockNumber":"1713639","poolId":"0xf45950e318e66ba7673e3a03b5beda85a5a8673e2bc8e1c6e842000081173258","stateView":"0xf3334192d15450cdd385c8b70e03f9a6bd9e673b","tickLower":347652,"tickUpper":357642}	{"ok": true, "feeGrowthInside0X128": "0", "feeGrowthInside1X128": "0"}
{"blockNumber":"1714604","poolId":"0xf45950e318e66ba7673e3a03b5beda85a5a8673e2bc8e1c6e842000081173258","stateView":"0xf3334192d15450cdd385c8b70e03f9a6bd9e673b","tickLower":347652,"tickUpper":357642}	{"ok": true, "feeGrowthInside0X128": "1105089149565340550530191179", "feeGrowthInside1X128": "61028628224053672387120401570109762382575819"}
{"blockNumber":"1714732","poolId":"0xf45950e318e66ba7673e3a03b5beda85a5a8673e2bc8e1c6e842000081173258","stateView":"0xf3334192d15450cdd385c8b70e03f9a6bd9e673b","tickLower":347652,"tickUpper":357642}	{"ok": true, "feeGrowthInside0X128": "1105089149565340550530191179", "feeGrowthInside1X128": "61028628224053672387120401570109762382575819"}
{"blockNumber":"1715041","poolId":"0x1138ec6b039deb6f59fb8c3dd6a9e706d2eca502017dc84cf608519e7aa328c5","stateView":"0xf3334192d15450cdd385c8b70e03f9a6bd9e673b","tickLower":-874800,"tickUpper":874800}	{"ok": true, "feeGrowthInside0X128": "0", "feeGrowthInside1X128": "0"}
{"blockNumber":"1715276","poolId":"0x905563fac84418343a95b5d3bf0872cb3d56bf7b7b8934518ca5c2969efb0b8a","stateView":"0xf3334192d15450cdd385c8b70e03f9a6bd9e673b","tickLower":348000,"tickUpper":352800}	{"ok": true, "feeGrowthInside0X128": "0", "feeGrowthInside1X128": "0"}
{"blockNumber":"1715522","poolId":"0x905563fac84418343a95b5d3bf0872cb3d56bf7b7b8934518ca5c2969efb0b8a","stateView":"0xf3334192d15450cdd385c8b70e03f9a6bd9e673b","tickLower":348000,"tickUpper":352800}	{"ok": true, "feeGrowthInside0X128": "0", "feeGrowthInside1X128": "0"}
{"blockNumber":"1715812","poolId":"0xce072a080accfc8418f0291091ba01f67fc0a19e8cadb124c3316693e9cd0d0d","stateView":"0xf3334192d15450cdd385c8b70e03f9a6bd9e673b","tickLower":347160,"tickUpper":353760}	{"ok": true, "feeGrowthInside0X128": "0", "feeGrowthInside1X128": "0"}
{"blockNumber":"1724019","poolId":"0xae89c5477d574b7285997234c10fbb8d185f866d9bc408f6c6a345c1ff66f903","stateView":"0xf3334192d15450cdd385c8b70e03f9a6bd9e673b","tickLower":154800,"tickUpper":158400}	{"ok": true, "feeGrowthInside0X128": "0", "feeGrowthInside1X128": "0"}
{"blockNumber":"1727400","poolId":"0xae89c5477d574b7285997234c10fbb8d185f866d9bc408f6c6a345c1ff66f903","stateView":"0xf3334192d15450cdd385c8b70e03f9a6bd9e673b","tickLower":117000,"tickUpper":138600}	{"ok": true, "feeGrowthInside0X128": "0", "feeGrowthInside1X128": "0"}
{"blockNumber":"1741183","poolId":"0x847661839a596aa6a175f3c055d109bf8a0a2a8c06c750691d1f5285e56d545d","stateView":"0xf3334192d15450cdd385c8b70e03f9a6bd9e673b","tickLower":-886000,"tickUpper":886000}	{"ok": true, "feeGrowthInside0X128": "0", "feeGrowthInside1X128": "0"}
{"blockNumber":"1742524","poolId":"0x847661839a596aa6a175f3c055d109bf8a0a2a8c06c750691d1f5285e56d545d","stateView":"0xf3334192d15450cdd385c8b70e03f9a6bd9e673b","tickLower":-886000,"tickUpper":886000}	{"ok": true, "feeGrowthInside0X128": "0", "feeGrowthInside1X128": "0"}
{"blockNumber":"1742981","poolId":"0xce072a080accfc8418f0291091ba01f67fc0a19e8cadb124c3316693e9cd0d0d","stateView":"0xf3334192d15450cdd385c8b70e03f9a6bd9e673b","tickLower":347160,"tickUpper":353760}	{"ok": true, "feeGrowthInside0X128": "266035151024584039288444151674", "feeGrowthInside1X128": "484898427761487871890475347781283053350468718"}
{"blockNumber":"1743048","poolId":"0x1138ec6b039deb6f59fb8c3dd6a9e706d2eca502017dc84cf608519e7aa328c5","stateView":"0xf3334192d15450cdd385c8b70e03f9a6bd9e673b","tickLower":-874800,"tickUpper":874800}	{"ok": true, "feeGrowthInside0X128": "0", "feeGrowthInside1X128": "0"}
{"blockNumber":"1743384","poolId":"0x5d4a350d23cb07d188d1334af1ab8fc2bec3aa43e53a04d903ea419771a5c1cf","stateView":"0xf3334192d15450cdd385c8b70e03f9a6bd9e673b","tickLower":348480,"tickUpper":349800}	{"ok": true, "feeGrowthInside0X128": "0", "feeGrowthInside1X128": "0"}
{"blockNumber":"1744669","poolId":"0xce072a080accfc8418f0291091ba01f67fc0a19e8cadb124c3316693e9cd0d0d","stateView":"0xf3334192d15450cdd385c8b70e03f9a6bd9e673b","tickLower":347160,"tickUpper":353760}	{"ok": true, "feeGrowthInside0X128": "361639928504457250005327858961", "feeGrowthInside1X128": "594361491763902234447689902803814933623709599"}
{"blockNumber":"1744715","poolId":"0x5d4a350d23cb07d188d1334af1ab8fc2bec3aa43e53a04d903ea419771a5c1cf","stateView":"0xf3334192d15450cdd385c8b70e03f9a6bd9e673b","tickLower":348480,"tickUpper":349800}	{"ok": true, "feeGrowthInside0X128": "0", "feeGrowthInside1X128": "0"}
{"blockNumber":"1744798","poolId":"0x71dc8ccb3074671ca94984607e3269e743cf701bd57cc4bfd0254e203979e7c2","stateView":"0xf3334192d15450cdd385c8b70e03f9a6bd9e673b","tickLower":-886400,"tickUpper":886400}	{"ok": true, "feeGrowthInside0X128": "0", "feeGrowthInside1X128": "0"}
{"blockNumber":"1747065","poolId":"0xc872dcedbaa680d303b70b86ebf36cb41c4fb3b09ef372f0e905e98ab48bd628","stateView":"0xf3334192d15450cdd385c8b70e03f9a6bd9e673b","tickLower":-884400,"tickUpper":884400}	{"ok": true, "feeGrowthInside0X128": "0", "feeGrowthInside1X128": "0"}
{"blockNumber":"1748043","poolId":"0x5d4a350d23cb07d188d1334af1ab8fc2bec3aa43e53a04d903ea419771a5c1cf","stateView":"0xf3334192d15450cdd385c8b70e03f9a6bd9e673b","tickLower":348480,"tickUpper":349800}	{"ok": true, "feeGrowthInside0X128": "20109715280435406883502289999", "feeGrowthInside1X128": "0"}
{"blockNumber":"1752712","poolId":"0xce072a080accfc8418f0291091ba01f67fc0a19e8cadb124c3316693e9cd0d0d","stateView":"0xf3334192d15450cdd385c8b70e03f9a6bd9e673b","tickLower":347160,"tickUpper":353760}	{"ok": true, "feeGrowthInside0X128": "407037342896262942516333905381", "feeGrowthInside1X128": "613627427032727563197337495067679518101904557"}
{"blockNumber":"1753966","poolId":"0x1f9f015c7c96664cd916736cdd6fdb7af3e1f6c745a98dcdf567c16272c4ee0a","stateView":"0xf3334192d15450cdd385c8b70e03f9a6bd9e673b","tickLower":-873224,"tickUpper":873224}	{"ok": true, "feeGrowthInside0X128": "0", "feeGrowthInside1X128": "0"}
{"blockNumber":"1755432","poolId":"0x5d4a3c88a06310c0026fa2699a4cc264fd538243de6082a05e813eca01944207","stateView":"0xf3334192d15450cdd385c8b70e03f9a6bd9e673b","tickLower":-885600,"tickUpper":885600}	{"ok": true, "feeGrowthInside0X128": "0", "feeGrowthInside1X128": "0"}
{"blockNumber":"1760460","poolId":"0x5d4a3c88a06310c0026fa2699a4cc264fd538243de6082a05e813eca01944207","stateView":"0xf3334192d15450cdd385c8b70e03f9a6bd9e673b","tickLower":-885600,"tickUpper":885600}	{"ok": true, "feeGrowthInside0X128": "0", "feeGrowthInside1X128": "0"}
{"blockNumber":"1760642","poolId":"0xc872dcedbaa680d303b70b86ebf36cb41c4fb3b09ef372f0e905e98ab48bd628","stateView":"0xf3334192d15450cdd385c8b70e03f9a6bd9e673b","tickLower":-884400,"tickUpper":884400}	{"ok": true, "feeGrowthInside0X128": "293067663942812108111692507680175", "feeGrowthInside1X128": "0"}
{"blockNumber":"1790908","poolId":"0x10916419fa3db16d3dd5b7963f8d272b7ac9f9afe08cc149fef8483b23827028","stateView":"0xf3334192d15450cdd385c8b70e03f9a6bd9e673b","tickLower":-887220,"tickUpper":235620}	{"ok": true, "feeGrowthInside0X128": "0", "feeGrowthInside1X128": "0"}
{"blockNumber":"1793919","poolId":"0xc872dcedbaa680d303b70b86ebf36cb41c4fb3b09ef372f0e905e98ab48bd628","stateView":"0xf3334192d15450cdd385c8b70e03f9a6bd9e673b","tickLower":-884400,"tickUpper":884400}	{"ok": true, "feeGrowthInside0X128": "293067663942812108111692507680175", "feeGrowthInside1X128": "0"}
{"blockNumber":"1802694","poolId":"0xb92dfb7b2879bcbf9038026a75f478415450a66648b2206e2ad2ae411f502708","stateView":"0xf3334192d15450cdd385c8b70e03f9a6bd9e673b","tickLower":-202230,"tickUpper":-201087}	{"ok": true, "feeGrowthInside0X128": "0", "feeGrowthInside1X128": "0"}
{"blockNumber":"1808567","poolId":"0xc872dcedbaa680d303b70b86ebf36cb41c4fb3b09ef372f0e905e98ab48bd628","stateView":"0xf3334192d15450cdd385c8b70e03f9a6bd9e673b","tickLower":-884400,"tickUpper":884400}	{"ok": true, "feeGrowthInside0X128": "0", "feeGrowthInside1X128": "0"}
{"blockNumber":"1814315","poolId":"0xb25e496b7b471844f96c4dd85d76230fcb74cd04176446bb564456622f69b2e4","stateView":"0xf3334192d15450cdd385c8b70e03f9a6bd9e673b","tickLower":-881400,"tickUpper":881400}	{"ok": true, "feeGrowthInside0X128": "0", "feeGrowthInside1X128": "0"}
{"blockNumber":"1839839","poolId":"0xb92dfb7b2879bcbf9038026a75f478415450a66648b2206e2ad2ae411f502708","stateView":"0xf3334192d15450cdd385c8b70e03f9a6bd9e673b","tickLower":-202230,"tickUpper":-201087}	{"ok": true, "feeGrowthInside0X128": "72509153364143476257920187302588559748", "feeGrowthInside1X128": "163244793907087869857593111364"}
{"blockNumber":"1856833","poolId":"0xa9f4c9c936c43f1cdcb2aa7c2e4f1817ba98f4f7404f97846bec527d8537531e","stateView":"0xf3334192d15450cdd385c8b70e03f9a6bd9e673b","tickLower":-10980,"tickUpper":0}	{"ok": true, "feeGrowthInside0X128": "0", "feeGrowthInside1X128": "0"}
{"blockNumber":"1856833","poolId":"0xa9f4c9c936c43f1cdcb2aa7c2e4f1817ba98f4f7404f97846bec527d8537531e","stateView":"0xf3334192d15450cdd385c8b70e03f9a6bd9e673b","tickLower":-22980,"tickUpper":-10980}	{"ok": true, "feeGrowthInside0X128": "0", "feeGrowthInside1X128": "0"}
{"blockNumber":"1856833","poolId":"0xa9f4c9c936c43f1cdcb2aa7c2e4f1817ba98f4f7404f97846bec527d8537531e","stateView":"0xf3334192d15450cdd385c8b70e03f9a6bd9e673b","tickLower":-46020,"tickUpper":-22980}	{"ok": true, "feeGrowthInside0X128": "0", "feeGrowthInside1X128": "0"}
{"blockNumber":"1856833","poolId":"0xa9f4c9c936c43f1cdcb2aa7c2e4f1817ba98f4f7404f97846bec527d8537531e","stateView":"0xf3334192d15450cdd385c8b70e03f9a6bd9e673b","tickLower":-69060,"tickUpper":-46020}	{"ok": true, "feeGrowthInside0X128": "0", "feeGrowthInside1X128": "0"}
{"blockNumber":"1862458","poolId":"0xd47154e19ea4fd5cc5d94f63ae5cb73e86316591e58c5c0e5cd6f3b9cbffd502","stateView":"0xf3334192d15450cdd385c8b70e03f9a6bd9e673b","tickLower":-887220,"tickUpper":235620}	{"ok": true, "feeGrowthInside0X128": "0", "feeGrowthInside1X128": "0"}
{"blockNumber":"1870653","poolId":"0x152937bd1ae01271745da97c7214e01a42aebf77c559db712ba2dfc5c8b9f12c","stateView":"0xf3334192d15450cdd385c8b70e03f9a6bd9e673b","tickLower":-887200,"tickUpper":230400}	{"ok": true, "feeGrowthInside0X128": "0", "feeGrowthInside1X128": "0"}
{"blockNumber":"1870706","poolId":"0x990de85af089efeebcedcd1d2bc1ce5d6fae7dbcc03a2aa91b9ee812fa3820e1","stateView":"0xf3334192d15450cdd385c8b70e03f9a6bd9e673b","tickLower":178740,"tickUpper":189720}	{"ok": true, "feeGrowthInside0X128": "0", "feeGrowthInside1X128": "0"}
{"blockNumber":"1870706","poolId":"0x990de85af089efeebcedcd1d2bc1ce5d6fae7dbcc03a2aa91b9ee812fa3820e1","stateView":"0xf3334192d15450cdd385c8b70e03f9a6bd9e673b","tickLower":166740,"tickUpper":178740}	{"ok": true, "feeGrowthInside0X128": "0", "feeGrowthInside1X128": "0"}
{"blockNumber":"1870706","poolId":"0x990de85af089efeebcedcd1d2bc1ce5d6fae7dbcc03a2aa91b9ee812fa3820e1","stateView":"0xf3334192d15450cdd385c8b70e03f9a6bd9e673b","tickLower":143700,"tickUpper":166740}	{"ok": true, "feeGrowthInside0X128": "0", "feeGrowthInside1X128": "0"}
{"blockNumber":"1870706","poolId":"0x990de85af089efeebcedcd1d2bc1ce5d6fae7dbcc03a2aa91b9ee812fa3820e1","stateView":"0xf3334192d15450cdd385c8b70e03f9a6bd9e673b","tickLower":120660,"tickUpper":143700}	{"ok": true, "feeGrowthInside0X128": "0", "feeGrowthInside1X128": "0"}
{"blockNumber":"1871726","poolId":"0xc872dcedbaa680d303b70b86ebf36cb41c4fb3b09ef372f0e905e98ab48bd628","stateView":"0xf3334192d15450cdd385c8b70e03f9a6bd9e673b","tickLower":-884400,"tickUpper":884400}	{"ok": true, "feeGrowthInside0X128": "68905940480878631391352257811242", "feeGrowthInside1X128": "0"}
{"blockNumber":"1889150","poolId":"0x4c0e8bf363bcf65402c4b2ed95aa5cce6d3fe342666c78a6462fe4c3eabe67fd","stateView":"0xf3334192d15450cdd385c8b70e03f9a6bd9e673b","tickLower":-885000,"tickUpper":885000}	{"ok": true, "feeGrowthInside0X128": "0", "feeGrowthInside1X128": "0"}
{"blockNumber":"1891369","poolId":"0x4c0e8bf363bcf65402c4b2ed95aa5cce6d3fe342666c78a6462fe4c3eabe67fd","stateView":"0xf3334192d15450cdd385c8b70e03f9a6bd9e673b","tickLower":-885000,"tickUpper":885000}	{"ok": true, "feeGrowthInside0X128": "0", "feeGrowthInside1X128": "0"}
{"blockNumber":"1907401","poolId":"0xcf717e3d5d1b747697c6737b380a419e62481eed50608891f593e4cbb9a97a28","stateView":"0xf3334192d15450cdd385c8b70e03f9a6bd9e673b","tickLower":-883200,"tickUpper":883200}	{"ok": true, "feeGrowthInside0X128": "0", "feeGrowthInside1X128": "0"}
{"blockNumber":"1908216","poolId":"0xca5d601bdc0e972d02a30a53f0820800f1c3b9c3497198a16c87163759c1d7af","stateView":"0xf3334192d15450cdd385c8b70e03f9a6bd9e673b","tickLower":-883200,"tickUpper":883200}	{"ok": true, "feeGrowthInside0X128": "0", "feeGrowthInside1X128": "0"}
{"blockNumber":"1908873","poolId":"0x1607009433a5b56c4c99f495218da843e379005ea474171cf5c11fa2a634ef6b","stateView":"0xf3334192d15450cdd385c8b70e03f9a6bd9e673b","tickLower":-883200,"tickUpper":883200}	{"ok": true, "feeGrowthInside0X128": "0", "feeGrowthInside1X128": "0"}
{"blockNumber":"1909248","poolId":"0xcf717e3d5d1b747697c6737b380a419e62481eed50608891f593e4cbb9a97a28","stateView":"0xf3334192d15450cdd385c8b70e03f9a6bd9e673b","tickLower":-883200,"tickUpper":883200}	{"ok": true, "feeGrowthInside0X128": "732753931225343005134956597749936196", "feeGrowthInside1X128": "107737075296247857047672438243910798652"}
{"blockNumber":"1909305","poolId":"0xcf717e3d5d1b747697c6737b380a419e62481eed50608891f593e4cbb9a97a28","stateView":"0xf3334192d15450cdd385c8b70e03f9a6bd9e673b","tickLower":-883200,"tickUpper":883200}	{"ok": true, "feeGrowthInside0X128": "732753931225343005134956597749936196", "feeGrowthInside1X128": "107737075296247857047672438243910798652"}
{"blockNumber":"1911505","poolId":"0x1607009433a5b56c4c99f495218da843e379005ea474171cf5c11fa2a634ef6b","stateView":"0xf3334192d15450cdd385c8b70e03f9a6bd9e673b","tickLower":140800,"tickUpper":179200}	{"ok": true, "feeGrowthInside0X128": "0", "feeGrowthInside1X128": "0"}
{"blockNumber":"1913243","poolId":"0x1607009433a5b56c4c99f495218da843e379005ea474171cf5c11fa2a634ef6b","stateView":"0xf3334192d15450cdd385c8b70e03f9a6bd9e673b","tickLower":140800,"tickUpper":179200}	{"ok": true, "feeGrowthInside0X128": "0", "feeGrowthInside1X128": "0"}
{"blockNumber":"1914798","poolId":"0x031be28e1743061b5dad2e308df17a2721d4240997d177ae2c8480ca1fc55283","stateView":"0xf3334192d15450cdd385c8b70e03f9a6bd9e673b","tickLower":-887272,"tickUpper":887272}	{"ok": true, "feeGrowthInside0X128": "0", "feeGrowthInside1X128": "0"}
{"blockNumber":"1916408","poolId":"0x1607009433a5b56c4c99f495218da843e379005ea474171cf5c11fa2a634ef6b","stateView":"0xf3334192d15450cdd385c8b70e03f9a6bd9e673b","tickLower":-883200,"tickUpper":883200}	{"ok": true, "feeGrowthInside0X128": "0", "feeGrowthInside1X128": "0"}
{"blockNumber":"1918319","poolId":"0x1607009433a5b56c4c99f495218da843e379005ea474171cf5c11fa2a634ef6b","stateView":"0xf3334192d15450cdd385c8b70e03f9a6bd9e673b","tickLower":-883200,"tickUpper":883200}	{"ok": true, "feeGrowthInside0X128": "0", "feeGrowthInside1X128": "0"}
{"blockNumber":"1919210","poolId":"0xb03396539d4349e8aa39b621d66d5e0949af40dc840d0e7b1870b6f972b4f11c","stateView":"0xf3334192d15450cdd385c8b70e03f9a6bd9e673b","tickLower":-887220,"tickUpper":92040}	{"ok": true, "feeGrowthInside0X128": "0", "feeGrowthInside1X128": "0"}
{"blockNumber":"1921652","poolId":"0x031be28e1743061b5dad2e308df17a2721d4240997d177ae2c8480ca1fc55283","stateView":"0xf3334192d15450cdd385c8b70e03f9a6bd9e673b","tickLower":-887272,"tickUpper":887272}	{"ok": true, "feeGrowthInside0X128": "433505022004318819474005867390", "feeGrowthInside1X128": "2817583956624319903572937338068973582845"}
{"blockNumber":"1934121","poolId":"0x7beac9e501b98775bbad1dfaa395ffaac94f27183c3d81f33c5ee4eb9b46fda4","stateView":"0xf3334192d15450cdd385c8b70e03f9a6bd9e673b","tickLower":-886800,"tickUpper":886800}	{"ok": true, "feeGrowthInside0X128": "0", "feeGrowthInside1X128": "0"}
{"blockNumber":"1935623","poolId":"0x7beac9e501b98775bbad1dfaa395ffaac94f27183c3d81f33c5ee4eb9b46fda4","stateView":"0xf3334192d15450cdd385c8b70e03f9a6bd9e673b","tickLower":-886800,"tickUpper":886800}	{"ok": true, "feeGrowthInside0X128": "0", "feeGrowthInside1X128": "0"}
{"blockNumber":"1935827","poolId":"0x71dc8ccb3074671ca94984607e3269e743cf701bd57cc4bfd0254e203979e7c2","stateView":"0xf3334192d15450cdd385c8b70e03f9a6bd9e673b","tickLower":-886400,"tickUpper":886400}	{"ok": true, "feeGrowthInside0X128": "43886987536493314160372704677762844", "feeGrowthInside1X128": "87087127590974319684723710988472618588421"}
{"blockNumber":"1947251","poolId":"0x8816ecb08fc329f758868e90f25f377dbf04d6595cde8e365f07b4f63052b0ec","stateView":"0xf3334192d15450cdd385c8b70e03f9a6bd9e673b","tickLower":-887220,"tickUpper":235620}	{"ok": true, "feeGrowthInside0X128": "0", "feeGrowthInside1X128": "0"}
{"blockNumber":"1954160","poolId":"0x1607009433a5b56c4c99f495218da843e379005ea474171cf5c11fa2a634ef6b","stateView":"0xf3334192d15450cdd385c8b70e03f9a6bd9e673b","tickLower":-883200,"tickUpper":883200}	{"ok": true, "feeGrowthInside0X128": "5746947901637372541477727291729821", "feeGrowthInside1X128": "0"}
{"blockNumber":"1954726","poolId":"0xc0dd0c545f0228510a2630cf86a0ee45efa364fc27cb4e2cc7d65ca250900f7d","stateView":"0xf3334192d15450cdd385c8b70e03f9a6bd9e673b","tickLower":-886400,"tickUpper":886400}	{"ok": true, "feeGrowthInside0X128": "0", "feeGrowthInside1X128": "0"}
{"blockNumber":"1959145","poolId":"0xc0dd0c545f0228510a2630cf86a0ee45efa364fc27cb4e2cc7d65ca250900f7d","stateView":"0xf3334192d15450cdd385c8b70e03f9a6bd9e673b","tickLower":-886400,"tickUpper":886400}	{"ok": true, "feeGrowthInside0X128": "0", "feeGrowthInside1X128": "0"}
{"blockNumber":"1960306","poolId":"0xc0dd0c545f0228510a2630cf86a0ee45efa364fc27cb4e2cc7d65ca250900f7d","stateView":"0xf3334192d15450cdd385c8b70e03f9a6bd9e673b","tickLower":-886400,"tickUpper":886400}	{"ok": true, "feeGrowthInside0X128": "0", "feeGrowthInside1X128": "0"}
{"blockNumber":"1963739","poolId":"0xc0dd0c545f0228510a2630cf86a0ee45efa364fc27cb4e2cc7d65ca250900f7d","stateView":"0xf3334192d15450cdd385c8b70e03f9a6bd9e673b","tickLower":-886400,"tickUpper":886400}	{"ok": true, "feeGrowthInside0X128": "0", "feeGrowthInside1X128": "0"}
{"blockNumber":"2001616","poolId":"0xd030363a660e55eb6d02e73aa4b2b953718452616bcd5ad813444e952f80f0df","stateView":"0xf3334192d15450cdd385c8b70e03f9a6bd9e673b","tickLower":-340000,"tickUpper":-336000}	{"ok": true, "feeGrowthInside0X128": "27072993622192058449995684547227700958610187", "feeGrowthInside1X128": "47275819019633905884811269046"}
{"blockNumber":"2012430","poolId":"0xc46ff7936702fe273f4d518a1e21966c23dcfa9931b3e552312cf38b48a26c7e","stateView":"0xf3334192d15450cdd385c8b70e03f9a6bd9e673b","tickLower":183600,"tickUpper":190400}	{"ok": true, "feeGrowthInside0X128": "0", "feeGrowthInside1X128": "260259737758226288192272892292771324571552"}
{"blockNumber":"2012654","poolId":"0xc46ff7936702fe273f4d518a1e21966c23dcfa9931b3e552312cf38b48a26c7e","stateView":"0xf3334192d15450cdd385c8b70e03f9a6bd9e673b","tickLower":183600,"tickUpper":190400}	{"ok": true, "feeGrowthInside0X128": "0", "feeGrowthInside1X128": "1252501950201721146146603884777444634637252"}
{"blockNumber":"2121826","poolId":"0xc872dcedbaa680d303b70b86ebf36cb41c4fb3b09ef372f0e905e98ab48bd628","stateView":"0xf3334192d15450cdd385c8b70e03f9a6bd9e673b","tickLower":-884400,"tickUpper":884400}	{"ok": true, "feeGrowthInside0X128": "361973604423690739503044765491417", "feeGrowthInside1X128": "0"}
{"blockNumber":"1966972","poolId":"0x387bf619da4d3fb62bb276482693dba1b9b3520f573cabdfe033384a24125982","stateView":"0xf3334192d15450cdd385c8b70e03f9a6bd9e673b","tickLower":-203220,"tickUpper":-200480}	{"ok": true, "feeGrowthInside0X128": "59720957410885451157516763881583572315132", "feeGrowthInside1X128": "107616288605261067006767914295703"}
{"blockNumber":"1968467","poolId":"0x387bf619da4d3fb62bb276482693dba1b9b3520f573cabdfe033384a24125982","stateView":"0xf3334192d15450cdd385c8b70e03f9a6bd9e673b","tickLower":-203220,"tickUpper":-200470}	{"ok": true, "feeGrowthInside0X128": "0", "feeGrowthInside1X128": "0"}
{"blockNumber":"1980990","poolId":"0x387bf619da4d3fb62bb276482693dba1b9b3520f573cabdfe033384a24125982","stateView":"0xf3334192d15450cdd385c8b70e03f9a6bd9e673b","tickLower":-887270,"tickUpper":887270}	{"ok": true, "feeGrowthInside0X128": "59796769958016661225204877969480638527486", "feeGrowthInside1X128": "107749725783887340355562801937324"}
{"blockNumber":"1990410","poolId":"0x387bf619da4d3fb62bb276482693dba1b9b3520f573cabdfe033384a24125982","stateView":"0xf3334192d15450cdd385c8b70e03f9a6bd9e673b","tickLower":-203200,"tickUpper":-200410}	{"ok": true, "feeGrowthInside0X128": "0", "feeGrowthInside1X128": "0"}
{"blockNumber":"1993906","poolId":"0x387bf619da4d3fb62bb276482693dba1b9b3520f573cabdfe033384a24125982","stateView":"0xf3334192d15450cdd385c8b70e03f9a6bd9e673b","tickLower":-202640,"tickUpper":-202120}	{"ok": true, "feeGrowthInside0X128": "0", "feeGrowthInside1X128": "0"}
{"blockNumber":"1995344","poolId":"0x387bf619da4d3fb62bb276482693dba1b9b3520f573cabdfe033384a24125982","stateView":"0xf3334192d15450cdd385c8b70e03f9a6bd9e673b","tickLower":-203840,"tickUpper":-200040}	{"ok": true, "feeGrowthInside0X128": "0", "feeGrowthInside1X128": "0"}
{"blockNumber":"2003458","poolId":"0x6a54a7257796135fcf0c397c6bc37102d64605d8b5dc528c9fad7b65e90e7418","stateView":"0xf3334192d15450cdd385c8b70e03f9a6bd9e673b","tickLower":-887247,"tickUpper":887247}	{"ok": true, "feeGrowthInside0X128": "4100404526074135646980329655004472906992", "feeGrowthInside1X128": "7925234478781301545277555275699"}
{"blockNumber":"2017431","poolId":"0x387bf619da4d3fb62bb276482693dba1b9b3520f573cabdfe033384a24125982","stateView":"0xf3334192d15450cdd385c8b70e03f9a6bd9e673b","tickLower":-201720,"tickUpper":-201700}	{"ok": true, "feeGrowthInside0X128": "0", "feeGrowthInside1X128": "0"}
{"blockNumber":"2030485","poolId":"0x387bf619da4d3fb62bb276482693dba1b9b3520f573cabdfe033384a24125982","stateView":"0xf3334192d15450cdd385c8b70e03f9a6bd9e673b","tickLower":-201720,"tickUpper":-201700}	{"ok": true, "feeGrowthInside0X128": "60019126835466070221347542317804253404215", "feeGrowthInside1X128": "108153792505705165157968393692870"}
{"blockNumber":"2038986","poolId":"0x387bf619da4d3fb62bb276482693dba1b9b3520f573cabdfe033384a24125982","stateView":"0xf3334192d15450cdd385c8b70e03f9a6bd9e673b","tickLower":-201700,"tickUpper":-201680}	{"ok": true, "feeGrowthInside0X128": "115792089237316195423570985008687907853242000681049049106260003980378008129629", "feeGrowthInside1X128": "115792089237316195423570985008687907853269984665589744929836050160075269139637"}
{"blockNumber":"2040838","poolId":"0x387bf619da4d3fb62bb276482693dba1b9b3520f573cabdfe033384a24125982","stateView":"0xf3334192d15450cdd385c8b70e03f9a6bd9e673b","tickLower":-201700,"tickUpper":-201680}	{"ok": true, "feeGrowthInside0X128": "60012702387479682117946734212942068678096", "feeGrowthInside1X128": "108150798784546574845067757440426"}
{"blockNumber":"2022550","poolId":"0xef5672974ad552f1ce24f2873f3e4237e82d44780ef623b6a239db42b08a7d5c","stateView":"0xf3334192d15450cdd385c8b70e03f9a6bd9e673b","tickLower":-202800,"tickUpper":-201600}	{"ok": true, "feeGrowthInside0X128": "19469143920019784588390949802761021753126", "feeGrowthInside1X128": "37865562886056490408134598133408"}
{"blockNumber":"2030620","poolId":"0x387bf619da4d3fb62bb276482693dba1b9b3520f573cabdfe033384a24125982","stateView":"0xf3334192d15450cdd385c8b70e03f9a6bd9e673b","tickLower":-201720,"tickUpper":-201710}	{"ok": true, "feeGrowthInside0X128": "0", "feeGrowthInside1X128": "0"}
{"blockNumber":"2038570","poolId":"0x387bf619da4d3fb62bb276482693dba1b9b3520f573cabdfe033384a24125982","stateView":"0xf3334192d15450cdd385c8b70e03f9a6bd9e673b","tickLower":-201720,"tickUpper":-201710}	{"ok": true, "feeGrowthInside0X128": "0", "feeGrowthInside1X128": "0"}
{"blockNumber":"2051264","poolId":"0xef5672974ad552f1ce24f2873f3e4237e82d44780ef623b6a239db42b08a7d5c","stateView":"0xf3334192d15450cdd385c8b70e03f9a6bd9e673b","tickLower":-202000,"tickUpper":-201800}	{"ok": true, "feeGrowthInside0X128": "784555568532413693991555614296611966774", "feeGrowthInside1X128": "2763752136715970475543739321588"}
{"blockNumber":"2052299","poolId":"0xef5672974ad552f1ce24f2873f3e4237e82d44780ef623b6a239db42b08a7d5c","stateView":"0xf3334192d15450cdd385c8b70e03f9a6bd9e673b","tickLower":-202600,"tickUpper":-201800}	{"ok": true, "feeGrowthInside0X128": "56921590187681416224504316297082832604195", "feeGrowthInside1X128": "101597481574285607174498819073731"}
{"blockNumber":"2057058","poolId":"0x387bf619da4d3fb62bb276482693dba1b9b3520f573cabdfe033384a24125982","stateView":"0xf3334192d15450cdd385c8b70e03f9a6bd9e673b","tickLower":-201980,"tickUpper":-201730}	{"ok": true, "feeGrowthInside0X128": "1166599502706010626139849637032581267366", "feeGrowthInside1X128": "2086296799859167241164327521429"}
{"blockNumber":"2063599","poolId":"0x387bf619da4d3fb62bb276482693dba1b9b3520f573cabdfe033384a24125982","stateView":"0xf3334192d15450cdd385c8b70e03f9a6bd9e673b","tickLower":-203800,"tickUpper":-199820}	{"ok": true, "feeGrowthInside0X128": "0", "feeGrowthInside1X128": "0"}
{"blockNumber":"2067402","poolId":"0x387bf619da4d3fb62bb276482693dba1b9b3520f573cabdfe033384a24125982","stateView":"0xf3334192d15450cdd385c8b70e03f9a6bd9e673b","tickLower":-201840,"tickUpper":-201630}	{"ok": true, "feeGrowthInside0X128": "0", "feeGrowthInside1X128": "0"}
{"blockNumber":"2082121","poolId":"0x387bf619da4d3fb62bb276482693dba1b9b3520f573cabdfe033384a24125982","stateView":"0xf3334192d15450cdd385c8b70e03f9a6bd9e673b","tickLower":-201840,"tickUpper":-201630}	{"ok": true, "feeGrowthInside0X128": "0", "feeGrowthInside1X128": "0"}
{"blockNumber":"2069404","poolId":"0x387bf619da4d3fb62bb276482693dba1b9b3520f573cabdfe033384a24125982","stateView":"0xf3334192d15450cdd385c8b70e03f9a6bd9e673b","tickLower":-201880,"tickUpper":-201610}	{"ok": true, "feeGrowthInside0X128": "576947762711356931595834945088039892402", "feeGrowthInside1X128": "1039017954846584361078006910643"}
{"blockNumber":"2084676","poolId":"0x387bf619da4d3fb62bb276482693dba1b9b3520f573cabdfe033384a24125982","stateView":"0xf3334192d15450cdd385c8b70e03f9a6bd9e673b","tickLower":-201880,"tickUpper":-201610}	{"ok": true, "feeGrowthInside0X128": "60158805193556609807808908696084552470122", "feeGrowthInside1X128": "108430979483048311954321313927057"}
{"blockNumber":"2080098","poolId":"0xab75e137d851202c01cc43a8d766cdc4b4227e5b4ad25146933a39bfc4b52d1c","stateView":"0xf3334192d15450cdd385c8b70e03f9a6bd9e673b","tickLower":-202528,"tickUpper":-200304}	{"ok": true, "feeGrowthInside0X128": "0", "feeGrowthInside1X128": "0"}
{"blockNumber":"2085455","poolId":"0xab75e137d851202c01cc43a8d766cdc4b4227e5b4ad25146933a39bfc4b52d1c","stateView":"0xf3334192d15450cdd385c8b70e03f9a6bd9e673b","tickLower":-202528,"tickUpper":-200304}	{"ok": true, "feeGrowthInside0X128": "16091446975823958834026160623146383155", "feeGrowthInside1X128": "19553814324262495770476815530"}
{"blockNumber":"2098632","poolId":"0xab75e137d851202c01cc43a8d766cdc4b4227e5b4ad25146933a39bfc4b52d1c","stateView":"0xf3334192d15450cdd385c8b70e03f9a6bd9e673b","tickLower":-202528,"tickUpper":-200304}	{"ok": true, "feeGrowthInside0X128": "2746392209394785797625548619405160906023", "feeGrowthInside1X128": "5119086236641994319548031180859"}
{"blockNumber":"2082476","poolId":"0x387bf619da4d3fb62bb276482693dba1b9b3520f573cabdfe033384a24125982","stateView":"0xf3334192d15450cdd385c8b70e03f9a6bd9e673b","tickLower":-201650,"tickUpper":-201560}	{"ok": true, "feeGrowthInside0X128": "115792089237316195423570985008687907853248441202733082002223982568513312198490", "feeGrowthInside1X128": "115792089237316195423570985008687907853269984665599508433852415658925580709838"}
{"blockNumber":"2087960","poolId":"0x387bf619da4d3fb62bb276482693dba1b9b3520f573cabdfe033384a24125982","stateView":"0xf3334192d15450cdd385c8b70e03f9a6bd9e673b","tickLower":-201760,"tickUpper":-201420}	{"ok": true, "feeGrowthInside0X128": "0", "feeGrowthInside1X128": "0"}
{"blockNumber":"2095341","poolId":"0x387bf619da4d3fb62bb276482693dba1b9b3520f573cabdfe033384a24125982","stateView":"0xf3334192d15450cdd385c8b70e03f9a6bd9e673b","tickLower":-201760,"tickUpper":-201420}	{"ok": true, "feeGrowthInside0X128": "19974104723164699899471451021876826051", "feeGrowthInside1X128": "33576890685933524836172714426"}
{"blockNumber":"2126450","poolId":"0x387bf619da4d3fb62bb276482693dba1b9b3520f573cabdfe033384a24125982","stateView":"0xf3334192d15450cdd385c8b70e03f9a6bd9e673b","tickLower":-208530,"tickUpper":-194660}	{"ok": true, "feeGrowthInside0X128": "0", "feeGrowthInside1X128": "0"}
{"blockNumber":"1965563","poolId":"0xa95732060867f07aa9b8ae9a4b7b8d737bc3374f1dfbb952759c5ed676e8737c","stateView":"0xf3334192d15450cdd385c8b70e03f9a6bd9e673b","tickLower":278520,"tickUpper":283860}	{"ok": true, "feeGrowthInside0X128": "100391603158646362314367239779", "feeGrowthInside1X128": "150827021194205709502333673500580921608761"}
{"blockNumber":"1959047","poolId":"0x0fbd1aab9d8af6c6bbffbbc72be2c02e9d45e0833211482ddcdf96f3bb3acb6a","stateView":"0xf3334192d15450cdd385c8b70e03f9a6bd9e673b","tickLower":345000,"tickUpper":357000}	{"ok": true, "feeGrowthInside0X128": "4044984483121302466867116656", "feeGrowthInside1X128": "3931252959778275189947309918489634908596476"}
{"blockNumber":"1963267","poolId":"0x0fbd1aab9d8af6c6bbffbbc72be2c02e9d45e0833211482ddcdf96f3bb3acb6a","stateView":"0xf3334192d15450cdd385c8b70e03f9a6bd9e673b","tickLower":345000,"tickUpper":357000}	{"ok": true, "feeGrowthInside0X128": "0", "feeGrowthInside1X128": "0"}
{"blockNumber":"1959221","poolId":"0x0fbd1aab9d8af6c6bbffbbc72be2c02e9d45e0833211482ddcdf96f3bb3acb6a","stateView":"0xf3334192d15450cdd385c8b70e03f9a6bd9e673b","tickLower":345000,"tickUpper":359400}	{"ok": true, "feeGrowthInside0X128": "4044984483121302466867116656", "feeGrowthInside1X128": "3931252959778275189947309918489634908596476"}
{"blockNumber":"1959426","poolId":"0x0fbd1aab9d8af6c6bbffbbc72be2c02e9d45e0833211482ddcdf96f3bb3acb6a","stateView":"0xf3334192d15450cdd385c8b70e03f9a6bd9e673b","tickLower":344400,"tickUpper":358800}	{"ok": true, "feeGrowthInside0X128": "0", "feeGrowthInside1X128": "0"}
{"blockNumber":"1962086","poolId":"0x0fbd1aab9d8af6c6bbffbbc72be2c02e9d45e0833211482ddcdf96f3bb3acb6a","stateView":"0xf3334192d15450cdd385c8b70e03f9a6bd9e673b","tickLower":344400,"tickUpper":358800}	{"ok": true, "feeGrowthInside0X128": "0", "feeGrowthInside1X128": "0"}
{"blockNumber":"1959865","poolId":"0x0fbd1aab9d8af6c6bbffbbc72be2c02e9d45e0833211482ddcdf96f3bb3acb6a","stateView":"0xf3334192d15450cdd385c8b70e03f9a6bd9e673b","tickLower":341400,"tickUpper":345600}	{"ok": true, "feeGrowthInside0X128": "274836260516674747592864327123", "feeGrowthInside1X128": "207809462706659006075625893647952898461732205"}
{"blockNumber":"1959940","poolId":"0x0fbd1aab9d8af6c6bbffbbc72be2c02e9d45e0833211482ddcdf96f3bb3acb6a","stateView":"0xf3334192d15450cdd385c8b70e03f9a6bd9e673b","tickLower":341400,"tickUpper":345600}	{"ok": true, "feeGrowthInside0X128": "274836260516674747592864327123", "feeGrowthInside1X128": "207809462706659006075625893647952898461732205"}
{"blockNumber":"1963484","poolId":"0x0fbd1aab9d8af6c6bbffbbc72be2c02e9d45e0833211482ddcdf96f3bb3acb6a","stateView":"0xf3334192d15450cdd385c8b70e03f9a6bd9e673b","tickLower":341400,"tickUpper":345600}	{"ok": true, "feeGrowthInside0X128": "348439511937963001958056251855", "feeGrowthInside1X128": "248163604745404794304537554222629600282753243"}
{"blockNumber":"2133707","poolId":"0x0fbd1aab9d8af6c6bbffbbc72be2c02e9d45e0833211482ddcdf96f3bb3acb6a","stateView":"0xf3334192d15450cdd385c8b70e03f9a6bd9e673b","tickLower":345600,"tickUpper":357000}	{"ok": true, "feeGrowthInside0X128": "0", "feeGrowthInside1X128": "0"}
{"blockNumber":"1963591","poolId":"0x0fbd1aab9d8af6c6bbffbbc72be2c02e9d45e0833211482ddcdf96f3bb3acb6a","stateView":"0xf3334192d15450cdd385c8b70e03f9a6bd9e673b","tickLower":341400,"tickUpper":345600}	{"ok": true, "feeGrowthInside0X128": "348439511937963001958056251855", "feeGrowthInside1X128": "248163604745404794304537554222629600282753243"}
{"blockNumber":"1966363","poolId":"0x0fbd1aab9d8af6c6bbffbbc72be2c02e9d45e0833211482ddcdf96f3bb3acb6a","stateView":"0xf3334192d15450cdd385c8b70e03f9a6bd9e673b","tickLower":341400,"tickUpper":345600}	{"ok": true, "feeGrowthInside0X128": "370080764835722936956341199994", "feeGrowthInside1X128": "273241217004219487848364447895657865168622103"}
{"blockNumber":"1966425","poolId":"0x0fbd1aab9d8af6c6bbffbbc72be2c02e9d45e0833211482ddcdf96f3bb3acb6a","stateView":"0xf3334192d15450cdd385c8b70e03f9a6bd9e673b","tickLower":341400,"tickUpper":345600}	{"ok": true, "feeGrowthInside0X128": "370080764835722936956341199994", "feeGrowthInside1X128": "273241217004219487848364447895657865168622103"}
{"blockNumber":"1968985","poolId":"0x0fbd1aab9d8af6c6bbffbbc72be2c02e9d45e0833211482ddcdf96f3bb3acb6a","stateView":"0xf3334192d15450cdd385c8b70e03f9a6bd9e673b","tickLower":341400,"tickUpper":345600}	{"ok": true, "feeGrowthInside0X128": "424189319916822874212696381035", "feeGrowthInside1X128": "310434929252882757365075127172249328938394575"}
{"blockNumber":"1975834","poolId":"0x0fbd1aab9d8af6c6bbffbbc72be2c02e9d45e0833211482ddcdf96f3bb3acb6a","stateView":"0xf3334192d15450cdd385c8b70e03f9a6bd9e673b","tickLower":341400,"tickUpper":345600}	{"ok": true, "feeGrowthInside0X128": "488532851570761659841040973165", "feeGrowthInside1X128": "336415449406157757586204525844331442139542309"}
{"blockNumber":"1980437","poolId":"0x0fbd1aab9d8af6c6bbffbbc72be2c02e9d45e0833211482ddcdf96f3bb3acb6a","stateView":"0xf3334192d15450cdd385c8b70e03f9a6bd9e673b","tickLower":341400,"tickUpper":345600}	{"ok": true, "feeGrowthInside0X128": "504530230239481854164257063775", "feeGrowthInside1X128": "347353206525039406589432787617269824423027113"}
{"blockNumber":"1987420","poolId":"0x0fbd1aab9d8af6c6bbffbbc72be2c02e9d45e0833211482ddcdf96f3bb3acb6a","stateView":"0xf3334192d15450cdd385c8b70e03f9a6bd9e673b","tickLower":341400,"tickUpper":345600}	{"ok": true, "feeGrowthInside0X128": "513131866609859053136286926014", "feeGrowthInside1X128": "353221391825368597440986194656128428461503969"}
{"blockNumber":"1988711","poolId":"0x0fbd1aab9d8af6c6bbffbbc72be2c02e9d45e0833211482ddcdf96f3bb3acb6a","stateView":"0xf3334192d15450cdd385c8b70e03f9a6bd9e673b","tickLower":341400,"tickUpper":345600}	{"ok": true, "feeGrowthInside0X128": "692012888397418161567354504825", "feeGrowthInside1X128": "554478532255022119348236373232779044009267029"}
{"blockNumber":"1960775","poolId":"0x0fbd1aab9d8af6c6bbffbbc72be2c02e9d45e0833211482ddcdf96f3bb3acb6a","stateView":"0xf3334192d15450cdd385c8b70e03f9a6bd9e673b","tickLower":345000,"tickUpper":354600}	{"ok": true, "feeGrowthInside0X128": "4044984483121302466867116656", "feeGrowthInside1X128": "3931252959778275189947309918489634908596476"}
{"blockNumber":"1960854","poolId":"0x0fbd1aab9d8af6c6bbffbbc72be2c02e9d45e0833211482ddcdf96f3bb3acb6a","stateView":"0xf3334192d15450cdd385c8b70e03f9a6bd9e673b","tickLower":344400,"tickUpper":353400}	{"ok": true, "feeGrowthInside0X128": "0", "feeGrowthInside1X128": "0"}
{"blockNumber":"1962185","poolId":"0x0fbd1aab9d8af6c6bbffbbc72be2c02e9d45e0833211482ddcdf96f3bb3acb6a","stateView":"0xf3334192d15450cdd385c8b70e03f9a6bd9e673b","tickLower":344400,"tickUpper":353400}	{"ok": true, "feeGrowthInside0X128": "0", "feeGrowthInside1X128": "0"}
{"blockNumber":"1984178","poolId":"0x0fbd1aab9d8af6c6bbffbbc72be2c02e9d45e0833211482ddcdf96f3bb3acb6a","stateView":"0xf3334192d15450cdd385c8b70e03f9a6bd9e673b","tickLower":341400,"tickUpper":353400}	{"ok": true, "feeGrowthInside0X128": "692012888397418161567354504825", "feeGrowthInside1X128": "554478532255022119348236373232779044009267029"}
{"blockNumber":"2057514","poolId":"0x0fbd1aab9d8af6c6bbffbbc72be2c02e9d45e0833211482ddcdf96f3bb3acb6a","stateView":"0xf3334192d15450cdd385c8b70e03f9a6bd9e673b","tickLower":341400,"tickUpper":353400}	{"ok": true, "feeGrowthInside0X128": "888447830676869510993988161516", "feeGrowthInside1X128": "708060895144715247267560294221064718085624160"}
{"blockNumber":"1961522","poolId":"0x0fbd1aab9d8af6c6bbffbbc72be2c02e9d45e0833211482ddcdf96f3bb3acb6a","stateView":"0xf3334192d15450cdd385c8b70e03f9a6bd9e673b","tickLower":342000,"tickUpper":348600}	{"ok": true, "feeGrowthInside0X128": "514751980229352808076773935214", "feeGrowthInside1X128": "354571767397275196216412326826563626417831345"}
{"blockNumber":"1963390","poolId":"0x0fbd1aab9d8af6c6bbffbbc72be2c02e9d45e0833211482ddcdf96f3bb3acb6a","stateView":"0xf3334192d15450cdd385c8b70e03f9a6bd9e673b","tickLower":342000,"tickUpper":348600}	{"ok": true, "feeGrowthInside0X128": "580977102553366960427940893496", "feeGrowthInside1X128": "392046724448635191723305861553065664013983737"}
{"blockNumber":"1968758","poolId":"0x0fbd1aab9d8af6c6bbffbbc72be2c02e9d45e0833211482ddcdf96f3bb3acb6a","stateView":"0xf3334192d15450cdd385c8b70e03f9a6bd9e673b","tickLower":342000,"tickUpper":348600}	{"ok": true, "feeGrowthInside0X128": "656726910532226832682581022676", "feeGrowthInside1X128": "454816179167192432158424365465395950130492038"}
{"blockNumber":"1980353","poolId":"0x0fbd1aab9d8af6c6bbffbbc72be2c02e9d45e0833211482ddcdf96f3bb3acb6a","stateView":"0xf3334192d15450cdd385c8b70e03f9a6bd9e673b","tickLower":342000,"tickUpper":348600}	{"ok": true, "feeGrowthInside0X128": "707575811365366923187054642454", "feeGrowthInside1X128": "479802306282143988878663824989646343410996916"}
{"blockNumber":"1985089","poolId":"0x0fbd1aab9d8af6c6bbffbbc72be2c02e9d45e0833211482ddcdf96f3bb3acb6a","stateView":"0xf3334192d15450cdd385c8b70e03f9a6bd9e673b","tickLower":342000,"tickUpper":348600}	{"ok": true, "feeGrowthInside0X128": "707575811365366923187054642454", "feeGrowthInside1X128": "479802306282143988878663824989646343410996916"}
{"blockNumber":"1998992","poolId":"0x0fbd1aab9d8af6c6bbffbbc72be2c02e9d45e0833211482ddcdf96f3bb3acb6a","stateView":"0xf3334192d15450cdd385c8b70e03f9a6bd9e673b","tickLower":342000,"tickUpper":348600}	{"ok": true, "feeGrowthInside0X128": "721223263362504618161829870692", "feeGrowthInside1X128": "489859286215555787674224038576314629561848349"}
{"blockNumber":"2030082","poolId":"0x0fbd1aab9d8af6c6bbffbbc72be2c02e9d45e0833211482ddcdf96f3bb3acb6a","stateView":"0xf3334192d15450cdd385c8b70e03f9a6bd9e673b","tickLower":342000,"tickUpper":348600}	{"ok": true, "feeGrowthInside0X128": "1035269221117371913048955298946", "feeGrowthInside1X128": "947616802748090535008047548365066785461449694"}
{"blockNumber":"1962340","poolId":"0x0fbd1aab9d8af6c6bbffbbc72be2c02e9d45e0833211482ddcdf96f3bb3acb6a","stateView":"0xf3334192d15450cdd385c8b70e03f9a6bd9e673b","tickLower":343800,"tickUpper":352800}	{"ok": true, "feeGrowthInside0X128": "0", "feeGrowthInside1X128": "0"}
{"blockNumber":"1966526","poolId":"0x0fbd1aab9d8af6c6bbffbbc72be2c02e9d45e0833211482ddcdf96f3bb3acb6a","stateView":"0xf3334192d15450cdd385c8b70e03f9a6bd9e673b","tickLower":343800,"tickUpper":352800}	{"ok": true, "feeGrowthInside0X128": "10500317213423766710424240157", "feeGrowthInside1X128": "9211572122174731358988012869088090598330186"}
{"blockNumber":"1974517","poolId":"0x0fbd1aab9d8af6c6bbffbbc72be2c02e9d45e0833211482ddcdf96f3bb3acb6a","stateView":"0xf3334192d15450cdd385c8b70e03f9a6bd9e673b","tickLower":343800,"tickUpper":352800}	{"ok": true, "feeGrowthInside0X128": "17052667037961858838057418890", "feeGrowthInside1X128": "14848968069862866884618247168681409575135625"}
{"blockNumber":"1976126","poolId":"0x0fbd1aab9d8af6c6bbffbbc72be2c02e9d45e0833211482ddcdf96f3bb3acb6a","stateView":"0xf3334192d15450cdd385c8b70e03f9a6bd9e673b","tickLower":343800,"tickUpper":352800}	{"ok": true, "feeGrowthInside0X128": "0", "feeGrowthInside1X128": "0"}
{"blockNumber":"1979948","poolId":"0x0fbd1aab9d8af6c6bbffbbc72be2c02e9d45e0833211482ddcdf96f3bb3acb6a","stateView":"0xf3334192d15450cdd385c8b70e03f9a6bd9e673b","tickLower":341400,"tickUpper":352800}	{"ok": true, "feeGrowthInside0X128": "683411252027040962595324642586", "feeGrowthInside1X128": "548610346954692928496682966193920439970790173"}
{"blockNumber":"2058943","poolId":"0x0fbd1aab9d8af6c6bbffbbc72be2c02e9d45e0833211482ddcdf96f3bb3acb6a","stateView":"0xf3334192d15450cdd385c8b70e03f9a6bd9e673b","tickLower":341400,"tickUpper":352800}	{"ok": true, "feeGrowthInside0X128": "889191728839216725899116916730", "feeGrowthInside1X128": "708560217491972261313880700222266559834411844"}
{"blockNumber":"1962428","poolId":"0x0fbd1aab9d8af6c6bbffbbc72be2c02e9d45e0833211482ddcdf96f3bb3acb6a","stateView":"0xf3334192d15450cdd385c8b70e03f9a6bd9e673b","tickLower":343800,"tickUpper":357600}	{"ok": true, "feeGrowthInside0X128": "0", "feeGrowthInside1X128": "0"}
{"blockNumber":"1963403","poolId":"0x0fbd1aab9d8af6c6bbffbbc72be2c02e9d45e0833211482ddcdf96f3bb3acb6a","stateView":"0xf3334192d15450cdd385c8b70e03f9a6bd9e673b","tickLower":343800,"tickUpper":357600}	{"ok": true, "feeGrowthInside0X128": "0", "feeGrowthInside1X128": "0"}
{"blockNumber":"1963573","poolId":"0x0fbd1aab9d8af6c6bbffbbc72be2c02e9d45e0833211482ddcdf96f3bb3acb6a","stateView":"0xf3334192d15450cdd385c8b70e03f9a6bd9e673b","tickLower":343200,"tickUpper":357000}	{"ok": true, "feeGrowthInside0X128": "0", "feeGrowthInside1X128": "0"}
{"blockNumber":"1973682","poolId":"0x0fbd1aab9d8af6c6bbffbbc72be2c02e9d45e0833211482ddcdf96f3bb3acb6a","stateView":"0xf3334192d15450cdd385c8b70e03f9a6bd9e673b","tickLower":343200,"tickUpper":357000}	{"ok": true, "feeGrowthInside0X128": "46812000367832007949967505235", "feeGrowthInside1X128": "39441907367092406904613861506905582969046725"}
{"blockNumber":"1963507","poolId":"0x0fbd1aab9d8af6c6bbffbbc72be2c02e9d45e0833211482ddcdf96f3bb3acb6a","stateView":"0xf3334192d15450cdd385c8b70e03f9a6bd9e673b","tickLower":343200,"tickUpper":355200}	{"ok": true, "feeGrowthInside0X128": "0", "feeGrowthInside1X128": "0"}
{"blockNumber":"1964371","poolId":"0x0fbd1aab9d8af6c6bbffbbc72be2c02e9d45e0833211482ddcdf96f3bb3acb6a","stateView":"0xf3334192d15450cdd385c8b70e03f9a6bd9e673b","tickLower":343200,"tickUpper":355200}	{"ok": true, "feeGrowthInside0X128": "0", "feeGrowthInside1X128": "0"}
{"blockNumber":"1978456","poolId":"0x0fbd1aab9d8af6c6bbffbbc72be2c02e9d45e0833211482ddcdf96f3bb3acb6a","stateView":"0xf3334192d15450cdd385c8b70e03f9a6bd9e673b","tickLower":343200,"tickUpper":355200}	{"ok": true, "feeGrowthInside0X128": "46812000367832007949967505235", "feeGrowthInside1X128": "39441907367092406904613861506905582969046725"}
{"blockNumber":"1983281","poolId":"0x0fbd1aab9d8af6c6bbffbbc72be2c02e9d45e0833211482ddcdf96f3bb3acb6a","stateView":"0xf3334192d15450cdd385c8b70e03f9a6bd9e673b","tickLower":343200,"tickUpper":355200}	{"ok": true, "feeGrowthInside0X128": "46812000367832007949967505235", "feeGrowthInside1X128": "39441907367092406904613861506905582969046725"}
{"blockNumber":"1963545","poolId":"0x0fbd1aab9d8af6c6bbffbbc72be2c02e9d45e0833211482ddcdf96f3bb3acb6a","stateView":"0xf3334192d15450cdd385c8b70e03f9a6bd9e673b","tickLower":346800,"tickUpper":358800}	{"ok": true, "feeGrowthInside0X128": "0", "feeGrowthInside1X128": "0"}
{"blockNumber":"1963780","poolId":"0x0fbd1aab9d8af6c6bbffbbc72be2c02e9d45e0833211482ddcdf96f3bb3acb6a","stateView":"0xf3334192d15450cdd385c8b70e03f9a6bd9e673b","tickLower":346200,"tickUpper":353400}	{"ok": true, "feeGrowthInside0X128": "0", "feeGrowthInside1X128": "0"}
{"blockNumber":"1964148","poolId":"0x0fbd1aab9d8af6c6bbffbbc72be2c02e9d45e0833211482ddcdf96f3bb3acb6a","stateView":"0xf3334192d15450cdd385c8b70e03f9a6bd9e673b","tickLower":345000,"tickUpper":352200}	{"ok": true, "feeGrowthInside0X128": "0", "feeGrowthInside1X128": "0"}
{"blockNumber":"1964858","poolId":"0x0fbd1aab9d8af6c6bbffbbc72be2c02e9d45e0833211482ddcdf96f3bb3acb6a","stateView":"0xf3334192d15450cdd385c8b70e03f9a6bd9e673b","tickLower":345000,"tickUpper":352200}	{"ok": true, "feeGrowthInside0X128": "0", "feeGrowthInside1X128": "0"}
{"blockNumber":"1992640","poolId":"0x0fbd1aab9d8af6c6bbffbbc72be2c02e9d45e0833211482ddcdf96f3bb3acb6a","stateView":"0xf3334192d15450cdd385c8b70e03f9a6bd9e673b","tickLower":342000,"tickUpper":352200}	{"ok": true, "feeGrowthInside0X128": "966548237470912744792261576698", "feeGrowthInside1X128": "857719040681345200772946212773504357366437281"}
{"blockNumber":"2040527","poolId":"0x0fbd1aab9d8af6c6bbffbbc72be2c02e9d45e0833211482ddcdf96f3bb3acb6a","stateView":"0xf3334192d15450cdd385c8b70e03f9a6bd9e673b","tickLower":342000,"tickUpper":352200}	{"ok": true, "feeGrowthInside0X128": "4944605933988125245646072104368", "feeGrowthInside1X128": "4824421937165640728749462846263457198275380730"}
{"blockNumber":"1967233","poolId":"0x0fbd1aab9d8af6c6bbffbbc72be2c02e9d45e0833211482ddcdf96f3bb3acb6a","stateView":"0xf3334192d15450cdd385c8b70e03f9a6bd9e673b","tickLower":336600,"tickUpper":343200}	{"ok": true, "feeGrowthInside0X128": "382404113625555431966285665524", "feeGrowthInside1X128": "281735055662331126968759779179071066893276948"}
{"blockNumber":"1968848","poolId":"0x0fbd1aab9d8af6c6bbffbbc72be2c02e9d45e0833211482ddcdf96f3bb3acb6a","stateView":"0xf3334192d15450cdd385c8b70e03f9a6bd9e673b","tickLower":336600,"tickUpper":343200}	{"ok": true, "feeGrowthInside0X128": "430571340775093823082792971112", "feeGrowthInside1X128": "317055712148442973646443708823079643883741638"}
{"blockNumber":"1968932","poolId":"0x0fbd1aab9d8af6c6bbffbbc72be2c02e9d45e0833211482ddcdf96f3bb3acb6a","stateView":"0xf3334192d15450cdd385c8b70e03f9a6bd9e673b","tickLower":336600,"tickUpper":343200}	{"ok": true, "feeGrowthInside0X128": "430571340775093823082792971112", "feeGrowthInside1X128": "317055712148442973646443708823079643883741638"}
{"blockNumber":"1969089","poolId":"0x0fbd1aab9d8af6c6bbffbbc72be2c02e9d45e0833211482ddcdf96f3bb3acb6a","stateView":"0xf3334192d15450cdd385c8b70e03f9a6bd9e673b","tickLower":336600,"tickUpper":343200}	{"ok": true, "feeGrowthInside0X128": "430571340775093823082792971112", "feeGrowthInside1X128": "317055712148442973646443708823079643883741638"}
{"blockNumber":"1976266","poolId":"0x0fbd1aab9d8af6c6bbffbbc72be2c02e9d45e0833211482ddcdf96f3bb3acb6a","stateView":"0xf3334192d15450cdd385c8b70e03f9a6bd9e673b","tickLower":336600,"tickUpper":343200}	{"ok": true, "feeGrowthInside0X128": "552937260068235683113814132320", "feeGrowthInside1X128": "364027180542660111043044600996569245012754594"}
{"blockNumber":"1977911","poolId":"0x0fbd1aab9d8af6c6bbffbbc72be2c02e9d45e0833211482ddcdf96f3bb3acb6a","stateView":"0xf3334192d15450cdd385c8b70e03f9a6bd9e673b","tickLower":336600,"tickUpper":343200}	{"ok": true, "feeGrowthInside0X128": "596986879434236801255171780986", "feeGrowthInside1X128": "394707864566855482805015184121422441560287887"}
{"blockNumber":"1978124","poolId":"0x0fbd1aab9d8af6c6bbffbbc72be2c02e9d45e0833211482ddcdf96f3bb3acb6a","stateView":"0xf3334192d15450cdd385c8b70e03f9a6bd9e673b","tickLower":336600,"tickUpper":343200}	{"ok": true, "feeGrowthInside0X128": "596986879434236801255171780986", "feeGrowthInside1X128": "405063796900253125297955035298640696254705969"}
{"blockNumber":"1980475","poolId":"0x0fbd1aab9d8af6c6bbffbbc72be2c02e9d45e0833211482ddcdf96f3bb3acb6a","stateView":"0xf3334192d15450cdd385c8b70e03f9a6bd9e673b","tickLower":336600,"tickUpper":343200}	{"ok": true, "feeGrowthInside0X128": "628580661339681756576933537311", "feeGrowthInside1X128": "414713319261994082392830114766961965582590706"}
{"blockNumber":"1980511","poolId":"0x0fbd1aab9d8af6c6bbffbbc72be2c02e9d45e0833211482ddcdf96f3bb3acb6a","stateView":"0xf3334192d15450cdd385c8b70e03f9a6bd9e673b","tickLower":336600,"tickUpper":343200}	{"ok": true, "feeGrowthInside0X128": "628580661339681756576933537311", "feeGrowthInside1X128": "414713319261994082392830114766961965582590706"}
{"blockNumber":"1984728","poolId":"0x0fbd1aab9d8af6c6bbffbbc72be2c02e9d45e0833211482ddcdf96f3bb3acb6a","stateView":"0xf3334192d15450cdd385c8b70e03f9a6bd9e673b","tickLower":336600,"tickUpper":343200}	{"ok": true, "feeGrowthInside0X128": "684668272315677224300290402729", "feeGrowthInside1X128": "455719572684135514690841480091933917265508247"}
{"blockNumber":"1984918","poolId":"0x0fbd1aab9d8af6c6bbffbbc72be2c02e9d45e0833211482ddcdf96f3bb3acb6a","stateView":"0xf3334192d15450cdd385c8b70e03f9a6bd9e673b","tickLower":336600,"tickUpper":343200}	{"ok": true, "feeGrowthInside0X128": "692031341406931372155056881707", "feeGrowthInside1X128": "459587489987452764971597973558535664492056333"}
{"blockNumber":"1987284","poolId":"0x0fbd1aab9d8af6c6bbffbbc72be2c02e9d45e0833211482ddcdf96f3bb3acb6a","stateView":"0xf3334192d15450cdd385c8b70e03f9a6bd9e673b","tickLower":336600,"tickUpper":343200}	{"ok": true, "feeGrowthInside0X128": "749322188567871375040006644789", "feeGrowthInside1X128": "490407576990891761589825705580112401192740923"}
{"blockNumber":"1987348","poolId":"0x0fbd1aab9d8af6c6bbffbbc72be2c02e9d45e0833211482ddcdf96f3bb3acb6a","stateView":"0xf3334192d15450cdd385c8b70e03f9a6bd9e673b","tickLower":336600,"tickUpper":343200}	{"ok": true, "feeGrowthInside0X128": "749322188567871375040006644789", "feeGrowthInside1X128": "490407576990891761589825705580112401192740923"}
{"blockNumber":"1989949","poolId":"0x0fbd1aab9d8af6c6bbffbbc72be2c02e9d45e0833211482ddcdf96f3bb3acb6a","stateView":"0xf3334192d15450cdd385c8b70e03f9a6bd9e673b","tickLower":336600,"tickUpper":343200}	{"ok": true, "feeGrowthInside0X128": "805853633486066121142626012031", "feeGrowthInside1X128": "526587583476104366895532014773670004419507135"}
{"blockNumber":"1995104","poolId":"0x0fbd1aab9d8af6c6bbffbbc72be2c02e9d45e0833211482ddcdf96f3bb3acb6a","stateView":"0xf3334192d15450cdd385c8b70e03f9a6bd9e673b","tickLower":336600,"tickUpper":343200}	{"ok": true, "feeGrowthInside0X128": "845766704288436906253946114535", "feeGrowthInside1X128": "560738768499008334580493202183107320089308299"}
{"blockNumber":"1995147","poolId":"0x0fbd1aab9d8af6c6bbffbbc72be2c02e9d45e0833211482ddcdf96f3bb3acb6a","stateView":"0xf3334192d15450cdd385c8b70e03f9a6bd9e673b","tickLower":336600,"tickUpper":343200}	{"ok": true, "feeGrowthInside0X128": "845766704288436906253946114535", "feeGrowthInside1X128": "560738768499008334580493202183107320089308299"}
{"blockNumber":"1970171","poolId":"0x0fbd1aab9d8af6c6bbffbbc72be2c02e9d45e0833211482ddcdf96f3bb3acb6a","stateView":"0xf3334192d15450cdd385c8b70e03f9a6bd9e673b","tickLower":350400,"tickUpper":368400}	{"ok": true, "feeGrowthInside0X128": "0", "feeGrowthInside1X128": "0"}
{"blockNumber":"1970441","poolId":"0x0fbd1aab9d8af6c6bbffbbc72be2c02e9d45e0833211482ddcdf96f3bb3acb6a","stateView":"0xf3334192d15450cdd385c8b70e03f9a6bd9e673b","tickLower":345000,"tickUpper":368400}	{"ok": true, "feeGrowthInside0X128": "0", "feeGrowthInside1X128": "0"}
{"blockNumber":"1974055","poolId":"0x0fbd1aab9d8af6c6bbffbbc72be2c02e9d45e0833211482ddcdf96f3bb3acb6a","stateView":"0xf3334192d15450cdd385c8b70e03f9a6bd9e673b","tickLower":340800,"tickUpper":354600}	{"ok": true, "feeGrowthInside0X128": "0", "feeGrowthInside1X128": "0"}
{"blockNumber":"1974732","poolId":"0x0fbd1aab9d8af6c6bbffbbc72be2c02e9d45e0833211482ddcdf96f3bb3acb6a","stateView":"0xf3334192d15450cdd385c8b70e03f9a6bd9e673b","tickLower":340800,"tickUpper":354600}	{"ok": true, "feeGrowthInside0X128": "0", "feeGrowthInside1X128": "0"}
{"blockNumber":"1974968","poolId":"0x0fbd1aab9d8af6c6bbffbbc72be2c02e9d45e0833211482ddcdf96f3bb3acb6a","stateView":"0xf3334192d15450cdd385c8b70e03f9a6bd9e673b","tickLower":340800,"tickUpper":346800}	{"ok": true, "feeGrowthInside0X128": "0", "feeGrowthInside1X128": "0"}
{"blockNumber":"1975585","poolId":"0x0fbd1aab9d8af6c6bbffbbc72be2c02e9d45e0833211482ddcdf96f3bb3acb6a","stateView":"0xf3334192d15450cdd385c8b70e03f9a6bd9e673b","tickLower":340800,"tickUpper":354600}	{"ok": true, "feeGrowthInside0X128": "0", "feeGrowthInside1X128": "0"}
{"blockNumber":"1976592","poolId":"0x0fbd1aab9d8af6c6bbffbbc72be2c02e9d45e0833211482ddcdf96f3bb3acb6a","stateView":"0xf3334192d15450cdd385c8b70e03f9a6bd9e673b","tickLower":340800,"tickUpper":352800}	{"ok": true, "feeGrowthInside0X128": "1910719554721434904156422943", "feeGrowthInside1X128": "1211149950473123681527743017905935069618763"}
{"blockNumber":"1979380","poolId":"0x0fbd1aab9d8af6c6bbffbbc72be2c02e9d45e0833211482ddcdf96f3bb3acb6a","stateView":"0xf3334192d15450cdd385c8b70e03f9a6bd9e673b","tickLower":340800,"tickUpper":346800}	{"ok": true, "feeGrowthInside0X128": "41770322002633669854305906881", "feeGrowthInside1X128": "28264220730560183017106245580619870209309473"}
{"blockNumber":"1985705","poolId":"0x0fbd1aab9d8af6c6bbffbbc72be2c02e9d45e0833211482ddcdf96f3bb3acb6a","stateView":"0xf3334192d15450cdd385c8b70e03f9a6bd9e673b","tickLower":340800,"tickUpper":354600}	{"ok": true, "feeGrowthInside0X128": "108049988984881144438834399312", "feeGrowthInside1X128": "70656626491419845136135340520952118999925543"}
{"blockNumber":"1986707","poolId":"0x0fbd1aab9d8af6c6bbffbbc72be2c02e9d45e0833211482ddcdf96f3bb3acb6a","stateView":"0xf3334192d15450cdd385c8b70e03f9a6bd9e673b","tickLower":340800,"tickUpper":354600}	{"ok": true, "feeGrowthInside0X128": "108049988984881144438834399312", "feeGrowthInside1X128": "70656626491419845136135340520952118999925543"}
{"blockNumber":"1986827","poolId":"0x0fbd1aab9d8af6c6bbffbbc72be2c02e9d45e0833211482ddcdf96f3bb3acb6a","stateView":"0xf3334192d15450cdd385c8b70e03f9a6bd9e673b","tickLower":340800,"tickUpper":354600}	{"ok": true, "feeGrowthInside0X128": "108049988984881144438834399312", "feeGrowthInside1X128": "70656626491419845136135340520952118999925543"}
{"blockNumber":"2008158","poolId":"0x0fbd1aab9d8af6c6bbffbbc72be2c02e9d45e0833211482ddcdf96f3bb3acb6a","stateView":"0xf3334192d15450cdd385c8b70e03f9a6bd9e673b","tickLower":340800,"tickUpper":354600}	{"ok": true, "feeGrowthInside0X128": "170324630683829304514256038399", "feeGrowthInside1X128": "137865328398945575956415746953388153096954286"}
{"blockNumber":"2040444","poolId":"0x0fbd1aab9d8af6c6bbffbbc72be2c02e9d45e0833211482ddcdf96f3bb3acb6a","stateView":"0xf3334192d15450cdd385c8b70e03f9a6bd9e673b","tickLower":340800,"tickUpper":354600}	{"ok": true, "feeGrowthInside0X128": "238592913055273428271238744097", "feeGrowthInside1X128": "207877532129535504162788639613211754793574023"}
{"blockNumber":"2044987","poolId":"0x0fbd1aab9d8af6c6bbffbbc72be2c02e9d45e0833211482ddcdf96f3bb3acb6a","stateView":"0xf3334192d15450cdd385c8b70e03f9a6bd9e673b","tickLower":340800,"tickUpper":352800}	{"ok": true, "feeGrowthInside0X128": "263504691163924375989304616716", "feeGrowthInside1X128": "224015349736402666751680340194951923196995672"}
{"blockNumber":"2067401","poolId":"0x0fbd1aab9d8af6c6bbffbbc72be2c02e9d45e0833211482ddcdf96f3bb3acb6a","stateView":"0xf3334192d15450cdd385c8b70e03f9a6bd9e673b","tickLower":340800,"tickUpper":354600}	{"ok": true, "feeGrowthInside0X128": "5461696326558248604812000971418", "feeGrowthInside1X128": "5121542212361815902543217695007036097476955444"}
{"blockNumber":"1976462","poolId":"0x0fbd1aab9d8af6c6bbffbbc72be2c02e9d45e0833211482ddcdf96f3bb3acb6a","stateView":"0xf3334192d15450cdd385c8b70e03f9a6bd9e673b","tickLower":340800,"tickUpper":349800}	{"ok": true, "feeGrowthInside0X128": "1910719554721434904156422943", "feeGrowthInside1X128": "1211149950473123681527743017905935069618763"}
{"blockNumber":"1986457","poolId":"0x0fbd1aab9d8af6c6bbffbbc72be2c02e9d45e0833211482ddcdf96f3bb3acb6a","stateView":"0xf3334192d15450cdd385c8b70e03f9a6bd9e673b","tickLower":340800,"tickUpper":349800}	{"ok": true, "feeGrowthInside0X128": "108049988984881144438834399312", "feeGrowthInside1X128": "70656626491419845136135340520952118999925543"}
{"blockNumber":"2025327","poolId":"0x0fbd1aab9d8af6c6bbffbbc72be2c02e9d45e0833211482ddcdf96f3bb3acb6a","stateView":"0xf3334192d15450cdd385c8b70e03f9a6bd9e673b","tickLower":340800,"tickUpper":349800}	{"ok": true, "feeGrowthInside0X128": "189031543177792752218328533944", "feeGrowthInside1X128": "183891483787891685816095218551055796216328870"}
{"blockNumber":"1977815","poolId":"0x6ff03107f375083abd490b667dae07c8d42a25c1f201a177cd7b8639ccd5d4e7","stateView":"0xf3334192d15450cdd385c8b70e03f9a6bd9e673b","tickLower":145600,"tickUpper":156800}	{"ok": true, "feeGrowthInside0X128": "0", "feeGrowthInside1X128": "0"}
{"blockNumber":"1978934","poolId":"0x0fbd1aab9d8af6c6bbffbbc72be2c02e9d45e0833211482ddcdf96f3bb3acb6a","stateView":"0xf3334192d15450cdd385c8b70e03f9a6bd9e673b","tickLower":342000,"tickUpper":354000}	{"ok": true, "feeGrowthInside0X128": "966548237470912744792261576698", "feeGrowthInside1X128": "857719040681345200772946212773504357366437281"}
{"blockNumber":"1979448","poolId":"0x0fbd1aab9d8af6c6bbffbbc72be2c02e9d45e0833211482ddcdf96f3bb3acb6a","stateView":"0xf3334192d15450cdd385c8b70e03f9a6bd9e673b","tickLower":342000,"tickUpper":354000}	{"ok": true, "feeGrowthInside0X128": "966548237470912744792261576698", "feeGrowthInside1X128": "857719040681345200772946212773504357366437281"}
{"blockNumber":"2062943","poolId":"0x0fbd1aab9d8af6c6bbffbbc72be2c02e9d45e0833211482ddcdf96f3bb3acb6a","stateView":"0xf3334192d15450cdd385c8b70e03f9a6bd9e673b","tickLower":341400,"tickUpper":354000}	{"ok": true, "feeGrowthInside0X128": "889792613507543917167732822520", "feeGrowthInside1X128": "708963403528384127844653292620573064544399143"}
{"blockNumber":"2094806","poolId":"0x0fbd1aab9d8af6c6bbffbbc72be2c02e9d45e0833211482ddcdf96f3bb3acb6a","stateView":"0xf3334192d15450cdd385c8b70e03f9a6bd9e673b","tickLower":341400,"tickUpper":354000}	{"ok": true, "feeGrowthInside0X128": "916778964284962018577984965617", "feeGrowthInside1X128": "743398761958993348396683837139556314303667771"}
{"blockNumber":"1983077","poolId":"0xae89c5477d574b7285997234c10fbb8d185f866d9bc408f6c6a345c1ff66f903","stateView":"0xf3334192d15450cdd385c8b70e03f9a6bd9e673b","tickLower":154800,"tickUpper":158400}	{"ok": true, "feeGrowthInside0X128": "0", "feeGrowthInside1X128": "0"}
{"blockNumber":"1987388","poolId":"0x0fbd1aab9d8af6c6bbffbbc72be2c02e9d45e0833211482ddcdf96f3bb3acb6a","stateView":"0xf3334192d15450cdd385c8b70e03f9a6bd9e673b","tickLower":341400,"tickUpper":347400}	{"ok": true, "feeGrowthInside0X128": "692012888397418161567354504825", "feeGrowthInside1X128": "554478532255022119348236373232779044009267029"}
{"blockNumber":"2064904","poolId":"0x0fbd1aab9d8af6c6bbffbbc72be2c02e9d45e0833211482ddcdf96f3bb3acb6a","stateView":"0xf3334192d15450cdd385c8b70e03f9a6bd9e673b","tickLower":341400,"tickUpper":347400}	{"ok": true, "feeGrowthInside0X128": "891393954471847024458331270480", "feeGrowthInside1X128": "714098212001484208639912996995278997939878372"}
{"blockNumber":"1989341","poolId":"0x6ff03107f375083abd490b667dae07c8d42a25c1f201a177cd7b8639ccd5d4e7","stateView":"0xf3334192d15450cdd385c8b70e03f9a6bd9e673b","tickLower":134400,"tickUpper":145600}	{"ok": true, "feeGrowthInside0X128": "0", "feeGrowthInside1X128": "0"}
{"blockNumber":"1989962","poolId":"0x6ff03107f375083abd490b667dae07c8d42a25c1f201a177cd7b8639ccd5d4e7","stateView":"0xf3334192d15450cdd385c8b70e03f9a6bd9e673b","tickLower":134400,"tickUpper":145600}	{"ok": true, "feeGrowthInside0X128": "477377260862689465028021915622300293", "feeGrowthInside1X128": "1643958366063719525656378316012534528844866"}
{"blockNumber":"1989876","poolId":"0x0fbd1aab9d8af6c6bbffbbc72be2c02e9d45e0833211482ddcdf96f3bb3acb6a","stateView":"0xf3334192d15450cdd385c8b70e03f9a6bd9e673b","tickLower":334200,"tickUpper":345600}	{"ok": true, "feeGrowthInside0X128": "0", "feeGrowthInside1X128": "0"}
{"blockNumber":"1995042","poolId":"0x0fbd1aab9d8af6c6bbffbbc72be2c02e9d45e0833211482ddcdf96f3bb3acb6a","stateView":"0xf3334192d15450cdd385c8b70e03f9a6bd9e673b","tickLower":334200,"tickUpper":345600}	{"ok": true, "feeGrowthInside0X128": "39913070802370785111320102504", "feeGrowthInside1X128": "34151185022903967684961187409437315669801164"}
{"blockNumber":"2002694","poolId":"0x0fbd1aab9d8af6c6bbffbbc72be2c02e9d45e0833211482ddcdf96f3bb3acb6a","stateView":"0xf3334192d15450cdd385c8b70e03f9a6bd9e673b","tickLower":334200,"tickUpper":345600}	{"ok": true, "feeGrowthInside0X128": "4867245055159378917459842820726", "feeGrowthInside1X128": "4730958198268892015825653407765260342354787945"}
{"blockNumber":"2262722","poolId":"0x0fbd1aab9d8af6c6bbffbbc72be2c02e9d45e0833211482ddcdf96f3bb3acb6a","stateView":"0xf3334192d15450cdd385c8b70e03f9a6bd9e673b","tickLower":345600,"tickUpper":357000}	{"ok": true, "feeGrowthInside0X128": "0", "feeGrowthInside1X128": "0"}
{"blockNumber":"2012170","poolId":"0x4893a925e4818940e4646fc55cee1d291e0e0c0d46838d2f9620be3d785a8111","stateView":"0xf3334192d15450cdd385c8b70e03f9a6bd9e673b","tickLower":125400,"tickUpper":165000}	{"ok": true, "feeGrowthInside0X128": "375897566423484861784095348329239141", "feeGrowthInside1X128": "765858383157738447555754595719427588262890"}
{"blockNumber":"2030832","poolId":"0x0fbd1aab9d8af6c6bbffbbc72be2c02e9d45e0833211482ddcdf96f3bb3acb6a","stateView":"0xf3334192d15450cdd385c8b70e03f9a6bd9e673b","tickLower":345000,"tickUpper":351000}	{"ok": true, "feeGrowthInside0X128": "7321606138730725544193324617", "feeGrowthInside1X128": "7147613061576957791415373038843551085518962"}
{"blockNumber":"2118651","poolId":"0x0fbd1aab9d8af6c6bbffbbc72be2c02e9d45e0833211482ddcdf96f3bb3acb6a","stateView":"0xf3334192d15450cdd385c8b70e03f9a6bd9e673b","tickLower":345000,"tickUpper":351000}	{"ok": true, "feeGrowthInside0X128": "15011629605125697467684117926", "feeGrowthInside1X128": "14700603267700811239963164635228960704889875"}
{"blockNumber":"2067989","poolId":"0x0fbd1aab9d8af6c6bbffbbc72be2c02e9d45e0833211482ddcdf96f3bb3acb6a","stateView":"0xf3334192d15450cdd385c8b70e03f9a6bd9e673b","tickLower":342000,"tickUpper":355800}	{"ok": true, "feeGrowthInside0X128": "0", "feeGrowthInside1X128": "0"}
{"blockNumber":"2068152","poolId":"0xae89c5477d574b7285997234c10fbb8d185f866d9bc408f6c6a345c1ff66f903","stateView":"0xf3334192d15450cdd385c8b70e03f9a6bd9e673b","tickLower":117000,"tickUpper":138600}	{"ok": true, "feeGrowthInside0X128": "7491854505212565129376384033628255", "feeGrowthInside1X128": "7214592735996344945930623099434378392605"}
{"blockNumber":"2068282","poolId":"0xae89c5477d574b7285997234c10fbb8d185f866d9bc408f6c6a345c1ff66f903","stateView":"0xf3334192d15450cdd385c8b70e03f9a6bd9e673b","tickLower":117000,"tickUpper":138600}	{"ok": true, "feeGrowthInside0X128": "7491854505212565129376384033628255", "feeGrowthInside1X128": "7214592735996344945930623099434378392605"}
{"blockNumber":"2069484","poolId":"0x0fbd1aab9d8af6c6bbffbbc72be2c02e9d45e0833211482ddcdf96f3bb3acb6a","stateView":"0xf3334192d15450cdd385c8b70e03f9a6bd9e673b","tickLower":342600,"tickUpper":356400}	{"ok": true, "feeGrowthInside0X128": "0", "feeGrowthInside1X128": "0"}
{"blockNumber":"2078253","poolId":"0x71dc8ccb3074671ca94984607e3269e743cf701bd57cc4bfd0254e203979e7c2","stateView":"0xf3334192d15450cdd385c8b70e03f9a6bd9e673b","tickLower":-886400,"tickUpper":886400}	{"ok": true, "feeGrowthInside0X128": "73273547029835314913973783913103295", "feeGrowthInside1X128": "103210312341542664795482629128206040933815"}
{"blockNumber":"2078393","poolId":"0x71dc8ccb3074671ca94984607e3269e743cf701bd57cc4bfd0254e203979e7c2","stateView":"0xf3334192d15450cdd385c8b70e03f9a6bd9e673b","tickLower":-886400,"tickUpper":886400}	{"ok": true, "feeGrowthInside0X128": "73273547029835314913973783913103295", "feeGrowthInside1X128": "103210312341542664795482629128206040933815"}
{"blockNumber":"2119342","poolId":"0x71dc8ccb3074671ca94984607e3269e743cf701bd57cc4bfd0254e203979e7c2","stateView":"0xf3334192d15450cdd385c8b70e03f9a6bd9e673b","tickLower":-886400,"tickUpper":886400}	{"ok": true, "feeGrowthInside0X128": "73273547029835314913973783913103295", "feeGrowthInside1X128": "116446773048983601929997741945354771659478"}
{"blockNumber":"2078464","poolId":"0x6986b38b2e1fa88d0cc25daf9087ad9bdf2ad51b78ae3afeb1aa11a08d8a3993","stateView":"0xf3334192d15450cdd385c8b70e03f9a6bd9e673b","tickLower":-881400,"tickUpper":881400}	{"ok": true, "feeGrowthInside0X128": "1440770390901375642578045664313853099", "feeGrowthInside1X128": "3344206681626035766180825870421591587071575"}
{"blockNumber":"1968602","poolId":"0xc1dc79a10105ee190f978e976e9b58edfb4e82dc5e2dd56bcb0b024a44e59533","stateView":"0xf3334192d15450cdd385c8b70e03f9a6bd9e673b","tickLower":-883200,"tickUpper":883200}	{"ok": true, "feeGrowthInside0X128": "32606883669041074126888544127699820", "feeGrowthInside1X128": "234288821345043187012405681779271269492516"}
{"blockNumber":"1968660","poolId":"0xc1dc79a10105ee190f978e976e9b58edfb4e82dc5e2dd56bcb0b024a44e59533","stateView":"0xf3334192d15450cdd385c8b70e03f9a6bd9e673b","tickLower":-883200,"tickUpper":883200}	{"ok": true, "feeGrowthInside0X128": "32606883669041074126888544127699820", "feeGrowthInside1X128": "234288821345043187012405681779271269492516"}
{"blockNumber":"1990256","poolId":"0xc1dc79a10105ee190f978e976e9b58edfb4e82dc5e2dd56bcb0b024a44e59533","stateView":"0xf3334192d15450cdd385c8b70e03f9a6bd9e673b","tickLower":-883200,"tickUpper":883200}	{"ok": true, "feeGrowthInside0X128": "40515601267709313337348591022248781", "feeGrowthInside1X128": "234288821345043187012405681779271269492516"}
{"blockNumber":"1993233","poolId":"0xdd5458c88d3de32b83514b9448bbfaa7f8df1d5f0a00939c95df4a5ceee53bf6","stateView":"0xf3334192d15450cdd385c8b70e03f9a6bd9e673b","tickLower":-887000,"tickUpper":887000}	{"ok": true, "feeGrowthInside0X128": "0", "feeGrowthInside1X128": "0"}
{"blockNumber":"2054437","poolId":"0xdd5458c88d3de32b83514b9448bbfaa7f8df1d5f0a00939c95df4a5ceee53bf6","stateView":"0xf3334192d15450cdd385c8b70e03f9a6bd9e673b","tickLower":-219000,"tickUpper":-217000}	{"ok": true, "feeGrowthInside0X128": "0", "feeGrowthInside1X128": "0"}
{"blockNumber":"2051970","poolId":"0xa5f23cae4e5c3388c5a8a6b08a83f53e56df8f1a63757e606b362994b68a2361","stateView":"0xf3334192d15450cdd385c8b70e03f9a6bd9e673b","tickLower":-276339,"tickUpper":-276336}	{"ok": true, "feeGrowthInside0X128": "40338291016931702661953400264880257851", "feeGrowthInside1X128": "18121701437440294271546651"}
{"blockNumber":"2109601","poolId":"0xd18c9dc53c12b0db1bc259ff031cd1ac4330ff30a862383904263b6be006bb02","stateView":"0xf3334192d15450cdd385c8b70e03f9a6bd9e673b","tickLower":10,"tickUpper":20}	{"ok": true, "feeGrowthInside0X128": "0", "feeGrowthInside1X128": "0"}
{"blockNumber":"1963478","poolId":"0xcfba52bca80addea0bce3f80aa5b18ecbcf977dd735d58b639f1aaf35bfb19f1","stateView":"0xf3334192d15450cdd385c8b70e03f9a6bd9e673b","tickLower":-884000,"tickUpper":884000}	{"ok": true, "feeGrowthInside0X128": "0", "feeGrowthInside1X128": "0"}
{"blockNumber":"1969689","poolId":"0xd8dedf91d89c2974f1f4ec01f16f8a2b71067441a2b370c680c56fdb952ce6d2","stateView":"0xf3334192d15450cdd385c8b70e03f9a6bd9e673b","tickLower":178740,"tickUpper":189720}	{"ok": true, "feeGrowthInside0X128": "0", "feeGrowthInside1X128": "0"}
{"blockNumber":"1969689","poolId":"0xd8dedf91d89c2974f1f4ec01f16f8a2b71067441a2b370c680c56fdb952ce6d2","stateView":"0xf3334192d15450cdd385c8b70e03f9a6bd9e673b","tickLower":166740,"tickUpper":178740}	{"ok": true, "feeGrowthInside0X128": "0", "feeGrowthInside1X128": "0"}
{"blockNumber":"1969689","poolId":"0xd8dedf91d89c2974f1f4ec01f16f8a2b71067441a2b370c680c56fdb952ce6d2","stateView":"0xf3334192d15450cdd385c8b70e03f9a6bd9e673b","tickLower":143700,"tickUpper":166740}	{"ok": true, "feeGrowthInside0X128": "0", "feeGrowthInside1X128": "0"}
{"blockNumber":"1969689","poolId":"0xd8dedf91d89c2974f1f4ec01f16f8a2b71067441a2b370c680c56fdb952ce6d2","stateView":"0xf3334192d15450cdd385c8b70e03f9a6bd9e673b","tickLower":120660,"tickUpper":143700}	{"ok": true, "feeGrowthInside0X128": "0", "feeGrowthInside1X128": "0"}
{"blockNumber":"1972970","poolId":"0xcfba52bca80addea0bce3f80aa5b18ecbcf977dd735d58b639f1aaf35bfb19f1","stateView":"0xf3334192d15450cdd385c8b70e03f9a6bd9e673b","tickLower":-884000,"tickUpper":884000}	{"ok": true, "feeGrowthInside0X128": "7201392967968165028510602125757462", "feeGrowthInside1X128": "74731281653176490915947483975854392552263"}
{"blockNumber":"1987093","poolId":"0x7549257d16b6ff2c18791a4758b28d5dd548ecd78da2077f8712d2b6568abd20","stateView":"0xf3334192d15450cdd385c8b70e03f9a6bd9e673b","tickLower":178740,"tickUpper":189720}	{"ok": true, "feeGrowthInside0X128": "0", "feeGrowthInside1X128": "0"}
{"blockNumber":"1987093","poolId":"0x7549257d16b6ff2c18791a4758b28d5dd548ecd78da2077f8712d2b6568abd20","stateView":"0xf3334192d15450cdd385c8b70e03f9a6bd9e673b","tickLower":166740,"tickUpper":178740}	{"ok": true, "feeGrowthInside0X128": "0", "feeGrowthInside1X128": "0"}
{"blockNumber":"1987093","poolId":"0x7549257d16b6ff2c18791a4758b28d5dd548ecd78da2077f8712d2b6568abd20","stateView":"0xf3334192d15450cdd385c8b70e03f9a6bd9e673b","tickLower":143700,"tickUpper":166740}	{"ok": true, "feeGrowthInside0X128": "0", "feeGrowthInside1X128": "0"}
{"blockNumber":"1987093","poolId":"0x7549257d16b6ff2c18791a4758b28d5dd548ecd78da2077f8712d2b6568abd20","stateView":"0xf3334192d15450cdd385c8b70e03f9a6bd9e673b","tickLower":120660,"tickUpper":143700}	{"ok": true, "feeGrowthInside0X128": "0", "feeGrowthInside1X128": "0"}
{"blockNumber":"1989887","poolId":"0xe4fad3f089c94f7cd77e855593e5c3b2adff3591837d7df879e1954c03b2c6a2","stateView":"0xf3334192d15450cdd385c8b70e03f9a6bd9e673b","tickLower":-887272,"tickUpper":-266438}	{"ok": true, "feeGrowthInside0X128": "0", "feeGrowthInside1X128": "0"}
{"blockNumber":"1989887","poolId":"0xe4fad3f089c94f7cd77e855593e5c3b2adff3591837d7df879e1954c03b2c6a2","stateView":"0xf3334192d15450cdd385c8b70e03f9a6bd9e673b","tickLower":-887272,"tickUpper":887272}	{"ok": true, "feeGrowthInside0X128": "0", "feeGrowthInside1X128": "0"}
{"blockNumber":"1996673","poolId":"0x8e48aa54d9bb4568c148d4b6f28c64853be712a1ff66407e93fd76d4de4c4833","stateView":"0xf3334192d15450cdd385c8b70e03f9a6bd9e673b","tickLower":344000,"tickUpper":358000}	{"ok": true, "feeGrowthInside0X128": "0", "feeGrowthInside1X128": "0"}
{"blockNumber":"2005520","poolId":"0x8e48aa54d9bb4568c148d4b6f28c64853be712a1ff66407e93fd76d4de4c4833","stateView":"0xf3334192d15450cdd385c8b70e03f9a6bd9e673b","tickLower":344000,"tickUpper":358000}	{"ok": true, "feeGrowthInside0X128": "0", "feeGrowthInside1X128": "0"}
{"blockNumber":"2011975","poolId":"0xe4fad3f089c94f7cd77e855593e5c3b2adff3591837d7df879e1954c03b2c6a2","stateView":"0xf3334192d15450cdd385c8b70e03f9a6bd9e673b","tickLower":-887272,"tickUpper":-266438}	{"ok": true, "feeGrowthInside0X128": "0", "feeGrowthInside1X128": "0"}
{"blockNumber":"2011980","poolId":"0xe4fad3f089c94f7cd77e855593e5c3b2adff3591837d7df879e1954c03b2c6a2","stateView":"0xf3334192d15450cdd385c8b70e03f9a6bd9e673b","tickLower":-887272,"tickUpper":887272}	{"ok": true, "feeGrowthInside0X128": "115754338482269191243763691524820", "feeGrowthInside1X128": "93038787895176010793523575090165030767"}
{"blockNumber":"2013298","poolId":"0xcfba52bca80addea0bce3f80aa5b18ecbcf977dd735d58b639f1aaf35bfb19f1","stateView":"0xf3334192d15450cdd385c8b70e03f9a6bd9e673b","tickLower":-884000,"tickUpper":884000}	{"ok": true, "feeGrowthInside0X128": "0", "feeGrowthInside1X128": "0"}
{"blockNumber":"2014405","poolId":"0x81e841cd0b7987b2dc72fb73e4502bec43793e612cc7374394d0cba763fcd7b7","stateView":"0xf3334192d15450cdd385c8b70e03f9a6bd9e673b","tickLower":-886000,"tickUpper":886000}	{"ok": true, "feeGrowthInside0X128": "0", "feeGrowthInside1X128": "0"}
{"blockNumber":"2014736","poolId":"0xcfba52bca80addea0bce3f80aa5b18ecbcf977dd735d58b639f1aaf35bfb19f1","stateView":"0xf3334192d15450cdd385c8b70e03f9a6bd9e673b","tickLower":-884000,"tickUpper":884000}	{"ok": true, "feeGrowthInside0X128": "7268301065822465212658656104337099", "feeGrowthInside1X128": "0"}
{"blockNumber":"2015209","poolId":"0xb3c49dcba2e9440c7d1a74d10362763de9116044018111dd7dce78f2d53439b5","stateView":"0xf3334192d15450cdd385c8b70e03f9a6bd9e673b","tickLower":-880000,"tickUpper":880000}	{"ok": true, "feeGrowthInside0X128": "0", "feeGrowthInside1X128": "0"}
{"blockNumber":"2016770","poolId":"0x2889f2e099aff8a009246604fcf3ecd11e4a22473f27233d8e2009282c2ff09f","stateView":"0xf3334192d15450cdd385c8b70e03f9a6bd9e673b","tickLower":-880000,"tickUpper":880000}	{"ok": true, "feeGrowthInside0X128": "0", "feeGrowthInside1X128": "0"}
{"blockNumber":"2018002","poolId":"0x2831612ad23824e8b28403d24b5232c6031c83a080c1fc925b091a9800ad124d","stateView":"0xf3334192d15450cdd385c8b70e03f9a6bd9e673b","tickLower":-887220,"tickUpper":235620}	{"ok": true, "feeGrowthInside0X128": "0", "feeGrowthInside1X128": "0"}
{"blockNumber":"2018242","poolId":"0x2831612ad23824e8b28403d24b5232c6031c83a080c1fc925b091a9800ad124d","stateView":"0xf3334192d15450cdd385c8b70e03f9a6bd9e673b","tickLower":-887220,"tickUpper":235620}	{"ok": true, "feeGrowthInside0X128": "102458158790296424598149602632", "feeGrowthInside1X128": "0"}
{"blockNumber":"2024222","poolId":"0xcfba52bca80addea0bce3f80aa5b18ecbcf977dd735d58b639f1aaf35bfb19f1","stateView":"0xf3334192d15450cdd385c8b70e03f9a6bd9e673b","tickLower":148000,"tickUpper":160000}	{"ok": true, "feeGrowthInside0X128": "0", "feeGrowthInside1X128": "0"}
{"blockNumber":"2029272","poolId":"0xcfba52bca80addea0bce3f80aa5b18ecbcf977dd735d58b639f1aaf35bfb19f1","stateView":"0xf3334192d15450cdd385c8b70e03f9a6bd9e673b","tickLower":128000,"tickUpper":152000}	{"ok": true, "feeGrowthInside0X128": "0", "feeGrowthInside1X128": "0"}
{"blockNumber":"2039964","poolId":"0xe048575fd4b4c46bc8c365c5992eefa34167ab5e7c05b285c63b1133d88e55c1","stateView":"0xf3334192d15450cdd385c8b70e03f9a6bd9e673b","tickLower":-886000,"tickUpper":886000}	{"ok": true, "feeGrowthInside0X128": "0", "feeGrowthInside1X128": "0"}
{"blockNumber":"2047649","poolId":"0x32683d7f06fcabeeb2b2af1d8e3fc01377bd32817db0d392318bcabd581a98a1","stateView":"0xf3334192d15450cdd385c8b70e03f9a6bd9e673b","tickLower":-880000,"tickUpper":880000}	{"ok": true, "feeGrowthInside0X128": "0", "feeGrowthInside1X128": "0"}
{"blockNumber":"2048372","poolId":"0xcfba52bca80addea0bce3f80aa5b18ecbcf977dd735d58b639f1aaf35bfb19f1","stateView":"0xf3334192d15450cdd385c8b70e03f9a6bd9e673b","tickLower":128000,"tickUpper":152000}	{"ok": true, "feeGrowthInside0X128": "6412899567254803308692901987416019", "feeGrowthInside1X128": "23489750676746539884057392729519979737738"}
{"blockNumber":"2051651","poolId":"0xcfba52bca80addea0bce3f80aa5b18ecbcf977dd735d58b639f1aaf35bfb19f1","stateView":"0xf3334192d15450cdd385c8b70e03f9a6bd9e673b","tickLower":128000,"tickUpper":152000}	{"ok": true, "feeGrowthInside0X128": "6412899567254803308692901987416019", "feeGrowthInside1X128": "23489750676746539884057392729519979737738"}
{"blockNumber":"2057450","poolId":"0x599a4a0b09e7dd4c88e5e15be737a648dbf45043a32cc78c1a22d38b43645711","stateView":"0xf3334192d15450cdd385c8b70e03f9a6bd9e673b","tickLower":-883200,"tickUpper":883200}	{"ok": true, "feeGrowthInside0X128": "0", "feeGrowthInside1X128": "0"}
{"blockNumber":"2058335","poolId":"0xcfba52bca80addea0bce3f80aa5b18ecbcf977dd735d58b639f1aaf35bfb19f1","stateView":"0xf3334192d15450cdd385c8b70e03f9a6bd9e673b","tickLower":-884000,"tickUpper":884000}	{"ok": true, "feeGrowthInside0X128": "27174638897125968808167894906342132", "feeGrowthInside1X128": "49149130002631619025817658967146247947740"}
{"blockNumber":"2058578","poolId":"0xcfba52bca80addea0bce3f80aa5b18ecbcf977dd735d58b639f1aaf35bfb19f1","stateView":"0xf3334192d15450cdd385c8b70e03f9a6bd9e673b","tickLower":148000,"tickUpper":160000}	{"ok": true, "feeGrowthInside0X128": "17021714207113746208072152583805400", "feeGrowthInside1X128": "49149130002631619025817658967146247947740"}
{"blockNumber":"2058780","poolId":"0xcfba52bca80addea0bce3f80aa5b18ecbcf977dd735d58b639f1aaf35bfb19f1","stateView":"0xf3334192d15450cdd385c8b70e03f9a6bd9e673b","tickLower":148000,"tickUpper":160000}	{"ok": true, "feeGrowthInside0X128": "17021714207113746208072152583805400", "feeGrowthInside1X128": "49149130002631619025817658967146247947740"}
{"blockNumber":"2059075","poolId":"0xe048575fd4b4c46bc8c365c5992eefa34167ab5e7c05b285c63b1133d88e55c1","stateView":"0xf3334192d15450cdd385c8b70e03f9a6bd9e673b","tickLower":-886000,"tickUpper":886000}	{"ok": true, "feeGrowthInside0X128": "4333238833884540398165265509370319", "feeGrowthInside1X128": "1076910760521438052303065556796251234773"}
{"blockNumber":"2064535","poolId":"0xcfba52bca80addea0bce3f80aa5b18ecbcf977dd735d58b639f1aaf35bfb19f1","stateView":"0xf3334192d15450cdd385c8b70e03f9a6bd9e673b","tickLower":-884000,"tickUpper":884000}	{"ok": true, "feeGrowthInside0X128": "29696739575569008733079192607762937", "feeGrowthInside1X128": "64163999519314197715558726623346566912550"}
{"blockNumber":"2071879","poolId":"0x369362dc463c3e7c07fed46158be42c645c0cacf3beeda527c496912a341fc97","stateView":"0xf3334192d15450cdd385c8b70e03f9a6bd9e673b","tickLower":-887000,"tickUpper":887000}	{"ok": true, "feeGrowthInside0X128": "0", "feeGrowthInside1X128": "0"}
{"blockNumber":"2087303","poolId":"0x2884fff0db108632b3592c13616430984de38a3042d259ad68c3a363e5fe16a0","stateView":"0xf3334192d15450cdd385c8b70e03f9a6bd9e673b","tickLower":-885600,"tickUpper":885600}	{"ok": true, "feeGrowthInside0X128": "0", "feeGrowthInside1X128": "0"}
{"blockNumber":"2094313","poolId":"0x678ecb2cfd43e1c7dce3c0d916c6defd5e449ee6263509f85ee62096631a5ce0","stateView":"0xf3334192d15450cdd385c8b70e03f9a6bd9e673b","tickLower":162400,"tickUpper":191400}	{"ok": true, "feeGrowthInside0X128": "0", "feeGrowthInside1X128": "0"}
{"blockNumber":"2097571","poolId":"0x537bba4d32acf4184f969a4796c4939e68b040160dbadcd32f89d5e2a777d4ea","stateView":"0xf3334192d15450cdd385c8b70e03f9a6bd9e673b","tickLower":-887220,"tickUpper":235620}	{"ok": true, "feeGrowthInside0X128": "0", "feeGrowthInside1X128": "0"}
{"blockNumber":"2102465","poolId":"0x06173e10255fca9d77a279c4a39f1dd7ff9e57aede29d63740ec8bf49ae05366","stateView":"0xf3334192d15450cdd385c8b70e03f9a6bd9e673b","tickLower":-881400,"tickUpper":881400}	{"ok": true, "feeGrowthInside0X128": "0", "feeGrowthInside1X128": "0"}
{"blockNumber":"2111110","poolId":"0xcfba52bca80addea0bce3f80aa5b18ecbcf977dd735d58b639f1aaf35bfb19f1","stateView":"0xf3334192d15450cdd385c8b70e03f9a6bd9e673b","tickLower":-884000,"tickUpper":884000}	{"ok": true, "feeGrowthInside0X128": "38661751011984643072367103024540068", "feeGrowthInside1X128": "75360973080548449505686162546296422055271"}
{"blockNumber":"2114508","poolId":"0x599a4a0b09e7dd4c88e5e15be737a648dbf45043a32cc78c1a22d38b43645711","stateView":"0xf3334192d15450cdd385c8b70e03f9a6bd9e673b","tickLower":-883200,"tickUpper":883200}	{"ok": true, "feeGrowthInside0X128": "0", "feeGrowthInside1X128": "0"}
{"blockNumber":"2114764","poolId":"0xdfa47c9208015216e8694cc7b75cc20c16c3e8441006247e926525c47fb64f5e","stateView":"0xf3334192d15450cdd385c8b70e03f9a6bd9e673b","tickLower":-884000,"tickUpper":884000}	{"ok": true, "feeGrowthInside0X128": "0", "feeGrowthInside1X128": "0"}
{"blockNumber":"2117929","poolId":"0x2884fff0db108632b3592c13616430984de38a3042d259ad68c3a363e5fe16a0","stateView":"0xf3334192d15450cdd385c8b70e03f9a6bd9e673b","tickLower":144000,"tickUpper":158400}	{"ok": true, "feeGrowthInside0X128": "0", "feeGrowthInside1X128": "0"}
{"blockNumber":"2118401","poolId":"0x97ab3c0d4b7ed8244dae434fb039160116d2f5721ce2d0b693a6d05aed823eac","stateView":"0xf3334192d15450cdd385c8b70e03f9a6bd9e673b","tickLower":-887000,"tickUpper":887000}	{"ok": true, "feeGrowthInside0X128": "0", "feeGrowthInside1X128": "0"}
{"blockNumber":"2119123","poolId":"0x2884fff0db108632b3592c13616430984de38a3042d259ad68c3a363e5fe16a0","stateView":"0xf3334192d15450cdd385c8b70e03f9a6bd9e673b","tickLower":144000,"tickUpper":158400}	{"ok": true, "feeGrowthInside0X128": "2604091688059373606162596727339355", "feeGrowthInside1X128": "49490802789357441292745315445657491490071"}
{"blockNumber":"2119229","poolId":"0x97ab3c0d4b7ed8244dae434fb039160116d2f5721ce2d0b693a6d05aed823eac","stateView":"0xf3334192d15450cdd385c8b70e03f9a6bd9e673b","tickLower":351000,"tickUpper":358000}	{"ok": true, "feeGrowthInside0X128": "0", "feeGrowthInside1X128": "0"}
{"blockNumber":"2119442","poolId":"0x97ab3c0d4b7ed8244dae434fb039160116d2f5721ce2d0b693a6d05aed823eac","stateView":"0xf3334192d15450cdd385c8b70e03f9a6bd9e673b","tickLower":352000,"tickUpper":358000}	{"ok": true, "feeGrowthInside0X128": "0", "feeGrowthInside1X128": "0"}
{"blockNumber":"2123975","poolId":"0x7626c4691527f969640c9654b6d51b5aefaab5667ba37dcd0af9b857a7d315b3","stateView":"0xf3334192d15450cdd385c8b70e03f9a6bd9e673b","tickLower":-885000,"tickUpper":885000}	{"ok": true, "feeGrowthInside0X128": "0", "feeGrowthInside1X128": "0"}
{"blockNumber":"2124418","poolId":"0x32683d7f06fcabeeb2b2af1d8e3fc01377bd32817db0d392318bcabd581a98a1","stateView":"0xf3334192d15450cdd385c8b70e03f9a6bd9e673b","tickLower":-880000,"tickUpper":880000}	{"ok": true, "feeGrowthInside0X128": "0", "feeGrowthInside1X128": "0"}
{"blockNumber":"2124525","poolId":"0xdfa47c9208015216e8694cc7b75cc20c16c3e8441006247e926525c47fb64f5e","stateView":"0xf3334192d15450cdd385c8b70e03f9a6bd9e673b","tickLower":-884000,"tickUpper":884000}	{"ok": true, "feeGrowthInside0X128": "0", "feeGrowthInside1X128": "0"}
{"blockNumber":"2124580","poolId":"0xf9429edcea8d3cbff9496a9b1cac6d8d1998e1e214448cd2ab45dc657a99eb1c","stateView":"0xf3334192d15450cdd385c8b70e03f9a6bd9e673b","tickLower":-884000,"tickUpper":884000}	{"ok": true, "feeGrowthInside0X128": "0", "feeGrowthInside1X128": "0"}
{"blockNumber":"2124794","poolId":"0x7626c4691527f969640c9654b6d51b5aefaab5667ba37dcd0af9b857a7d315b3","stateView":"0xf3334192d15450cdd385c8b70e03f9a6bd9e673b","tickLower":10000,"tickUpper":25000}	{"ok": true, "feeGrowthInside0X128": "0", "feeGrowthInside1X128": "0"}
{"blockNumber":"2124929","poolId":"0x7b09b3757534e818e931ddb7414d93a2b94f0853f7cad67624e3c9334256c5f9","stateView":"0xf3334192d15450cdd385c8b70e03f9a6bd9e673b","tickLower":-884000,"tickUpper":884000}	{"ok": true, "feeGrowthInside0X128": "0", "feeGrowthInside1X128": "0"}
{"blockNumber":"2125054","poolId":"0x7626c4691527f969640c9654b6d51b5aefaab5667ba37dcd0af9b857a7d315b3","stateView":"0xf3334192d15450cdd385c8b70e03f9a6bd9e673b","tickLower":10000,"tickUpper":25000}	{"ok": true, "feeGrowthInside0X128": "1158589621646641793681187585402796740", "feeGrowthInside1X128": "46101235677720474833107590494832411461"}
{"blockNumber":"2125168","poolId":"0x7626c4691527f969640c9654b6d51b5aefaab5667ba37dcd0af9b857a7d315b3","stateView":"0xf3334192d15450cdd385c8b70e03f9a6bd9e673b","tickLower":-885000,"tickUpper":885000}	{"ok": true, "feeGrowthInside0X128": "1158589621646641793681187585402796740", "feeGrowthInside1X128": "46101235677720474833107590494832411461"}
{"blockNumber":"2125306","poolId":"0x7626c4691527f969640c9654b6d51b5aefaab5667ba37dcd0af9b857a7d315b3","stateView":"0xf3334192d15450cdd385c8b70e03f9a6bd9e673b","tickLower":-885000,"tickUpper":885000}	{"ok": true, "feeGrowthInside0X128": "1158589621646641793681187585402796740", "feeGrowthInside1X128": "5072448173962959613342598078200500917667"}
{"blockNumber":"2126626","poolId":"0xf9429edcea8d3cbff9496a9b1cac6d8d1998e1e214448cd2ab45dc657a99eb1c","stateView":"0xf3334192d15450cdd385c8b70e03f9a6bd9e673b","tickLower":-884000,"tickUpper":884000}	{"ok": true, "feeGrowthInside0X128": "0", "feeGrowthInside1X128": "0"}
{"blockNumber":"2127064","poolId":"0xea554978f1a1ecc4f9a0afeb32ab0defb379a48344ec4d35afa97746c57a9264","stateView":"0xf3334192d15450cdd385c8b70e03f9a6bd9e673b","tickLower":-884000,"tickUpper":884000}	{"ok": true, "feeGrowthInside0X128": "0", "feeGrowthInside1X128": "0"}
{"blockNumber":"2127276","poolId":"0x7626c4691527f969640c9654b6d51b5aefaab5667ba37dcd0af9b857a7d315b3","stateView":"0xf3334192d15450cdd385c8b70e03f9a6bd9e673b","tickLower":-885000,"tickUpper":885000}	{"ok": true, "feeGrowthInside0X128": "1158589621646641793681187585402796740", "feeGrowthInside1X128": "5072448173962959613342598078200500917667"}
{"blockNumber":"2127652","poolId":"0xe048575fd4b4c46bc8c365c5992eefa34167ab5e7c05b285c63b1133d88e55c1","stateView":"0xf3334192d15450cdd385c8b70e03f9a6bd9e673b","tickLower":-886000,"tickUpper":886000}	{"ok": true, "feeGrowthInside0X128": "4333238833884540398165265509370319", "feeGrowthInside1X128": "1076910760521438052303065556796251234773"}
{"blockNumber":"2139368","poolId":"0x678ecb2cfd43e1c7dce3c0d916c6defd5e449ee6263509f85ee62096631a5ce0","stateView":"0xf3334192d15450cdd385c8b70e03f9a6bd9e673b","tickLower":162400,"tickUpper":191400}	{"ok": true, "feeGrowthInside0X128": "0", "feeGrowthInside1X128": "0"}
{"blockNumber":"2182604","poolId":"0xca5d601bdc0e972d02a30a53f0820800f1c3b9c3497198a16c87163759c1d7af","stateView":"0xf3334192d15450cdd385c8b70e03f9a6bd9e673b","tickLower":-883200,"tickUpper":883200}	{"ok": true, "feeGrowthInside0X128": "0", "feeGrowthInside1X128": "1736817033074064728665245913801177458567455"}
{"blockNumber":"2255339","poolId":"0xc79c9da1753145fdd8a76e734a71a8f07797a66ccb5e2a7b4f101bb078ad1e5c","stateView":"0xf3334192d15450cdd385c8b70e03f9a6bd9e673b","tickLower":-887200,"tickUpper":887200}	{"ok": true, "feeGrowthInside0X128": "0", "feeGrowthInside1X128": "0"}
{"blockNumber":"2318534","poolId":"0xc872dcedbaa680d303b70b86ebf36cb41c4fb3b09ef372f0e905e98ab48bd628","stateView":"0xf3334192d15450cdd385c8b70e03f9a6bd9e673b","tickLower":-884400,"tickUpper":884400}	{"ok": true, "feeGrowthInside0X128": "0", "feeGrowthInside1X128": "0"}
{"blockNumber":"2346046","poolId":"0xc872dcedbaa680d303b70b86ebf36cb41c4fb3b09ef372f0e905e98ab48bd628","stateView":"0xf3334192d15450cdd385c8b70e03f9a6bd9e673b","tickLower":-884400,"tickUpper":884400}	{"ok": true, "feeGrowthInside0X128": "361973604423690739503044765491417", "feeGrowthInside1X128": "0"}
{"blockNumber":"2132289","poolId":"0x7b09b3757534e818e931ddb7414d93a2b94f0853f7cad67624e3c9334256c5f9","stateView":"0xf3334192d15450cdd385c8b70e03f9a6bd9e673b","tickLower":-884000,"tickUpper":884000}	{"ok": true, "feeGrowthInside0X128": "10955918876007719205015381618952500", "feeGrowthInside1X128": "11054518377999459100158661889508241413233"}
{"blockNumber":"2132338","poolId":"0x7b09b3757534e818e931ddb7414d93a2b94f0853f7cad67624e3c9334256c5f9","stateView":"0xf3334192d15450cdd385c8b70e03f9a6bd9e673b","tickLower":-884000,"tickUpper":884000}	{"ok": true, "feeGrowthInside0X128": "10955918876007719205015381618952500", "feeGrowthInside1X128": "11054518377999459100158661889508241413233"}
{"blockNumber":"2169046","poolId":"0x7b09b3757534e818e931ddb7414d93a2b94f0853f7cad67624e3c9334256c5f9","stateView":"0xf3334192d15450cdd385c8b70e03f9a6bd9e673b","tickLower":-884000,"tickUpper":884000}	{"ok": true, "feeGrowthInside0X128": "14202021254701423297779647999900344", "feeGrowthInside1X128": "25154044207884531538967604899590269887320"}
{"blockNumber":"2190744","poolId":"0x7b09b3757534e818e931ddb7414d93a2b94f0853f7cad67624e3c9334256c5f9","stateView":"0xf3334192d15450cdd385c8b70e03f9a6bd9e673b","tickLower":-884000,"tickUpper":884000}	{"ok": true, "feeGrowthInside0X128": "20329153488921970571481492108804897", "feeGrowthInside1X128": "25154044207884531538967604899590269887320"}
{"blockNumber":"2245632","poolId":"0x7b09b3757534e818e931ddb7414d93a2b94f0853f7cad67624e3c9334256c5f9","stateView":"0xf3334192d15450cdd385c8b70e03f9a6bd9e673b","tickLower":-884000,"tickUpper":884000}	{"ok": true, "feeGrowthInside0X128": "20329153488921970571481492108804897", "feeGrowthInside1X128": "31231602687957171952337250407504219810946"}
{"blockNumber":"2245684","poolId":"0x7b09b3757534e818e931ddb7414d93a2b94f0853f7cad67624e3c9334256c5f9","stateView":"0xf3334192d15450cdd385c8b70e03f9a6bd9e673b","tickLower":-884000,"tickUpper":884000}	{"ok": true, "feeGrowthInside0X128": "20329153488921970571481492108804897", "feeGrowthInside1X128": "31231602687957171952337250407504219810946"}
{"blockNumber":"2135431","poolId":"0xcfba52bca80addea0bce3f80aa5b18ecbcf977dd735d58b639f1aaf35bfb19f1","stateView":"0xf3334192d15450cdd385c8b70e03f9a6bd9e673b","tickLower":148000,"tickUpper":160000}	{"ok": true, "feeGrowthInside0X128": "35283936792941753070937789442292810", "feeGrowthInside1X128": "75360973080548449505686162546296422055271"}
{"blockNumber":"2344243","poolId":"0xcfba52bca80addea0bce3f80aa5b18ecbcf977dd735d58b639f1aaf35bfb19f1","stateView":"0xf3334192d15450cdd385c8b70e03f9a6bd9e673b","tickLower":148000,"tickUpper":160000}	{"ok": true, "feeGrowthInside0X128": "37467323286416958468914468115246491", "feeGrowthInside1X128": "81456199324300249377934580904450950741683"}
{"blockNumber":"2344380","poolId":"0xcfba52bca80addea0bce3f80aa5b18ecbcf977dd735d58b639f1aaf35bfb19f1","stateView":"0xf3334192d15450cdd385c8b70e03f9a6bd9e673b","tickLower":148000,"tickUpper":160000}	{"ok": true, "feeGrowthInside0X128": "0", "feeGrowthInside1X128": "0"}
{"blockNumber":"2174120","poolId":"0xcfba52bca80addea0bce3f80aa5b18ecbcf977dd735d58b639f1aaf35bfb19f1","stateView":"0xf3334192d15450cdd385c8b70e03f9a6bd9e673b","tickLower":136000,"tickUpper":160000}	{"ok": true, "feeGrowthInside0X128": "2094400101708800644701733309354352", "feeGrowthInside1X128": "5309586858752555890038477256524807996153"}
{"blockNumber":"2136903","poolId":"0xcfba52bca80addea0bce3f80aa5b18ecbcf977dd735d58b639f1aaf35bfb19f1","stateView":"0xf3334192d15450cdd385c8b70e03f9a6bd9e673b","tickLower":136000,"tickUpper":152000}	{"ok": true, "feeGrowthInside0X128": "115792089237316195423570985008687907853269965967495494866775154695290863651115", "feeGrowthInside1X128": "115792089237316195423570985008687907804737351627002161398618313904035905410013"}
{"blockNumber":"2139103","poolId":"0xcfba52bca80addea0bce3f80aa5b18ecbcf977dd735d58b639f1aaf35bfb19f1","stateView":"0xf3334192d15450cdd385c8b70e03f9a6bd9e673b","tickLower":128000,"tickUpper":152000}	{"ok": true, "feeGrowthInside0X128": "23559503664758470865535243947101492", "feeGrowthInside1X128": "43677845980106557529367593013311169897888"}
{"blockNumber":"2162667","poolId":"0xcfba52bca80addea0bce3f80aa5b18ecbcf977dd735d58b639f1aaf35bfb19f1","stateView":"0xf3334192d15450cdd385c8b70e03f9a6bd9e673b","tickLower":128000,"tickUpper":152000}	{"ok": true, "feeGrowthInside0X128": "40913821322738858494141588395395686", "feeGrowthInside1X128": "124140293943909136114630658035809843333433"}
{"blockNumber":"2152931","poolId":"0xcfba52bca80addea0bce3f80aa5b18ecbcf977dd735d58b639f1aaf35bfb19f1","stateView":"0xf3334192d15450cdd385c8b70e03f9a6bd9e673b","tickLower":-884000,"tickUpper":884000}	{"ok": true, "feeGrowthInside0X128": "52410573423943375894943608535627045", "feeGrowthInside1X128": "97941645329371047839522444163832675011093"}
{"blockNumber":"2170781","poolId":"0xcfba52bca80addea0bce3f80aa5b18ecbcf977dd735d58b639f1aaf35bfb19f1","stateView":"0xf3334192d15450cdd385c8b70e03f9a6bd9e673b","tickLower":140000,"tickUpper":156000}	{"ok": true, "feeGrowthInside0X128": "0", "feeGrowthInside1X128": "0"}
{"blockNumber":"2289318","poolId":"0xcfba52bca80addea0bce3f80aa5b18ecbcf977dd735d58b639f1aaf35bfb19f1","stateView":"0xf3334192d15450cdd385c8b70e03f9a6bd9e673b","tickLower":140000,"tickUpper":156000}	{"ok": true, "feeGrowthInside0X128": "6939032668721584324845847140861565", "feeGrowthInside1X128": "8533166172625165565488290098118696798522"}
{"blockNumber":"2356164","poolId":"0xcfba52bca80addea0bce3f80aa5b18ecbcf977dd735d58b639f1aaf35bfb19f1","stateView":"0xf3334192d15450cdd385c8b70e03f9a6bd9e673b","tickLower":140000,"tickUpper":156000}	{"ok": true, "feeGrowthInside0X128": "67678635395475439552615916560446172", "feeGrowthInside1X128": "186152274579378286282163835576998857421150"}
{"blockNumber":"2130917","poolId":"0x97ab3c0d4b7ed8244dae434fb039160116d2f5721ce2d0b693a6d05aed823eac","stateView":"0xf3334192d15450cdd385c8b70e03f9a6bd9e673b","tickLower":352000,"tickUpper":358000}	{"ok": true, "feeGrowthInside0X128": "0", "feeGrowthInside1X128": "0"}
{"blockNumber":"2131017","poolId":"0xf9429edcea8d3cbff9496a9b1cac6d8d1998e1e214448cd2ab45dc657a99eb1c","stateView":"0xf3334192d15450cdd385c8b70e03f9a6bd9e673b","tickLower":-884000,"tickUpper":884000}	{"ok": true, "feeGrowthInside0X128": "382241993707858972508320520901", "feeGrowthInside1X128": "252899888829821122107660992448701015449281437"}
{"blockNumber":"2131172","poolId":"0xf9429edcea8d3cbff9496a9b1cac6d8d1998e1e214448cd2ab45dc657a99eb1c","stateView":"0xf3334192d15450cdd385c8b70e03f9a6bd9e673b","tickLower":-884000,"tickUpper":884000}	{"ok": true, "feeGrowthInside0X128": "382241993707858972508320520901", "feeGrowthInside1X128": "252899888829821122107660992448701015449281437"}
{"blockNumber":"2131568","poolId":"0x97ab3c0d4b7ed8244dae434fb039160116d2f5721ce2d0b693a6d05aed823eac","stateView":"0xf3334192d15450cdd385c8b70e03f9a6bd9e673b","tickLower":350000,"tickUpper":361000}	{"ok": true, "feeGrowthInside0X128": "0", "feeGrowthInside1X128": "0"}
{"blockNumber":"2135727","poolId":"0x97ab3c0d4b7ed8244dae434fb039160116d2f5721ce2d0b693a6d05aed823eac","stateView":"0xf3334192d15450cdd385c8b70e03f9a6bd9e673b","tickLower":350000,"tickUpper":361000}	{"ok": true, "feeGrowthInside0X128": "249333946111397718414270862058", "feeGrowthInside1X128": "345437522850744426934962084011548082244988360"}
{"blockNumber":"2283725","poolId":"0x97ab3c0d4b7ed8244dae434fb039160116d2f5721ce2d0b693a6d05aed823eac","stateView":"0xf3334192d15450cdd385c8b70e03f9a6bd9e673b","tickLower":351000,"tickUpper":358000}	{"ok": true, "feeGrowthInside0X128": "72723417434576149496309371922", "feeGrowthInside1X128": "121222160858816238905985451196534416127907618"}
{"blockNumber":"2136434","poolId":"0x97ab3c0d4b7ed8244dae434fb039160116d2f5721ce2d0b693a6d05aed823eac","stateView":"0xf3334192d15450cdd385c8b70e03f9a6bd9e673b","tickLower":351000,"tickUpper":363000}	{"ok": true, "feeGrowthInside0X128": "46238952039676211038513494558", "feeGrowthInside1X128": "76556665885453857487306077864074728388935468"}
{"blockNumber":"2137409","poolId":"0x97ab3c0d4b7ed8244dae434fb039160116d2f5721ce2d0b693a6d05aed823eac","stateView":"0xf3334192d15450cdd385c8b70e03f9a6bd9e673b","tickLower":351000,"tickUpper":363000}	{"ok": true, "feeGrowthInside0X128": "48632810342116963736472084410", "feeGrowthInside1X128": "76556665885453857487306077864074728388935468"}
{"blockNumber":"2137960","poolId":"0x97ab3c0d4b7ed8244dae434fb039160116d2f5721ce2d0b693a6d05aed823eac","stateView":"0xf3334192d15450cdd385c8b70e03f9a6bd9e673b","tickLower":350000,"tickUpper":362000}	{"ok": true, "feeGrowthInside0X128": "0", "feeGrowthInside1X128": "0"}
{"blockNumber":"2283016","poolId":"0x97ab3c0d4b7ed8244dae434fb039160116d2f5721ce2d0b693a6d05aed823eac","stateView":"0xf3334192d15450cdd385c8b70e03f9a6bd9e673b","tickLower":350000,"tickUpper":362000}	{"ok": true, "feeGrowthInside0X128": "0", "feeGrowthInside1X128": "0"}
{"blockNumber":"2143943","poolId":"0xef5672974ad552f1ce24f2873f3e4237e82d44780ef623b6a239db42b08a7d5c","stateView":"0xf3334192d15450cdd385c8b70e03f9a6bd9e673b","tickLower":-202000,"tickUpper":-201200}	{"ok": true, "feeGrowthInside0X128": "5120367254036119127360947444526066664050", "feeGrowthInside1X128": "11822082431612876519280464868053"}
{"blockNumber":"2155032","poolId":"0xef5672974ad552f1ce24f2873f3e4237e82d44780ef623b6a239db42b08a7d5c","stateView":"0xf3334192d15450cdd385c8b70e03f9a6bd9e673b","tickLower":-202000,"tickUpper":-201200}	{"ok": true, "feeGrowthInside0X128": "5120367254036119127360947444526066664050", "feeGrowthInside1X128": "11822082431612876519280464868053"}
{"blockNumber":"2176122","poolId":"0xef5672974ad552f1ce24f2873f3e4237e82d44780ef623b6a239db42b08a7d5c","stateView":"0xf3334192d15450cdd385c8b70e03f9a6bd9e673b","tickLower":-202000,"tickUpper":-201200}	{"ok": true, "feeGrowthInside0X128": "5120367254036119127360947444526066664050", "feeGrowthInside1X128": "11822082431612876519280464868053"}
{"blockNumber":"2144434","poolId":"0x387bf619da4d3fb62bb276482693dba1b9b3520f573cabdfe033384a24125982","stateView":"0xf3334192d15450cdd385c8b70e03f9a6bd9e673b","tickLower":-201630,"tickUpper":-201540}	{"ok": true, "feeGrowthInside0X128": "0", "feeGrowthInside1X128": "0"}
{"blockNumber":"2175884","poolId":"0x387bf619da4d3fb62bb276482693dba1b9b3520f573cabdfe033384a24125982","stateView":"0xf3334192d15450cdd385c8b70e03f9a6bd9e673b","tickLower":-201630,"tickUpper":-201540}	{"ok": true, "feeGrowthInside0X128": "0", "feeGrowthInside1X128": "0"}
{"blockNumber":"2145365","poolId":"0x387bf619da4d3fb62bb276482693dba1b9b3520f573cabdfe033384a24125982","stateView":"0xf3334192d15450cdd385c8b70e03f9a6bd9e673b","tickLower":-201760,"tickUpper":-201420}	{"ok": true, "feeGrowthInside0X128": "176445251143620755605248923342375410047", "feeGrowthInside1X128": "295789830278214851968456388601"}
{"blockNumber":"2158044","poolId":"0x387bf619da4d3fb62bb276482693dba1b9b3520f573cabdfe033384a24125982","stateView":"0xf3334192d15450cdd385c8b70e03f9a6bd9e673b","tickLower":-201760,"tickUpper":-201420}	{"ok": true, "feeGrowthInside0X128": "209277478337898673337503185031437088692", "feeGrowthInside1X128": "354681302231612331460408731593"}
{"blockNumber":"2177974","poolId":"0x387bf619da4d3fb62bb276482693dba1b9b3520f573cabdfe033384a24125982","stateView":"0xf3334192d15450cdd385c8b70e03f9a6bd9e673b","tickLower":-201760,"tickUpper":-201420}	{"ok": true, "feeGrowthInside0X128": "60490936603236182105336064897320785129812", "feeGrowthInside1X128": "109001991832145723474116876650414"}
{"blockNumber":"2155458","poolId":"0xef5672974ad552f1ce24f2873f3e4237e82d44780ef623b6a239db42b08a7d5c","stateView":"0xf3334192d15450cdd385c8b70e03f9a6bd9e673b","tickLower":-201800,"tickUpper":-201400}	{"ok": true, "feeGrowthInside0X128": "4335811685503705433369391830229454697276", "feeGrowthInside1X128": "9058330294896906043736725546465"}
{"blockNumber":"2176287","poolId":"0xef5672974ad552f1ce24f2873f3e4237e82d44780ef623b6a239db42b08a7d5c","stateView":"0xf3334192d15450cdd385c8b70e03f9a6bd9e673b","tickLower":-201800,"tickUpper":-201400}	{"ok": true, "feeGrowthInside0X128": "4335811685503705433369391830229454697276", "feeGrowthInside1X128": "9058330294896906043736725546465"}
{"blockNumber":"2156933","poolId":"0x97ab3c0d4b7ed8244dae434fb039160116d2f5721ce2d0b693a6d05aed823eac","stateView":"0xf3334192d15450cdd385c8b70e03f9a6bd9e673b","tickLower":347000,"tickUpper":357000}	{"ok": true, "feeGrowthInside0X128": "0", "feeGrowthInside1X128": "0"}
{"blockNumber":"2180842","poolId":"0x97ab3c0d4b7ed8244dae434fb039160116d2f5721ce2d0b693a6d05aed823eac","stateView":"0xf3334192d15450cdd385c8b70e03f9a6bd9e673b","tickLower":347000,"tickUpper":357000}	{"ok": true, "feeGrowthInside0X128": "223916928898009731194344709594", "feeGrowthInside1X128": "301651938824119230265581266514176057182745385"}
{"blockNumber":"2180875","poolId":"0x97ab3c0d4b7ed8244dae434fb039160116d2f5721ce2d0b693a6d05aed823eac","stateView":"0xf3334192d15450cdd385c8b70e03f9a6bd9e673b","tickLower":347000,"tickUpper":357000}	{"ok": true, "feeGrowthInside0X128": "223916928898009731194344709594", "feeGrowthInside1X128": "301651938824119230265581266514176057182745385"}
{"blockNumber":"2226671","poolId":"0x97ab3c0d4b7ed8244dae434fb039160116d2f5721ce2d0b693a6d05aed823eac","stateView":"0xf3334192d15450cdd385c8b70e03f9a6bd9e673b","tickLower":347000,"tickUpper":357000}	{"ok": true, "feeGrowthInside0X128": "582821081775878256318196144242", "feeGrowthInside1X128": "757027869320224540676885678245528585943686243"}
{"blockNumber":"2226722","poolId":"0x97ab3c0d4b7ed8244dae434fb039160116d2f5721ce2d0b693a6d05aed823eac","stateView":"0xf3334192d15450cdd385c8b70e03f9a6bd9e673b","tickLower":347000,"tickUpper":357000}	{"ok": true, "feeGrowthInside0X128": "582821081775878256318196144242", "feeGrowthInside1X128": "757027869320224540676885678245528585943686243"}
{"blockNumber":"2265134","poolId":"0x97ab3c0d4b7ed8244dae434fb039160116d2f5721ce2d0b693a6d05aed823eac","stateView":"0xf3334192d15450cdd385c8b70e03f9a6bd9e673b","tickLower":347000,"tickUpper":357000}	{"ok": true, "feeGrowthInside0X128": "690211178689290209196995535133", "feeGrowthInside1X128": "902845556895116425390340442300858451719566701"}
{"blockNumber":"2158244","poolId":"0x387bf619da4d3fb62bb276482693dba1b9b3520f573cabdfe033384a24125982","stateView":"0xf3334192d15450cdd385c8b70e03f9a6bd9e673b","tickLower":-201620,"tickUpper":-201560}	{"ok": true, "feeGrowthInside0X128": "209127550536656608946084599522088868217", "feeGrowthInside1X128": "380174832082562844713054328836"}
{"blockNumber":"2175718","poolId":"0x387bf619da4d3fb62bb276482693dba1b9b3520f573cabdfe033384a24125982","stateView":"0xf3334192d15450cdd385c8b70e03f9a6bd9e673b","tickLower":-201620,"tickUpper":-201560}	{"ok": true, "feeGrowthInside0X128": "234475285606159303959781574902361212650", "feeGrowthInside1X128": "412731028918534101588485960399"}
{"blockNumber":"2168215","poolId":"0x97ab3c0d4b7ed8244dae434fb039160116d2f5721ce2d0b693a6d05aed823eac","stateView":"0xf3334192d15450cdd385c8b70e03f9a6bd9e673b","tickLower":311000,"tickUpper":339000}	{"ok": true, "feeGrowthInside0X128": "0", "feeGrowthInside1X128": "0"}
{"blockNumber":"2185249","poolId":"0xef5672974ad552f1ce24f2873f3e4237e82d44780ef623b6a239db42b08a7d5c","stateView":"0xf3334192d15450cdd385c8b70e03f9a6bd9e673b","tickLower":-887200,"tickUpper":887200}	{"ok": true, "feeGrowthInside0X128": "8806595374541731530112386800728583284096", "feeGrowthInside1X128": "20165578310650355806693490776266"}
{"blockNumber":"2196124","poolId":"0x387bf619da4d3fb62bb276482693dba1b9b3520f573cabdfe033384a24125982","stateView":"0xf3334192d15450cdd385c8b70e03f9a6bd9e673b","tickLower":-208600,"tickUpper":-194730}	{"ok": true, "feeGrowthInside0X128": "0", "feeGrowthInside1X128": "0"}
{"blockNumber":"2196970","poolId":"0x97ab3c0d4b7ed8244dae434fb039160116d2f5721ce2d0b693a6d05aed823eac","stateView":"0xf3334192d15450cdd385c8b70e03f9a6bd9e673b","tickLower":349000,"tickUpper":362000}	{"ok": true, "feeGrowthInside0X128": "0", "feeGrowthInside1X128": "0"}
{"blockNumber":"2252085","poolId":"0x97ab3c0d4b7ed8244dae434fb039160116d2f5721ce2d0b693a6d05aed823eac","stateView":"0xf3334192d15450cdd385c8b70e03f9a6bd9e673b","tickLower":349000,"tickUpper":362000}	{"ok": true, "feeGrowthInside0X128": "1158416062862953570696493367940", "feeGrowthInside1X128": "1539612082129112107210162343874054331984068126"}
{"blockNumber":"2267022","poolId":"0x97ab3c0d4b7ed8244dae434fb039160116d2f5721ce2d0b693a6d05aed823eac","stateView":"0xf3334192d15450cdd385c8b70e03f9a6bd9e673b","tickLower":349000,"tickUpper":363000}	{"ok": true, "feeGrowthInside0X128": "0", "feeGrowthInside1X128": "0"}
{"blockNumber":"2312492","poolId":"0x97ab3c0d4b7ed8244dae434fb039160116d2f5721ce2d0b693a6d05aed823eac","stateView":"0xf3334192d15450cdd385c8b70e03f9a6bd9e673b","tickLower":349000,"tickUpper":361000}	{"ok": true, "feeGrowthInside0X128": "45974896664288017239335731687", "feeGrowthInside1X128": "84624824258354646692384832882493953151247819"}
{"blockNumber":"2215882","poolId":"0x387bf619da4d3fb62bb276482693dba1b9b3520f573cabdfe033384a24125982","stateView":"0xf3334192d15450cdd385c8b70e03f9a6bd9e673b","tickLower":-203310,"tickUpper":-200220}	{"ok": true, "feeGrowthInside0X128": "1821054341391518274627855404557105443805", "feeGrowthInside1X128": "3256987793418200567088672000537"}
{"blockNumber":"2218283","poolId":"0x387bf619da4d3fb62bb276482693dba1b9b3520f573cabdfe033384a24125982","stateView":"0xf3334192d15450cdd385c8b70e03f9a6bd9e673b","tickLower":-203190,"tickUpper":-200310}	{"ok": true, "feeGrowthInside0X128": "4572838346503740587269311490939449211814", "feeGrowthInside1X128": "8063654506339136876010309284762"}
{"blockNumber":"2234542","poolId":"0x387bf619da4d3fb62bb276482693dba1b9b3520f573cabdfe033384a24125982","stateView":"0xf3334192d15450cdd385c8b70e03f9a6bd9e673b","tickLower":-203190,"tickUpper":-200310}	{"ok": true, "feeGrowthInside0X128": "4582638545139055686715864377963987146688", "feeGrowthInside1X128": "8091803987145018268391311619396"}
{"blockNumber":"2226789","poolId":"0x387bf619da4d3fb62bb276482693dba1b9b3520f573cabdfe033384a24125982","stateView":"0xf3334192d15450cdd385c8b70e03f9a6bd9e673b","tickLower":-202860,"tickUpper":-200060}	{"ok": true, "feeGrowthInside0X128": "0", "feeGrowthInside1X128": "0"}
{"blockNumber":"2252619","poolId":"0x97ab3c0d4b7ed8244dae434fb039160116d2f5721ce2d0b693a6d05aed823eac","stateView":"0xf3334192d15450cdd385c8b70e03f9a6bd9e673b","tickLower":351000,"tickUpper":364000}	{"ok": true, "feeGrowthInside0X128": "72723417434576149496309371922", "feeGrowthInside1X128": "121222160858816238905985451196534416127907618"}
{"blockNumber":"2255649","poolId":"0x387bf619da4d3fb62bb276482693dba1b9b3520f573cabdfe033384a24125982","stateView":"0xf3334192d15450cdd385c8b70e03f9a6bd9e673b","tickLower":-203860,"tickUpper":-199800}	{"ok": true, "feeGrowthInside0X128": "0", "feeGrowthInside1X128": "0"}
{"blockNumber":"2281500","poolId":"0x387bf619da4d3fb62bb276482693dba1b9b3520f573cabdfe033384a24125982","stateView":"0xf3334192d15450cdd385c8b70e03f9a6bd9e673b","tickLower":-201640,"tickUpper":-201580}	{"ok": true, "feeGrowthInside0X128": "0", "feeGrowthInside1X128": "0"}
{"blockNumber":"2283786","poolId":"0x97ab3c0d4b7ed8244dae434fb039160116d2f5721ce2d0b693a6d05aed823eac","stateView":"0xf3334192d15450cdd385c8b70e03f9a6bd9e673b","tickLower":-887000,"tickUpper":887000}	{"ok": true, "feeGrowthInside0X128": "1252435283699049458067974168180", "feeGrowthInside1X128": "1630414351707776983301132712856216056495695010"}
{"blockNumber":"2290637","poolId":"0x387bf619da4d3fb62bb276482693dba1b9b3520f573cabdfe033384a24125982","stateView":"0xf3334192d15450cdd385c8b70e03f9a6bd9e673b","tickLower":-205420,"tickUpper":-198910}	{"ok": true, "feeGrowthInside0X128": "0", "feeGrowthInside1X128": "0"}
{"blockNumber":"2293222","poolId":"0x387bf619da4d3fb62bb276482693dba1b9b3520f573cabdfe033384a24125982","stateView":"0xf3334192d15450cdd385c8b70e03f9a6bd9e673b","tickLower":-203260,"tickUpper":-200600}	{"ok": true, "feeGrowthInside0X128": "3545763016917754696031049351787300068585", "feeGrowthInside1X128": "6206814033236321432647298103906"}
{"blockNumber":"2301707","poolId":"0x387bf619da4d3fb62bb276482693dba1b9b3520f573cabdfe033384a24125982","stateView":"0xf3334192d15450cdd385c8b70e03f9a6bd9e673b","tickLower":-201920,"tickUpper":-201510}	{"ok": true, "feeGrowthInside0X128": "1365060380254001081160334373665429535398", "feeGrowthInside1X128": "2438086252377038524733942590674"}
{"blockNumber":"2322866","poolId":"0x387bf619da4d3fb62bb276482693dba1b9b3520f573cabdfe033384a24125982","stateView":"0xf3334192d15450cdd385c8b70e03f9a6bd9e673b","tickLower":-887270,"tickUpper":887270}	{"ok": true, "feeGrowthInside0X128": "60799187933115038449897402230788648488442", "feeGrowthInside1X128": "109567816550069471657732976315325"}
{"blockNumber":"2357964","poolId":"0x387bf619da4d3fb62bb276482693dba1b9b3520f573cabdfe033384a24125982","stateView":"0xf3334192d15450cdd385c8b70e03f9a6bd9e673b","tickLower":-203530,"tickUpper":-199350}	{"ok": true, "feeGrowthInside0X128": "0", "feeGrowthInside1X128": "0"}
{"blockNumber":"2132139","poolId":"0xea554978f1a1ecc4f9a0afeb32ab0defb379a48344ec4d35afa97746c57a9264","stateView":"0xf3334192d15450cdd385c8b70e03f9a6bd9e673b","tickLower":-884000,"tickUpper":884000}	{"ok": true, "feeGrowthInside0X128": "0", "feeGrowthInside1X128": "80276970456777302227421028625954462"}
{"blockNumber":"2132192","poolId":"0xea554978f1a1ecc4f9a0afeb32ab0defb379a48344ec4d35afa97746c57a9264","stateView":"0xf3334192d15450cdd385c8b70e03f9a6bd9e673b","tickLower":-884000,"tickUpper":884000}	{"ok": true, "feeGrowthInside0X128": "0", "feeGrowthInside1X128": "80276970456777302227421028625954462"}
{"blockNumber":"2160622","poolId":"0xa95732060867f07aa9b8ae9a4b7b8d737bc3374f1dfbb952759c5ed676e8737c","stateView":"0xf3334192d15450cdd385c8b70e03f9a6bd9e673b","tickLower":278520,"tickUpper":283860}	{"ok": true, "feeGrowthInside0X128": "206791724142851824064151631178", "feeGrowthInside1X128": "340737818780948248931852479321840653668218"}
{"blockNumber":"2222813","poolId":"0xa95732060867f07aa9b8ae9a4b7b8d737bc3374f1dfbb952759c5ed676e8737c","stateView":"0xf3334192d15450cdd385c8b70e03f9a6bd9e673b","tickLower":275040,"tickUpper":288900}	{"ok": true, "feeGrowthInside0X128": "0", "feeGrowthInside1X128": "0"}
{"blockNumber":"2223151","poolId":"0xa95732060867f07aa9b8ae9a4b7b8d737bc3374f1dfbb952759c5ed676e8737c","stateView":"0xf3334192d15450cdd385c8b70e03f9a6bd9e673b","tickLower":275040,"tickUpper":288900}	{"ok": true, "feeGrowthInside0X128": "383589686032098194405249927369", "feeGrowthInside1X128": "660491722973689753550967394209606080513252"}
{"blockNumber":"2295722","poolId":"0x74739c7ee5dda3695d01575c32371eff16e7b831e37517d1a99b568749143e7a","stateView":"0xf3334192d15450cdd385c8b70e03f9a6bd9e673b","tickLower":126480,"tickUpper":126840}	{"ok": true, "feeGrowthInside0X128": "0", "feeGrowthInside1X128": "0"}
{"blockNumber":"2303634","poolId":"0x74739c7ee5dda3695d01575c32371eff16e7b831e37517d1a99b568749143e7a","stateView":"0xf3334192d15450cdd385c8b70e03f9a6bd9e673b","tickLower":126480,"tickUpper":126840}	{"ok": true, "feeGrowthInside0X128": "0", "feeGrowthInside1X128": "0"}
{"blockNumber":"2303745","poolId":"0x74739c7ee5dda3695d01575c32371eff16e7b831e37517d1a99b568749143e7a","stateView":"0xf3334192d15450cdd385c8b70e03f9a6bd9e673b","tickLower":126480,"tickUpper":126840}	{"ok": true, "feeGrowthInside0X128": "0", "feeGrowthInside1X128": "0"}
{"blockNumber":"2303827","poolId":"0x74739c7ee5dda3695d01575c32371eff16e7b831e37517d1a99b568749143e7a","stateView":"0xf3334192d15450cdd385c8b70e03f9a6bd9e673b","tickLower":126480,"tickUpper":126840}	{"ok": true, "feeGrowthInside0X128": "0", "feeGrowthInside1X128": "0"}
{"blockNumber":"2131613","poolId":"0x6ff03107f375083abd490b667dae07c8d42a25c1f201a177cd7b8639ccd5d4e7","stateView":"0xf3334192d15450cdd385c8b70e03f9a6bd9e673b","tickLower":134400,"tickUpper":145600}	{"ok": true, "feeGrowthInside0X128": "0", "feeGrowthInside1X128": "0"}
{"blockNumber":"2133211","poolId":"0x6ff03107f375083abd490b667dae07c8d42a25c1f201a177cd7b8639ccd5d4e7","stateView":"0xf3334192d15450cdd385c8b70e03f9a6bd9e673b","tickLower":134400,"tickUpper":145600}	{"ok": true, "feeGrowthInside0X128": "477377260862689465028021915622300293", "feeGrowthInside1X128": "1648151920140795965550512370051717867137629"}
{"blockNumber":"2133178","poolId":"0x0fbd1aab9d8af6c6bbffbbc72be2c02e9d45e0833211482ddcdf96f3bb3acb6a","stateView":"0xf3334192d15450cdd385c8b70e03f9a6bd9e673b","tickLower":345000,"tickUpper":351000}	{"ok": true, "feeGrowthInside0X128": "15011629605125697467684117926", "feeGrowthInside1X128": "14700603267700811239963164635228960704889875"}
{"blockNumber":"2135186","poolId":"0x0fbd1aab9d8af6c6bbffbbc72be2c02e9d45e0833211482ddcdf96f3bb3acb6a","stateView":"0xf3334192d15450cdd385c8b70e03f9a6bd9e673b","tickLower":343200,"tickUpper":346800}	{"ok": true, "feeGrowthInside0X128": "148744771314103372016739036720", "feeGrowthInside1X128": "154974579905995701536202637508192246930097216"}
{"blockNumber":"2326209","poolId":"0x0fbd1aab9d8af6c6bbffbbc72be2c02e9d45e0833211482ddcdf96f3bb3acb6a","stateView":"0xf3334192d15450cdd385c8b70e03f9a6bd9e673b","tickLower":343200,"tickUpper":346800}	{"ok": true, "feeGrowthInside0X128": "385147108439809609023918289058", "feeGrowthInside1X128": "335269254931282886394463487568279796041245916"}
{"blockNumber":"2349681","poolId":"0x0fbd1aab9d8af6c6bbffbbc72be2c02e9d45e0833211482ddcdf96f3bb3acb6a","stateView":"0xf3334192d15450cdd385c8b70e03f9a6bd9e673b","tickLower":343200,"tickUpper":346800}	{"ok": true, "feeGrowthInside0X128": "385401674114329677580465930217", "feeGrowthInside1X128": "335473555152471810438356216497072953209477865"}
{"blockNumber":"2137744","poolId":"0x1f9f015c7c96664cd916736cdd6fdb7af3e1f6c745a98dcdf567c16272c4ee0a","stateView":"0xf3334192d15450cdd385c8b70e03f9a6bd9e673b","tickLower":-873224,"tickUpper":873224}	{"ok": true, "feeGrowthInside0X128": "69181110387081672613478622728695", "feeGrowthInside1X128": "0"}
{"blockNumber":"2139966","poolId":"0x0fbd1aab9d8af6c6bbffbbc72be2c02e9d45e0833211482ddcdf96f3bb3acb6a","stateView":"0xf3334192d15450cdd385c8b70e03f9a6bd9e673b","tickLower":345600,"tickUpper":358800}	{"ok": true, "feeGrowthInside0X128": "0", "feeGrowthInside1X128": "0"}
{"blockNumber":"2148056","poolId":"0x0fbd1aab9d8af6c6bbffbbc72be2c02e9d45e0833211482ddcdf96f3bb3acb6a","stateView":"0xf3334192d15450cdd385c8b70e03f9a6bd9e673b","tickLower":345600,"tickUpper":358800}	{"ok": true, "feeGrowthInside0X128": "0", "feeGrowthInside1X128": "0"}
{"blockNumber":"2148410","poolId":"0x0fbd1aab9d8af6c6bbffbbc72be2c02e9d45e0833211482ddcdf96f3bb3acb6a","stateView":"0xf3334192d15450cdd385c8b70e03f9a6bd9e673b","tickLower":344400,"tickUpper":357000}	{"ok": true, "feeGrowthInside0X128": "0", "feeGrowthInside1X128": "0"}
{"blockNumber":"2259767","poolId":"0x0fbd1aab9d8af6c6bbffbbc72be2c02e9d45e0833211482ddcdf96f3bb3acb6a","stateView":"0xf3334192d15450cdd385c8b70e03f9a6bd9e673b","tickLower":344400,"tickUpper":357000}	{"ok": true, "feeGrowthInside0X128": "12161195120332289969083687911", "feeGrowthInside1X128": "11298317151596643249165947738711545726973157"}
{"blockNumber":"2278395","poolId":"0x0fbd1aab9d8af6c6bbffbbc72be2c02e9d45e0833211482ddcdf96f3bb3acb6a","stateView":"0xf3334192d15450cdd385c8b70e03f9a6bd9e673b","tickLower":344400,"tickUpper":357000}	{"ok": true, "feeGrowthInside0X128": "12161195120332289969083687911", "feeGrowthInside1X128": "11298317151596643249165947738711545726973157"}
{"blockNumber":"2148974","poolId":"0x0fbd1aab9d8af6c6bbffbbc72be2c02e9d45e0833211482ddcdf96f3bb3acb6a","stateView":"0xf3334192d15450cdd385c8b70e03f9a6bd9e673b","tickLower":-886800,"tickUpper":886800}	{"ok": true, "feeGrowthInside0X128": "5551841187118024059992741422006", "feeGrowthInside1X128": "5214118942825253009134320537661844959477905974"}
{"blockNumber":"2149064","poolId":"0x6ff03107f375083abd490b667dae07c8d42a25c1f201a177cd7b8639ccd5d4e7","stateView":"0xf3334192d15450cdd385c8b70e03f9a6bd9e673b","tickLower":-884800,"tickUpper":884800}	{"ok": true, "feeGrowthInside0X128": "477377260862689465028021915622300293", "feeGrowthInside1X128": "1648151920140795965550512370051717867137629"}
{"blockNumber":"2365536","poolId":"0x6ff03107f375083abd490b667dae07c8d42a25c1f201a177cd7b8639ccd5d4e7","stateView":"0xf3334192d15450cdd385c8b70e03f9a6bd9e673b","tickLower":-884800,"tickUpper":884800}	{"ok": true, "feeGrowthInside0X128": "477377260862689465028021915622300293", "feeGrowthInside1X128": "1648151920140795965550512370051717867137629"}
{"blockNumber":"2150852","poolId":"0x0fbd1aab9d8af6c6bbffbbc72be2c02e9d45e0833211482ddcdf96f3bb3acb6a","stateView":"0xf3334192d15450cdd385c8b70e03f9a6bd9e673b","tickLower":341400,"tickUpper":347400}	{"ok": true, "feeGrowthInside0X128": "998309347307123051908846668769", "feeGrowthInside1X128": "837029205487931915639766333233670519733737187"}
{"blockNumber":"2240477","poolId":"0x0fbd1aab9d8af6c6bbffbbc72be2c02e9d45e0833211482ddcdf96f3bb3acb6a","stateView":"0xf3334192d15450cdd385c8b70e03f9a6bd9e673b","tickLower":341400,"tickUpper":347400}	{"ok": true, "feeGrowthInside0X128": "5686609681449223954428261757008", "feeGrowthInside1X128": "5317447312713410747418195708214279971937503569"}
{"blockNumber":"2151719","poolId":"0x0fbd1aab9d8af6c6bbffbbc72be2c02e9d45e0833211482ddcdf96f3bb3acb6a","stateView":"0xf3334192d15450cdd385c8b70e03f9a6bd9e673b","tickLower":341400,"tickUpper":353400}	{"ok": true, "feeGrowthInside0X128": "999023693377474854521676875205", "feeGrowthInside1X128": "841810862108202127469557506493451634792304219"}
{"blockNumber":"2153534","poolId":"0x0fbd1aab9d8af6c6bbffbbc72be2c02e9d45e0833211482ddcdf96f3bb3acb6a","stateView":"0xf3334192d15450cdd385c8b70e03f9a6bd9e673b","tickLower":344400,"tickUpper":356400}	{"ok": true, "feeGrowthInside0X128": "0", "feeGrowthInside1X128": "0"}
{"blockNumber":"2322925","poolId":"0x0fbd1aab9d8af6c6bbffbbc72be2c02e9d45e0833211482ddcdf96f3bb3acb6a","stateView":"0xf3334192d15450cdd385c8b70e03f9a6bd9e673b","tickLower":344400,"tickUpper":356400}	{"ok": true, "feeGrowthInside0X128": "25833160041829730905048014508", "feeGrowthInside1X128": "23833284235346391719876493440280030065012892"}
{"blockNumber":"2158355","poolId":"0x0fbd1aab9d8af6c6bbffbbc72be2c02e9d45e0833211482ddcdf96f3bb3acb6a","stateView":"0xf3334192d15450cdd385c8b70e03f9a6bd9e673b","tickLower":336600,"tickUpper":343200}	{"ok": true, "feeGrowthInside0X128": "1437569464916879392059645573440", "feeGrowthInside1X128": "953238583080858792793835526642353639262612416"}
{"blockNumber":"2158393","poolId":"0x0fbd1aab9d8af6c6bbffbbc72be2c02e9d45e0833211482ddcdf96f3bb3acb6a","stateView":"0xf3334192d15450cdd385c8b70e03f9a6bd9e673b","tickLower":336600,"tickUpper":343200}	{"ok": true, "feeGrowthInside0X128": "1437569464916879392059645573440", "feeGrowthInside1X128": "953238583080858792793835526642353639262612416"}
{"blockNumber":"2327347","poolId":"0x0fbd1aab9d8af6c6bbffbbc72be2c02e9d45e0833211482ddcdf96f3bb3acb6a","stateView":"0xf3334192d15450cdd385c8b70e03f9a6bd9e673b","tickLower":336600,"tickUpper":353400}	{"ok": true, "feeGrowthInside0X128": "2161782081916424694293315951147", "feeGrowthInside1X128": "1530207699683975448557014578926314568377184929"}
{"blockNumber":"2158567","poolId":"0x0fbd1aab9d8af6c6bbffbbc72be2c02e9d45e0833211482ddcdf96f3bb3acb6a","stateView":"0xf3334192d15450cdd385c8b70e03f9a6bd9e673b","tickLower":339600,"tickUpper":346800}	{"ok": true, "feeGrowthInside0X128": "0", "feeGrowthInside1X128": "0"}
{"blockNumber":"2169423","poolId":"0x0fbd1aab9d8af6c6bbffbbc72be2c02e9d45e0833211482ddcdf96f3bb3acb6a","stateView":"0xf3334192d15450cdd385c8b70e03f9a6bd9e673b","tickLower":339600,"tickUpper":346800}	{"ok": true, "feeGrowthInside0X128": "68738125756903070043912069529", "feeGrowthInside1X128": "38115163997804003600168262157320269950691385"}
{"blockNumber":"2169523","poolId":"0x0fbd1aab9d8af6c6bbffbbc72be2c02e9d45e0833211482ddcdf96f3bb3acb6a","stateView":"0xf3334192d15450cdd385c8b70e03f9a6bd9e673b","tickLower":339600,"tickUpper":346800}	{"ok": true, "feeGrowthInside0X128": "68738125756903070043912069529", "feeGrowthInside1X128": "38115163997804003600168262157320269950691385"}
{"blockNumber":"2241611","poolId":"0x0fbd1aab9d8af6c6bbffbbc72be2c02e9d45e0833211482ddcdf96f3bb3acb6a","stateView":"0xf3334192d15450cdd385c8b70e03f9a6bd9e673b","tickLower":339600,"tickUpper":346800}	{"ok": true, "feeGrowthInside0X128": "5711262197142202288609599885459", "feeGrowthInside1X128": "5352252746099044336161389659109691891282474077"}
{"blockNumber":"2162967","poolId":"0xae89c5477d574b7285997234c10fbb8d185f866d9bc408f6c6a345c1ff66f903","stateView":"0xf3334192d15450cdd385c8b70e03f9a6bd9e673b","tickLower":117000,"tickUpper":138600}	{"ok": true, "feeGrowthInside0X128": "7491854505212565129376384033628255", "feeGrowthInside1X128": "7214592735996344945930623099434378392605"}
{"blockNumber":"2167548","poolId":"0x0fbd1aab9d8af6c6bbffbbc72be2c02e9d45e0833211482ddcdf96f3bb3acb6a","stateView":"0xf3334192d15450cdd385c8b70e03f9a6bd9e673b","tickLower":310800,"tickUpper":338400}	{"ok": true, "feeGrowthInside0X128": "0", "feeGrowthInside1X128": "0"}
{"blockNumber":"2169483","poolId":"0x0fbd1aab9d8af6c6bbffbbc72be2c02e9d45e0833211482ddcdf96f3bb3acb6a","stateView":"0xf3334192d15450cdd385c8b70e03f9a6bd9e673b","tickLower":345000,"tickUpper":368400}	{"ok": true, "feeGrowthInside0X128": "0", "feeGrowthInside1X128": "0"}
{"blockNumber":"2169772","poolId":"0x0fbd1aab9d8af6c6bbffbbc72be2c02e9d45e0833211482ddcdf96f3bb3acb6a","stateView":"0xf3334192d15450cdd385c8b70e03f9a6bd9e673b","tickLower":343200,"tickUpper":357600}	{"ok": true, "feeGrowthInside0X128": "227836421862072604850358640393", "feeGrowthInside1X128": "201217374523101094209489973593008932279581409"}
{"blockNumber":"2249153","poolId":"0x0fbd1aab9d8af6c6bbffbbc72be2c02e9d45e0833211482ddcdf96f3bb3acb6a","stateView":"0xf3334192d15450cdd385c8b70e03f9a6bd9e673b","tickLower":343200,"tickUpper":357600}	{"ok": true, "feeGrowthInside0X128": "279580859473027767405120707750", "feeGrowthInside1X128": "246154533337000242243994193364058589318784634"}
{"blockNumber":"2249532","poolId":"0x0fbd1aab9d8af6c6bbffbbc72be2c02e9d45e0833211482ddcdf96f3bb3acb6a","stateView":"0xf3334192d15450cdd385c8b70e03f9a6bd9e673b","tickLower":344400,"tickUpper":357600}	{"ok": true, "feeGrowthInside0X128": "12161195120332289969083687911", "feeGrowthInside1X128": "11298317151596643249165947738711545726973157"}
{"blockNumber":"2249661","poolId":"0x0fbd1aab9d8af6c6bbffbbc72be2c02e9d45e0833211482ddcdf96f3bb3acb6a","stateView":"0xf3334192d15450cdd385c8b70e03f9a6bd9e673b","tickLower":344400,"tickUpper":357600}	{"ok": true, "feeGrowthInside0X128": "12161195120332289969083687911", "feeGrowthInside1X128": "11298317151596643249165947738711545726973157"}
{"blockNumber":"2169843","poolId":"0x71dc8ccb3074671ca94984607e3269e743cf701bd57cc4bfd0254e203979e7c2","stateView":"0xf3334192d15450cdd385c8b70e03f9a6bd9e673b","tickLower":-886400,"tickUpper":886400}	{"ok": true, "feeGrowthInside0X128": "74162080483298760691993993693490444", "feeGrowthInside1X128": "116446773048983601929997741945354771659478"}
{"blockNumber":"2294466","poolId":"0x71dc8ccb3074671ca94984607e3269e743cf701bd57cc4bfd0254e203979e7c2","stateView":"0xf3334192d15450cdd385c8b70e03f9a6bd9e673b","tickLower":-886400,"tickUpper":886400}	{"ok": true, "feeGrowthInside0X128": "75358778154879237788083518524205266", "feeGrowthInside1X128": "116446773048983601929997741945354771659478"}
{"blockNumber":"2296157","poolId":"0x71dc8ccb3074671ca94984607e3269e743cf701bd57cc4bfd0254e203979e7c2","stateView":"0xf3334192d15450cdd385c8b70e03f9a6bd9e673b","tickLower":-886400,"tickUpper":886400}	{"ok": true, "feeGrowthInside0X128": "75358778154879237788083518524205266", "feeGrowthInside1X128": "116446773048983601929997741945354771659478"}
{"blockNumber":"2192310","poolId":"0x0fbd1aab9d8af6c6bbffbbc72be2c02e9d45e0833211482ddcdf96f3bb3acb6a","stateView":"0xf3334192d15450cdd385c8b70e03f9a6bd9e673b","tickLower":342600,"tickUpper":356400}	{"ok": true, "feeGrowthInside0X128": "5645626610325638334676747115226", "feeGrowthInside1X128": "5308559540919159563914137249143173041783849716"}
{"blockNumber":"2369973","poolId":"0x0fbd1aab9d8af6c6bbffbbc72be2c02e9d45e0833211482ddcdf96f3bb3acb6a","stateView":"0xf3334192d15450cdd385c8b70e03f9a6bd9e673b","tickLower":338400,"tickUpper":342600}	{"ok": true, "feeGrowthInside0X128": "336512382024896761769164168087", "feeGrowthInside1X128": "226593320341182762418853782824434264731780759"}
{"blockNumber":"2193074","poolId":"0x0fbd1aab9d8af6c6bbffbbc72be2c02e9d45e0833211482ddcdf96f3bb3acb6a","stateView":"0xf3334192d15450cdd385c8b70e03f9a6bd9e673b","tickLower":345000,"tickUpper":358200}	{"ok": true, "feeGrowthInside0X128": "0", "feeGrowthInside1X128": "0"}
{"blockNumber":"2273341","poolId":"0x0fbd1aab9d8af6c6bbffbbc72be2c02e9d45e0833211482ddcdf96f3bb3acb6a","stateView":"0xf3334192d15450cdd385c8b70e03f9a6bd9e673b","tickLower":345000,"tickUpper":358200}	{"ok": true, "feeGrowthInside0X128": "0", "feeGrowthInside1X128": "0"}
{"blockNumber":"2203957","poolId":"0x0fbd1aab9d8af6c6bbffbbc72be2c02e9d45e0833211482ddcdf96f3bb3acb6a","stateView":"0xf3334192d15450cdd385c8b70e03f9a6bd9e673b","tickLower":340200,"tickUpper":354000}	{"ok": true, "feeGrowthInside0X128": "1421297236702727685868934478426", "feeGrowthInside1X128": "1040928401208236414346448770071445795258213231"}
{"blockNumber":"2219090","poolId":"0x0fbd1aab9d8af6c6bbffbbc72be2c02e9d45e0833211482ddcdf96f3bb3acb6a","stateView":"0xf3334192d15450cdd385c8b70e03f9a6bd9e673b","tickLower":340200,"tickUpper":354000}	{"ok": true, "feeGrowthInside0X128": "1441406416133938814571964031280", "feeGrowthInside1X128": "1041328936910929582087172043025559993051099682"}
{"blockNumber":"2219948","poolId":"0x0fbd1aab9d8af6c6bbffbbc72be2c02e9d45e0833211482ddcdf96f3bb3acb6a","stateView":"0xf3334192d15450cdd385c8b70e03f9a6bd9e673b","tickLower":340200,"tickUpper":354000}	{"ok": true, "feeGrowthInside0X128": "5668557726527371016737753874350", "feeGrowthInside1X128": "5310702944841598615223895082201835390435711611"}
{"blockNumber":"2220496","poolId":"0x0fbd1aab9d8af6c6bbffbbc72be2c02e9d45e0833211482ddcdf96f3bb3acb6a","stateView":"0xf3334192d15450cdd385c8b70e03f9a6bd9e673b","tickLower":336000,"tickUpper":349800}	{"ok": true, "feeGrowthInside0X128": "0", "feeGrowthInside1X128": "0"}
{"blockNumber":"2234862","poolId":"0x0fbd1aab9d8af6c6bbffbbc72be2c02e9d45e0833211482ddcdf96f3bb3acb6a","stateView":"0xf3334192d15450cdd385c8b70e03f9a6bd9e673b","tickLower":341400,"tickUpper":352800}	{"ok": true, "feeGrowthInside0X128": "1123532237628320748257734425972", "feeGrowthInside1X128": "914325128203241591054256929724542113872959742"}
{"blockNumber":"2265556","poolId":"0x0fbd1aab9d8af6c6bbffbbc72be2c02e9d45e0833211482ddcdf96f3bb3acb6a","stateView":"0xf3334192d15450cdd385c8b70e03f9a6bd9e673b","tickLower":342600,"tickUpper":355200}	{"ok": true, "feeGrowthInside0X128": "0", "feeGrowthInside1X128": "0"}
{"blockNumber":"2272973","poolId":"0x0fbd1aab9d8af6c6bbffbbc72be2c02e9d45e0833211482ddcdf96f3bb3acb6a","stateView":"0xf3334192d15450cdd385c8b70e03f9a6bd9e673b","tickLower":342000,"tickUpper":355800}	{"ok": true, "feeGrowthInside0X128": "5757083172315644493792598673736", "feeGrowthInside1X128": "5368680922040234095221350883810835041990105112"}
{"blockNumber":"2273518","poolId":"0x0fbd1aab9d8af6c6bbffbbc72be2c02e9d45e0833211482ddcdf96f3bb3acb6a","stateView":"0xf3334192d15450cdd385c8b70e03f9a6bd9e673b","tickLower":343200,"tickUpper":355800}	{"ok": true, "feeGrowthInside0X128": "285613578201162599849409682685", "feeGrowthInside1X128": "250110789850429221776460693657725251766276473"}
{"blockNumber":"2278158","poolId":"0x0fbd1aab9d8af6c6bbffbbc72be2c02e9d45e0833211482ddcdf96f3bb3acb6a","stateView":"0xf3334192d15450cdd385c8b70e03f9a6bd9e673b","tickLower":343200,"tickUpper":355800}	{"ok": true, "feeGrowthInside0X128": "290801572251569352180553997813", "feeGrowthInside1X128": "254585126342090554718906385320620053125807248"}
{"blockNumber":"2313764","poolId":"0x0fbd1aab9d8af6c6bbffbbc72be2c02e9d45e0833211482ddcdf96f3bb3acb6a","stateView":"0xf3334192d15450cdd385c8b70e03f9a6bd9e673b","tickLower":343200,"tickUpper":352200}	{"ok": true, "feeGrowthInside0X128": "381249792500400401812891594974", "feeGrowthInside1X128": "332109990986901129924672167595825933041675939"}
{"blockNumber":"2356687","poolId":"0x0fbd1aab9d8af6c6bbffbbc72be2c02e9d45e0833211482ddcdf96f3bb3acb6a","stateView":"0xf3334192d15450cdd385c8b70e03f9a6bd9e673b","tickLower":339000,"tickUpper":346800}	{"ok": true, "feeGrowthInside0X128": "0", "feeGrowthInside1X128": "0"}
{"blockNumber":"2314897","poolId":"0x7cf7a805185bce4766278dc4e4047fbc5d8e2bc8a33b3268270d43b86e10236b","stateView":"0xf3334192d15450cdd385c8b70e03f9a6bd9e673b","tickLower":17000,"tickUpper":30000}	{"ok": true, "feeGrowthInside0X128": "0", "feeGrowthInside1X128": "0"}
{"blockNumber":"2331358","poolId":"0xcb6ffbcc84359535c2cc0a5688c0a76520ea6e0a4820fddd3ac8d7880e576370","stateView":"0xf3334192d15450cdd385c8b70e03f9a6bd9e673b","tickLower":-246400,"tickUpper":-207200}	{"ok": true, "feeGrowthInside0X128": "201966482637374515302213226982834658503898", "feeGrowthInside1X128": "33615480455582684351856888926275"}
{"blockNumber":"2331428","poolId":"0xcb6ffbcc84359535c2cc0a5688c0a76520ea6e0a4820fddd3ac8d7880e576370","stateView":"0xf3334192d15450cdd385c8b70e03f9a6bd9e673b","tickLower":-246400,"tickUpper":-207200}	{"ok": true, "feeGrowthInside0X128": "201966482637374515302213226982834658503898", "feeGrowthInside1X128": "33615480455582684351856888926275"}
{"blockNumber":"2170810","poolId":"0xcf717e3d5d1b747697c6737b380a419e62481eed50608891f593e4cbb9a97a28","stateView":"0xf3334192d15450cdd385c8b70e03f9a6bd9e673b","tickLower":-883200,"tickUpper":883200}	{"ok": true, "feeGrowthInside0X128": "732753931225343005134956597749936196", "feeGrowthInside1X128": "3239244611893879804838360544480308715277"}
{"blockNumber":"2129566","poolId":"0xa5f23cae4e5c3388c5a8a6b08a83f53e56df8f1a63757e606b362994b68a2361","stateView":"0xf3334192d15450cdd385c8b70e03f9a6bd9e673b","tickLower":-887272,"tickUpper":887272}	{"ok": true, "feeGrowthInside0X128": "40435496774198451435818463908869427940", "feeGrowthInside1X128": "19810722016824587564614096"}
{"blockNumber":"2244572","poolId":"0xa5f23cae4e5c3388c5a8a6b08a83f53e56df8f1a63757e606b362994b68a2361","stateView":"0xf3334192d15450cdd385c8b70e03f9a6bd9e673b","tickLower":-276344,"tickUpper":-276329}	{"ok": true, "feeGrowthInside0X128": "0", "feeGrowthInside1X128": "0"}
{"blockNumber":"2343810","poolId":"0xa5f23cae4e5c3388c5a8a6b08a83f53e56df8f1a63757e606b362994b68a2361","stateView":"0xf3334192d15450cdd385c8b70e03f9a6bd9e673b","tickLower":-276344,"tickUpper":-276329}	{"ok": true, "feeGrowthInside0X128": "351506806049819424925676901170207064", "feeGrowthInside1X128": "894934242314918547746375"}
{"blockNumber":"2250702","poolId":"0xa5f23cae4e5c3388c5a8a6b08a83f53e56df8f1a63757e606b362994b68a2361","stateView":"0xf3334192d15450cdd385c8b70e03f9a6bd9e673b","tickLower":-283267,"tickUpper":-269403}	{"ok": true, "feeGrowthInside0X128": "0", "feeGrowthInside1X128": "0"}
{"blockNumber":"2259790","poolId":"0xa5f23cae4e5c3388c5a8a6b08a83f53e56df8f1a63757e606b362994b68a2361","stateView":"0xf3334192d15450cdd385c8b70e03f9a6bd9e673b","tickLower":-283267,"tickUpper":-269403}	{"ok": true, "feeGrowthInside0X128": "49879374936965026920494364373305720", "feeGrowthInside1X128": "184862395906087230045232"}
{"blockNumber":"2302433","poolId":"0xa5f23cae4e5c3388c5a8a6b08a83f53e56df8f1a63757e606b362994b68a2361","stateView":"0xf3334192d15450cdd385c8b70e03f9a6bd9e673b","tickLower":-276340,"tickUpper":-276325}	{"ok": true, "feeGrowthInside0X128": "0", "feeGrowthInside1X128": "0"}
{"blockNumber":"2345598","poolId":"0xa5f23cae4e5c3388c5a8a6b08a83f53e56df8f1a63757e606b362994b68a2361","stateView":"0xf3334192d15450cdd385c8b70e03f9a6bd9e673b","tickLower":-276337,"tickUpper":-276333}	{"ok": true, "feeGrowthInside0X128": "0", "feeGrowthInside1X128": "0"}
{"blockNumber":"2347497","poolId":"0xa5f23cae4e5c3388c5a8a6b08a83f53e56df8f1a63757e606b362994b68a2361","stateView":"0xf3334192d15450cdd385c8b70e03f9a6bd9e673b","tickLower":-276337,"tickUpper":-276333}	{"ok": true, "feeGrowthInside0X128": "0", "feeGrowthInside1X128": "745724360138320498978"}
{"blockNumber":"2330460","poolId":"0x06173e10255fca9d77a279c4a39f1dd7ff9e57aede29d63740ec8bf49ae05366","stateView":"0xf3334192d15450cdd385c8b70e03f9a6bd9e673b","tickLower":-881400,"tickUpper":881400}	{"ok": true, "feeGrowthInside0X128": "524430940925458795625828548890657424444", "feeGrowthInside1X128": "6443841947676725347755981958228255879"}
{"blockNumber":"2330683","poolId":"0x06173e10255fca9d77a279c4a39f1dd7ff9e57aede29d63740ec8bf49ae05366","stateView":"0xf3334192d15450cdd385c8b70e03f9a6bd9e673b","tickLower":-881400,"tickUpper":881400}	{"ok": true, "feeGrowthInside0X128": "524430940925458795625828548890657424444", "feeGrowthInside1X128": "6443841947676725347755981958228255879"}
{"blockNumber":"2161439","poolId":"0xfc9e99b3dc100590ead3976619a0bc3ac1f3ab7462c113a8a5a1097b052c3977","stateView":"0xf3334192d15450cdd385c8b70e03f9a6bd9e673b","tickLower":145000,"tickUpper":155000}	{"ok": true, "feeGrowthInside0X128": "0", "feeGrowthInside1X128": "0"}
{"blockNumber":"2129554","poolId":"0x230de04d7294aa601f6e7b5f2306f08174e8f81bd9a3311cfbc54ec707add14d","stateView":"0xf3334192d15450cdd385c8b70e03f9a6bd9e673b","tickLower":-882000,"tickUpper":882000}	{"ok": true, "feeGrowthInside0X128": "0", "feeGrowthInside1X128": "0"}
{"blockNumber":"2131269","poolId":"0x278db78f6c35ba48a9b8473f45c80227174d516f4ed868b2e88f170096a8d558","stateView":"0xf3334192d15450cdd385c8b70e03f9a6bd9e673b","tickLower":-886400,"tickUpper":886400}	{"ok": true, "feeGrowthInside0X128": "0", "feeGrowthInside1X128": "0"}
{"blockNumber":"2131341","poolId":"0x54297ae9e7f8c41390cac72225edbaf6ff9c94ccef23fb71419952d19299c87e","stateView":"0xf3334192d15450cdd385c8b70e03f9a6bd9e673b","tickLower":-886800,"tickUpper":886800}	{"ok": true, "feeGrowthInside0X128": "0", "feeGrowthInside1X128": "0"}
{"blockNumber":"2131408","poolId":"0x230de04d7294aa601f6e7b5f2306f08174e8f81bd9a3311cfbc54ec707add14d","stateView":"0xf3334192d15450cdd385c8b70e03f9a6bd9e673b","tickLower":-882000,"tickUpper":882000}	{"ok": true, "feeGrowthInside0X128": "0", "feeGrowthInside1X128": "0"}
{"blockNumber":"2132579","poolId":"0x278db78f6c35ba48a9b8473f45c80227174d516f4ed868b2e88f170096a8d558","stateView":"0xf3334192d15450cdd385c8b70e03f9a6bd9e673b","tickLower":140800,"tickUpper":150400}	{"ok": true, "feeGrowthInside0X128": "0", "feeGrowthInside1X128": "0"}
{"blockNumber":"2137010","poolId":"0xe783030b79ba8d16b6fb965ed747b7af1488c6ab647ee674580dc86e69fb87d2","stateView":"0xf3334192d15450cdd385c8b70e03f9a6bd9e673b","tickLower":-887200,"tickUpper":887200}	{"ok": true, "feeGrowthInside0X128": "0", "feeGrowthInside1X128": "0"}
{"blockNumber":"2137078","poolId":"0x9399c562f6bc2f1ed129ee17ded79b1b882bcc25e5cd745e65898e3d67dc0a58","stateView":"0xf3334192d15450cdd385c8b70e03f9a6bd9e673b","tickLower":-886000,"tickUpper":886000}	{"ok": true, "feeGrowthInside0X128": "0", "feeGrowthInside1X128": "0"}
{"blockNumber":"2137157","poolId":"0x278db78f6c35ba48a9b8473f45c80227174d516f4ed868b2e88f170096a8d558","stateView":"0xf3334192d15450cdd385c8b70e03f9a6bd9e673b","tickLower":140800,"tickUpper":150400}	{"ok": true, "feeGrowthInside0X128": "1631271820406974267593338352072326", "feeGrowthInside1X128": "0"}
{"blockNumber":"2137251","poolId":"0x9399c562f6bc2f1ed129ee17ded79b1b882bcc25e5cd745e65898e3d67dc0a58","stateView":"0xf3334192d15450cdd385c8b70e03f9a6bd9e673b","tickLower":142000,"tickUpper":150000}	{"ok": true, "feeGrowthInside0X128": "0", "feeGrowthInside1X128": "0"}
{"blockNumber":"2137368","poolId":"0x278db78f6c35ba48a9b8473f45c80227174d516f4ed868b2e88f170096a8d558","stateView":"0xf3334192d15450cdd385c8b70e03f9a6bd9e673b","tickLower":-886400,"tickUpper":886400}	{"ok": true, "feeGrowthInside0X128": "1631271820406974267593338352072326", "feeGrowthInside1X128": "0"}
{"blockNumber":"2137573","poolId":"0x8d1f48746220110e6415fba023d325941d1d660211e83ed4bc77a21cd2491698","stateView":"0xf3334192d15450cdd385c8b70e03f9a6bd9e673b","tickLower":345000,"tickUpper":360000}	{"ok": true, "feeGrowthInside0X128": "0", "feeGrowthInside1X128": "0"}
{"blockNumber":"2137585","poolId":"0x9399c562f6bc2f1ed129ee17ded79b1b882bcc25e5cd745e65898e3d67dc0a58","stateView":"0xf3334192d15450cdd385c8b70e03f9a6bd9e673b","tickLower":-886000,"tickUpper":886000}	{"ok": true, "feeGrowthInside0X128": "297166376891173579856896973592008", "feeGrowthInside1X128": "0"}
{"blockNumber":"2153214","poolId":"0x9399c562f6bc2f1ed129ee17ded79b1b882bcc25e5cd745e65898e3d67dc0a58","stateView":"0xf3334192d15450cdd385c8b70e03f9a6bd9e673b","tickLower":-886000,"tickUpper":886000}	{"ok": true, "feeGrowthInside0X128": "2375144912450200165519402405909079", "feeGrowthInside1X128": "3757086882742397756697617221138341999390"}
{"blockNumber":"2153322","poolId":"0x9399c562f6bc2f1ed129ee17ded79b1b882bcc25e5cd745e65898e3d67dc0a58","stateView":"0xf3334192d15450cdd385c8b70e03f9a6bd9e673b","tickLower":142000,"tickUpper":150000}	{"ok": true, "feeGrowthInside0X128": "2164931898461514996898125903278237", "feeGrowthInside1X128": "3757086882742397756697617221138341999390"}
{"blockNumber":"2156542","poolId":"0x8d1f48746220110e6415fba023d325941d1d660211e83ed4bc77a21cd2491698","stateView":"0xf3334192d15450cdd385c8b70e03f9a6bd9e673b","tickLower":345000,"tickUpper":360000}	{"ok": true, "feeGrowthInside0X128": "59231876020028070403984507960", "feeGrowthInside1X128": "21791035341495895008041098580236075009497607"}
{"blockNumber":"2160660","poolId":"0x2da780626f85777bbc21de58b68a1a6e557baf723c73717852bf02081645b5cf","stateView":"0xf3334192d15450cdd385c8b70e03f9a6bd9e673b","tickLower":178740,"tickUpper":189720}	{"ok": true, "feeGrowthInside0X128": "0", "feeGrowthInside1X128": "0"}
{"blockNumber":"2160660","poolId":"0x2da780626f85777bbc21de58b68a1a6e557baf723c73717852bf02081645b5cf","stateView":"0xf3334192d15450cdd385c8b70e03f9a6bd9e673b","tickLower":166740,"tickUpper":178740}	{"ok": true, "feeGrowthInside0X128": "0", "feeGrowthInside1X128": "0"}
{"blockNumber":"2160660","poolId":"0x2da780626f85777bbc21de58b68a1a6e557baf723c73717852bf02081645b5cf","stateView":"0xf3334192d15450cdd385c8b70e03f9a6bd9e673b","tickLower":143700,"tickUpper":166740}	{"ok": true, "feeGrowthInside0X128": "0", "feeGrowthInside1X128": "0"}
{"blockNumber":"2160660","poolId":"0x2da780626f85777bbc21de58b68a1a6e557baf723c73717852bf02081645b5cf","stateView":"0xf3334192d15450cdd385c8b70e03f9a6bd9e673b","tickLower":120660,"tickUpper":143700}	{"ok": true, "feeGrowthInside0X128": "0", "feeGrowthInside1X128": "0"}
{"blockNumber":"2163554","poolId":"0x3b8d1b90ab9dbd12f3c1fd759b0dad1a0900e78bcd96c26a1be5d8539c1a61b3","stateView":"0xf3334192d15450cdd385c8b70e03f9a6bd9e673b","tickLower":145200,"tickUpper":150400}	{"ok": true, "feeGrowthInside0X128": "0", "feeGrowthInside1X128": "0"}
{"blockNumber":"2164659","poolId":"0x9399c562f6bc2f1ed129ee17ded79b1b882bcc25e5cd745e65898e3d67dc0a58","stateView":"0xf3334192d15450cdd385c8b70e03f9a6bd9e673b","tickLower":-886000,"tickUpper":886000}	{"ok": true, "feeGrowthInside0X128": "4509818428179040043867831861406289", "feeGrowthInside1X128": "3757086882742397756697617221138341999390"}
{"blockNumber":"2164691","poolId":"0x9399c562f6bc2f1ed129ee17ded79b1b882bcc25e5cd745e65898e3d67dc0a58","stateView":"0xf3334192d15450cdd385c8b70e03f9a6bd9e673b","tickLower":142000,"tickUpper":150000}	{"ok": true, "feeGrowthInside0X128": "4299605414190354875246555358775447", "feeGrowthInside1X128": "3757086882742397756697617221138341999390"}
{"blockNumber":"2168946","poolId":"0x54297ae9e7f8c41390cac72225edbaf6ff9c94ccef23fb71419952d19299c87e","stateView":"0xf3334192d15450cdd385c8b70e03f9a6bd9e673b","tickLower":-886800,"tickUpper":886800}	{"ok": true, "feeGrowthInside0X128": "63309861919297706403575510121", "feeGrowthInside1X128": "135271968577102691309922933746053933377650587"}
{"blockNumber":"2168999","poolId":"0x54297ae9e7f8c41390cac72225edbaf6ff9c94ccef23fb71419952d19299c87e","stateView":"0xf3334192d15450cdd385c8b70e03f9a6bd9e673b","tickLower":-886800,"tickUpper":886800}	{"ok": true, "feeGrowthInside0X128": "63309861919297706403575510121", "feeGrowthInside1X128": "135271968577102691309922933746053933377650587"}
{"blockNumber":"2188822","poolId":"0xe07f3ed34d786aae473f9eaf5c48bedddc41b4151cc5042a8951dbcc211e358c","stateView":"0xf3334192d15450cdd385c8b70e03f9a6bd9e673b","tickLower":-880000,"tickUpper":880000}	{"ok": true, "feeGrowthInside0X128": "0", "feeGrowthInside1X128": "0"}
{"blockNumber":"2190616","poolId":"0xaea1c7ceb6687d4d5ed8ed364a7de97947a8abf326f0aba0984d76797316c5f1","stateView":"0xf3334192d15450cdd385c8b70e03f9a6bd9e673b","tickLower":69000,"tickUpper":184200}	{"ok": true, "feeGrowthInside0X128": "0", "feeGrowthInside1X128": "0"}
{"blockNumber":"2191591","poolId":"0x4d2eeb8b65324aff3e7dd6c67603e6e00db5b0d4733b26d2471794aac90d6767","stateView":"0xf3334192d15450cdd385c8b70e03f9a6bd9e673b","tickLower":-884000,"tickUpper":884000}	{"ok": true, "feeGrowthInside0X128": "0", "feeGrowthInside1X128": "0"}
{"blockNumber":"2195836","poolId":"0x9399c562f6bc2f1ed129ee17ded79b1b882bcc25e5cd745e65898e3d67dc0a58","stateView":"0xf3334192d15450cdd385c8b70e03f9a6bd9e673b","tickLower":-886000,"tickUpper":886000}	{"ok": true, "feeGrowthInside0X128": "8968460629052927244279510165925773", "feeGrowthInside1X128": "9920354295802551739429952498805052825416"}
{"blockNumber":"2195867","poolId":"0x9399c562f6bc2f1ed129ee17ded79b1b882bcc25e5cd745e65898e3d67dc0a58","stateView":"0xf3334192d15450cdd385c8b70e03f9a6bd9e673b","tickLower":142000,"tickUpper":150000}	{"ok": true, "feeGrowthInside0X128": "8758247615064242075658233663294931", "feeGrowthInside1X128": "9920354295802551739429952498805052825416"}
{"blockNumber":"2212170","poolId":"0x7e2158be7e0db20f3a8f696ac0e709f8fad6e020961897e655d0f23a2fedabca","stateView":"0xf3334192d15450cdd385c8b70e03f9a6bd9e673b","tickLower":-882000,"tickUpper":882000}	{"ok": true, "feeGrowthInside0X128": "0", "feeGrowthInside1X128": "0"}
{"blockNumber":"2212884","poolId":"0xec5f69433866a49334470bb5b5b48985cd1572d77ac8ac28551a53d08bc07e9c","stateView":"0xf3334192d15450cdd385c8b70e03f9a6bd9e673b","tickLower":-873000,"tickUpper":873000}	{"ok": true, "feeGrowthInside0X128": "0", "feeGrowthInside1X128": "0"}
{"blockNumber":"2213512","poolId":"0x64eb7f05559e90d6d95815a5863d924e97774344aeaba447cdf30a36c84bb530","stateView":"0xf3334192d15450cdd385c8b70e03f9a6bd9e673b","tickLower":-882000,"tickUpper":882000}	{"ok": true, "feeGrowthInside0X128": "0", "feeGrowthInside1X128": "0"}
{"blockNumber":"2214000","poolId":"0x64bc9e6372c378d0462ff3c9bd4421cc606c242ad7f7666e5adb53478e5b9d0b","stateView":"0xf3334192d15450cdd385c8b70e03f9a6bd9e673b","tickLower":-882000,"tickUpper":882000}	{"ok": true, "feeGrowthInside0X128": "0", "feeGrowthInside1X128": "0"}
{"blockNumber":"2214547","poolId":"0xae1d830cdb57a690f6c18a1e6380764e8f2b889ec9e981aaf154e813945c2a42","stateView":"0xf3334192d15450cdd385c8b70e03f9a6bd9e673b","tickLower":-882000,"tickUpper":882000}	{"ok": true, "feeGrowthInside0X128": "0", "feeGrowthInside1X128": "0"}
{"blockNumber":"2215345","poolId":"0x6c74db19e82c673f4afdb1a4f832597f6a2be915447880e87b2aecd1b404299e","stateView":"0xf3334192d15450cdd385c8b70e03f9a6bd9e673b","tickLower":-871200,"tickUpper":871200}	{"ok": true, "feeGrowthInside0X128": "0", "feeGrowthInside1X128": "0"}
{"blockNumber":"2215717","poolId":"0x634be8c6c5bcc88c03d0804122175ce2f4912df8175736cf79cc2ed1117b7ded","stateView":"0xf3334192d15450cdd385c8b70e03f9a6bd9e673b","tickLower":-882000,"tickUpper":882000}	{"ok": true, "feeGrowthInside0X128": "0", "feeGrowthInside1X128": "0"}
{"blockNumber":"2216502","poolId":"0xa56aaa36477bf3bf7f5449ef660b399bebb23110e60d09033064e4e489be5a94","stateView":"0xf3334192d15450cdd385c8b70e03f9a6bd9e673b","tickLower":-882000,"tickUpper":882000}	{"ok": true, "feeGrowthInside0X128": "0", "feeGrowthInside1X128": "0"}
{"blockNumber":"2216746","poolId":"0xd1136b4a0420d1bc44cd3e37747047088c425e9b9edf6b30d4f158a6cc96c916","stateView":"0xf3334192d15450cdd385c8b70e03f9a6bd9e673b","tickLower":-871200,"tickUpper":871200}	{"ok": true, "feeGrowthInside0X128": "0", "feeGrowthInside1X128": "0"}
{"blockNumber":"2231787","poolId":"0x9399c562f6bc2f1ed129ee17ded79b1b882bcc25e5cd745e65898e3d67dc0a58","stateView":"0xf3334192d15450cdd385c8b70e03f9a6bd9e673b","tickLower":-886000,"tickUpper":886000}	{"ok": true, "feeGrowthInside0X128": "10477835150507540065571889957698562", "feeGrowthInside1X128": "18878353947379693286780732169713124162487"}
{"blockNumber":"2236916","poolId":"0xf09229a8d6dfbc66f125e5d3de583a1e6e200450ed0a241fa175eaed9fa5ffa2","stateView":"0xf3334192d15450cdd385c8b70e03f9a6bd9e673b","tickLower":-883200,"tickUpper":883200}	{"ok": true, "feeGrowthInside0X128": "0", "feeGrowthInside1X128": "0"}
{"blockNumber":"2242986","poolId":"0x9399c562f6bc2f1ed129ee17ded79b1b882bcc25e5cd745e65898e3d67dc0a58","stateView":"0xf3334192d15450cdd385c8b70e03f9a6bd9e673b","tickLower":142000,"tickUpper":150000}	{"ok": true, "feeGrowthInside0X128": "10267622136518854896950613455067720", "feeGrowthInside1X128": "18878353947379693286780732169713124162487"}
{"blockNumber":"2244471","poolId":"0x4ed31ebd07b44a30c96fa3c86cdf67aa9796de9cf632942b32f1a5454d5d3306","stateView":"0xf3334192d15450cdd385c8b70e03f9a6bd9e673b","tickLower":-887200,"tickUpper":887200}	{"ok": true, "feeGrowthInside0X128": "0", "feeGrowthInside1X128": "0"}
{"blockNumber":"2258617","poolId":"0xa12960ef7fb9d728f80ba2f9608bb8b63f6037773409e8eb118ce2f9eda1eb02","stateView":"0xf3334192d15450cdd385c8b70e03f9a6bd9e673b","tickLower":-887220,"tickUpper":235620}	{"ok": true, "feeGrowthInside0X128": "0", "feeGrowthInside1X128": "0"}
{"blockNumber":"2260251","poolId":"0xf4298c926569afbdbf47a7f133560c4523f59d9602d566184a81e55ac5ab4cbe","stateView":"0xf3334192d15450cdd385c8b70e03f9a6bd9e673b","tickLower":-235620,"tickUpper":887220}	{"ok": true, "feeGrowthInside0X128": "0", "feeGrowthInside1X128": "0"}
{"blockNumber":"2265699","poolId":"0x15ad3c998b356a8613eab4bf90cbf77451a2760b8fe6f251b95a77ab70bf41eb","stateView":"0xf3334192d15450cdd385c8b70e03f9a6bd9e673b","tickLower":-872476,"tickUpper":872476}	{"ok": true, "feeGrowthInside0X128": "0", "feeGrowthInside1X128": "0"}
{"blockNumber":"2290960","poolId":"0x9399c562f6bc2f1ed129ee17ded79b1b882bcc25e5cd745e65898e3d67dc0a58","stateView":"0xf3334192d15450cdd385c8b70e03f9a6bd9e673b","tickLower":-886000,"tickUpper":886000}	{"ok": true, "feeGrowthInside0X128": "12141649777624402091820124436371678", "feeGrowthInside1X128": "21159596991675109601532691905619813289733"}
{"blockNumber":"2290988","poolId":"0x9399c562f6bc2f1ed129ee17ded79b1b882bcc25e5cd745e65898e3d67dc0a58","stateView":"0xf3334192d15450cdd385c8b70e03f9a6bd9e673b","tickLower":142000,"tickUpper":150000}	{"ok": true, "feeGrowthInside0X128": "11931436763635716923198847933740836", "feeGrowthInside1X128": "21159596991675109601532691905619813289733"}
{"blockNumber":"2296415","poolId":"0xe783030b79ba8d16b6fb965ed747b7af1488c6ab647ee674580dc86e69fb87d2","stateView":"0xf3334192d15450cdd385c8b70e03f9a6bd9e673b","tickLower":142200,"tickUpper":149000}	{"ok": true, "feeGrowthInside0X128": "0", "feeGrowthInside1X128": "0"}
{"blockNumber":"2297906","poolId":"0xe783030b79ba8d16b6fb965ed747b7af1488c6ab647ee674580dc86e69fb87d2","stateView":"0xf3334192d15450cdd385c8b70e03f9a6bd9e673b","tickLower":142200,"tickUpper":149000}	{"ok": true, "feeGrowthInside0X128": "0", "feeGrowthInside1X128": "0"}
{"blockNumber":"2313012","poolId":"0xd1d10486388ac79ea12ec18a99948018350fde828b0073ae91556e89d4e41b5f","stateView":"0xf3334192d15450cdd385c8b70e03f9a6bd9e673b","tickLower":-882000,"tickUpper":882000}	{"ok": true, "feeGrowthInside0X128": "0", "feeGrowthInside1X128": "0"}
{"blockNumber":"2315533","poolId":"0xd1d10486388ac79ea12ec18a99948018350fde828b0073ae91556e89d4e41b5f","stateView":"0xf3334192d15450cdd385c8b70e03f9a6bd9e673b","tickLower":-882000,"tickUpper":882000}	{"ok": true, "feeGrowthInside0X128": "0", "feeGrowthInside1X128": "0"}
{"blockNumber":"2330107","poolId":"0x3b8d1b90ab9dbd12f3c1fd759b0dad1a0900e78bcd96c26a1be5d8539c1a61b3","stateView":"0xf3334192d15450cdd385c8b70e03f9a6bd9e673b","tickLower":145200,"tickUpper":150400}	{"ok": true, "feeGrowthInside0X128": "1900809252039592660790235359809328", "feeGrowthInside1X128": "5049032106518888427339363502371530961948"}
{"blockNumber":"2354529","poolId":"0x7c03290743781b030427ed7b1a91678a444944a84e855d7b1718b5ae97466a60","stateView":"0xf3334192d15450cdd385c8b70e03f9a6bd9e673b","tickLower":-887220,"tickUpper":235620}	{"ok": true, "feeGrowthInside0X128": "0", "feeGrowthInside1X128": "0"}
{"blockNumber":"2355081","poolId":"0xb53912e44098dba360fcc64c8fc754170b6786dcc7d9a75981db752d6afbf307","stateView":"0xf3334192d15450cdd385c8b70e03f9a6bd9e673b","tickLower":-887220,"tickUpper":235620}	{"ok": true, "feeGrowthInside0X128": "0", "feeGrowthInside1X128": "0"}
{"blockNumber":"2356003","poolId":"0x7ad4231e1635f4e12fd2fdb1e88a8e96392646b1f903df4fad0158fa6b3874ce","stateView":"0xf3334192d15450cdd385c8b70e03f9a6bd9e673b","tickLower":-887220,"tickUpper":235620}	{"ok": true, "feeGrowthInside0X128": "0", "feeGrowthInside1X128": "0"}
{"blockNumber":"2356298","poolId":"0x14ad87cdcbb5f00d820790373cfb9ac317864f4506a333f76d63af2575457d38","stateView":"0xf3334192d15450cdd385c8b70e03f9a6bd9e673b","tickLower":-887220,"tickUpper":235620}	{"ok": true, "feeGrowthInside0X128": "0", "feeGrowthInside1X128": "0"}
{"blockNumber":"2356617","poolId":"0x1f4882c7ebee0415ae17f095f6120f6b34c1e85cbcafb5b65cb78230be4bb92e","stateView":"0xf3334192d15450cdd385c8b70e03f9a6bd9e673b","tickLower":-887220,"tickUpper":235620}	{"ok": true, "feeGrowthInside0X128": "0", "feeGrowthInside1X128": "0"}
{"blockNumber":"2356790","poolId":"0xca3751eba5cc88a682d4c51862cf732b1a82a75d2a5bcbf9e96bc44ac3b1b151","stateView":"0xf3334192d15450cdd385c8b70e03f9a6bd9e673b","tickLower":-887220,"tickUpper":235620}	{"ok": true, "feeGrowthInside0X128": "0", "feeGrowthInside1X128": "0"}
{"blockNumber":"2357026","poolId":"0x07d61b5f4c035c58d53b63bec34edb142ca22164378078a209372e95a68fa4b3","stateView":"0xf3334192d15450cdd385c8b70e03f9a6bd9e673b","tickLower":-887220,"tickUpper":235620}	{"ok": true, "feeGrowthInside0X128": "0", "feeGrowthInside1X128": "0"}
{"blockNumber":"2357772","poolId":"0x33a9ae1445015e3180cb9c800d0c97ee7d329778be782aea73217da83866bdd9","stateView":"0xf3334192d15450cdd385c8b70e03f9a6bd9e673b","tickLower":-887220,"tickUpper":235620}	{"ok": true, "feeGrowthInside0X128": "0", "feeGrowthInside1X128": "0"}
{"blockNumber":"2357975","poolId":"0xfff9065bb7da51d88b46b112b91190de730b736fc9b1291a0ba578a615153803","stateView":"0xf3334192d15450cdd385c8b70e03f9a6bd9e673b","tickLower":-887220,"tickUpper":235620}	{"ok": true, "feeGrowthInside0X128": "0", "feeGrowthInside1X128": "0"}
{"blockNumber":"2367522","poolId":"0x9399c562f6bc2f1ed129ee17ded79b1b882bcc25e5cd745e65898e3d67dc0a58","stateView":"0xf3334192d15450cdd385c8b70e03f9a6bd9e673b","tickLower":142000,"tickUpper":150000}	{"ok": true, "feeGrowthInside0X128": "12169319651787294210548093152202296", "feeGrowthInside1X128": "27822664724057847217393971688815007081436"}
{"blockNumber":"2367558","poolId":"0x9399c562f6bc2f1ed129ee17ded79b1b882bcc25e5cd745e65898e3d67dc0a58","stateView":"0xf3334192d15450cdd385c8b70e03f9a6bd9e673b","tickLower":-886000,"tickUpper":886000}	{"ok": true, "feeGrowthInside0X128": "12169319651787294210548093152202296", "feeGrowthInside1X128": "27822664724057847217393971688815007081436"}
{"blockNumber":"2438268","poolId":"0x55383c2843575722a44dfe494e3539d9c3376ca554cdc9f91e189b4b1006cb91","stateView":"0xf3334192d15450cdd385c8b70e03f9a6bd9e673b","tickLower":-885000,"tickUpper":885000}	{"ok": true, "feeGrowthInside0X128": "8063001610142908561457886981734938", "feeGrowthInside1X128": "416797133086789101242775144616992648052000"}
{"blockNumber":"2532470","poolId":"0xb2a6d67bf3fc511d11cac788a531655f5a7b60cd31c8ff386f0476121741e751","stateView":"0xf3334192d15450cdd385c8b70e03f9a6bd9e673b","tickLower":14000,"tickUpper":16000}	{"ok": true, "feeGrowthInside0X128": "115792089237316195423570985008687907853260059009687357555126065200675445986028", "feeGrowthInside1X128": "115792089237316195423570985008687907853140723880118135311889681982844560935410"}
{"blockNumber":"2424044","poolId":"0x387bf619da4d3fb62bb276482693dba1b9b3520f573cabdfe033384a24125982","stateView":"0xf3334192d15450cdd385c8b70e03f9a6bd9e673b","tickLower":-208340,"tickUpper":-194480}	{"ok": true, "feeGrowthInside0X128": "0", "feeGrowthInside1X128": "0"}
{"blockNumber":"2425204","poolId":"0x387bf619da4d3fb62bb276482693dba1b9b3520f573cabdfe033384a24125982","stateView":"0xf3334192d15450cdd385c8b70e03f9a6bd9e673b","tickLower":-201920,"tickUpper":-201510}	{"ok": true, "feeGrowthInside0X128": "115792089237316195423570985008687907793903844231861579536104090306893276405537", "feeGrowthInside1X128": "115792089237316195423570985008687907853269984558624004466667689257299876942147"}
{"blockNumber":"2426865","poolId":"0x387bf619da4d3fb62bb276482693dba1b9b3520f573cabdfe033384a24125982","stateView":"0xf3334192d15450cdd385c8b70e03f9a6bd9e673b","tickLower":-201630,"tickUpper":-201220}	{"ok": true, "feeGrowthInside0X128": "0", "feeGrowthInside1X128": "0"}
{"blockNumber":"2436454","poolId":"0xef5672974ad552f1ce24f2873f3e4237e82d44780ef623b6a239db42b08a7d5c","stateView":"0xf3334192d15450cdd385c8b70e03f9a6bd9e673b","tickLower":-202800,"tickUpper":-201600}	{"ok": true, "feeGrowthInside0X128": "115792089237316195423570985008687907814414372275678085308437230609118081173377", "feeGrowthInside1X128": "115792089237316195423570985008687907853269984599106419148598238854689859661796"}
{"blockNumber":"2436933","poolId":"0x24107d152f14a76d292123265ae3f3c71f863fc2f4ef7ba49d64e78d28ea379e","stateView":"0xf3334192d15450cdd385c8b70e03f9a6bd9e673b","tickLower":-887272,"tickUpper":887272}	{"ok": true, "feeGrowthInside0X128": "0", "feeGrowthInside1X128": "0"}
{"blockNumber":"2437965","poolId":"0x387bf619da4d3fb62bb276482693dba1b9b3520f573cabdfe033384a24125982","stateView":"0xf3334192d15450cdd385c8b70e03f9a6bd9e673b","tickLower":-201420,"tickUpper":-201400}	{"ok": true, "feeGrowthInside0X128": "0", "feeGrowthInside1X128": "0"}
{"blockNumber":"2438575","poolId":"0x387bf619da4d3fb62bb276482693dba1b9b3520f573cabdfe033384a24125982","stateView":"0xf3334192d15450cdd385c8b70e03f9a6bd9e673b","tickLower":-201420,"tickUpper":-201400}	{"ok": true, "feeGrowthInside0X128": "0", "feeGrowthInside1X128": "0"}
{"blockNumber":"2440631","poolId":"0x387bf619da4d3fb62bb276482693dba1b9b3520f573cabdfe033384a24125982","stateView":"0xf3334192d15450cdd385c8b70e03f9a6bd9e673b","tickLower":-201420,"tickUpper":-201410}	{"ok": true, "feeGrowthInside0X128": "0", "feeGrowthInside1X128": "0"}
{"blockNumber":"2443004","poolId":"0x387bf619da4d3fb62bb276482693dba1b9b3520f573cabdfe033384a24125982","stateView":"0xf3334192d15450cdd385c8b70e03f9a6bd9e673b","tickLower":-201420,"tickUpper":-201410}	{"ok": true, "feeGrowthInside0X128": "0", "feeGrowthInside1X128": "0"}
{"blockNumber":"2447754","poolId":"0x387bf619da4d3fb62bb276482693dba1b9b3520f573cabdfe033384a24125982","stateView":"0xf3334192d15450cdd385c8b70e03f9a6bd9e673b","tickLower":-201420,"tickUpper":-201410}	{"ok": true, "feeGrowthInside0X128": "0", "feeGrowthInside1X128": "0"}
{"blockNumber":"2452327","poolId":"0x387bf619da4d3fb62bb276482693dba1b9b3520f573cabdfe033384a24125982","stateView":"0xf3334192d15450cdd385c8b70e03f9a6bd9e673b","tickLower":-201420,"tickUpper":-201410}	{"ok": true, "feeGrowthInside0X128": "0", "feeGrowthInside1X128": "0"}
{"blockNumber":"2452498","poolId":"0x387bf619da4d3fb62bb276482693dba1b9b3520f573cabdfe033384a24125982","stateView":"0xf3334192d15450cdd385c8b70e03f9a6bd9e673b","tickLower":-203060,"tickUpper":-200020}	{"ok": true, "feeGrowthInside0X128": "0", "feeGrowthInside1X128": "0"}
{"blockNumber":"2454653","poolId":"0x387bf619da4d3fb62bb276482693dba1b9b3520f573cabdfe033384a24125982","stateView":"0xf3334192d15450cdd385c8b70e03f9a6bd9e673b","tickLower":-201440,"tickUpper":-201360}	{"ok": true, "feeGrowthInside0X128": "94221682385017669092587976895304786706", "feeGrowthInside1X128": "171489078097739012509321707178"}
{"blockNumber":"2454916","poolId":"0x387bf619da4d3fb62bb276482693dba1b9b3520f573cabdfe033384a24125982","stateView":"0xf3334192d15450cdd385c8b70e03f9a6bd9e673b","tickLower":-201440,"tickUpper":-201360}	{"ok": true, "feeGrowthInside0X128": "94221682385017669092587976895304786706", "feeGrowthInside1X128": "171512294839698871279561500731"}
{"blockNumber":"2455787","poolId":"0x387bf619da4d3fb62bb276482693dba1b9b3520f573cabdfe033384a24125982","stateView":"0xf3334192d15450cdd385c8b70e03f9a6bd9e673b","tickLower":-201440,"tickUpper":-201360}	{"ok": true, "feeGrowthInside0X128": "94221682385017669092587976895304786706", "feeGrowthInside1X128": "171632047581968248937134727499"}
{"blockNumber":"2475044","poolId":"0x387bf619da4d3fb62bb276482693dba1b9b3520f573cabdfe033384a24125982","stateView":"0xf3334192d15450cdd385c8b70e03f9a6bd9e673b","tickLower":-887270,"tickUpper":887270}	{"ok": true, "feeGrowthInside0X128": "61144623144400882628679119748078796684360", "feeGrowthInside1X128": "110231852266664248396122782050345"}
{"blockNumber":"2475466","poolId":"0x387bf619da4d3fb62bb276482693dba1b9b3520f573cabdfe033384a24125982","stateView":"0xf3334192d15450cdd385c8b70e03f9a6bd9e673b","tickLower":-887270,"tickUpper":887270}	{"ok": true, "feeGrowthInside0X128": "61144775514278040996768665859593524944409", "feeGrowthInside1X128": "110232357836598565964143465197324"}
{"blockNumber":"2475819","poolId":"0x387bf619da4d3fb62bb276482693dba1b9b3520f573cabdfe033384a24125982","stateView":"0xf3334192d15450cdd385c8b70e03f9a6bd9e673b","tickLower":-887270,"tickUpper":887270}	{"ok": true, "feeGrowthInside0X128": "61144945607818563190517731368537212958218", "feeGrowthInside1X128": "110232357836598565964143465197324"}
{"blockNumber":"2476228","poolId":"0x387bf619da4d3fb62bb276482693dba1b9b3520f573cabdfe033384a24125982","stateView":"0xf3334192d15450cdd385c8b70e03f9a6bd9e673b","tickLower":-887270,"tickUpper":887270}	{"ok": true, "feeGrowthInside0X128": "61145387037019334149633759134820055779070", "feeGrowthInside1X128": "110235121072077825324857902241382"}
{"blockNumber":"2481710","poolId":"0x387bf619da4d3fb62bb276482693dba1b9b3520f573cabdfe033384a24125982","stateView":"0xf3334192d15450cdd385c8b70e03f9a6bd9e673b","tickLower":-887270,"tickUpper":887270}	{"ok": true, "feeGrowthInside0X128": "61151125383048638360876703673076381545568", "feeGrowthInside1X128": "110250996987006975497235024790285"}
{"blockNumber":"2487579","poolId":"0x387bf619da4d3fb62bb276482693dba1b9b3520f573cabdfe033384a24125982","stateView":"0xf3334192d15450cdd385c8b70e03f9a6bd9e673b","tickLower":-887270,"tickUpper":887270}	{"ok": true, "feeGrowthInside0X128": "61152729091528084390205989559337031171846", "feeGrowthInside1X128": "110273103748195697454097426323806"}
{"blockNumber":"2491717","poolId":"0x387bf619da4d3fb62bb276482693dba1b9b3520f573cabdfe033384a24125982","stateView":"0xf3334192d15450cdd385c8b70e03f9a6bd9e673b","tickLower":-887270,"tickUpper":887270}	{"ok": true, "feeGrowthInside0X128": "61161729623827183137946648604898066142703", "feeGrowthInside1X128": "110284887790155533561197936036508"}
{"blockNumber":"2497553","poolId":"0x387bf619da4d3fb62bb276482693dba1b9b3520f573cabdfe033384a24125982","stateView":"0xf3334192d15450cdd385c8b70e03f9a6bd9e673b","tickLower":-887270,"tickUpper":887270}	{"ok": true, "feeGrowthInside0X128": "61176753343283623279000957817773907946449", "feeGrowthInside1X128": "110309502850493459977531653227650"}
{"blockNumber":"2504429","poolId":"0x387bf619da4d3fb62bb276482693dba1b9b3520f573cabdfe033384a24125982","stateView":"0xf3334192d15450cdd385c8b70e03f9a6bd9e673b","tickLower":-887270,"tickUpper":887270}	{"ok": true, "feeGrowthInside0X128": "61184396155780352224410664288447634632429", "feeGrowthInside1X128": "110322262143096462127403822669984"}
{"blockNumber":"2506704","poolId":"0x387bf619da4d3fb62bb276482693dba1b9b3520f573cabdfe033384a24125982","stateView":"0xf3334192d15450cdd385c8b70e03f9a6bd9e673b","tickLower":-887270,"tickUpper":887270}	{"ok": true, "feeGrowthInside0X128": "61187974113858752638180252686949276726497", "feeGrowthInside1X128": "110323706249956778273307436513601"}
{"blockNumber":"2605253","poolId":"0x387bf619da4d3fb62bb276482693dba1b9b3520f573cabdfe033384a24125982","stateView":"0xf3334192d15450cdd385c8b70e03f9a6bd9e673b","tickLower":-887270,"tickUpper":887270}	{"ok": true, "feeGrowthInside0X128": "61343641470447108115551132991087280659505", "feeGrowthInside1X128": "110568804965281708143038591617098"}
{"blockNumber":"2490738","poolId":"0x387bf619da4d3fb62bb276482693dba1b9b3520f573cabdfe033384a24125982","stateView":"0xf3334192d15450cdd385c8b70e03f9a6bd9e673b","tickLower":-201650,"tickUpper":-201560}	{"ok": true, "feeGrowthInside0X128": "60824538802294647359036875771925696000012", "feeGrowthInside1X128": "109618950527500815539922021264839"}
{"blockNumber":"2496262","poolId":"0x387bf619da4d3fb62bb276482693dba1b9b3520f573cabdfe033384a24125982","stateView":"0xf3334192d15450cdd385c8b70e03f9a6bd9e673b","tickLower":-201930,"tickUpper":-199820}	{"ok": true, "feeGrowthInside0X128": "0", "feeGrowthInside1X128": "0"}
{"blockNumber":"2498221","poolId":"0x387bf619da4d3fb62bb276482693dba1b9b3520f573cabdfe033384a24125982","stateView":"0xf3334192d15450cdd385c8b70e03f9a6bd9e673b","tickLower":-201630,"tickUpper":-201380}	{"ok": true, "feeGrowthInside0X128": "133157018823010734616670045613352655416", "feeGrowthInside1X128": "250263744933137376752142129753"}
{"blockNumber":"2504567","poolId":"0x387bf619da4d3fb62bb276482693dba1b9b3520f573cabdfe033384a24125982","stateView":"0xf3334192d15450cdd385c8b70e03f9a6bd9e673b","tickLower":-203190,"tickUpper":-199860}	{"ok": true, "feeGrowthInside0X128": "5197062592926143991579101257369498244765", "feeGrowthInside1X128": "9257144419961454774640320410278"}
{"blockNumber":"2530109","poolId":"0x387bf619da4d3fb62bb276482693dba1b9b3520f573cabdfe033384a24125982","stateView":"0xf3334192d15450cdd385c8b70e03f9a6bd9e673b","tickLower":-203500,"tickUpper":-200470}	{"ok": true, "feeGrowthInside0X128": "61208831067936959847318325719900216210430", "feeGrowthInside1X128": "110361275936460373022083199223113"}
{"blockNumber":"2530312","poolId":"0x387bf619da4d3fb62bb276482693dba1b9b3520f573cabdfe033384a24125982","stateView":"0xf3334192d15450cdd385c8b70e03f9a6bd9e673b","tickLower":-203480,"tickUpper":-200440}	{"ok": true, "feeGrowthInside0X128": "61208831067936959847318325719900216210430", "feeGrowthInside1X128": "110361275936460373022083199223113"}
{"blockNumber":"2538228","poolId":"0x387bf619da4d3fb62bb276482693dba1b9b3520f573cabdfe033384a24125982","stateView":"0xf3334192d15450cdd385c8b70e03f9a6bd9e673b","tickLower":-208530,"tickUpper":-194660}	{"ok": true, "feeGrowthInside0X128": "887488003869018529934699920536688295022", "feeGrowthInside1X128": "1634448207958570433242135922042"}
{"blockNumber":"2587197","poolId":"0x387bf619da4d3fb62bb276482693dba1b9b3520f573cabdfe033384a24125982","stateView":"0xf3334192d15450cdd385c8b70e03f9a6bd9e673b","tickLower":-203880,"tickUpper":-198080}	{"ok": true, "feeGrowthInside0X128": "2625484995628785260759781045475005968771", "feeGrowthInside1X128": "4749819902223613973756323792070"}
{"blockNumber":"2604420","poolId":"0x387bf619da4d3fb62bb276482693dba1b9b3520f573cabdfe033384a24125982","stateView":"0xf3334192d15450cdd385c8b70e03f9a6bd9e673b","tickLower":-201530,"tickUpper":-201470}	{"ok": true, "feeGrowthInside0X128": "0", "feeGrowthInside1X128": "0"}
{"blockNumber":"2604859","poolId":"0x387bf619da4d3fb62bb276482693dba1b9b3520f573cabdfe033384a24125982","stateView":"0xf3334192d15450cdd385c8b70e03f9a6bd9e673b","tickLower":-201530,"tickUpper":-201470}	{"ok": true, "feeGrowthInside0X128": "61343602694739050206579636140011710656239", "feeGrowthInside1X128": "110567843753807469762286010832543"}
{"blockNumber":"2611366","poolId":"0x387bf619da4d3fb62bb276482693dba1b9b3520f573cabdfe033384a24125982","stateView":"0xf3334192d15450cdd385c8b70e03f9a6bd9e673b","tickLower":-203190,"tickUpper":-200310}	{"ok": true, "feeGrowthInside0X128": "5365009018280418630212803820296362046648", "feeGrowthInside1X128": "9517423942741332378272265022505"}
{"blockNumber":"2621889","poolId":"0x387bf619da4d3fb62bb276482693dba1b9b3520f573cabdfe033384a24125982","stateView":"0xf3334192d15450cdd385c8b70e03f9a6bd9e673b","tickLower":-207240,"tickUpper":-191150}	{"ok": true, "feeGrowthInside0X128": "0", "feeGrowthInside1X128": "0"}
{"blockNumber":"2622388","poolId":"0x387bf619da4d3fb62bb276482693dba1b9b3520f573cabdfe033384a24125982","stateView":"0xf3334192d15450cdd385c8b70e03f9a6bd9e673b","tickLower":-203710,"tickUpper":-199800}	{"ok": true, "feeGrowthInside0X128": "0", "feeGrowthInside1X128": "0"}
{"blockNumber":"2630444","poolId":"0x387bf619da4d3fb62bb276482693dba1b9b3520f573cabdfe033384a24125982","stateView":"0xf3334192d15450cdd385c8b70e03f9a6bd9e673b","tickLower":-203710,"tickUpper":-199800}	{"ok": true, "feeGrowthInside0X128": "13185375183712307084238392997939125762", "feeGrowthInside1X128": "18911800543425037074178410614"}
{"blockNumber":"2623644","poolId":"0x387bf619da4d3fb62bb276482693dba1b9b3520f573cabdfe033384a24125982","stateView":"0xf3334192d15450cdd385c8b70e03f9a6bd9e673b","tickLower":-203710,"tickUpper":-199790}	{"ok": true, "feeGrowthInside0X128": "7972082950527471440236148635928552", "feeGrowthInside1X128": "3419374230648736017731463965"}
{"blockNumber":"2626030","poolId":"0xd313d79d9d6a714e7bdf02fc42a2c27ede7e51928ffd605126fe9e1192630cf8","stateView":"0xf3334192d15450cdd385c8b70e03f9a6bd9e673b","tickLower":-887220,"tickUpper":887220}	{"ok": true, "feeGrowthInside0X128": "0", "feeGrowthInside1X128": "0"}
{"blockNumber":"2628852","poolId":"0x387bf619da4d3fb62bb276482693dba1b9b3520f573cabdfe033384a24125982","stateView":"0xf3334192d15450cdd385c8b70e03f9a6bd9e673b","tickLower":-203720,"tickUpper":-199830}	{"ok": true, "feeGrowthInside0X128": "0", "feeGrowthInside1X128": "0"}
{"blockNumber":"2641947","poolId":"0x387bf619da4d3fb62bb276482693dba1b9b3520f573cabdfe033384a24125982","stateView":"0xf3334192d15450cdd385c8b70e03f9a6bd9e673b","tickLower":-203290,"tickUpper":-200150}	{"ok": true, "feeGrowthInside0X128": "0", "feeGrowthInside1X128": "0"}
{"blockNumber":"2396202","poolId":"0x97ab3c0d4b7ed8244dae434fb039160116d2f5721ce2d0b693a6d05aed823eac","stateView":"0xf3334192d15450cdd385c8b70e03f9a6bd9e673b","tickLower":347000,"tickUpper":357000}	{"ok": true, "feeGrowthInside0X128": "864722496852810360309521829707", "feeGrowthInside1X128": "1240245193264147230613924148424874814130413835"}
{"blockNumber":"2445646","poolId":"0x97ab3c0d4b7ed8244dae434fb039160116d2f5721ce2d0b693a6d05aed823eac","stateView":"0xf3334192d15450cdd385c8b70e03f9a6bd9e673b","tickLower":347000,"tickUpper":357000}	{"ok": true, "feeGrowthInside0X128": "886460284238944645158551426469", "feeGrowthInside1X128": "1269404040715716010002557192917790781094148032"}
{"blockNumber":"2452819","poolId":"0x97ab3c0d4b7ed8244dae434fb039160116d2f5721ce2d0b693a6d05aed823eac","stateView":"0xf3334192d15450cdd385c8b70e03f9a6bd9e673b","tickLower":347000,"tickUpper":357000}	{"ok": true, "feeGrowthInside0X128": "1416107517464610783193082571258", "feeGrowthInside1X128": "1938095310242807694886380287507969485054204692"}
{"blockNumber":"2396283","poolId":"0x15ad3c998b356a8613eab4bf90cbf77451a2760b8fe6f251b95a77ab70bf41eb","stateView":"0xf3334192d15450cdd385c8b70e03f9a6bd9e673b","tickLower":-872476,"tickUpper":872476}	{"ok": true, "feeGrowthInside0X128": "20089917780751175753755436573365", "feeGrowthInside1X128": "0"}
{"blockNumber":"2437440","poolId":"0x97ab3c0d4b7ed8244dae434fb039160116d2f5721ce2d0b693a6d05aed823eac","stateView":"0xf3334192d15450cdd385c8b70e03f9a6bd9e673b","tickLower":350000,"tickUpper":360000}	{"ok": true, "feeGrowthInside0X128": "0", "feeGrowthInside1X128": "0"}
{"blockNumber":"2509665","poolId":"0x97ab3c0d4b7ed8244dae434fb039160116d2f5721ce2d0b693a6d05aed823eac","stateView":"0xf3334192d15450cdd385c8b70e03f9a6bd9e673b","tickLower":344000,"tickUpper":358000}	{"ok": true, "feeGrowthInside0X128": "0", "feeGrowthInside1X128": "0"}
{"blockNumber":"2535714","poolId":"0x97ab3c0d4b7ed8244dae434fb039160116d2f5721ce2d0b693a6d05aed823eac","stateView":"0xf3334192d15450cdd385c8b70e03f9a6bd9e673b","tickLower":344000,"tickUpper":358000}	{"ok": true, "feeGrowthInside0X128": "34002613611034539478985884315", "feeGrowthInside1X128": "16142612752811920288048880178781623696121436"}
{"blockNumber":"2547532","poolId":"0x97ab3c0d4b7ed8244dae434fb039160116d2f5721ce2d0b693a6d05aed823eac","stateView":"0xf3334192d15450cdd385c8b70e03f9a6bd9e673b","tickLower":344000,"tickUpper":358000}	{"ok": true, "feeGrowthInside0X128": "1464479272339879256903193101828", "feeGrowthInside1X128": "1988195784269671082880543773800671645575548152"}
{"blockNumber":"2517377","poolId":"0x97ab3c0d4b7ed8244dae434fb039160116d2f5721ce2d0b693a6d05aed823eac","stateView":"0xf3334192d15450cdd385c8b70e03f9a6bd9e673b","tickLower":349000,"tickUpper":361000}	{"ok": true, "feeGrowthInside0X128": "211238343973800498543586886498", "feeGrowthInside1X128": "355907455318012103999594748805038358155398827"}
{"blockNumber":"2590360","poolId":"0x97ab3c0d4b7ed8244dae434fb039160116d2f5721ce2d0b693a6d05aed823eac","stateView":"0xf3334192d15450cdd385c8b70e03f9a6bd9e673b","tickLower":349000,"tickUpper":361000}	{"ok": true, "feeGrowthInside0X128": "213053003795244941305001309332", "feeGrowthInside1X128": "428930492571711254224055100183962309611135177"}
{"blockNumber":"2574621","poolId":"0x97ab3c0d4b7ed8244dae434fb039160116d2f5721ce2d0b693a6d05aed823eac","stateView":"0xf3334192d15450cdd385c8b70e03f9a6bd9e673b","tickLower":351000,"tickUpper":364000}	{"ok": true, "feeGrowthInside0X128": "1465322202470085529264670183303", "feeGrowthInside1X128": "2052635964913310033435063931976063463863402898"}
{"blockNumber":"2578097","poolId":"0xcfba52bca80addea0bce3f80aa5b18ecbcf977dd735d58b639f1aaf35bfb19f1","stateView":"0xf3334192d15450cdd385c8b70e03f9a6bd9e673b","tickLower":-884000,"tickUpper":884000}	{"ok": true, "feeGrowthInside0X128": "60477242427507274524105314434688710", "feeGrowthInside1X128": "114262372099664738145255003070602819570996"}
{"blockNumber":"2428359","poolId":"0xe783030b79ba8d16b6fb965ed747b7af1488c6ab647ee674580dc86e69fb87d2","stateView":"0xf3334192d15450cdd385c8b70e03f9a6bd9e673b","tickLower":-887200,"tickUpper":887200}	{"ok": true, "feeGrowthInside0X128": "2869722957420175101386547577267772", "feeGrowthInside1X128": "8471729935156536798708850996790795392566"}
{"blockNumber":"2428648","poolId":"0xe783030b79ba8d16b6fb965ed747b7af1488c6ab647ee674580dc86e69fb87d2","stateView":"0xf3334192d15450cdd385c8b70e03f9a6bd9e673b","tickLower":-887200,"tickUpper":887200}	{"ok": true, "feeGrowthInside0X128": "2869722957420175101386547577267772", "feeGrowthInside1X128": "8471729935156536798708850996790795392566"}
{"blockNumber":"2436552","poolId":"0x22ffeb5d19130dd5f7ce9a9dd86ff842794ad75ea1e3929765de25bd50441e82","stateView":"0xf3334192d15450cdd385c8b70e03f9a6bd9e673b","tickLower":-883200,"tickUpper":883200}	{"ok": true, "feeGrowthInside0X128": "0", "feeGrowthInside1X128": "0"}
{"blockNumber":"2401709","poolId":"0x0fbd1aab9d8af6c6bbffbbc72be2c02e9d45e0833211482ddcdf96f3bb3acb6a","stateView":"0xf3334192d15450cdd385c8b70e03f9a6bd9e673b","tickLower":336600,"tickUpper":353400}	{"ok": true, "feeGrowthInside0X128": "2243630268923411536534054859029", "feeGrowthInside1X128": "1595258543111122883273563110662821953823396418"}
{"blockNumber":"2413779","poolId":"0x0fbd1aab9d8af6c6bbffbbc72be2c02e9d45e0833211482ddcdf96f3bb3acb6a","stateView":"0xf3334192d15450cdd385c8b70e03f9a6bd9e673b","tickLower":340200,"tickUpper":344400}	{"ok": true, "feeGrowthInside0X128": "115792089237316195423570985008687907853269984665611102549378115517933487163409", "feeGrowthInside1X128": "115792089237316195423570985008687880704237563223293653155463016304770796130182"}
{"blockNumber":"2559264","poolId":"0x0fbd1aab9d8af6c6bbffbbc72be2c02e9d45e0833211482ddcdf96f3bb3acb6a","stateView":"0xf3334192d15450cdd385c8b70e03f9a6bd9e673b","tickLower":340200,"tickUpper":344400}	{"ok": true, "feeGrowthInside0X128": "6278746413565354262079370382726", "feeGrowthInside1X128": "5791684482394912371346659279564868748202942736"}
{"blockNumber":"2427970","poolId":"0x0fbd1aab9d8af6c6bbffbbc72be2c02e9d45e0833211482ddcdf96f3bb3acb6a","stateView":"0xf3334192d15450cdd385c8b70e03f9a6bd9e673b","tickLower":343800,"tickUpper":354000}	{"ok": true, "feeGrowthInside0X128": "0", "feeGrowthInside1X128": "0"}
{"blockNumber":"2598023","poolId":"0x0fbd1aab9d8af6c6bbffbbc72be2c02e9d45e0833211482ddcdf96f3bb3acb6a","stateView":"0xf3334192d15450cdd385c8b70e03f9a6bd9e673b","tickLower":343800,"tickUpper":354000}	{"ok": true, "feeGrowthInside0X128": "163649063178709490265899958772", "feeGrowthInside1X128": "241473164828150276199508211988309780530718655"}
{"blockNumber":"2433782","poolId":"0x0fbd1aab9d8af6c6bbffbbc72be2c02e9d45e0833211482ddcdf96f3bb3acb6a","stateView":"0xf3334192d15450cdd385c8b70e03f9a6bd9e673b","tickLower":343800,"tickUpper":357000}	{"ok": true, "feeGrowthInside0X128": "3511731850018546359526202757", "feeGrowthInside1X128": "3020432264726565055630006309847077022697035"}
{"blockNumber":"2455270","poolId":"0x0fbd1aab9d8af6c6bbffbbc72be2c02e9d45e0833211482ddcdf96f3bb3acb6a","stateView":"0xf3334192d15450cdd385c8b70e03f9a6bd9e673b","tickLower":344400,"tickUpper":357000}	{"ok": true, "feeGrowthInside0X128": "29461490079468489979642476527", "feeGrowthInside1X128": "27149032421442346910883994567703142333509754"}
{"blockNumber":"2573896","poolId":"0x0fbd1aab9d8af6c6bbffbbc72be2c02e9d45e0833211482ddcdf96f3bb3acb6a","stateView":"0xf3334192d15450cdd385c8b70e03f9a6bd9e673b","tickLower":344400,"tickUpper":357000}	{"ok": true, "feeGrowthInside0X128": "65082708010732575945432524848", "feeGrowthInside1X128": "135074833422508128386973976298415252184625599"}
{"blockNumber":"2443861","poolId":"0x0fbd1aab9d8af6c6bbffbbc72be2c02e9d45e0833211482ddcdf96f3bb3acb6a","stateView":"0xf3334192d15450cdd385c8b70e03f9a6bd9e673b","tickLower":343200,"tickUpper":352200}	{"ok": true, "feeGrowthInside0X128": "433845611527524525858574877833", "feeGrowthInside1X128": "379933603070416160534478356520885784901617457"}
{"blockNumber":"2534580","poolId":"0x0fbd1aab9d8af6c6bbffbbc72be2c02e9d45e0833211482ddcdf96f3bb3acb6a","stateView":"0xf3334192d15450cdd385c8b70e03f9a6bd9e673b","tickLower":343200,"tickUpper":352200}	{"ok": true, "feeGrowthInside0X128": "6313109685594313209476876490548", "feeGrowthInside1X128": "5846829797443295079896195028125581334918077058"}
{"blockNumber":"2453447","poolId":"0x1f9f015c7c96664cd916736cdd6fdb7af3e1f6c745a98dcdf567c16272c4ee0a","stateView":"0xf3334192d15450cdd385c8b70e03f9a6bd9e673b","tickLower":-873224,"tickUpper":873224}	{"ok": true, "feeGrowthInside0X128": "69242296079387585839400414710801", "feeGrowthInside1X128": "0"}
{"blockNumber":"2467463","poolId":"0x0fbd1aab9d8af6c6bbffbbc72be2c02e9d45e0833211482ddcdf96f3bb3acb6a","stateView":"0xf3334192d15450cdd385c8b70e03f9a6bd9e673b","tickLower":336000,"tickUpper":349800}	{"ok": true, "feeGrowthInside0X128": "639011676006409718517651975215", "feeGrowthInside1X128": "489386422828652711788008479868922485715744845"}
{"blockNumber":"2474826","poolId":"0x0fbd1aab9d8af6c6bbffbbc72be2c02e9d45e0833211482ddcdf96f3bb3acb6a","stateView":"0xf3334192d15450cdd385c8b70e03f9a6bd9e673b","tickLower":336000,"tickUpper":349800}	{"ok": true, "feeGrowthInside0X128": "639011676006409718517651975215", "feeGrowthInside1X128": "493018119501514253497432334793832583388404945"}
{"blockNumber":"2467860","poolId":"0x0fbd1aab9d8af6c6bbffbbc72be2c02e9d45e0833211482ddcdf96f3bb3acb6a","stateView":"0xf3334192d15450cdd385c8b70e03f9a6bd9e673b","tickLower":339000,"tickUpper":346800}	{"ok": true, "feeGrowthInside0X128": "160734700758787563188390512799", "feeGrowthInside1X128": "131520013074058981055637970346867476764876232"}
{"blockNumber":"2618935","poolId":"0x0fbd1aab9d8af6c6bbffbbc72be2c02e9d45e0833211482ddcdf96f3bb3acb6a","stateView":"0xf3334192d15450cdd385c8b70e03f9a6bd9e673b","tickLower":339000,"tickUpper":346800}	{"ok": true, "feeGrowthInside0X128": "299359691056160111316957597123", "feeGrowthInside1X128": "327050918733723902845061860758915027152499009"}
{"blockNumber":"2618956","poolId":"0x0fbd1aab9d8af6c6bbffbbc72be2c02e9d45e0833211482ddcdf96f3bb3acb6a","stateView":"0xf3334192d15450cdd385c8b70e03f9a6bd9e673b","tickLower":339000,"tickUpper":346800}	{"ok": true, "feeGrowthInside0X128": "299359691056160111316957597123", "feeGrowthInside1X128": "327050918733723902845061860758915027152499009"}
{"blockNumber":"2626383","poolId":"0x0fbd1aab9d8af6c6bbffbbc72be2c02e9d45e0833211482ddcdf96f3bb3acb6a","stateView":"0xf3334192d15450cdd385c8b70e03f9a6bd9e673b","tickLower":339000,"tickUpper":346800}	{"ok": true, "feeGrowthInside0X128": "6586917847079515929847827420649", "feeGrowthInside1X128": "6176133558310809435118409992728343836514098525"}
{"blockNumber":"2472815","poolId":"0x0fbd1aab9d8af6c6bbffbbc72be2c02e9d45e0833211482ddcdf96f3bb3acb6a","stateView":"0xf3334192d15450cdd385c8b70e03f9a6bd9e673b","tickLower":338400,"tickUpper":342600}	{"ok": true, "feeGrowthInside0X128": "383749306184982240810079299679", "feeGrowthInside1X128": "260416831226899738710538159248164160592981005"}
{"blockNumber":"2472885","poolId":"0x0fbd1aab9d8af6c6bbffbbc72be2c02e9d45e0833211482ddcdf96f3bb3acb6a","stateView":"0xf3334192d15450cdd385c8b70e03f9a6bd9e673b","tickLower":338400,"tickUpper":342600}	{"ok": true, "feeGrowthInside0X128": "383749306184982240810079299679", "feeGrowthInside1X128": "260416831226899738710538159248164160592981005"}
{"blockNumber":"2618884","poolId":"0x0fbd1aab9d8af6c6bbffbbc72be2c02e9d45e0833211482ddcdf96f3bb3acb6a","stateView":"0xf3334192d15450cdd385c8b70e03f9a6bd9e673b","tickLower":338400,"tickUpper":342600}	{"ok": true, "feeGrowthInside0X128": "115792089237316195423570985008687907853269984660034404327199602899552735083832", "feeGrowthInside1X128": "115792089237316195423570985008682636052308466743736788072907479055872794871784"}
{"blockNumber":"2517643","poolId":"0x0fbd1aab9d8af6c6bbffbbc72be2c02e9d45e0833211482ddcdf96f3bb3acb6a","stateView":"0xf3334192d15450cdd385c8b70e03f9a6bd9e673b","tickLower":344400,"tickUpper":356400}	{"ok": true, "feeGrowthInside0X128": "29461490079468489979642476527", "feeGrowthInside1X128": "35209384868538905720899010875899893410420081"}
{"blockNumber":"2544951","poolId":"0x0fbd1aab9d8af6c6bbffbbc72be2c02e9d45e0833211482ddcdf96f3bb3acb6a","stateView":"0xf3334192d15450cdd385c8b70e03f9a6bd9e673b","tickLower":342600,"tickUpper":355200}	{"ok": true, "feeGrowthInside0X128": "334055220807852566511123848645", "feeGrowthInside1X128": "330286032936355758709642489241691502550508795"}
{"blockNumber":"2545752","poolId":"0x0fbd1aab9d8af6c6bbffbbc72be2c02e9d45e0833211482ddcdf96f3bb3acb6a","stateView":"0xf3334192d15450cdd385c8b70e03f9a6bd9e673b","tickLower":346200,"tickUpper":358200}	{"ok": true, "feeGrowthInside0X128": "0", "feeGrowthInside1X128": "0"}
{"blockNumber":"2546794","poolId":"0x0fbd1aab9d8af6c6bbffbbc72be2c02e9d45e0833211482ddcdf96f3bb3acb6a","stateView":"0xf3334192d15450cdd385c8b70e03f9a6bd9e673b","tickLower":346200,"tickUpper":358200}	{"ok": true, "feeGrowthInside0X128": "0", "feeGrowthInside1X128": "0"}
{"blockNumber":"2587759","poolId":"0x0fbd1aab9d8af6c6bbffbbc72be2c02e9d45e0833211482ddcdf96f3bb3acb6a","stateView":"0xf3334192d15450cdd385c8b70e03f9a6bd9e673b","tickLower":346200,"tickUpper":358200}	{"ok": true, "feeGrowthInside0X128": "102802047996521095464241870563", "feeGrowthInside1X128": "139635170294174712472483953796990857130664547"}
{"blockNumber":"2588794","poolId":"0x0fbd1aab9d8af6c6bbffbbc72be2c02e9d45e0833211482ddcdf96f3bb3acb6a","stateView":"0xf3334192d15450cdd385c8b70e03f9a6bd9e673b","tickLower":348000,"tickUpper":360000}	{"ok": true, "feeGrowthInside0X128": "0", "feeGrowthInside1X128": "0"}
{"blockNumber":"2606558","poolId":"0x0fbd1aab9d8af6c6bbffbbc72be2c02e9d45e0833211482ddcdf96f3bb3acb6a","stateView":"0xf3334192d15450cdd385c8b70e03f9a6bd9e673b","tickLower":348000,"tickUpper":360000}	{"ok": true, "feeGrowthInside0X128": "0", "feeGrowthInside1X128": "0"}
{"blockNumber":"2589037","poolId":"0x0fbd1aab9d8af6c6bbffbbc72be2c02e9d45e0833211482ddcdf96f3bb3acb6a","stateView":"0xf3334192d15450cdd385c8b70e03f9a6bd9e673b","tickLower":344400,"tickUpper":357600}	{"ok": true, "feeGrowthInside0X128": "6434389839212561505836198368928", "feeGrowthInside1X128": "6014095713326114198247257175096945488370546810"}
{"blockNumber":"2589938","poolId":"0x0fbd1aab9d8af6c6bbffbbc72be2c02e9d45e0833211482ddcdf96f3bb3acb6a","stateView":"0xf3334192d15450cdd385c8b70e03f9a6bd9e673b","tickLower":-886800,"tickUpper":886800}	{"ok": true, "feeGrowthInside0X128": "6448118024396132901607078523123", "feeGrowthInside1X128": "6005914130591133749380108557083730246940823703"}
{"blockNumber":"2599791","poolId":"0x0fbd1aab9d8af6c6bbffbbc72be2c02e9d45e0833211482ddcdf96f3bb3acb6a","stateView":"0xf3334192d15450cdd385c8b70e03f9a6bd9e673b","tickLower":347400,"tickUpper":354000}	{"ok": true, "feeGrowthInside0X128": "0", "feeGrowthInside1X128": "0"}
{"blockNumber":"2590097","poolId":"0x0fbd1aab9d8af6c6bbffbbc72be2c02e9d45e0833211482ddcdf96f3bb3acb6a","stateView":"0xf3334192d15450cdd385c8b70e03f9a6bd9e673b","tickLower":347400,"tickUpper":368400}	{"ok": true, "feeGrowthInside0X128": "0", "feeGrowthInside1X128": "0"}
{"blockNumber":"2375134","poolId":"0xa95732060867f07aa9b8ae9a4b7b8d737bc3374f1dfbb952759c5ed676e8737c","stateView":"0xf3334192d15450cdd385c8b70e03f9a6bd9e673b","tickLower":282060,"tickUpper":288900}	{"ok": true, "feeGrowthInside0X128": "0", "feeGrowthInside1X128": "0"}
{"blockNumber":"2422384","poolId":"0xa95732060867f07aa9b8ae9a4b7b8d737bc3374f1dfbb952759c5ed676e8737c","stateView":"0xf3334192d15450cdd385c8b70e03f9a6bd9e673b","tickLower":278520,"tickUpper":283860}	{"ok": true, "feeGrowthInside0X128": "271454641144290936866768539498", "feeGrowthInside1X128": "447158622505414212580493705415817198134524"}
{"blockNumber":"2537480","poolId":"0xa5f23cae4e5c3388c5a8a6b08a83f53e56df8f1a63757e606b362994b68a2361","stateView":"0xf3334192d15450cdd385c8b70e03f9a6bd9e673b","tickLower":-276341,"tickUpper":-276335}	{"ok": true, "feeGrowthInside0X128": "0", "feeGrowthInside1X128": "0"}
{"blockNumber":"2539452","poolId":"0xa5f23cae4e5c3388c5a8a6b08a83f53e56df8f1a63757e606b362994b68a2361","stateView":"0xf3334192d15450cdd385c8b70e03f9a6bd9e673b","tickLower":-276345,"tickUpper":-276325}	{"ok": true, "feeGrowthInside0X128": "0", "feeGrowthInside1X128": "0"}
{"blockNumber":"2566318","poolId":"0xa5f23cae4e5c3388c5a8a6b08a83f53e56df8f1a63757e606b362994b68a2361","stateView":"0xf3334192d15450cdd385c8b70e03f9a6bd9e673b","tickLower":-276338,"tickUpper":-276336}	{"ok": true, "feeGrowthInside0X128": "0", "feeGrowthInside1X128": "0"}
{"blockNumber":"2417499","poolId":"0x5501f1e70a9a3c56f57880c18d095a63f4e1b50e9def646e7f3c6633d49db550","stateView":"0xf3334192d15450cdd385c8b70e03f9a6bd9e673b","tickLower":119000,"tickUpper":126000}	{"ok": true, "feeGrowthInside0X128": "6191574314415951716715757495718789", "feeGrowthInside1X128": "994703650111677437966251004409823063425"}
{"blockNumber":"2424019","poolId":"0x5501f1e70a9a3c56f57880c18d095a63f4e1b50e9def646e7f3c6633d49db550","stateView":"0xf3334192d15450cdd385c8b70e03f9a6bd9e673b","tickLower":120000,"tickUpper":127000}	{"ok": true, "feeGrowthInside0X128": "0", "feeGrowthInside1X128": "0"}
{"blockNumber":"2482040","poolId":"0x5501f1e70a9a3c56f57880c18d095a63f4e1b50e9def646e7f3c6633d49db550","stateView":"0xf3334192d15450cdd385c8b70e03f9a6bd9e673b","tickLower":120000,"tickUpper":127000}	{"ok": true, "feeGrowthInside0X128": "9051766824230317812401284308241223", "feeGrowthInside1X128": "2063574587555678635723753510798333881081"}
{"blockNumber":"2574975","poolId":"0x5501f1e70a9a3c56f57880c18d095a63f4e1b50e9def646e7f3c6633d49db550","stateView":"0xf3334192d15450cdd385c8b70e03f9a6bd9e673b","tickLower":122000,"tickUpper":128000}	{"ok": true, "feeGrowthInside0X128": "0", "feeGrowthInside1X128": "0"}
{"blockNumber":"2375647","poolId":"0x4a62f69b108d503f8ded066cf4d4607ed21166a165a7b800a5a396e6505c4c4b","stateView":"0xf3334192d15450cdd385c8b70e03f9a6bd9e673b","tickLower":-887270,"tickUpper":122070}	{"ok": true, "feeGrowthInside0X128": "0", "feeGrowthInside1X128": "0"}
{"blockNumber":"2396454","poolId":"0xb6bcfda13e105ad442ffe7442225aaca050f2d65541e77140cae57c5ecd816ab","stateView":"0xf3334192d15450cdd385c8b70e03f9a6bd9e673b","tickLower":-874000,"tickUpper":874000}	{"ok": true, "feeGrowthInside0X128": "0", "feeGrowthInside1X128": "0"}
{"blockNumber":"2417851","poolId":"0xba1c68eb2362da67c32bb993d3807aecb61fa8f2246d84635203fb9668bc6671","stateView":"0xf3334192d15450cdd385c8b70e03f9a6bd9e673b","tickLower":191100,"tickUpper":202080}	{"ok": true, "feeGrowthInside0X128": "0", "feeGrowthInside1X128": "0"}
{"blockNumber":"2417851","poolId":"0xba1c68eb2362da67c32bb993d3807aecb61fa8f2246d84635203fb9668bc6671","stateView":"0xf3334192d15450cdd385c8b70e03f9a6bd9e673b","tickLower":179100,"tickUpper":191100}	{"ok": true, "feeGrowthInside0X128": "0", "feeGrowthInside1X128": "0"}
{"blockNumber":"2417851","poolId":"0xba1c68eb2362da67c32bb993d3807aecb61fa8f2246d84635203fb9668bc6671","stateView":"0xf3334192d15450cdd385c8b70e03f9a6bd9e673b","tickLower":156060,"tickUpper":179100}	{"ok": true, "feeGrowthInside0X128": "0", "feeGrowthInside1X128": "0"}
{"blockNumber":"2417851","poolId":"0xba1c68eb2362da67c32bb993d3807aecb61fa8f2246d84635203fb9668bc6671","stateView":"0xf3334192d15450cdd385c8b70e03f9a6bd9e673b","tickLower":133020,"tickUpper":156060}	{"ok": true, "feeGrowthInside0X128": "0", "feeGrowthInside1X128": "0"}
{"blockNumber":"2440461","poolId":"0x6f27f06db7e5de7b9b8e1a99922991d4fc2b603362b81fc2bf7f6faf71b92667","stateView":"0xf3334192d15450cdd385c8b70e03f9a6bd9e673b","tickLower":143280,"tickUpper":180180}	{"ok": true, "feeGrowthInside0X128": "0", "feeGrowthInside1X128": "0"}
{"blockNumber":"2453495","poolId":"0xb6bcfda13e105ad442ffe7442225aaca050f2d65541e77140cae57c5ecd816ab","stateView":"0xf3334192d15450cdd385c8b70e03f9a6bd9e673b","tickLower":-874000,"tickUpper":874000}	{"ok": true, "feeGrowthInside0X128": "1376834045020917486897413949028", "feeGrowthInside1X128": "0"}
{"blockNumber":"2459971","poolId":"0x6f27f06db7e5de7b9b8e1a99922991d4fc2b603362b81fc2bf7f6faf71b92667","stateView":"0xf3334192d15450cdd385c8b70e03f9a6bd9e673b","tickLower":143280,"tickUpper":180180}	{"ok": true, "feeGrowthInside0X128": "0", "feeGrowthInside1X128": "619527056845315731902423192083284894799"}
{"blockNumber":"2472324","poolId":"0x4a62f69b108d503f8ded066cf4d4607ed21166a165a7b800a5a396e6505c4c4b","stateView":"0xf3334192d15450cdd385c8b70e03f9a6bd9e673b","tickLower":-887270,"tickUpper":122070}	{"ok": true, "feeGrowthInside0X128": "531949577617021346908023805968", "feeGrowthInside1X128": "68294846353987538130111066050483668"}
{"blockNumber":"2497755","poolId":"0x8f06afd4bae5ef7ed46374972acf80be0c9e8cd50b7adfa81d2b957aaa357f4f","stateView":"0xf3334192d15450cdd385c8b70e03f9a6bd9e673b","tickLower":-880000,"tickUpper":880000}	{"ok": true, "feeGrowthInside0X128": "0", "feeGrowthInside1X128": "0"}
{"blockNumber":"2511351","poolId":"0x3d69691bada04c00c5cbd60973c733b989aa44f7914b65dfd9862c0916458a3f","stateView":"0xf3334192d15450cdd385c8b70e03f9a6bd9e673b","tickLower":-887220,"tickUpper":887220}	{"ok": true, "feeGrowthInside0X128": "0", "feeGrowthInside1X128": "0"}
{"blockNumber":"2511630","poolId":"0x3d69691bada04c00c5cbd60973c733b989aa44f7914b65dfd9862c0916458a3f","stateView":"0xf3334192d15450cdd385c8b70e03f9a6bd9e673b","tickLower":-887220,"tickUpper":887220}	{"ok": true, "feeGrowthInside0X128": "0", "feeGrowthInside1X128": "0"}
{"blockNumber":"2548338","poolId":"0xf8255be910139d6f15cf95b7657f589b995562039df193b20fc714155c75670d","stateView":"0xf3334192d15450cdd385c8b70e03f9a6bd9e673b","tickLower":-887200,"tickUpper":887200}	{"ok": true, "feeGrowthInside0X128": "0", "feeGrowthInside1X128": "0"}
{"blockNumber":"2562404","poolId":"0xa001deedb60f4f8e372a8aa5c905c441aba674e3d7bbe332198df36551c28f76","stateView":"0xf3334192d15450cdd385c8b70e03f9a6bd9e673b","tickLower":-880000,"tickUpper":880000}	{"ok": true, "feeGrowthInside0X128": "0", "feeGrowthInside1X128": "0"}
{"blockNumber":"2569012","poolId":"0x0650b3082639b374ef62c76bd000ceafd0d1924bd864366feeb19440d95ecdd2","stateView":"0xf3334192d15450cdd385c8b70e03f9a6bd9e673b","tickLower":-880000,"tickUpper":880000}	{"ok": true, "feeGrowthInside0X128": "0", "feeGrowthInside1X128": "0"}
{"blockNumber":"2578491","poolId":"0xbd80e8ea55aeafbadb81893200edf01e2cea68664951580ba3b2654f63fe2fb1","stateView":"0xf3334192d15450cdd385c8b70e03f9a6bd9e673b","tickLower":-887200,"tickUpper":887200}	{"ok": true, "feeGrowthInside0X128": "0", "feeGrowthInside1X128": "0"}
{"blockNumber":"2579889","poolId":"0xbd80e8ea55aeafbadb81893200edf01e2cea68664951580ba3b2654f63fe2fb1","stateView":"0xf3334192d15450cdd385c8b70e03f9a6bd9e673b","tickLower":-887200,"tickUpper":887200}	{"ok": true, "feeGrowthInside0X128": "23581578418556158242133070766625053", "feeGrowthInside1X128": "10852386641750658921401612580333005208"}
{"blockNumber":"2582006","poolId":"0xf8255be910139d6f15cf95b7657f589b995562039df193b20fc714155c75670d","stateView":"0xf3334192d15450cdd385c8b70e03f9a6bd9e673b","tickLower":-887200,"tickUpper":887200}	{"ok": true, "feeGrowthInside0X128": "0", "feeGrowthInside1X128": "43766592052751601897617329651410011771843633"}
{"blockNumber":"2585944","poolId":"0x7c694aead80b5e66873ff2ee33952041283ffc4fa28cc5654e3952edc2414909","stateView":"0xf3334192d15450cdd385c8b70e03f9a6bd9e673b","tickLower":-887220,"tickUpper":235620}	{"ok": true, "feeGrowthInside0X128": "0", "feeGrowthInside1X128": "0"}
{"blockNumber":"2593924","poolId":"0x0650b3082639b374ef62c76bd000ceafd0d1924bd864366feeb19440d95ecdd2","stateView":"0xf3334192d15450cdd385c8b70e03f9a6bd9e673b","tickLower":-880000,"tickUpper":880000}	{"ok": true, "feeGrowthInside0X128": "0", "feeGrowthInside1X128": "0"}
{"blockNumber":"2595470","poolId":"0x776330e48fba2ac5422f61c2c8c2008f9db71aededcd652d590925343a60ca91","stateView":"0xf3334192d15450cdd385c8b70e03f9a6bd9e673b","tickLower":-368000,"tickUpper":-362000}	{"ok": true, "feeGrowthInside0X128": "0", "feeGrowthInside1X128": "0"}
{"blockNumber":"2596878","poolId":"0xa001deedb60f4f8e372a8aa5c905c441aba674e3d7bbe332198df36551c28f76","stateView":"0xf3334192d15450cdd385c8b70e03f9a6bd9e673b","tickLower":-880000,"tickUpper":880000}	{"ok": true, "feeGrowthInside0X128": "0", "feeGrowthInside1X128": "800961035575688257242247814754222132712393195032"}
{"blockNumber":"2596977","poolId":"0x07ae2d4df420ab9dd33c0321c506ffc9cce11c690646ee33069cb7057865c10e","stateView":"0xf3334192d15450cdd385c8b70e03f9a6bd9e673b","tickLower":-887220,"tickUpper":887220}	{"ok": true, "feeGrowthInside0X128": "0", "feeGrowthInside1X128": "0"}
{"blockNumber":"2599709","poolId":"0x66d493d78ae0618aa87300682ea774de6b9e153375436ce7e0415124496ba6db","stateView":"0xf3334192d15450cdd385c8b70e03f9a6bd9e673b","tickLower":-887200,"tickUpper":68800}	{"ok": true, "feeGrowthInside0X128": "0", "feeGrowthInside1X128": "0"}
{"blockNumber":"2600578","poolId":"0x776330e48fba2ac5422f61c2c8c2008f9db71aededcd652d590925343a60ca91","stateView":"0xf3334192d15450cdd385c8b70e03f9a6bd9e673b","tickLower":-368000,"tickUpper":-362000}	{"ok": true, "feeGrowthInside0X128": "0", "feeGrowthInside1X128": "0"}
{"blockNumber":"2600671","poolId":"0x728438acdae991941ad56f7cd4500c2eea672f925418df63fb5cbdefcabbfb30","stateView":"0xf3334192d15450cdd385c8b70e03f9a6bd9e673b","tickLower":-887200,"tickUpper":68800}	{"ok": true, "feeGrowthInside0X128": "0", "feeGrowthInside1X128": "0"}
{"blockNumber":"2603376","poolId":"0x044646383fc199e7eda6efe71cecc40c539af134360ef9e89a4c139c96a54599","stateView":"0xf3334192d15450cdd385c8b70e03f9a6bd9e673b","tickLower":-887200,"tickUpper":68800}	{"ok": true, "feeGrowthInside0X128": "0", "feeGrowthInside1X128": "0"}
{"blockNumber":"2603512","poolId":"0x0650b3082639b374ef62c76bd000ceafd0d1924bd864366feeb19440d95ecdd2","stateView":"0xf3334192d15450cdd385c8b70e03f9a6bd9e673b","tickLower":210000,"tickUpper":350000}	{"ok": true, "feeGrowthInside0X128": "0", "feeGrowthInside1X128": "0"}
{"blockNumber":"2604300","poolId":"0x0650b3082639b374ef62c76bd000ceafd0d1924bd864366feeb19440d95ecdd2","stateView":"0xf3334192d15450cdd385c8b70e03f9a6bd9e673b","tickLower":-880000,"tickUpper":880000}	{"ok": true, "feeGrowthInside0X128": "0", "feeGrowthInside1X128": "0"}
{"blockNumber":"2607507","poolId":"0x0650b3082639b374ef62c76bd000ceafd0d1924bd864366feeb19440d95ecdd2","stateView":"0xf3334192d15450cdd385c8b70e03f9a6bd9e673b","tickLower":-880000,"tickUpper":880000}	{"ok": true, "feeGrowthInside0X128": "151425986781515859277274893", "feeGrowthInside1X128": "0"}
{"blockNumber":"2608725","poolId":"0x6e84eb93c67196de2dd06cecc7b6d03c8591a189e8047d8b76500f815dcd50ee","stateView":"0xf3334192d15450cdd385c8b70e03f9a6bd9e673b","tickLower":-887220,"tickUpper":887220}	{"ok": true, "feeGrowthInside0X128": "0", "feeGrowthInside1X128": "0"}
{"blockNumber":"2609889","poolId":"0x0650b3082639b374ef62c76bd000ceafd0d1924bd864366feeb19440d95ecdd2","stateView":"0xf3334192d15450cdd385c8b70e03f9a6bd9e673b","tickLower":-880000,"tickUpper":880000}	{"ok": true, "feeGrowthInside0X128": "8692532207490907747361779477", "feeGrowthInside1X128": "0"}
{"blockNumber":"2611025","poolId":"0x0650b3082639b374ef62c76bd000ceafd0d1924bd864366feeb19440d95ecdd2","stateView":"0xf3334192d15450cdd385c8b70e03f9a6bd9e673b","tickLower":-880000,"tickUpper":880000}	{"ok": true, "feeGrowthInside0X128": "8692532207490907747361779477", "feeGrowthInside1X128": "0"}
{"blockNumber":"2628248","poolId":"0x7e151cde82006dead2b005f354ce35c19d4b3b6d76b3b66b5c5867247b3647b1","stateView":"0xf3334192d15450cdd385c8b70e03f9a6bd9e673b","tickLower":143200,"tickUpper":150200}	{"ok": true, "feeGrowthInside0X128": "0", "feeGrowthInside1X128": "0"}
{"blockNumber":"2630787","poolId":"0x7e151cde82006dead2b005f354ce35c19d4b3b6d76b3b66b5c5867247b3647b1","stateView":"0xf3334192d15450cdd385c8b70e03f9a6bd9e673b","tickLower":143200,"tickUpper":150200}	{"ok": true, "feeGrowthInside0X128": "10058649699074567165251528173038", "feeGrowthInside1X128": "64400088361085472946014175180529566760"}
{"blockNumber":"2631711","poolId":"0x91110812c8434f6dc80fbf48586c779265ada468fbd3204c025f64cfb7d55c83","stateView":"0xf3334192d15450cdd385c8b70e03f9a6bd9e673b","tickLower":-880000,"tickUpper":880000}	{"ok": true, "feeGrowthInside0X128": "0", "feeGrowthInside1X128": "0"}
{"blockNumber":"2633440","poolId":"0x0650b3082639b374ef62c76bd000ceafd0d1924bd864366feeb19440d95ecdd2","stateView":"0xf3334192d15450cdd385c8b70e03f9a6bd9e673b","tickLower":210000,"tickUpper":350000}	{"ok": true, "feeGrowthInside0X128": "0", "feeGrowthInside1X128": "0"}
{"blockNumber":"2634770","poolId":"0x0650b3082639b374ef62c76bd000ceafd0d1924bd864366feeb19440d95ecdd2","stateView":"0xf3334192d15450cdd385c8b70e03f9a6bd9e673b","tickLower":-880000,"tickUpper":880000}	{"ok": true, "feeGrowthInside0X128": "4350705096967138328187500547667", "feeGrowthInside1X128": "0"}
{"blockNumber":"2635479","poolId":"0x0df054e9ba8981da0c3d1b8b2b890c2db8b99fb60adf1cf9aee5bba3066c9d8c","stateView":"0xf3334192d15450cdd385c8b70e03f9a6bd9e673b","tickLower":-880000,"tickUpper":880000}	{"ok": true, "feeGrowthInside0X128": "0", "feeGrowthInside1X128": "0"}
{"blockNumber":"2636179","poolId":"0x77fe98cd3c7eae75bd1ed267bcb130b2a9c88f67be1f87aef69394829fb3011c","stateView":"0xf3334192d15450cdd385c8b70e03f9a6bd9e673b","tickLower":-880000,"tickUpper":880000}	{"ok": true, "feeGrowthInside0X128": "0", "feeGrowthInside1X128": "0"}
{"blockNumber":"2643565","poolId":"0xb2a6d67bf3fc511d11cac788a531655f5a7b60cd31c8ff386f0476121741e751","stateView":"0xf3334192d15450cdd385c8b70e03f9a6bd9e673b","tickLower":12000,"tickUpper":18000}	{"ok": true, "feeGrowthInside0X128": "1225282192022223803200666140789984778", "feeGrowthInside1X128": "5977344364125370567634322812578806681"}
{"blockNumber":"2647847","poolId":"0xb2a6d67bf3fc511d11cac788a531655f5a7b60cd31c8ff386f0476121741e751","stateView":"0xf3334192d15450cdd385c8b70e03f9a6bd9e673b","tickLower":12000,"tickUpper":18000}	{"ok": true, "feeGrowthInside0X128": "1225411661054034815816756524031625966", "feeGrowthInside1X128": "5977344364125370567634322812578806681"}
{"blockNumber":"2661504","poolId":"0xb2a6d67bf3fc511d11cac788a531655f5a7b60cd31c8ff386f0476121741e751","stateView":"0xf3334192d15450cdd385c8b70e03f9a6bd9e673b","tickLower":12000,"tickUpper":18000}	{"ok": true, "feeGrowthInside0X128": "1225490767583966470108496394999185920", "feeGrowthInside1X128": "5980726538223997660261351242357049644"}
{"blockNumber":"2662580","poolId":"0xb2a6d67bf3fc511d11cac788a531655f5a7b60cd31c8ff386f0476121741e751","stateView":"0xf3334192d15450cdd385c8b70e03f9a6bd9e673b","tickLower":12000,"tickUpper":18000}	{"ok": true, "feeGrowthInside0X128": "1225490767583966470108496394999185920", "feeGrowthInside1X128": "5980726538223997660261351242357049644"}
{"blockNumber":"2663722","poolId":"0xb2a6d67bf3fc511d11cac788a531655f5a7b60cd31c8ff386f0476121741e751","stateView":"0xf3334192d15450cdd385c8b70e03f9a6bd9e673b","tickLower":12000,"tickUpper":18000}	{"ok": true, "feeGrowthInside0X128": "1225490767583966470108496394999185920", "feeGrowthInside1X128": "5980726538223997660261351242357049644"}
{"blockNumber":"2667386","poolId":"0xb2a6d67bf3fc511d11cac788a531655f5a7b60cd31c8ff386f0476121741e751","stateView":"0xf3334192d15450cdd385c8b70e03f9a6bd9e673b","tickLower":12000,"tickUpper":18000}	{"ok": true, "feeGrowthInside0X128": "1225490767583966470108496394999185920", "feeGrowthInside1X128": "5980726538223997660261351242357049644"}
{"blockNumber":"2670893","poolId":"0xb2a6d67bf3fc511d11cac788a531655f5a7b60cd31c8ff386f0476121741e751","stateView":"0xf3334192d15450cdd385c8b70e03f9a6bd9e673b","tickLower":12000,"tickUpper":18000}	{"ok": true, "feeGrowthInside0X128": "1225490767583966470108496394999185920", "feeGrowthInside1X128": "5980726538223997660261351242357049644"}
{"blockNumber":"2692193","poolId":"0xb2a6d67bf3fc511d11cac788a531655f5a7b60cd31c8ff386f0476121741e751","stateView":"0xf3334192d15450cdd385c8b70e03f9a6bd9e673b","tickLower":10000,"tickUpper":16000}	{"ok": true, "feeGrowthInside0X128": "8442280606536824571966420653991932645", "feeGrowthInside1X128": "39447632495529456421632487005821611109"}
{"blockNumber":"2646693","poolId":"0x387bf619da4d3fb62bb276482693dba1b9b3520f573cabdfe033384a24125982","stateView":"0xf3334192d15450cdd385c8b70e03f9a6bd9e673b","tickLower":-208500,"tickUpper":-194640}	{"ok": true, "feeGrowthInside0X128": "0", "feeGrowthInside1X128": "0"}
{"blockNumber":"2648593","poolId":"0xef5672974ad552f1ce24f2873f3e4237e82d44780ef623b6a239db42b08a7d5c","stateView":"0xf3334192d15450cdd385c8b70e03f9a6bd9e673b","tickLower":-203000,"tickUpper":-201200}	{"ok": true, "feeGrowthInside0X128": "5748350430815530304787017603380183716032", "feeGrowthInside1X128": "16180315750084125457042224370984"}
{"blockNumber":"2654359","poolId":"0x387bf619da4d3fb62bb276482693dba1b9b3520f573cabdfe033384a24125982","stateView":"0xf3334192d15450cdd385c8b70e03f9a6bd9e673b","tickLower":-203720,"tickUpper":-199750}	{"ok": true, "feeGrowthInside0X128": "50970502049323212023639402525397946349", "feeGrowthInside1X128": "108361588395141577908572578020"}
{"blockNumber":"2654903","poolId":"0x387bf619da4d3fb62bb276482693dba1b9b3520f573cabdfe033384a24125982","stateView":"0xf3334192d15450cdd385c8b70e03f9a6bd9e673b","tickLower":-201640,"tickUpper":-201580}	{"ok": true, "feeGrowthInside0X128": "125897544025412058530504530806222530377", "feeGrowthInside1X128": "229318236258148037223365624173"}
{"blockNumber":"2666187","poolId":"0x387bf619da4d3fb62bb276482693dba1b9b3520f573cabdfe033384a24125982","stateView":"0xf3334192d15450cdd385c8b70e03f9a6bd9e673b","tickLower":-201640,"tickUpper":-201580}	{"ok": true, "feeGrowthInside0X128": "0", "feeGrowthInside1X128": "0"}
{"blockNumber":"2667245","poolId":"0xab75e137d851202c01cc43a8d766cdc4b4227e5b4ad25146933a39bfc4b52d1c","stateView":"0xf3334192d15450cdd385c8b70e03f9a6bd9e673b","tickLower":-208496,"tickUpper":-194624}	{"ok": true, "feeGrowthInside0X128": "0", "feeGrowthInside1X128": "0"}
{"blockNumber":"2669113","poolId":"0x387bf619da4d3fb62bb276482693dba1b9b3520f573cabdfe033384a24125982","stateView":"0xf3334192d15450cdd385c8b70e03f9a6bd9e673b","tickLower":-203720,"tickUpper":-199810}	{"ok": true, "feeGrowthInside0X128": "116472269679758670602019444988705665287", "feeGrowthInside1X128": "210263091368417758058213506255"}
{"blockNumber":"2840264","poolId":"0x387bf619da4d3fb62bb276482693dba1b9b3520f573cabdfe033384a24125982","stateView":"0xf3334192d15450cdd385c8b70e03f9a6bd9e673b","tickLower":-203720,"tickUpper":-199810}	{"ok": true, "feeGrowthInside0X128": "362952936459780806444857292276964808416", "feeGrowthInside1X128": "687012802482222728417847617983"}
{"blockNumber":"2670024","poolId":"0x387bf619da4d3fb62bb276482693dba1b9b3520f573cabdfe033384a24125982","stateView":"0xf3334192d15450cdd385c8b70e03f9a6bd9e673b","tickLower":-203710,"tickUpper":-199810}	{"ok": true, "feeGrowthInside0X128": "127698965221031633501553048944740930465", "feeGrowthInside1X128": "222244149768871740498720537971"}
{"blockNumber":"2675634","poolId":"0x387bf619da4d3fb62bb276482693dba1b9b3520f573cabdfe033384a24125982","stateView":"0xf3334192d15450cdd385c8b70e03f9a6bd9e673b","tickLower":-203270,"tickUpper":-200110}	{"ok": true, "feeGrowthInside0X128": "0", "feeGrowthInside1X128": "0"}
{"blockNumber":"2752623","poolId":"0x387bf619da4d3fb62bb276482693dba1b9b3520f573cabdfe033384a24125982","stateView":"0xf3334192d15450cdd385c8b70e03f9a6bd9e673b","tickLower":-203270,"tickUpper":-200110}	{"ok": true, "feeGrowthInside0X128": "106912319396031498780410461445997936853", "feeGrowthInside1X128": "187689558823949287590341557839"}
{"blockNumber":"2691655","poolId":"0x387bf619da4d3fb62bb276482693dba1b9b3520f573cabdfe033384a24125982","stateView":"0xf3334192d15450cdd385c8b70e03f9a6bd9e673b","tickLower":-203410,"tickUpper":-200510}	{"ok": true, "feeGrowthInside0X128": "2349744804236946314591925550387710682061", "feeGrowthInside1X128": "4231257229632530283871114588974"}
{"blockNumber":"2692298","poolId":"0x387bf619da4d3fb62bb276482693dba1b9b3520f573cabdfe033384a24125982","stateView":"0xf3334192d15450cdd385c8b70e03f9a6bd9e673b","tickLower":-203190,"tickUpper":-200310}	{"ok": true, "feeGrowthInside0X128": "5542572754065813351625185543263548037237", "feeGrowthInside1X128": "9814292833506322922739000511419"}
{"blockNumber":"2692310","poolId":"0x387bf619da4d3fb62bb276482693dba1b9b3520f573cabdfe033384a24125982","stateView":"0xf3334192d15450cdd385c8b70e03f9a6bd9e673b","tickLower":-201550,"tickUpper":-201540}	{"ok": true, "feeGrowthInside0X128": "317684327811251241196404074541552971311", "feeGrowthInside1X128": "623314154196742579523542457872"}
{"blockNumber":"2693851","poolId":"0x387bf619da4d3fb62bb276482693dba1b9b3520f573cabdfe033384a24125982","stateView":"0xf3334192d15450cdd385c8b70e03f9a6bd9e673b","tickLower":-201550,"tickUpper":-201540}	{"ok": true, "feeGrowthInside0X128": "317684327811251241196404074541552971311", "feeGrowthInside1X128": "625282519707501941357271358753"}
{"blockNumber":"2694805","poolId":"0xab75e137d851202c01cc43a8d766cdc4b4227e5b4ad25146933a39bfc4b52d1c","stateView":"0xf3334192d15450cdd385c8b70e03f9a6bd9e673b","tickLower":-203776,"tickUpper":-199680}	{"ok": true, "feeGrowthInside0X128": "0", "feeGrowthInside1X128": "0"}
{"blockNumber":"2711465","poolId":"0x387bf619da4d3fb62bb276482693dba1b9b3520f573cabdfe033384a24125982","stateView":"0xf3334192d15450cdd385c8b70e03f9a6bd9e673b","tickLower":-203260,"tickUpper":-200600}	{"ok": true, "feeGrowthInside0X128": "4398753087661891015984929194239830688575", "feeGrowthInside1X128": "7727788592421553588133761679828"}
{"blockNumber":"2738474","poolId":"0x387bf619da4d3fb62bb276482693dba1b9b3520f573cabdfe033384a24125982","stateView":"0xf3334192d15450cdd385c8b70e03f9a6bd9e673b","tickLower":-887270,"tickUpper":887270}	{"ok": true, "feeGrowthInside0X128": "61586252588155291775868678223402828941809", "feeGrowthInside1X128": "110971397690108517947173075223646"}
{"blockNumber":"2741613","poolId":"0xdd5458c88d3de32b83514b9448bbfaa7f8df1d5f0a00939c95df4a5ceee53bf6","stateView":"0xf3334192d15450cdd385c8b70e03f9a6bd9e673b","tickLower":-218000,"tickUpper":-216000}	{"ok": true, "feeGrowthInside0X128": "1151979900147664160424951815534189907425503", "feeGrowthInside1X128": "429865500587320196917330805089260"}
{"blockNumber":"2758040","poolId":"0x387bf619da4d3fb62bb276482693dba1b9b3520f573cabdfe033384a24125982","stateView":"0xf3334192d15450cdd385c8b70e03f9a6bd9e673b","tickLower":-202830,"tickUpper":-200320}	{"ok": true, "feeGrowthInside0X128": "0", "feeGrowthInside1X128": "0"}
{"blockNumber":"2766625","poolId":"0x387bf619da4d3fb62bb276482693dba1b9b3520f573cabdfe033384a24125982","stateView":"0xf3334192d15450cdd385c8b70e03f9a6bd9e673b","tickLower":-202970,"tickUpper":-200960}	{"ok": true, "feeGrowthInside0X128": "3078579897248919883208749716606196936067", "feeGrowthInside1X128": "5496528994154275645082673069711"}
{"blockNumber":"2767108","poolId":"0x387bf619da4d3fb62bb276482693dba1b9b3520f573cabdfe033384a24125982","stateView":"0xf3334192d15450cdd385c8b70e03f9a6bd9e673b","tickLower":-202970,"tickUpper":-200960}	{"ok": true, "feeGrowthInside0X128": "61653401774045929984015227855006124760911", "feeGrowthInside1X128": "111089772335289717585580372718823"}
{"blockNumber":"2773782","poolId":"0xef5672974ad552f1ce24f2873f3e4237e82d44780ef623b6a239db42b08a7d5c","stateView":"0xf3334192d15450cdd385c8b70e03f9a6bd9e673b","tickLower":-202200,"tickUpper":-201000}	{"ok": true, "feeGrowthInside0X128": "6314846588750704318759059848837569123296", "feeGrowthInside1X128": "15654702419172775895444951994689"}
{"blockNumber":"2844101","poolId":"0x387bf619da4d3fb62bb276482693dba1b9b3520f573cabdfe033384a24125982","stateView":"0xf3334192d15450cdd385c8b70e03f9a6bd9e673b","tickLower":-201630,"tickUpper":-201380}	{"ok": true, "feeGrowthInside0X128": "713171061033076192262964711648059888729", "feeGrowthInside1X128": "1245140898834562999574199550957"}
{"blockNumber":"2875207","poolId":"0x387bf619da4d3fb62bb276482693dba1b9b3520f573cabdfe033384a24125982","stateView":"0xf3334192d15450cdd385c8b70e03f9a6bd9e673b","tickLower":-208530,"tickUpper":-194660}	{"ok": true, "feeGrowthInside0X128": "1488229203798917144635581558921989911496", "feeGrowthInside1X128": "2683165348367656130349873345749"}
{"blockNumber":"2889941","poolId":"0x387bf619da4d3fb62bb276482693dba1b9b3520f573cabdfe033384a24125982","stateView":"0xf3334192d15450cdd385c8b70e03f9a6bd9e673b","tickLower":-202160,"tickUpper":-201400}	{"ok": true, "feeGrowthInside0X128": "0", "feeGrowthInside1X128": "0"}
{"blockNumber":"2890226","poolId":"0x387bf619da4d3fb62bb276482693dba1b9b3520f573cabdfe033384a24125982","stateView":"0xf3334192d15450cdd385c8b70e03f9a6bd9e673b","tickLower":-202160,"tickUpper":-201400}	{"ok": true, "feeGrowthInside0X128": "0", "feeGrowthInside1X128": "0"}
{"blockNumber":"2909464","poolId":"0x387bf619da4d3fb62bb276482693dba1b9b3520f573cabdfe033384a24125982","stateView":"0xf3334192d15450cdd385c8b70e03f9a6bd9e673b","tickLower":-203620,"tickUpper":-199560}	{"ok": true, "feeGrowthInside0X128": "0", "feeGrowthInside1X128": "0"}
{"blockNumber":"2910293","poolId":"0x387bf619da4d3fb62bb276482693dba1b9b3520f573cabdfe033384a24125982","stateView":"0xf3334192d15450cdd385c8b70e03f9a6bd9e673b","tickLower":-203620,"tickUpper":-199560}	{"ok": true, "feeGrowthInside0X128": "0", "feeGrowthInside1X128": "11694442276198630096999095698"}
{"blockNumber":"2914647","poolId":"0x387bf619da4d3fb62bb276482693dba1b9b3520f573cabdfe033384a24125982","stateView":"0xf3334192d15450cdd385c8b70e03f9a6bd9e673b","tickLower":-203210,"tickUpper":-199920}	{"ok": true, "feeGrowthInside0X128": "2440389444632052853812529000501714087015", "feeGrowthInside1X128": "4408483554197999340389561914694"}
{"blockNumber":"2914861","poolId":"0xef5672974ad552f1ce24f2873f3e4237e82d44780ef623b6a239db42b08a7d5c","stateView":"0xf3334192d15450cdd385c8b70e03f9a6bd9e673b","tickLower":-207600,"tickUpper":-201000}	{"ok": true, "feeGrowthInside0X128": "61527110733532644760856790963593310825743", "feeGrowthInside1X128": "112432912821363035867671233670246"}
{"blockNumber":"2668923","poolId":"0x74739c7ee5dda3695d01575c32371eff16e7b831e37517d1a99b568749143e7a","stateView":"0xf3334192d15450cdd385c8b70e03f9a6bd9e673b","tickLower":119100,"tickUpper":132960}	{"ok": true, "feeGrowthInside0X128": "0", "feeGrowthInside1X128": "0"}
{"blockNumber":"2722223","poolId":"0x5501f1e70a9a3c56f57880c18d095a63f4e1b50e9def646e7f3c6633d49db550","stateView":"0xf3334192d15450cdd385c8b70e03f9a6bd9e673b","tickLower":122000,"tickUpper":128000}	{"ok": true, "feeGrowthInside0X128": "7011845409598351836560307140363946", "feeGrowthInside1X128": "3249316220681709604422026511920867316981"}
{"blockNumber":"2760633","poolId":"0x5501f1e70a9a3c56f57880c18d095a63f4e1b50e9def646e7f3c6633d49db550","stateView":"0xf3334192d15450cdd385c8b70e03f9a6bd9e673b","tickLower":122000,"tickUpper":128000}	{"ok": true, "feeGrowthInside0X128": "17749535491403080178057024845816635", "feeGrowthInside1X128": "6150446149389966261121480355523978319937"}
{"blockNumber":"2730218","poolId":"0x74739c7ee5dda3695d01575c32371eff16e7b831e37517d1a99b568749143e7a","stateView":"0xf3334192d15450cdd385c8b70e03f9a6bd9e673b","tickLower":-887220,"tickUpper":887220}	{"ok": true, "feeGrowthInside0X128": "13625345110622392000910459659930735", "feeGrowthInside1X128": "4714177239789737928698472890815218980614"}
{"blockNumber":"2878880","poolId":"0x180a157161d1bd195464409273e273d7ad08d15849b4fd94aa524bc8f0951cfe","stateView":"0xf3334192d15450cdd385c8b70e03f9a6bd9e673b","tickLower":-885000,"tickUpper":885000}	{"ok": true, "feeGrowthInside0X128": "4176049047591224805352613815991266338462764198", "feeGrowthInside1X128": "52225427623967611470474938651399"}
{"blockNumber":"2895981","poolId":"0x180a157161d1bd195464409273e273d7ad08d15849b4fd94aa524bc8f0951cfe","stateView":"0xf3334192d15450cdd385c8b70e03f9a6bd9e673b","tickLower":-885000,"tickUpper":885000}	{"ok": true, "feeGrowthInside0X128": "4176049047591224805352613815991266338462764198", "feeGrowthInside1X128": "52225427623967611470474938651399"}
{"blockNumber":"2896441","poolId":"0x156bee88b4782c2f78633cc4599ff4d29a882499c190f709aba6b8495d86dd63","stateView":"0xf3334192d15450cdd385c8b70e03f9a6bd9e673b","tickLower":-885000,"tickUpper":885000}	{"ok": true, "feeGrowthInside0X128": "0", "feeGrowthInside1X128": "0"}
{"blockNumber":"2711653","poolId":"0xa95732060867f07aa9b8ae9a4b7b8d737bc3374f1dfbb952759c5ed676e8737c","stateView":"0xf3334192d15450cdd385c8b70e03f9a6bd9e673b","tickLower":282060,"tickUpper":288900}	{"ok": true, "feeGrowthInside0X128": "0", "feeGrowthInside1X128": "0"}
{"blockNumber":"2739480","poolId":"0xaebd4eaafb332cdba49060f5d27dfcb2383ff34336fd6ca3a2014b165ca89702","stateView":"0xf3334192d15450cdd385c8b70e03f9a6bd9e673b","tickLower":-881600,"tickUpper":881600}	{"ok": true, "feeGrowthInside0X128": "0", "feeGrowthInside1X128": "0"}
{"blockNumber":"2830811","poolId":"0xa95732060867f07aa9b8ae9a4b7b8d737bc3374f1dfbb952759c5ed676e8737c","stateView":"0xf3334192d15450cdd385c8b70e03f9a6bd9e673b","tickLower":278520,"tickUpper":283860}	{"ok": true, "feeGrowthInside0X128": "326650167395812069116136022562", "feeGrowthInside1X128": "564156001584823271362110826356154926663853"}
{"blockNumber":"2681970","poolId":"0x97ab3c0d4b7ed8244dae434fb039160116d2f5721ce2d0b693a6d05aed823eac","stateView":"0xf3334192d15450cdd385c8b70e03f9a6bd9e673b","tickLower":349000,"tickUpper":363000}	{"ok": true, "feeGrowthInside0X128": "1591577687464591514840627132202", "feeGrowthInside1X128": "2341737809356356846126142440276348362734630538"}
{"blockNumber":"2727823","poolId":"0xcfba52bca80addea0bce3f80aa5b18ecbcf977dd735d58b639f1aaf35bfb19f1","stateView":"0xf3334192d15450cdd385c8b70e03f9a6bd9e673b","tickLower":136000,"tickUpper":160000}	{"ok": true, "feeGrowthInside0X128": "8066669003563898629161705899061665", "feeGrowthInside1X128": "52591869536509805264229589339420934499325"}
{"blockNumber":"2728164","poolId":"0xcfba52bca80addea0bce3f80aa5b18ecbcf977dd735d58b639f1aaf35bfb19f1","stateView":"0xf3334192d15450cdd385c8b70e03f9a6bd9e673b","tickLower":136000,"tickUpper":160000}	{"ok": true, "feeGrowthInside0X128": "8066669003563898629161705899061665", "feeGrowthInside1X128": "52591869536509805264229589339420934499325"}
{"blockNumber":"2728358","poolId":"0xcfba52bca80addea0bce3f80aa5b18ecbcf977dd735d58b639f1aaf35bfb19f1","stateView":"0xf3334192d15450cdd385c8b70e03f9a6bd9e673b","tickLower":136000,"tickUpper":152000}	{"ok": true, "feeGrowthInside0X128": "0", "feeGrowthInside1X128": "0"}
{"blockNumber":"2738648","poolId":"0xcfba52bca80addea0bce3f80aa5b18ecbcf977dd735d58b639f1aaf35bfb19f1","stateView":"0xf3334192d15450cdd385c8b70e03f9a6bd9e673b","tickLower":-884000,"tickUpper":884000}	{"ok": true, "feeGrowthInside0X128": "60477242427507274524105314434688710", "feeGrowthInside1X128": "147294229650913797478057777274674076797118"}
{"blockNumber":"2911091","poolId":"0xcfba52bca80addea0bce3f80aa5b18ecbcf977dd735d58b639f1aaf35bfb19f1","stateView":"0xf3334192d15450cdd385c8b70e03f9a6bd9e673b","tickLower":-884000,"tickUpper":884000}	{"ok": true, "feeGrowthInside0X128": "70179578990800654632543964178267984", "feeGrowthInside1X128": "179902373800502745969687213067992102669824"}
{"blockNumber":"2738833","poolId":"0x2884fff0db108632b3592c13616430984de38a3042d259ad68c3a363e5fe16a0","stateView":"0xf3334192d15450cdd385c8b70e03f9a6bd9e673b","tickLower":-885600,"tickUpper":885600}	{"ok": true, "feeGrowthInside0X128": "16340439026145521879820852434313103", "feeGrowthInside1X128": "105328038011775067401149260509003988015261"}
{"blockNumber":"2749085","poolId":"0x97ab3c0d4b7ed8244dae434fb039160116d2f5721ce2d0b693a6d05aed823eac","stateView":"0xf3334192d15450cdd385c8b70e03f9a6bd9e673b","tickLower":350000,"tickUpper":360000}	{"ok": true, "feeGrowthInside0X128": "331005531846156178289752311834", "feeGrowthInside1X128": "1049345610943517627226336755957121255293439821"}
{"blockNumber":"2821318","poolId":"0x97ab3c0d4b7ed8244dae434fb039160116d2f5721ce2d0b693a6d05aed823eac","stateView":"0xf3334192d15450cdd385c8b70e03f9a6bd9e673b","tickLower":350000,"tickUpper":360000}	{"ok": true, "feeGrowthInside0X128": "408960056278354454773225053878", "feeGrowthInside1X128": "1297324361136546382614226974402041556714189970"}
{"blockNumber":"2910876","poolId":"0x97ab3c0d4b7ed8244dae434fb039160116d2f5721ce2d0b693a6d05aed823eac","stateView":"0xf3334192d15450cdd385c8b70e03f9a6bd9e673b","tickLower":350000,"tickUpper":360000}	{"ok": true, "feeGrowthInside0X128": "2042199478903831185097286272922", "feeGrowthInside1X128": "3533383860450442480404491911004545777471519464"}
{"blockNumber":"2761942","poolId":"0xa5f23cae4e5c3388c5a8a6b08a83f53e56df8f1a63757e606b362994b68a2361","stateView":"0xf3334192d15450cdd385c8b70e03f9a6bd9e673b","tickLower":-276338,"tickUpper":-276331}	{"ok": true, "feeGrowthInside0X128": "0", "feeGrowthInside1X128": "0"}
{"blockNumber":"2762140","poolId":"0xa5f23cae4e5c3388c5a8a6b08a83f53e56df8f1a63757e606b362994b68a2361","stateView":"0xf3334192d15450cdd385c8b70e03f9a6bd9e673b","tickLower":-276338,"tickUpper":-276331}	{"ok": true, "feeGrowthInside0X128": "0", "feeGrowthInside1X128": "0"}
{"blockNumber":"2763007","poolId":"0xa5f23cae4e5c3388c5a8a6b08a83f53e56df8f1a63757e606b362994b68a2361","stateView":"0xf3334192d15450cdd385c8b70e03f9a6bd9e673b","tickLower":-276338,"tickUpper":-276332}	{"ok": true, "feeGrowthInside0X128": "167640478782798926475322943602635", "feeGrowthInside1X128": "169333815755012339586"}
{"blockNumber":"2763088","poolId":"0xa5f23cae4e5c3388c5a8a6b08a83f53e56df8f1a63757e606b362994b68a2361","stateView":"0xf3334192d15450cdd385c8b70e03f9a6bd9e673b","tickLower":-276338,"tickUpper":-276332}	{"ok": true, "feeGrowthInside0X128": "167640478782798926475322943602635", "feeGrowthInside1X128": "169333815755012339586"}
{"blockNumber":"2763783","poolId":"0xa5f23cae4e5c3388c5a8a6b08a83f53e56df8f1a63757e606b362994b68a2361","stateView":"0xf3334192d15450cdd385c8b70e03f9a6bd9e673b","tickLower":-276338,"tickUpper":-276332}	{"ok": true, "feeGrowthInside0X128": "335441723683800247761539953101826", "feeGrowthInside1X128": "338667567056541236214"}
{"blockNumber":"2763874","poolId":"0xa5f23cae4e5c3388c5a8a6b08a83f53e56df8f1a63757e606b362994b68a2361","stateView":"0xf3334192d15450cdd385c8b70e03f9a6bd9e673b","tickLower":-276338,"tickUpper":-276332}	{"ok": true, "feeGrowthInside0X128": "335441723683800247761539953101826", "feeGrowthInside1X128": "338667567056541236214"}
{"blockNumber":"2764352","poolId":"0xa5f23cae4e5c3388c5a8a6b08a83f53e56df8f1a63757e606b362994b68a2361","stateView":"0xf3334192d15450cdd385c8b70e03f9a6bd9e673b","tickLower":-276338,"tickUpper":-276332}	{"ok": true, "feeGrowthInside0X128": "503242905853218482896725380873642", "feeGrowthInside1X128": "1185336001297109611686"}
{"blockNumber":"2764452","poolId":"0xa5f23cae4e5c3388c5a8a6b08a83f53e56df8f1a63757e606b362994b68a2361","stateView":"0xf3334192d15450cdd385c8b70e03f9a6bd9e673b","tickLower":-276338,"tickUpper":-276332}	{"ok": true, "feeGrowthInside0X128": "503242905853218482896725380873642", "feeGrowthInside1X128": "1185336001297109611686"}
{"blockNumber":"2765869","poolId":"0xa5f23cae4e5c3388c5a8a6b08a83f53e56df8f1a63757e606b362994b68a2361","stateView":"0xf3334192d15450cdd385c8b70e03f9a6bd9e673b","tickLower":-276338,"tickUpper":-276332}	{"ok": true, "feeGrowthInside0X128": "1342589365760882974116042580995052", "feeGrowthInside1X128": "2692403336320620769949"}
{"blockNumber":"2765961","poolId":"0xa5f23cae4e5c3388c5a8a6b08a83f53e56df8f1a63757e606b362994b68a2361","stateView":"0xf3334192d15450cdd385c8b70e03f9a6bd9e673b","tickLower":-276338,"tickUpper":-276332}	{"ok": true, "feeGrowthInside0X128": "1342589365760882974116042580995052", "feeGrowthInside1X128": "2692403336320620769949"}
{"blockNumber":"2767905","poolId":"0xa5f23cae4e5c3388c5a8a6b08a83f53e56df8f1a63757e606b362994b68a2361","stateView":"0xf3334192d15450cdd385c8b70e03f9a6bd9e673b","tickLower":-276338,"tickUpper":-276332}	{"ok": true, "feeGrowthInside0X128": "2096968410190583352780387697802091", "feeGrowthInside1X128": "3454402369934999731882"}
{"blockNumber":"2771623","poolId":"0xa5f23cae4e5c3388c5a8a6b08a83f53e56df8f1a63757e606b362994b68a2361","stateView":"0xf3334192d15450cdd385c8b70e03f9a6bd9e673b","tickLower":-276338,"tickUpper":-276332}	{"ok": true, "feeGrowthInside0X128": "3987628678515475389596826252552906", "feeGrowthInside1X128": "4216270868882074903378"}
{"blockNumber":"2677485","poolId":"0x0fbd1aab9d8af6c6bbffbbc72be2c02e9d45e0833211482ddcdf96f3bb3acb6a","stateView":"0xf3334192d15450cdd385c8b70e03f9a6bd9e673b","tickLower":347400,"tickUpper":368400}	{"ok": true, "feeGrowthInside0X128": "59461629204988928365916822581", "feeGrowthInside1X128": "97262261869799869748427708638382622030288078"}
{"blockNumber":"2677940","poolId":"0x0fbd1aab9d8af6c6bbffbbc72be2c02e9d45e0833211482ddcdf96f3bb3acb6a","stateView":"0xf3334192d15450cdd385c8b70e03f9a6bd9e673b","tickLower":349200,"tickUpper":368400}	{"ok": true, "feeGrowthInside0X128": "0", "feeGrowthInside1X128": "0"}
{"blockNumber":"2817488","poolId":"0x0fbd1aab9d8af6c6bbffbbc72be2c02e9d45e0833211482ddcdf96f3bb3acb6a","stateView":"0xf3334192d15450cdd385c8b70e03f9a6bd9e673b","tickLower":349200,"tickUpper":368400}	{"ok": true, "feeGrowthInside0X128": "110410049678137448758861260388", "feeGrowthInside1X128": "262278009527930118589833559350999831219800169"}
{"blockNumber":"2683074","poolId":"0x0fbd1aab9d8af6c6bbffbbc72be2c02e9d45e0833211482ddcdf96f3bb3acb6a","stateView":"0xf3334192d15450cdd385c8b70e03f9a6bd9e673b","tickLower":346200,"tickUpper":358200}	{"ok": true, "feeGrowthInside0X128": "6654249946871342487784598738190", "feeGrowthInside1X128": "6299538821030258971965706156656608398581127677"}
{"blockNumber":"2700191","poolId":"0x0fbd1aab9d8af6c6bbffbbc72be2c02e9d45e0833211482ddcdf96f3bb3acb6a","stateView":"0xf3334192d15450cdd385c8b70e03f9a6bd9e673b","tickLower":349800,"tickUpper":361800}	{"ok": true, "feeGrowthInside0X128": "3790506753995798744935364238", "feeGrowthInside1X128": "5967120338059636938102610105268013737689169"}
{"blockNumber":"2879719","poolId":"0x0fbd1aab9d8af6c6bbffbbc72be2c02e9d45e0833211482ddcdf96f3bb3acb6a","stateView":"0xf3334192d15450cdd385c8b70e03f9a6bd9e673b","tickLower":349800,"tickUpper":361800}	{"ok": true, "feeGrowthInside0X128": "144596883343551412479689973541", "feeGrowthInside1X128": "271041649966690752839756101417649895656824433"}
{"blockNumber":"2892470","poolId":"0x0fbd1aab9d8af6c6bbffbbc72be2c02e9d45e0833211482ddcdf96f3bb3acb6a","stateView":"0xf3334192d15450cdd385c8b70e03f9a6bd9e673b","tickLower":349800,"tickUpper":361800}	{"ok": true, "feeGrowthInside0X128": "157018092104911672712501399931", "feeGrowthInside1X128": "291253454651271918659871455431627560149273067"}
{"blockNumber":"2912462","poolId":"0x0fbd1aab9d8af6c6bbffbbc72be2c02e9d45e0833211482ddcdf96f3bb3acb6a","stateView":"0xf3334192d15450cdd385c8b70e03f9a6bd9e673b","tickLower":349800,"tickUpper":361800}	{"ok": true, "feeGrowthInside0X128": "157018092104911672712501399931", "feeGrowthInside1X128": "291253454651271918659871455431627560149273067"}
{"blockNumber":"2915033","poolId":"0x0fbd1aab9d8af6c6bbffbbc72be2c02e9d45e0833211482ddcdf96f3bb3acb6a","stateView":"0xf3334192d15450cdd385c8b70e03f9a6bd9e673b","tickLower":349800,"tickUpper":361800}	{"ok": true, "feeGrowthInside0X128": "157018092104911672712501399931", "feeGrowthInside1X128": "291253454651271918659871455431627560149273067"}
{"blockNumber":"2706046","poolId":"0x0fbd1aab9d8af6c6bbffbbc72be2c02e9d45e0833211482ddcdf96f3bb3acb6a","stateView":"0xf3334192d15450cdd385c8b70e03f9a6bd9e673b","tickLower":349200,"tickUpper":363000}	{"ok": true, "feeGrowthInside0X128": "8877365824806495379400013187", "feeGrowthInside1X128": "13127215517653651448848044231669655364873957"}
{"blockNumber":"2891394","poolId":"0x0fbd1aab9d8af6c6bbffbbc72be2c02e9d45e0833211482ddcdf96f3bb3acb6a","stateView":"0xf3334192d15450cdd385c8b70e03f9a6bd9e673b","tickLower":349200,"tickUpper":363000}	{"ok": true, "feeGrowthInside0X128": "0", "feeGrowthInside1X128": "0"}
{"blockNumber":"2717904","poolId":"0x0fbd1aab9d8af6c6bbffbbc72be2c02e9d45e0833211482ddcdf96f3bb3acb6a","stateView":"0xf3334192d15450cdd385c8b70e03f9a6bd9e673b","tickLower":345600,"tickUpper":352800}	{"ok": true, "feeGrowthInside0X128": "0", "feeGrowthInside1X128": "0"}
{"blockNumber":"2736134","poolId":"0x0fbd1aab9d8af6c6bbffbbc72be2c02e9d45e0833211482ddcdf96f3bb3acb6a","stateView":"0xf3334192d15450cdd385c8b70e03f9a6bd9e673b","tickLower":336600,"tickUpper":353400}	{"ok": true, "feeGrowthInside0X128": "6690656306559262163919444061579", "feeGrowthInside1X128": "6387658599714529932298459838433149662989791997"}
{"blockNumber":"2821150","poolId":"0x0fbd1aab9d8af6c6bbffbbc72be2c02e9d45e0833211482ddcdf96f3bb3acb6a","stateView":"0xf3334192d15450cdd385c8b70e03f9a6bd9e673b","tickLower":352200,"tickUpper":375000}	{"ok": true, "feeGrowthInside0X128": "0", "feeGrowthInside1X128": "0"}
{"blockNumber":"2821981","poolId":"0x0fbd1aab9d8af6c6bbffbbc72be2c02e9d45e0833211482ddcdf96f3bb3acb6a","stateView":"0xf3334192d15450cdd385c8b70e03f9a6bd9e673b","tickLower":343800,"tickUpper":354000}	{"ok": true, "feeGrowthInside0X128": "469371684174528562930120271745", "feeGrowthInside1X128": "791279806436935378711530176343542274900731210"}
{"blockNumber":"2910821","poolId":"0x0fbd1aab9d8af6c6bbffbbc72be2c02e9d45e0833211482ddcdf96f3bb3acb6a","stateView":"0xf3334192d15450cdd385c8b70e03f9a6bd9e673b","tickLower":347400,"tickUpper":354000}	{"ok": true, "feeGrowthInside0X128": "309591461153136599820064020323", "feeGrowthInside1X128": "503590062840533296137647146305282066950008085"}
{"blockNumber":"2829157","poolId":"0x0fbd1aab9d8af6c6bbffbbc72be2c02e9d45e0833211482ddcdf96f3bb3acb6a","stateView":"0xf3334192d15450cdd385c8b70e03f9a6bd9e673b","tickLower":348000,"tickUpper":360000}	{"ok": true, "feeGrowthInside0X128": "6792663632536589991464009505751", "feeGrowthInside1X128": "6604091179039349186684664023189459981565101343"}
{"blockNumber":"2881769","poolId":"0x0fbd1aab9d8af6c6bbffbbc72be2c02e9d45e0833211482ddcdf96f3bb3acb6a","stateView":"0xf3334192d15450cdd385c8b70e03f9a6bd9e673b","tickLower":350400,"tickUpper":362400}	{"ok": true, "feeGrowthInside0X128": "0", "feeGrowthInside1X128": "0"}
{"blockNumber":"2892228","poolId":"0x0fbd1aab9d8af6c6bbffbbc72be2c02e9d45e0833211482ddcdf96f3bb3acb6a","stateView":"0xf3334192d15450cdd385c8b70e03f9a6bd9e673b","tickLower":348600,"tickUpper":362400}	{"ok": true, "feeGrowthInside0X128": "0", "feeGrowthInside1X128": "0"}
{"blockNumber":"2892311","poolId":"0x0fbd1aab9d8af6c6bbffbbc72be2c02e9d45e0833211482ddcdf96f3bb3acb6a","stateView":"0xf3334192d15450cdd385c8b70e03f9a6bd9e673b","tickLower":348600,"tickUpper":362400}	{"ok": true, "feeGrowthInside0X128": "0", "feeGrowthInside1X128": "0"}
{"blockNumber":"2915153","poolId":"0x0fbd1aab9d8af6c6bbffbbc72be2c02e9d45e0833211482ddcdf96f3bb3acb6a","stateView":"0xf3334192d15450cdd385c8b70e03f9a6bd9e673b","tickLower":348600,"tickUpper":359400}	{"ok": true, "feeGrowthInside0X128": "0", "feeGrowthInside1X128": "0"}
{"blockNumber":"2916006","poolId":"0x4893a925e4818940e4646fc55cee1d291e0e0c0d46838d2f9620be3d785a8111","stateView":"0xf3334192d15450cdd385c8b70e03f9a6bd9e673b","tickLower":125400,"tickUpper":165000}	{"ok": true, "feeGrowthInside0X128": "375897581830530482829403835083335225", "feeGrowthInside1X128": "830557889679245030856633879128773030941051"}
{"blockNumber":"2914165","poolId":"0xb3c49dcba2e9440c7d1a74d10362763de9116044018111dd7dce78f2d53439b5","stateView":"0xf3334192d15450cdd385c8b70e03f9a6bd9e673b","tickLower":-880000,"tickUpper":880000}	{"ok": true, "feeGrowthInside0X128": "115453723920772859931327278156672", "feeGrowthInside1X128": "172730293144748511793222640168868662206489"}
{"blockNumber":"2672729","poolId":"0x3bb34a44f1b2b5f32c034c38a53065a521a47b199700fa9bd19d60985ff24bf1","stateView":"0xf3334192d15450cdd385c8b70e03f9a6bd9e673b","tickLower":218880,"tickUpper":230460}	{"ok": true, "feeGrowthInside0X128": "0", "feeGrowthInside1X128": "0"}
{"blockNumber":"2702541","poolId":"0x22ffeb5d19130dd5f7ce9a9dd86ff842794ad75ea1e3929765de25bd50441e82","stateView":"0xf3334192d15450cdd385c8b70e03f9a6bd9e673b","tickLower":-883200,"tickUpper":883200}	{"ok": true, "feeGrowthInside0X128": "0", "feeGrowthInside1X128": "96344778462677680472268156154721256623451"}
{"blockNumber":"2738741","poolId":"0x06173e10255fca9d77a279c4a39f1dd7ff9e57aede29d63740ec8bf49ae05366","stateView":"0xf3334192d15450cdd385c8b70e03f9a6bd9e673b","tickLower":-881400,"tickUpper":881400}	{"ok": true, "feeGrowthInside0X128": "1779669893852483780789831907643545991784", "feeGrowthInside1X128": "15815229042311973506304202898528089382"}
{"blockNumber":"2878679","poolId":"0x717c26219480e9ef6bf4c85bba4f694df776f8e78318e0cb27dbc3a2e91bf15c","stateView":"0xf3334192d15450cdd385c8b70e03f9a6bd9e673b","tickLower":-881400,"tickUpper":881400}	{"ok": true, "feeGrowthInside0X128": "8224024353840460834696932678610450", "feeGrowthInside1X128": "785080879991523486865911369532078002191689"}
{"blockNumber":"2895727","poolId":"0x717c26219480e9ef6bf4c85bba4f694df776f8e78318e0cb27dbc3a2e91bf15c","stateView":"0xf3334192d15450cdd385c8b70e03f9a6bd9e673b","tickLower":-881400,"tickUpper":881400}	{"ok": true, "feeGrowthInside0X128": "8224024353840460834696932678610450", "feeGrowthInside1X128": "785080879991523486865911369532078002191689"}
{"blockNumber":"2739159","poolId":"0xb25e496b7b471844f96c4dd85d76230fcb74cd04176446bb564456622f69b2e4","stateView":"0xf3334192d15450cdd385c8b70e03f9a6bd9e673b","tickLower":-881400,"tickUpper":881400}	{"ok": true, "feeGrowthInside0X128": "78274656777122822591507005015873674", "feeGrowthInside1X128": "23005291030360501467819734762955846310502"}
{"blockNumber":"2739247","poolId":"0x13c7c3fa2468e45f1608f7a2ce99eeb4325a69cfbdc00a04af25e688fb0b1c7e","stateView":"0xf3334192d15450cdd385c8b70e03f9a6bd9e673b","tickLower":-885000,"tickUpper":885000}	{"ok": true, "feeGrowthInside0X128": "497702369669902827726811113223518074", "feeGrowthInside1X128": "13766301900130942420437270397873308596779294"}
{"blockNumber":"2739567","poolId":"0xfcefa0784b6ea6731b7e3c98abb3aa3702798ac738644d130735e0cd50970cef","stateView":"0xf3334192d15450cdd385c8b70e03f9a6bd9e673b","tickLower":-882000,"tickUpper":882000}	{"ok": true, "feeGrowthInside0X128": "29565987988769766487335961682317579", "feeGrowthInside1X128": "2345181734291516621501958449019072010147081"}
{"blockNumber":"2878505","poolId":"0x23bd2ce7add637f953d46307c84119b1e507a10d2155c2477ea3503d74cfe4eb","stateView":"0xf3334192d15450cdd385c8b70e03f9a6bd9e673b","tickLower":-881600,"tickUpper":881600}	{"ok": true, "feeGrowthInside0X128": "784021040658318894948856159143", "feeGrowthInside1X128": "44971443849955528376539598815569497813583285057"}
{"blockNumber":"2895670","poolId":"0x23bd2ce7add637f953d46307c84119b1e507a10d2155c2477ea3503d74cfe4eb","stateView":"0xf3334192d15450cdd385c8b70e03f9a6bd9e673b","tickLower":-881600,"tickUpper":881600}	{"ok": true, "feeGrowthInside0X128": "784021040658318894948856159143", "feeGrowthInside1X128": "44971443849955528376539598815569497813583285057"}
{"blockNumber":"2895888","poolId":"0x7bec00d81bf0b8a13949d718cf97640f44a7a33f386a1bdb710898227393e152","stateView":"0xf3334192d15450cdd385c8b70e03f9a6bd9e673b","tickLower":154800,"tickUpper":162000}	{"ok": true, "feeGrowthInside0X128": "114371962964117639530926815108022", "feeGrowthInside1X128": "7889333249015672304244426355362480980376"}
{"blockNumber":"2896279","poolId":"0x1428ab56ed03634d4c666ff1cba0c3e2a3a7b5299e2b987efab21606827d1384","stateView":"0xf3334192d15450cdd385c8b70e03f9a6bd9e673b","tickLower":-885000,"tickUpper":885000}	{"ok": true, "feeGrowthInside0X128": "20644539786166494654682959391244780", "feeGrowthInside1X128": "1424549233874908136335140742233186305990993"}
{"blockNumber":"2896336","poolId":"0x55383c2843575722a44dfe494e3539d9c3376ca554cdc9f91e189b4b1006cb91","stateView":"0xf3334192d15450cdd385c8b70e03f9a6bd9e673b","tickLower":-885000,"tickUpper":885000}	{"ok": true, "feeGrowthInside0X128": "8063001610142908561457886981734938", "feeGrowthInside1X128": "416797133086789101242775144616992648052000"}
{"blockNumber":"2896383","poolId":"0x1449c80ebabe6ffc9ceb75f2e4a8e426c60e548cc0ebda798b945ad51c886e49","stateView":"0xf3334192d15450cdd385c8b70e03f9a6bd9e673b","tickLower":-885000,"tickUpper":885000}	{"ok": true, "feeGrowthInside0X128": "11354406590866452931411924603590627", "feeGrowthInside1X128": "495952151228444796183201762782446805762653"}
{"blockNumber":"2914261","poolId":"0x2889f2e099aff8a009246604fcf3ecd11e4a22473f27233d8e2009282c2ff09f","stateView":"0xf3334192d15450cdd385c8b70e03f9a6bd9e673b","tickLower":-880000,"tickUpper":880000}	{"ok": true, "feeGrowthInside0X128": "0", "feeGrowthInside1X128": "895361963856474265829974495444267670063338"}
{"blockNumber":"2914296","poolId":"0x2889f2e099aff8a009246604fcf3ecd11e4a22473f27233d8e2009282c2ff09f","stateView":"0xf3334192d15450cdd385c8b70e03f9a6bd9e673b","tickLower":-880000,"tickUpper":880000}	{"ok": true, "feeGrowthInside0X128": "0", "feeGrowthInside1X128": "895361963856474265829974495444267670063338"}
{"blockNumber":"2646666","poolId":"0x11e7da0e50f9d2d840b12c8f6b407cfeb808080e417307d2f72134a8e5c7e488","stateView":"0xf3334192d15450cdd385c8b70e03f9a6bd9e673b","tickLower":-882000,"tickUpper":882000}	{"ok": true, "feeGrowthInside0X128": "0", "feeGrowthInside1X128": "0"}
{"blockNumber":"2648711","poolId":"0x9b3cbaa7c0b13f100591e0404748ab6b6d2ae2c3c089ca0f85b5bbbb12b71b1c","stateView":"0xf3334192d15450cdd385c8b70e03f9a6bd9e673b","tickLower":-201960,"tickUpper":-201330}	{"ok": true, "feeGrowthInside0X128": "0", "feeGrowthInside1X128": "0"}
{"blockNumber":"2661292","poolId":"0xfb9de165b374d4602c85afc298dcd44086d5ae884bbc82f2bb0fbf536b7e705a","stateView":"0xf3334192d15450cdd385c8b70e03f9a6bd9e673b","tickLower":-884000,"tickUpper":884000}	{"ok": true, "feeGrowthInside0X128": "0", "feeGrowthInside1X128": "0"}
{"blockNumber":"2664512","poolId":"0x285abaa14c3fa7a030e781b97e7827eaa2cda4537837425b0bf3e601a84aad37","stateView":"0xf3334192d15450cdd385c8b70e03f9a6bd9e673b","tickLower":-884000,"tickUpper":884000}	{"ok": true, "feeGrowthInside0X128": "0", "feeGrowthInside1X128": "0"}
{"blockNumber":"2668616","poolId":"0x5293ce7bc6903bd7485cefee2afd383da071b0b44cae2cca19fd08af6ed62d3f","stateView":"0xf3334192d15450cdd385c8b70e03f9a6bd9e673b","tickLower":-884000,"tickUpper":884000}	{"ok": true, "feeGrowthInside0X128": "0", "feeGrowthInside1X128": "0"}
{"blockNumber":"2670479","poolId":"0x8517f8071ae5b831b738052f12125e8e3d6c158b78728aa44ce3b25e5104d32e","stateView":"0xf3334192d15450cdd385c8b70e03f9a6bd9e673b","tickLower":-218820,"tickUpper":-214740}	{"ok": true, "feeGrowthInside0X128": "0", "feeGrowthInside1X128": "0"}
{"blockNumber":"2671176","poolId":"0x8517f8071ae5b831b738052f12125e8e3d6c158b78728aa44ce3b25e5104d32e","stateView":"0xf3334192d15450cdd385c8b70e03f9a6bd9e673b","tickLower":-218820,"tickUpper":-214740}	{"ok": true, "feeGrowthInside0X128": "0", "feeGrowthInside1X128": "126845551650267895680373098229"}
{"blockNumber":"2701022","poolId":"0xe42b2f3bbc840a6eced806176c096bfb2fea5650a7870dc1dad1da7fa8a8860d","stateView":"0xf3334192d15450cdd385c8b70e03f9a6bd9e673b","tickLower":0,"tickUpper":46000}	{"ok": true, "feeGrowthInside0X128": "0", "feeGrowthInside1X128": "0"}
{"blockNumber":"2706828","poolId":"0xa8dc856b121f0b90cac9a29930a549c95de73326783598671e8475474d1c5a1b","stateView":"0xf3334192d15450cdd385c8b70e03f9a6bd9e673b","tickLower":-883200,"tickUpper":883200}	{"ok": true, "feeGrowthInside0X128": "0", "feeGrowthInside1X128": "0"}
{"blockNumber":"2707270","poolId":"0xc10e498c08b7d760dfe3d7985788c2e3c35f54a4a4f78cb87cc6cf777e038a96","stateView":"0xf3334192d15450cdd385c8b70e03f9a6bd9e673b","tickLower":-887200,"tickUpper":68800}	{"ok": true, "feeGrowthInside0X128": "0", "feeGrowthInside1X128": "0"}
{"blockNumber":"2707957","poolId":"0x96f62932f78f8d7be9c1f905c1f1aa0f0f750acc03d40ca6c3c34fce8e503783","stateView":"0xf3334192d15450cdd385c8b70e03f9a6bd9e673b","tickLower":-887200,"tickUpper":68800}	{"ok": true, "feeGrowthInside0X128": "0", "feeGrowthInside1X128": "0"}
{"blockNumber":"2716548","poolId":"0xa8dc856b121f0b90cac9a29930a549c95de73326783598671e8475474d1c5a1b","stateView":"0xf3334192d15450cdd385c8b70e03f9a6bd9e673b","tickLower":-883200,"tickUpper":883200}	{"ok": true, "feeGrowthInside0X128": "0", "feeGrowthInside1X128": "0"}
{"blockNumber":"2730109","poolId":"0xfaba8cade45728ad820913380fe8b7aaf6e8d9cde951ea69f68911a13f73f991","stateView":"0xf3334192d15450cdd385c8b70e03f9a6bd9e673b","tickLower":-887220,"tickUpper":235620}	{"ok": true, "feeGrowthInside0X128": "0", "feeGrowthInside1X128": "0"}
{"blockNumber":"2732448","poolId":"0x48497e862696cbafbe1c26cb0bdbf03d0216cf097328b7538a08a8c6ef6a2139","stateView":"0xf3334192d15450cdd385c8b70e03f9a6bd9e673b","tickLower":-883200,"tickUpper":883200}	{"ok": true, "feeGrowthInside0X128": "0", "feeGrowthInside1X128": "0"}
{"blockNumber":"2733201","poolId":"0xe42b2f3bbc840a6eced806176c096bfb2fea5650a7870dc1dad1da7fa8a8860d","stateView":"0xf3334192d15450cdd385c8b70e03f9a6bd9e673b","tickLower":0,"tickUpper":46000}	{"ok": true, "feeGrowthInside0X128": "0", "feeGrowthInside1X128": "0"}
{"blockNumber":"2736919","poolId":"0x2830517d27041456a7e70f3fd1afb577a5ecd503a20390ccb7f4378a9ce33d81","stateView":"0xf3334192d15450cdd385c8b70e03f9a6bd9e673b","tickLower":-886000,"tickUpper":886000}	{"ok": true, "feeGrowthInside0X128": "0", "feeGrowthInside1X128": "0"}
{"blockNumber":"2738235","poolId":"0x2830517d27041456a7e70f3fd1afb577a5ecd503a20390ccb7f4378a9ce33d81","stateView":"0xf3334192d15450cdd385c8b70e03f9a6bd9e673b","tickLower":-886000,"tickUpper":886000}	{"ok": true, "feeGrowthInside0X128": "177337544672420272732278191918373", "feeGrowthInside1X128": "0"}
{"blockNumber":"2739707","poolId":"0x4fc49fdd548c397b6cee656c26f36ff07e561100b50dc3b8a6865955bb8a4070","stateView":"0xf3334192d15450cdd385c8b70e03f9a6bd9e673b","tickLower":-883200,"tickUpper":883200}	{"ok": true, "feeGrowthInside0X128": "0", "feeGrowthInside1X128": "0"}
{"blockNumber":"2742743","poolId":"0x2830517d27041456a7e70f3fd1afb577a5ecd503a20390ccb7f4378a9ce33d81","stateView":"0xf3334192d15450cdd385c8b70e03f9a6bd9e673b","tickLower":-886000,"tickUpper":886000}	{"ok": true, "feeGrowthInside0X128": "177337544672420272732278191918373", "feeGrowthInside1X128": "11705818568241085893028711550857090942045"}
{"blockNumber":"2743583","poolId":"0xda3aadbcd72a3e8e20ff90e45ef7dd3ed01c285aba7769cc364a8167015526f9","stateView":"0xf3334192d15450cdd385c8b70e03f9a6bd9e673b","tickLower":-883200,"tickUpper":883200}	{"ok": true, "feeGrowthInside0X128": "0", "feeGrowthInside1X128": "0"}
{"blockNumber":"2763974","poolId":"0xe42b2f3bbc840a6eced806176c096bfb2fea5650a7870dc1dad1da7fa8a8860d","stateView":"0xf3334192d15450cdd385c8b70e03f9a6bd9e673b","tickLower":0,"tickUpper":46000}	{"ok": true, "feeGrowthInside0X128": "0", "feeGrowthInside1X128": "0"}
{"blockNumber":"2770166","poolId":"0x1dd7db2203c78d7831c87fb14c72dfacb1d05d272b30211b2cd40ab6bb2cf3a1","stateView":"0xf3334192d15450cdd385c8b70e03f9a6bd9e673b","tickLower":-882000,"tickUpper":882000}	{"ok": true, "feeGrowthInside0X128": "0", "feeGrowthInside1X128": "0"}
{"blockNumber":"2775220","poolId":"0x48497e862696cbafbe1c26cb0bdbf03d0216cf097328b7538a08a8c6ef6a2139","stateView":"0xf3334192d15450cdd385c8b70e03f9a6bd9e673b","tickLower":-883200,"tickUpper":883200}	{"ok": true, "feeGrowthInside0X128": "0", "feeGrowthInside1X128": "0"}
{"blockNumber":"2776473","poolId":"0x48497e862696cbafbe1c26cb0bdbf03d0216cf097328b7538a08a8c6ef6a2139","stateView":"0xf3334192d15450cdd385c8b70e03f9a6bd9e673b","tickLower":-883200,"tickUpper":883200}	{"ok": true, "feeGrowthInside0X128": "0", "feeGrowthInside1X128": "0"}
{"blockNumber":"2778831","poolId":"0x70644b060cd3967e98f4c2011fc3eefaa4dfd63a879fe7de8ec6724cbe3949a6","stateView":"0xf3334192d15450cdd385c8b70e03f9a6bd9e673b","tickLower":169200,"tickUpper":184200}	{"ok": true, "feeGrowthInside0X128": "0", "feeGrowthInside1X128": "0"}
{"blockNumber":"2779156","poolId":"0x70644b060cd3967e98f4c2011fc3eefaa4dfd63a879fe7de8ec6724cbe3949a6","stateView":"0xf3334192d15450cdd385c8b70e03f9a6bd9e673b","tickLower":169200,"tickUpper":184200}	{"ok": true, "feeGrowthInside0X128": "0", "feeGrowthInside1X128": "0"}
{"blockNumber":"2783955","poolId":"0x2495639bc25df874e12b6553307844919247fed83bda43cbc9cea2e3d0e6a8c8","stateView":"0xf3334192d15450cdd385c8b70e03f9a6bd9e673b","tickLower":-882000,"tickUpper":882000}	{"ok": true, "feeGrowthInside0X128": "0", "feeGrowthInside1X128": "0"}
{"blockNumber":"2801443","poolId":"0x2495639bc25df874e12b6553307844919247fed83bda43cbc9cea2e3d0e6a8c8","stateView":"0xf3334192d15450cdd385c8b70e03f9a6bd9e673b","tickLower":-882000,"tickUpper":882000}	{"ok": true, "feeGrowthInside0X128": "0", "feeGrowthInside1X128": "0"}
{"blockNumber":"2802054","poolId":"0x2495639bc25df874e12b6553307844919247fed83bda43cbc9cea2e3d0e6a8c8","stateView":"0xf3334192d15450cdd385c8b70e03f9a6bd9e673b","tickLower":-882000,"tickUpper":882000}	{"ok": true, "feeGrowthInside0X128": "0", "feeGrowthInside1X128": "0"}
{"blockNumber":"2803110","poolId":"0x548496e41918befc07eff5b9030b65c6e55fc3efa66a7c22a501bbffb1296796","stateView":"0xf3334192d15450cdd385c8b70e03f9a6bd9e673b","tickLower":-880000,"tickUpper":880000}	{"ok": true, "feeGrowthInside0X128": "0", "feeGrowthInside1X128": "0"}
{"blockNumber":"2807992","poolId":"0x2830517d27041456a7e70f3fd1afb577a5ecd503a20390ccb7f4378a9ce33d81","stateView":"0xf3334192d15450cdd385c8b70e03f9a6bd9e673b","tickLower":-886000,"tickUpper":886000}	{"ok": true, "feeGrowthInside0X128": "177337544672420272732278191918373", "feeGrowthInside1X128": "132755847752707842676013916047620750998817"}
{"blockNumber":"2808440","poolId":"0x548496e41918befc07eff5b9030b65c6e55fc3efa66a7c22a501bbffb1296796","stateView":"0xf3334192d15450cdd385c8b70e03f9a6bd9e673b","tickLower":-880000,"tickUpper":880000}	{"ok": true, "feeGrowthInside0X128": "24601808242146829980809976649762088284557369", "feeGrowthInside1X128": "892032238522782053398368387730027816"}
{"blockNumber":"2810421","poolId":"0xff66e664e63c880ffb2e204cf745b9aaa5ec2aa340cfdfe9ba709d9e0448c82e","stateView":"0xf3334192d15450cdd385c8b70e03f9a6bd9e673b","tickLower":-884800,"tickUpper":884800}	{"ok": true, "feeGrowthInside0X128": "0", "feeGrowthInside1X128": "0"}
{"blockNumber":"2813209","poolId":"0xf75b9f132cf0fdef57bcc30524eaba83bf76783722e1bd2a3f522a0666b64737","stateView":"0xf3334192d15450cdd385c8b70e03f9a6bd9e673b","tickLower":-880000,"tickUpper":880000}	{"ok": true, "feeGrowthInside0X128": "0", "feeGrowthInside1X128": "0"}
{"blockNumber":"2846276","poolId":"0xe42b2f3bbc840a6eced806176c096bfb2fea5650a7870dc1dad1da7fa8a8860d","stateView":"0xf3334192d15450cdd385c8b70e03f9a6bd9e673b","tickLower":0,"tickUpper":46000}	{"ok": true, "feeGrowthInside0X128": "0", "feeGrowthInside1X128": "0"}
{"blockNumber":"2856976","poolId":"0xa8a1fbf10f537f6b124c0ecabd5d1a30ab2d744f5729f709e9e98334f3239100","stateView":"0xf3334192d15450cdd385c8b70e03f9a6bd9e673b","tickLower":-887200,"tickUpper":68800}	{"ok": true, "feeGrowthInside0X128": "0", "feeGrowthInside1X128": "0"}
{"blockNumber":"2863291","poolId":"0xa8a1fbf10f537f6b124c0ecabd5d1a30ab2d744f5729f709e9e98334f3239100","stateView":"0xf3334192d15450cdd385c8b70e03f9a6bd9e673b","tickLower":-887200,"tickUpper":68800}	{"ok": true, "feeGrowthInside0X128": "126967800404612276984780972234657011", "feeGrowthInside1X128": "8631596196839105673811440146313212713"}
{"blockNumber":"2875881","poolId":"0xc774c935a377dcf6279618c3a8ecee97421cce202787659108c077a6962a4e96","stateView":"0xf3334192d15450cdd385c8b70e03f9a6bd9e673b","tickLower":-887200,"tickUpper":887200}	{"ok": true, "feeGrowthInside0X128": "0", "feeGrowthInside1X128": "0"}
{"blockNumber":"2878013","poolId":"0x890e73645d4994ce36be58701dd4c9ad76c2079c1f2866bf29a45f94b3d6e960","stateView":"0xf3334192d15450cdd385c8b70e03f9a6bd9e673b","tickLower":-883200,"tickUpper":883200}	{"ok": true, "feeGrowthInside0X128": "0", "feeGrowthInside1X128": "0"}
{"blockNumber":"2879031","poolId":"0xa8a1fbf10f537f6b124c0ecabd5d1a30ab2d744f5729f709e9e98334f3239100","stateView":"0xf3334192d15450cdd385c8b70e03f9a6bd9e673b","tickLower":-887200,"tickUpper":68800}	{"ok": true, "feeGrowthInside0X128": "229515439394618052905555196359084510", "feeGrowthInside1X128": "42973637677236182895993767039818823068"}
{"blockNumber":"2879363","poolId":"0xa8a1fbf10f537f6b124c0ecabd5d1a30ab2d744f5729f709e9e98334f3239100","stateView":"0xf3334192d15450cdd385c8b70e03f9a6bd9e673b","tickLower":-887200,"tickUpper":68800}	{"ok": true, "feeGrowthInside0X128": "229515439394618052905555196359084510", "feeGrowthInside1X128": "42973637677236182895993767039818823068"}
{"blockNumber":"2879484","poolId":"0xa8a1fbf10f537f6b124c0ecabd5d1a30ab2d744f5729f709e9e98334f3239100","stateView":"0xf3334192d15450cdd385c8b70e03f9a6bd9e673b","tickLower":-887200,"tickUpper":68800}	{"ok": true, "feeGrowthInside0X128": "229515439394618052905555196359084510", "feeGrowthInside1X128": "42973637677236182895993767039818823068"}
{"blockNumber":"2880004","poolId":"0x9122d31ed6c4c3def10cd88f3b9ffd64b850cd4abb5ec356f78aa5e0f1b8325c","stateView":"0xf3334192d15450cdd385c8b70e03f9a6bd9e673b","tickLower":-885000,"tickUpper":885000}	{"ok": true, "feeGrowthInside0X128": "0", "feeGrowthInside1X128": "0"}
{"blockNumber":"2898112","poolId":"0xa8a1fbf10f537f6b124c0ecabd5d1a30ab2d744f5729f709e9e98334f3239100","stateView":"0xf3334192d15450cdd385c8b70e03f9a6bd9e673b","tickLower":-887200,"tickUpper":68800}	{"ok": true, "feeGrowthInside0X128": "235917112591127151617068342576204835", "feeGrowthInside1X128": "44830429538534529738504041982390740598"}
{"blockNumber":"2904124","poolId":"0xdece2112948ae11ddda95f6ae97e250161c3c0b36c6f59bcc8904e5a085454a9","stateView":"0xf3334192d15450cdd385c8b70e03f9a6bd9e673b","tickLower":-887220,"tickUpper":887220}	{"ok": true, "feeGrowthInside0X128": "0", "feeGrowthInside1X128": "0"}
{"blockNumber":"2904848","poolId":"0xa8a1fbf10f537f6b124c0ecabd5d1a30ab2d744f5729f709e9e98334f3239100","stateView":"0xf3334192d15450cdd385c8b70e03f9a6bd9e673b","tickLower":-887200,"tickUpper":68800}	{"ok": true, "feeGrowthInside0X128": "291641338025677488305887908875718659", "feeGrowthInside1X128": "47865472225929273388215631905232588597"}
{"blockNumber":"2907183","poolId":"0xa8a1fbf10f537f6b124c0ecabd5d1a30ab2d744f5729f709e9e98334f3239100","stateView":"0xf3334192d15450cdd385c8b70e03f9a6bd9e673b","tickLower":-887200,"tickUpper":68800}	{"ok": true, "feeGrowthInside0X128": "291752502660237627051764031836840434", "feeGrowthInside1X128": "51998985726298104377274032409809912160"}
{"blockNumber":"2908876","poolId":"0xa8a1fbf10f537f6b124c0ecabd5d1a30ab2d744f5729f709e9e98334f3239100","stateView":"0xf3334192d15450cdd385c8b70e03f9a6bd9e673b","tickLower":-887200,"tickUpper":68800}	{"ok": true, "feeGrowthInside0X128": "291752502660237627051764031836840434", "feeGrowthInside1X128": "52000715801855620974595224490032152604"}
{"blockNumber":"2908976","poolId":"0xa8a1fbf10f537f6b124c0ecabd5d1a30ab2d744f5729f709e9e98334f3239100","stateView":"0xf3334192d15450cdd385c8b70e03f9a6bd9e673b","tickLower":-887200,"tickUpper":68800}	{"ok": true, "feeGrowthInside0X128": "291752502660237627051764031836840434", "feeGrowthInside1X128": "52000715801855620974595224490032152604"}
{"blockNumber":"3091270","poolId":"0x22ffeb5d19130dd5f7ce9a9dd86ff842794ad75ea1e3929765de25bd50441e82","stateView":"0xf3334192d15450cdd385c8b70e03f9a6bd9e673b","tickLower":-883200,"tickUpper":883200}	{"ok": true, "feeGrowthInside0X128": "32696255318193392925398926749867241", "feeGrowthInside1X128": "96344778462677680472268156154721256623451"}
{"blockNumber":"2940317","poolId":"0xa8a1fbf10f537f6b124c0ecabd5d1a30ab2d744f5729f709e9e98334f3239100","stateView":"0xf3334192d15450cdd385c8b70e03f9a6bd9e673b","tickLower":-887200,"tickUpper":68800}	{"ok": true, "feeGrowthInside0X128": "364197500406873764074367247274321877", "feeGrowthInside1X128": "57616196288569217205096266247543490032"}
{"blockNumber":"2961677","poolId":"0xa8a1fbf10f537f6b124c0ecabd5d1a30ab2d744f5729f709e9e98334f3239100","stateView":"0xf3334192d15450cdd385c8b70e03f9a6bd9e673b","tickLower":-887200,"tickUpper":68800}	{"ok": true, "feeGrowthInside0X128": "366193447823326531835705199261581512", "feeGrowthInside1X128": "61259588550669406834683698866165519327"}
{"blockNumber":"2961946","poolId":"0xa8a1fbf10f537f6b124c0ecabd5d1a30ab2d744f5729f709e9e98334f3239100","stateView":"0xf3334192d15450cdd385c8b70e03f9a6bd9e673b","tickLower":-887200,"tickUpper":68800}	{"ok": true, "feeGrowthInside0X128": "366193447823326531835705199261581512", "feeGrowthInside1X128": "61259588550669406834683698866165519327"}
{"blockNumber":"2964980","poolId":"0xa8a1fbf10f537f6b124c0ecabd5d1a30ab2d744f5729f709e9e98334f3239100","stateView":"0xf3334192d15450cdd385c8b70e03f9a6bd9e673b","tickLower":-887200,"tickUpper":68800}	{"ok": true, "feeGrowthInside0X128": "383231541349754919110164452767335165", "feeGrowthInside1X128": "61259588550669406834683698866165519327"}
{"blockNumber":"2972130","poolId":"0xa8a1fbf10f537f6b124c0ecabd5d1a30ab2d744f5729f709e9e98334f3239100","stateView":"0xf3334192d15450cdd385c8b70e03f9a6bd9e673b","tickLower":-887200,"tickUpper":68800}	{"ok": true, "feeGrowthInside0X128": "383886323151973496088846676917119607", "feeGrowthInside1X128": "61303657927651485305044764990038067309"}
{"blockNumber":"2977790","poolId":"0xa8a1fbf10f537f6b124c0ecabd5d1a30ab2d744f5729f709e9e98334f3239100","stateView":"0xf3334192d15450cdd385c8b70e03f9a6bd9e673b","tickLower":-887200,"tickUpper":68800}	{"ok": true, "feeGrowthInside0X128": "413109719383753596004792629087376007", "feeGrowthInside1X128": "63176754792701543607115886700119111288"}
{"blockNumber":"2977896","poolId":"0xa8a1fbf10f537f6b124c0ecabd5d1a30ab2d744f5729f709e9e98334f3239100","stateView":"0xf3334192d15450cdd385c8b70e03f9a6bd9e673b","tickLower":-887200,"tickUpper":68800}	{"ok": true, "feeGrowthInside0X128": "413109719383753596004792629087376007", "feeGrowthInside1X128": "63176754792701543607115886700119111288"}
{"blockNumber":"2978543","poolId":"0xa8a1fbf10f537f6b124c0ecabd5d1a30ab2d744f5729f709e9e98334f3239100","stateView":"0xf3334192d15450cdd385c8b70e03f9a6bd9e673b","tickLower":-887200,"tickUpper":68800}	{"ok": true, "feeGrowthInside0X128": "418360889809305731111582640509367194", "feeGrowthInside1X128": "63889082274947673927967500934219291836"}
{"blockNumber":"2983333","poolId":"0xa8a1fbf10f537f6b124c0ecabd5d1a30ab2d744f5729f709e9e98334f3239100","stateView":"0xf3334192d15450cdd385c8b70e03f9a6bd9e673b","tickLower":-887200,"tickUpper":68800}	{"ok": true, "feeGrowthInside0X128": "420258312723071902596836097969846675", "feeGrowthInside1X128": "64042323836244875121285023492645821351"}
{"blockNumber":"3040057","poolId":"0xa8a1fbf10f537f6b124c0ecabd5d1a30ab2d744f5729f709e9e98334f3239100","stateView":"0xf3334192d15450cdd385c8b70e03f9a6bd9e673b","tickLower":-887200,"tickUpper":68800}	{"ok": true, "feeGrowthInside0X128": "565795429058497956246001538452956379", "feeGrowthInside1X128": "77338242687923792977961628483364961259"}
{"blockNumber":"3041569","poolId":"0xa8a1fbf10f537f6b124c0ecabd5d1a30ab2d744f5729f709e9e98334f3239100","stateView":"0xf3334192d15450cdd385c8b70e03f9a6bd9e673b","tickLower":-887200,"tickUpper":68800}	{"ok": true, "feeGrowthInside0X128": "587012279262749007182526837127668245", "feeGrowthInside1X128": "77338242687923792977961628483364961259"}
{"blockNumber":"3042306","poolId":"0xa8a1fbf10f537f6b124c0ecabd5d1a30ab2d744f5729f709e9e98334f3239100","stateView":"0xf3334192d15450cdd385c8b70e03f9a6bd9e673b","tickLower":-887200,"tickUpper":68800}	{"ok": true, "feeGrowthInside0X128": "593335881577015945773902596407139047", "feeGrowthInside1X128": "77900731535960829731531776112591329586"}
{"blockNumber":"3042855","poolId":"0xa8a1fbf10f537f6b124c0ecabd5d1a30ab2d744f5729f709e9e98334f3239100","stateView":"0xf3334192d15450cdd385c8b70e03f9a6bd9e673b","tickLower":-887200,"tickUpper":68800}	{"ok": true, "feeGrowthInside0X128": "593335881577015945773902596407139047", "feeGrowthInside1X128": "83953545267595276360501014472485051730"}
{"blockNumber":"3042992","poolId":"0xa8a1fbf10f537f6b124c0ecabd5d1a30ab2d744f5729f709e9e98334f3239100","stateView":"0xf3334192d15450cdd385c8b70e03f9a6bd9e673b","tickLower":-887200,"tickUpper":68800}	{"ok": true, "feeGrowthInside0X128": "593934654910255706799632522929354458", "feeGrowthInside1X128": "84246050647612343707323142424922977528"}
{"blockNumber":"3045060","poolId":"0xa8a1fbf10f537f6b124c0ecabd5d1a30ab2d744f5729f709e9e98334f3239100","stateView":"0xf3334192d15450cdd385c8b70e03f9a6bd9e673b","tickLower":-887200,"tickUpper":68800}	{"ok": true, "feeGrowthInside0X128": "619140272952905955312224577754912150", "feeGrowthInside1X128": "86333705172570068064700054468987729131"}
{"blockNumber":"3049138","poolId":"0xa8a1fbf10f537f6b124c0ecabd5d1a30ab2d744f5729f709e9e98334f3239100","stateView":"0xf3334192d15450cdd385c8b70e03f9a6bd9e673b","tickLower":-887200,"tickUpper":68800}	{"ok": true, "feeGrowthInside0X128": "621702844120575397244338103328843849", "feeGrowthInside1X128": "87535331471297133068303741777804857988"}
{"blockNumber":"3053206","poolId":"0xa8a1fbf10f537f6b124c0ecabd5d1a30ab2d744f5729f709e9e98334f3239100","stateView":"0xf3334192d15450cdd385c8b70e03f9a6bd9e673b","tickLower":-887200,"tickUpper":68800}	{"ok": true, "feeGrowthInside0X128": "621830145221800903549957255120892120", "feeGrowthInside1X128": "87541733206026096199165307946991920495"}
{"blockNumber":"3053644","poolId":"0xa8a1fbf10f537f6b124c0ecabd5d1a30ab2d744f5729f709e9e98334f3239100","stateView":"0xf3334192d15450cdd385c8b70e03f9a6bd9e673b","tickLower":-887200,"tickUpper":68800}	{"ok": true, "feeGrowthInside0X128": "621871241458452832924452334552278317", "feeGrowthInside1X128": "87541733206026096199165307946991920495"}
{"blockNumber":"3067169","poolId":"0xa8a1fbf10f537f6b124c0ecabd5d1a30ab2d744f5729f709e9e98334f3239100","stateView":"0xf3334192d15450cdd385c8b70e03f9a6bd9e673b","tickLower":-887200,"tickUpper":68800}	{"ok": true, "feeGrowthInside0X128": "628843164342941032841025846839974242", "feeGrowthInside1X128": "88951192774204611276502809329283906129"}
{"blockNumber":"3067827","poolId":"0xa8a1fbf10f537f6b124c0ecabd5d1a30ab2d744f5729f709e9e98334f3239100","stateView":"0xf3334192d15450cdd385c8b70e03f9a6bd9e673b","tickLower":-887200,"tickUpper":68800}	{"ok": true, "feeGrowthInside0X128": "628843164342941032841025846839974242", "feeGrowthInside1X128": "88951192774204611276502809329283906129"}
{"blockNumber":"3070768","poolId":"0xa8a1fbf10f537f6b124c0ecabd5d1a30ab2d744f5729f709e9e98334f3239100","stateView":"0xf3334192d15450cdd385c8b70e03f9a6bd9e673b","tickLower":-887200,"tickUpper":68800}	{"ok": true, "feeGrowthInside0X128": "628843164342941032841025846839974242", "feeGrowthInside1X128": "90204214798390591335304804334792155867"}
{"blockNumber":"3075083","poolId":"0xa8a1fbf10f537f6b124c0ecabd5d1a30ab2d744f5729f709e9e98334f3239100","stateView":"0xf3334192d15450cdd385c8b70e03f9a6bd9e673b","tickLower":-887200,"tickUpper":68800}	{"ok": true, "feeGrowthInside0X128": "632307261125871555335667316869530884", "feeGrowthInside1X128": "90913046601397604512230971854239652156"}
{"blockNumber":"3080028","poolId":"0xa8a1fbf10f537f6b124c0ecabd5d1a30ab2d744f5729f709e9e98334f3239100","stateView":"0xf3334192d15450cdd385c8b70e03f9a6bd9e673b","tickLower":-887200,"tickUpper":68800}	{"ok": true, "feeGrowthInside0X128": "634110693393232894665271967256881392", "feeGrowthInside1X128": "94566306235814613399309998187010891992"}
{"blockNumber":"3080776","poolId":"0xa8a1fbf10f537f6b124c0ecabd5d1a30ab2d744f5729f709e9e98334f3239100","stateView":"0xf3334192d15450cdd385c8b70e03f9a6bd9e673b","tickLower":-887200,"tickUpper":68800}	{"ok": true, "feeGrowthInside0X128": "635179041856692993922044236365888417", "feeGrowthInside1X128": "94631961903181697719499789204491737706"}
{"blockNumber":"3086106","poolId":"0xa8a1fbf10f537f6b124c0ecabd5d1a30ab2d744f5729f709e9e98334f3239100","stateView":"0xf3334192d15450cdd385c8b70e03f9a6bd9e673b","tickLower":-887200,"tickUpper":68800}	{"ok": true, "feeGrowthInside0X128": "650167367430733087212073506160263586", "feeGrowthInside1X128": "95704047040854072627559552319283411543"}
{"blockNumber":"3088629","poolId":"0xa8a1fbf10f537f6b124c0ecabd5d1a30ab2d744f5729f709e9e98334f3239100","stateView":"0xf3334192d15450cdd385c8b70e03f9a6bd9e673b","tickLower":-887200,"tickUpper":68800}	{"ok": true, "feeGrowthInside0X128": "651801064896460418134185954158216399", "feeGrowthInside1X128": "95704047040854072627559552319283411543"}
{"blockNumber":"3095458","poolId":"0xa8a1fbf10f537f6b124c0ecabd5d1a30ab2d744f5729f709e9e98334f3239100","stateView":"0xf3334192d15450cdd385c8b70e03f9a6bd9e673b","tickLower":-887200,"tickUpper":68800}	{"ok": true, "feeGrowthInside0X128": "651946411645065502854142100333881595", "feeGrowthInside1X128": "97002985651830074117531634511917140234"}
{"blockNumber":"3098740","poolId":"0xa8a1fbf10f537f6b124c0ecabd5d1a30ab2d744f5729f709e9e98334f3239100","stateView":"0xf3334192d15450cdd385c8b70e03f9a6bd9e673b","tickLower":-887200,"tickUpper":68800}	{"ok": true, "feeGrowthInside0X128": "651989283987727171691262464880021891", "feeGrowthInside1X128": "97002985651830074117531634511917140234"}
{"blockNumber":"3122054","poolId":"0xa8a1fbf10f537f6b124c0ecabd5d1a30ab2d744f5729f709e9e98334f3239100","stateView":"0xf3334192d15450cdd385c8b70e03f9a6bd9e673b","tickLower":-887200,"tickUpper":68800}	{"ok": true, "feeGrowthInside0X128": "658468174728664022566466744556373152", "feeGrowthInside1X128": "97062514915823720337751420161088116265"}
{"blockNumber":"2920596","poolId":"0x387bf619da4d3fb62bb276482693dba1b9b3520f573cabdfe033384a24125982","stateView":"0xf3334192d15450cdd385c8b70e03f9a6bd9e673b","tickLower":-203200,"tickUpper":-199880}	{"ok": true, "feeGrowthInside0X128": "2056258083802258744703826881914891059227", "feeGrowthInside1X128": "3736973659600847274190495953658"}
{"blockNumber":"2931178","poolId":"0x387bf619da4d3fb62bb276482693dba1b9b3520f573cabdfe033384a24125982","stateView":"0xf3334192d15450cdd385c8b70e03f9a6bd9e673b","tickLower":-203210,"tickUpper":-199920}	{"ok": true, "feeGrowthInside0X128": "2479277757412015843675716132574351729343", "feeGrowthInside1X128": "4475957867411926063603767028664"}
{"blockNumber":"2937685","poolId":"0x387bf619da4d3fb62bb276482693dba1b9b3520f573cabdfe033384a24125982","stateView":"0xf3334192d15450cdd385c8b70e03f9a6bd9e673b","tickLower":-203210,"tickUpper":-199930}	{"ok": true, "feeGrowthInside0X128": "2491427306750058113543851025828851830381", "feeGrowthInside1X128": "4497304248149473461510872582513"}
{"blockNumber":"2982678","poolId":"0x387bf619da4d3fb62bb276482693dba1b9b3520f573cabdfe033384a24125982","stateView":"0xf3334192d15450cdd385c8b70e03f9a6bd9e673b","tickLower":-204190,"tickUpper":-199120}	{"ok": true, "feeGrowthInside0X128": "0", "feeGrowthInside1X128": "0"}
{"blockNumber":"2984022","poolId":"0x387bf619da4d3fb62bb276482693dba1b9b3520f573cabdfe033384a24125982","stateView":"0xf3334192d15450cdd385c8b70e03f9a6bd9e673b","tickLower":-203240,"tickUpper":-200010}	{"ok": true, "feeGrowthInside0X128": "0", "feeGrowthInside1X128": "0"}
{"blockNumber":"2984434","poolId":"0x387bf619da4d3fb62bb276482693dba1b9b3520f573cabdfe033384a24125982","stateView":"0xf3334192d15450cdd385c8b70e03f9a6bd9e673b","tickLower":-203240,"tickUpper":-200010}	{"ok": true, "feeGrowthInside0X128": "488725620569128182482888428341490821", "feeGrowthInside1X128": "0"}
{"blockNumber":"2984841","poolId":"0x387bf619da4d3fb62bb276482693dba1b9b3520f573cabdfe033384a24125982","stateView":"0xf3334192d15450cdd385c8b70e03f9a6bd9e673b","tickLower":-203240,"tickUpper":-200020}	{"ok": true, "feeGrowthInside0X128": "488725620569128182482888428341490821", "feeGrowthInside1X128": "0"}
{"blockNumber":"2985171","poolId":"0x387bf619da4d3fb62bb276482693dba1b9b3520f573cabdfe033384a24125982","stateView":"0xf3334192d15450cdd385c8b70e03f9a6bd9e673b","tickLower":-203240,"tickUpper":-200020}	{"ok": true, "feeGrowthInside0X128": "546494731090804455385368866974795847", "feeGrowthInside1X128": "0"}
{"blockNumber":"2985382","poolId":"0x387bf619da4d3fb62bb276482693dba1b9b3520f573cabdfe033384a24125982","stateView":"0xf3334192d15450cdd385c8b70e03f9a6bd9e673b","tickLower":-203240,"tickUpper":-200020}	{"ok": true, "feeGrowthInside0X128": "1363844030512034561330453608724676180", "feeGrowthInside1X128": "0"}
{"blockNumber":"2985644","poolId":"0x387bf619da4d3fb62bb276482693dba1b9b3520f573cabdfe033384a24125982","stateView":"0xf3334192d15450cdd385c8b70e03f9a6bd9e673b","tickLower":-203240,"tickUpper":-200020}	{"ok": true, "feeGrowthInside0X128": "1363844030512034561330453608724676180", "feeGrowthInside1X128": "0"}
{"blockNumber":"2985869","poolId":"0x387bf619da4d3fb62bb276482693dba1b9b3520f573cabdfe033384a24125982","stateView":"0xf3334192d15450cdd385c8b70e03f9a6bd9e673b","tickLower":-203240,"tickUpper":-200020}	{"ok": true, "feeGrowthInside0X128": "1363844030512034561330453608724676180", "feeGrowthInside1X128": "125235311559426142150410792"}
{"blockNumber":"2986328","poolId":"0x387bf619da4d3fb62bb276482693dba1b9b3520f573cabdfe033384a24125982","stateView":"0xf3334192d15450cdd385c8b70e03f9a6bd9e673b","tickLower":-203240,"tickUpper":-200020}	{"ok": true, "feeGrowthInside0X128": "1363844030512034561330453608724676180", "feeGrowthInside1X128": "685765087601070848169995322"}
{"blockNumber":"2986880","poolId":"0x387bf619da4d3fb62bb276482693dba1b9b3520f573cabdfe033384a24125982","stateView":"0xf3334192d15450cdd385c8b70e03f9a6bd9e673b","tickLower":-203240,"tickUpper":-200020}	{"ok": true, "feeGrowthInside0X128": "1363844030512034561330453608724676180", "feeGrowthInside1X128": "685765087601070848169995322"}
{"blockNumber":"3023284","poolId":"0x387bf619da4d3fb62bb276482693dba1b9b3520f573cabdfe033384a24125982","stateView":"0xf3334192d15450cdd385c8b70e03f9a6bd9e673b","tickLower":-203240,"tickUpper":-200020}	{"ok": true, "feeGrowthInside0X128": "303630287409064625130847162171943830578", "feeGrowthInside1X128": "542033298861655002203124975049"}
{"blockNumber":"3024139","poolId":"0x387bf619da4d3fb62bb276482693dba1b9b3520f573cabdfe033384a24125982","stateView":"0xf3334192d15450cdd385c8b70e03f9a6bd9e673b","tickLower":-203240,"tickUpper":-200020}	{"ok": true, "feeGrowthInside0X128": "304956614437036310273432211806892862098", "feeGrowthInside1X128": "542503992861401266361047125320"}
{"blockNumber":"3004437","poolId":"0x387bf619da4d3fb62bb276482693dba1b9b3520f573cabdfe033384a24125982","stateView":"0xf3334192d15450cdd385c8b70e03f9a6bd9e673b","tickLower":-203670,"tickUpper":-199700}	{"ok": true, "feeGrowthInside0X128": "0", "feeGrowthInside1X128": "0"}
{"blockNumber":"3005574","poolId":"0x387bf619da4d3fb62bb276482693dba1b9b3520f573cabdfe033384a24125982","stateView":"0xf3334192d15450cdd385c8b70e03f9a6bd9e673b","tickLower":-203670,"tickUpper":-199700}	{"ok": true, "feeGrowthInside0X128": "62087076397935071104565596723980241974914", "feeGrowthInside1X128": "111882696707433097990727084322082"}
{"blockNumber":"3014308","poolId":"0x387bf619da4d3fb62bb276482693dba1b9b3520f573cabdfe033384a24125982","stateView":"0xf3334192d15450cdd385c8b70e03f9a6bd9e673b","tickLower":-203670,"tickUpper":-199700}	{"ok": true, "feeGrowthInside0X128": "0", "feeGrowthInside1X128": "0"}
{"blockNumber":"3006027","poolId":"0x387bf619da4d3fb62bb276482693dba1b9b3520f573cabdfe033384a24125982","stateView":"0xf3334192d15450cdd385c8b70e03f9a6bd9e673b","tickLower":-203690,"tickUpper":-199750}	{"ok": true, "feeGrowthInside0X128": "0", "feeGrowthInside1X128": "0"}
{"blockNumber":"3008513","poolId":"0x387bf619da4d3fb62bb276482693dba1b9b3520f573cabdfe033384a24125982","stateView":"0xf3334192d15450cdd385c8b70e03f9a6bd9e673b","tickLower":-203690,"tickUpper":-199750}	{"ok": true, "feeGrowthInside0X128": "6871821382524296693586718810939562121", "feeGrowthInside1X128": "12337302719890761446999002168"}
{"blockNumber":"3009230","poolId":"0x387bf619da4d3fb62bb276482693dba1b9b3520f573cabdfe033384a24125982","stateView":"0xf3334192d15450cdd385c8b70e03f9a6bd9e673b","tickLower":-203690,"tickUpper":-199750}	{"ok": true, "feeGrowthInside0X128": "6871821382524296693586718810939562121", "feeGrowthInside1X128": "12853482970916701655732368883"}
{"blockNumber":"3010441","poolId":"0x387bf619da4d3fb62bb276482693dba1b9b3520f573cabdfe033384a24125982","stateView":"0xf3334192d15450cdd385c8b70e03f9a6bd9e673b","tickLower":-203700,"tickUpper":-199760}	{"ok": true, "feeGrowthInside0X128": "0", "feeGrowthInside1X128": "0"}
{"blockNumber":"3013340","poolId":"0x387bf619da4d3fb62bb276482693dba1b9b3520f573cabdfe033384a24125982","stateView":"0xf3334192d15450cdd385c8b70e03f9a6bd9e673b","tickLower":-203700,"tickUpper":-199760}	{"ok": true, "feeGrowthInside0X128": "62126696966835429499139531890534969928370", "feeGrowthInside1X128": "111955784390835805838358248666330"}
{"blockNumber":"3012815","poolId":"0x387bf619da4d3fb62bb276482693dba1b9b3520f573cabdfe033384a24125982","stateView":"0xf3334192d15450cdd385c8b70e03f9a6bd9e673b","tickLower":-203690,"tickUpper":-199740}	{"ok": true, "feeGrowthInside0X128": "12430107137123263590801397439644927382", "feeGrowthInside1X128": "27237707743697527046769372225"}
{"blockNumber":"3014137","poolId":"0x387bf619da4d3fb62bb276482693dba1b9b3520f573cabdfe033384a24125982","stateView":"0xf3334192d15450cdd385c8b70e03f9a6bd9e673b","tickLower":-203690,"tickUpper":-199740}	{"ok": true, "feeGrowthInside0X128": "67361008016642989729936552780596000713", "feeGrowthInside1X128": "134134150421801574629813644656"}
{"blockNumber":"3019398","poolId":"0x387bf619da4d3fb62bb276482693dba1b9b3520f573cabdfe033384a24125982","stateView":"0xf3334192d15450cdd385c8b70e03f9a6bd9e673b","tickLower":-203250,"tickUpper":-200030}	{"ok": true, "feeGrowthInside0X128": "0", "feeGrowthInside1X128": "0"}
{"blockNumber":"3019698","poolId":"0x387bf619da4d3fb62bb276482693dba1b9b3520f573cabdfe033384a24125982","stateView":"0xf3334192d15450cdd385c8b70e03f9a6bd9e673b","tickLower":-203250,"tickUpper":-200030}	{"ok": true, "feeGrowthInside0X128": "62348965009449913895957630800185331941682", "feeGrowthInside1X128": "112354414677894580548907621672822"}
{"blockNumber":"3022708","poolId":"0x387bf619da4d3fb62bb276482693dba1b9b3520f573cabdfe033384a24125982","stateView":"0xf3334192d15450cdd385c8b70e03f9a6bd9e673b","tickLower":-203250,"tickUpper":-200030}	{"ok": true, "feeGrowthInside0X128": "0", "feeGrowthInside1X128": "0"}
{"blockNumber":"3029871","poolId":"0x387bf619da4d3fb62bb276482693dba1b9b3520f573cabdfe033384a24125982","stateView":"0xf3334192d15450cdd385c8b70e03f9a6bd9e673b","tickLower":-202830,"tickUpper":-200320}	{"ok": true, "feeGrowthInside0X128": "763486496369779965809690075450891960692", "feeGrowthInside1X128": "1364797453874742150482488517577"}
{"blockNumber":"3035934","poolId":"0x387bf619da4d3fb62bb276482693dba1b9b3520f573cabdfe033384a24125982","stateView":"0xf3334192d15450cdd385c8b70e03f9a6bd9e673b","tickLower":-203260,"tickUpper":-200060}	{"ok": true, "feeGrowthInside0X128": "5271322753420991250087427344219317587949", "feeGrowthInside1X128": "9287385782978890903153236264878"}
{"blockNumber":"3036663","poolId":"0x387bf619da4d3fb62bb276482693dba1b9b3520f573cabdfe033384a24125982","stateView":"0xf3334192d15450cdd385c8b70e03f9a6bd9e673b","tickLower":-203260,"tickUpper":-200060}	{"ok": true, "feeGrowthInside0X128": "5271384802897846066347596311505061480927", "feeGrowthInside1X128": "9290918946607537727109059203883"}
{"blockNumber":"3037368","poolId":"0x387bf619da4d3fb62bb276482693dba1b9b3520f573cabdfe033384a24125982","stateView":"0xf3334192d15450cdd385c8b70e03f9a6bd9e673b","tickLower":-203250,"tickUpper":-200050}	{"ok": true, "feeGrowthInside0X128": "61973405537089913974031312349519650997", "feeGrowthInside1X128": "107739681688669463983859808752"}
{"blockNumber":"3040292","poolId":"0x387bf619da4d3fb62bb276482693dba1b9b3520f573cabdfe033384a24125982","stateView":"0xf3334192d15450cdd385c8b70e03f9a6bd9e673b","tickLower":-203190,"tickUpper":-200310}	{"ok": true, "feeGrowthInside0X128": "6441100650060655012902173049764484894620", "feeGrowthInside1X128": "11417253277483111194054320560360"}
{"blockNumber":"3064595","poolId":"0x387bf619da4d3fb62bb276482693dba1b9b3520f573cabdfe033384a24125982","stateView":"0xf3334192d15450cdd385c8b70e03f9a6bd9e673b","tickLower":-203190,"tickUpper":-200310}	{"ok": true, "feeGrowthInside0X128": "6475208481727893427644943501169010159553", "feeGrowthInside1X128": "11465067467317600837067841715297"}
{"blockNumber":"3064654","poolId":"0x387bf619da4d3fb62bb276482693dba1b9b3520f573cabdfe033384a24125982","stateView":"0xf3334192d15450cdd385c8b70e03f9a6bd9e673b","tickLower":-203190,"tickUpper":-200310}	{"ok": true, "feeGrowthInside0X128": "6475208481727893427644943501169010159553", "feeGrowthInside1X128": "11465067467317600837067841715297"}
{"blockNumber":"3068898","poolId":"0x387bf619da4d3fb62bb276482693dba1b9b3520f573cabdfe033384a24125982","stateView":"0xf3334192d15450cdd385c8b70e03f9a6bd9e673b","tickLower":-203190,"tickUpper":-200310}	{"ok": true, "feeGrowthInside0X128": "6479577131474372735530211517158294007202", "feeGrowthInside1X128": "11471387260430613243572184442889"}
{"blockNumber":"3096534","poolId":"0x387bf619da4d3fb62bb276482693dba1b9b3520f573cabdfe033384a24125982","stateView":"0xf3334192d15450cdd385c8b70e03f9a6bd9e673b","tickLower":-203190,"tickUpper":-200310}	{"ok": true, "feeGrowthInside0X128": "6511864320962435105683775270427233655130", "feeGrowthInside1X128": "11542673095034440129474945678725"}
{"blockNumber":"3041054","poolId":"0x387bf619da4d3fb62bb276482693dba1b9b3520f573cabdfe033384a24125982","stateView":"0xf3334192d15450cdd385c8b70e03f9a6bd9e673b","tickLower":-203260,"tickUpper":-200070}	{"ok": true, "feeGrowthInside0X128": "5280579036168244154114449284230614000123", "feeGrowthInside1X128": "9302209034158668865368813515316"}
{"blockNumber":"3056795","poolId":"0x387bf619da4d3fb62bb276482693dba1b9b3520f573cabdfe033384a24125982","stateView":"0xf3334192d15450cdd385c8b70e03f9a6bd9e673b","tickLower":-203260,"tickUpper":-200600}	{"ok": true, "feeGrowthInside0X128": "5305346288744292996632700992831590579840", "feeGrowthInside1X128": "9336850761995720519238198455678"}
{"blockNumber":"3059670","poolId":"0x387bf619da4d3fb62bb276482693dba1b9b3520f573cabdfe033384a24125982","stateView":"0xf3334192d15450cdd385c8b70e03f9a6bd9e673b","tickLower":-204200,"tickUpper":-198680}	{"ok": true, "feeGrowthInside0X128": "0", "feeGrowthInside1X128": "0"}
{"blockNumber":"3060990","poolId":"0xab75e137d851202c01cc43a8d766cdc4b4227e5b4ad25146933a39bfc4b52d1c","stateView":"0xf3334192d15450cdd385c8b70e03f9a6bd9e673b","tickLower":-208496,"tickUpper":-194624}	{"ok": true, "feeGrowthInside0X128": "688398598183316709067280952230801533554", "feeGrowthInside1X128": "1222597942721389499566530769790"}
{"blockNumber":"3062163","poolId":"0x387bf619da4d3fb62bb276482693dba1b9b3520f573cabdfe033384a24125982","stateView":"0xf3334192d15450cdd385c8b70e03f9a6bd9e673b","tickLower":-203910,"tickUpper":-202630}	{"ok": true, "feeGrowthInside0X128": "0", "feeGrowthInside1X128": "0"}
{"blockNumber":"3119763","poolId":"0x387bf619da4d3fb62bb276482693dba1b9b3520f573cabdfe033384a24125982","stateView":"0xf3334192d15450cdd385c8b70e03f9a6bd9e673b","tickLower":-203910,"tickUpper":-202630}	{"ok": true, "feeGrowthInside0X128": "0", "feeGrowthInside1X128": "0"}
{"blockNumber":"3066343","poolId":"0x387bf619da4d3fb62bb276482693dba1b9b3520f573cabdfe033384a24125982","stateView":"0xf3334192d15450cdd385c8b70e03f9a6bd9e673b","tickLower":-205010,"tickUpper":-195300}	{"ok": true, "feeGrowthInside0X128": "0", "feeGrowthInside1X128": "0"}
{"blockNumber":"3066583","poolId":"0x387bf619da4d3fb62bb276482693dba1b9b3520f573cabdfe033384a24125982","stateView":"0xf3334192d15450cdd385c8b70e03f9a6bd9e673b","tickLower":-205010,"tickUpper":-195300}	{"ok": true, "feeGrowthInside0X128": "1577511119007138856670525749919805017", "feeGrowthInside1X128": "321776265121090298753644971"}
{"blockNumber":"3067112","poolId":"0x387bf619da4d3fb62bb276482693dba1b9b3520f573cabdfe033384a24125982","stateView":"0xf3334192d15450cdd385c8b70e03f9a6bd9e673b","tickLower":-205010,"tickUpper":-195300}	{"ok": true, "feeGrowthInside0X128": "3631878582629178842579873190346154743", "feeGrowthInside1X128": "1376303200861495677220851976"}
{"blockNumber":"3071619","poolId":"0x387bf619da4d3fb62bb276482693dba1b9b3520f573cabdfe033384a24125982","stateView":"0xf3334192d15450cdd385c8b70e03f9a6bd9e673b","tickLower":-205010,"tickUpper":-195300}	{"ok": true, "feeGrowthInside0X128": "10233297982710653364934504647036467467", "feeGrowthInside1X128": "3781808141180131883436821705"}
{"blockNumber":"3067720","poolId":"0x387bf619da4d3fb62bb276482693dba1b9b3520f573cabdfe033384a24125982","stateView":"0xf3334192d15450cdd385c8b70e03f9a6bd9e673b","tickLower":-201570,"tickUpper":-194650}	{"ok": true, "feeGrowthInside0X128": "0", "feeGrowthInside1X128": "0"}
{"blockNumber":"3068268","poolId":"0x387bf619da4d3fb62bb276482693dba1b9b3520f573cabdfe033384a24125982","stateView":"0xf3334192d15450cdd385c8b70e03f9a6bd9e673b","tickLower":-201570,"tickUpper":-194650}	{"ok": true, "feeGrowthInside0X128": "0", "feeGrowthInside1X128": "0"}
{"blockNumber":"3069681","poolId":"0x387bf619da4d3fb62bb276482693dba1b9b3520f573cabdfe033384a24125982","stateView":"0xf3334192d15450cdd385c8b70e03f9a6bd9e673b","tickLower":-201570,"tickUpper":-194650}	{"ok": true, "feeGrowthInside0X128": "0", "feeGrowthInside1X128": "0"}
{"blockNumber":"3069682","poolId":"0x387bf619da4d3fb62bb276482693dba1b9b3520f573cabdfe033384a24125982","stateView":"0xf3334192d15450cdd385c8b70e03f9a6bd9e673b","tickLower":-201570,"tickUpper":-194650}	{"ok": true, "feeGrowthInside0X128": "0", "feeGrowthInside1X128": "0"}
{"blockNumber":"3069683","poolId":"0x387bf619da4d3fb62bb276482693dba1b9b3520f573cabdfe033384a24125982","stateView":"0xf3334192d15450cdd385c8b70e03f9a6bd9e673b","tickLower":-201570,"tickUpper":-194650}	{"ok": true, "feeGrowthInside0X128": "0", "feeGrowthInside1X128": "0"}
{"blockNumber":"3069684","poolId":"0x387bf619da4d3fb62bb276482693dba1b9b3520f573cabdfe033384a24125982","stateView":"0xf3334192d15450cdd385c8b70e03f9a6bd9e673b","tickLower":-201570,"tickUpper":-194650}	{"ok": true, "feeGrowthInside0X128": "0", "feeGrowthInside1X128": "0"}
{"blockNumber":"3069685","poolId":"0x387bf619da4d3fb62bb276482693dba1b9b3520f573cabdfe033384a24125982","stateView":"0xf3334192d15450cdd385c8b70e03f9a6bd9e673b","tickLower":-201570,"tickUpper":-194650}	{"ok": true, "feeGrowthInside0X128": "0", "feeGrowthInside1X128": "0"}
{"blockNumber":"3069686","poolId":"0x387bf619da4d3fb62bb276482693dba1b9b3520f573cabdfe033384a24125982","stateView":"0xf3334192d15450cdd385c8b70e03f9a6bd9e673b","tickLower":-201570,"tickUpper":-194650}	{"ok": true, "feeGrowthInside0X128": "0", "feeGrowthInside1X128": "0"}
{"blockNumber":"3069687","poolId":"0x387bf619da4d3fb62bb276482693dba1b9b3520f573cabdfe033384a24125982","stateView":"0xf3334192d15450cdd385c8b70e03f9a6bd9e673b","tickLower":-201570,"tickUpper":-194650}	{"ok": true, "feeGrowthInside0X128": "0", "feeGrowthInside1X128": "0"}
{"blockNumber":"3069688","poolId":"0x387bf619da4d3fb62bb276482693dba1b9b3520f573cabdfe033384a24125982","stateView":"0xf3334192d15450cdd385c8b70e03f9a6bd9e673b","tickLower":-201570,"tickUpper":-194650}	{"ok": true, "feeGrowthInside0X128": "0", "feeGrowthInside1X128": "0"}
{"blockNumber":"3069689","poolId":"0x387bf619da4d3fb62bb276482693dba1b9b3520f573cabdfe033384a24125982","stateView":"0xf3334192d15450cdd385c8b70e03f9a6bd9e673b","tickLower":-201570,"tickUpper":-194650}	{"ok": true, "feeGrowthInside0X128": "0", "feeGrowthInside1X128": "0"}
{"blockNumber":"3069690","poolId":"0x387bf619da4d3fb62bb276482693dba1b9b3520f573cabdfe033384a24125982","stateView":"0xf3334192d15450cdd385c8b70e03f9a6bd9e673b","tickLower":-201570,"tickUpper":-194650}	{"ok": true, "feeGrowthInside0X128": "0", "feeGrowthInside1X128": "0"}
{"blockNumber":"3069703","poolId":"0x387bf619da4d3fb62bb276482693dba1b9b3520f573cabdfe033384a24125982","stateView":"0xf3334192d15450cdd385c8b70e03f9a6bd9e673b","tickLower":-201570,"tickUpper":-194650}	{"ok": true, "feeGrowthInside0X128": "0", "feeGrowthInside1X128": "0"}
{"blockNumber":"3069704","poolId":"0x387bf619da4d3fb62bb276482693dba1b9b3520f573cabdfe033384a24125982","stateView":"0xf3334192d15450cdd385c8b70e03f9a6bd9e673b","tickLower":-201570,"tickUpper":-194650}	{"ok": true, "feeGrowthInside0X128": "0", "feeGrowthInside1X128": "0"}
{"blockNumber":"3069705","poolId":"0x387bf619da4d3fb62bb276482693dba1b9b3520f573cabdfe033384a24125982","stateView":"0xf3334192d15450cdd385c8b70e03f9a6bd9e673b","tickLower":-201570,"tickUpper":-194650}	{"ok": true, "feeGrowthInside0X128": "0", "feeGrowthInside1X128": "0"}
{"blockNumber":"3069706","poolId":"0x387bf619da4d3fb62bb276482693dba1b9b3520f573cabdfe033384a24125982","stateView":"0xf3334192d15450cdd385c8b70e03f9a6bd9e673b","tickLower":-201570,"tickUpper":-194650}	{"ok": true, "feeGrowthInside0X128": "0", "feeGrowthInside1X128": "0"}
{"blockNumber":"3069707","poolId":"0x387bf619da4d3fb62bb276482693dba1b9b3520f573cabdfe033384a24125982","stateView":"0xf3334192d15450cdd385c8b70e03f9a6bd9e673b","tickLower":-201570,"tickUpper":-194650}	{"ok": true, "feeGrowthInside0X128": "0", "feeGrowthInside1X128": "0"}
{"blockNumber":"3069708","poolId":"0x387bf619da4d3fb62bb276482693dba1b9b3520f573cabdfe033384a24125982","stateView":"0xf3334192d15450cdd385c8b70e03f9a6bd9e673b","tickLower":-201570,"tickUpper":-194650}	{"ok": true, "feeGrowthInside0X128": "0", "feeGrowthInside1X128": "0"}
{"blockNumber":"3069709","poolId":"0x387bf619da4d3fb62bb276482693dba1b9b3520f573cabdfe033384a24125982","stateView":"0xf3334192d15450cdd385c8b70e03f9a6bd9e673b","tickLower":-201570,"tickUpper":-194650}	{"ok": true, "feeGrowthInside0X128": "0", "feeGrowthInside1X128": "0"}
{"blockNumber":"3069710","poolId":"0x387bf619da4d3fb62bb276482693dba1b9b3520f573cabdfe033384a24125982","stateView":"0xf3334192d15450cdd385c8b70e03f9a6bd9e673b","tickLower":-201570,"tickUpper":-194650}	{"ok": true, "feeGrowthInside0X128": "0", "feeGrowthInside1X128": "0"}
{"blockNumber":"3069711","poolId":"0x387bf619da4d3fb62bb276482693dba1b9b3520f573cabdfe033384a24125982","stateView":"0xf3334192d15450cdd385c8b70e03f9a6bd9e673b","tickLower":-201570,"tickUpper":-194650}	{"ok": true, "feeGrowthInside0X128": "0", "feeGrowthInside1X128": "0"}
{"blockNumber":"3069712","poolId":"0x387bf619da4d3fb62bb276482693dba1b9b3520f573cabdfe033384a24125982","stateView":"0xf3334192d15450cdd385c8b70e03f9a6bd9e673b","tickLower":-201570,"tickUpper":-194650}	{"ok": true, "feeGrowthInside0X128": "0", "feeGrowthInside1X128": "0"}
{"blockNumber":"3069716","poolId":"0x387bf619da4d3fb62bb276482693dba1b9b3520f573cabdfe033384a24125982","stateView":"0xf3334192d15450cdd385c8b70e03f9a6bd9e673b","tickLower":-201570,"tickUpper":-194650}	{"ok": true, "feeGrowthInside0X128": "0", "feeGrowthInside1X128": "0"}
{"blockNumber":"3069717","poolId":"0x387bf619da4d3fb62bb276482693dba1b9b3520f573cabdfe033384a24125982","stateView":"0xf3334192d15450cdd385c8b70e03f9a6bd9e673b","tickLower":-201570,"tickUpper":-194650}	{"ok": true, "feeGrowthInside0X128": "0", "feeGrowthInside1X128": "0"}
{"blockNumber":"3069718","poolId":"0x387bf619da4d3fb62bb276482693dba1b9b3520f573cabdfe033384a24125982","stateView":"0xf3334192d15450cdd385c8b70e03f9a6bd9e673b","tickLower":-201570,"tickUpper":-194650}	{"ok": true, "feeGrowthInside0X128": "0", "feeGrowthInside1X128": "0"}
{"blockNumber":"3069719","poolId":"0x387bf619da4d3fb62bb276482693dba1b9b3520f573cabdfe033384a24125982","stateView":"0xf3334192d15450cdd385c8b70e03f9a6bd9e673b","tickLower":-201570,"tickUpper":-194650}	{"ok": true, "feeGrowthInside0X128": "0", "feeGrowthInside1X128": "0"}
{"blockNumber":"3069720","poolId":"0x387bf619da4d3fb62bb276482693dba1b9b3520f573cabdfe033384a24125982","stateView":"0xf3334192d15450cdd385c8b70e03f9a6bd9e673b","tickLower":-201570,"tickUpper":-194650}	{"ok": true, "feeGrowthInside0X128": "0", "feeGrowthInside1X128": "0"}
{"blockNumber":"3069721","poolId":"0x387bf619da4d3fb62bb276482693dba1b9b3520f573cabdfe033384a24125982","stateView":"0xf3334192d15450cdd385c8b70e03f9a6bd9e673b","tickLower":-201570,"tickUpper":-194650}	{"ok": true, "feeGrowthInside0X128": "0", "feeGrowthInside1X128": "0"}
{"blockNumber":"3069722","poolId":"0x387bf619da4d3fb62bb276482693dba1b9b3520f573cabdfe033384a24125982","stateView":"0xf3334192d15450cdd385c8b70e03f9a6bd9e673b","tickLower":-201570,"tickUpper":-194650}	{"ok": true, "feeGrowthInside0X128": "0", "feeGrowthInside1X128": "0"}
{"blockNumber":"3069723","poolId":"0x387bf619da4d3fb62bb276482693dba1b9b3520f573cabdfe033384a24125982","stateView":"0xf3334192d15450cdd385c8b70e03f9a6bd9e673b","tickLower":-201570,"tickUpper":-194650}	{"ok": true, "feeGrowthInside0X128": "0", "feeGrowthInside1X128": "0"}
{"blockNumber":"3069724","poolId":"0x387bf619da4d3fb62bb276482693dba1b9b3520f573cabdfe033384a24125982","stateView":"0xf3334192d15450cdd385c8b70e03f9a6bd9e673b","tickLower":-201570,"tickUpper":-194650}	{"ok": true, "feeGrowthInside0X128": "0", "feeGrowthInside1X128": "0"}
{"blockNumber":"3069734","poolId":"0x387bf619da4d3fb62bb276482693dba1b9b3520f573cabdfe033384a24125982","stateView":"0xf3334192d15450cdd385c8b70e03f9a6bd9e673b","tickLower":-201570,"tickUpper":-194650}	{"ok": true, "feeGrowthInside0X128": "0", "feeGrowthInside1X128": "0"}
{"blockNumber":"3069735","poolId":"0x387bf619da4d3fb62bb276482693dba1b9b3520f573cabdfe033384a24125982","stateView":"0xf3334192d15450cdd385c8b70e03f9a6bd9e673b","tickLower":-201570,"tickUpper":-194650}	{"ok": true, "feeGrowthInside0X128": "0", "feeGrowthInside1X128": "0"}
{"blockNumber":"3069736","poolId":"0x387bf619da4d3fb62bb276482693dba1b9b3520f573cabdfe033384a24125982","stateView":"0xf3334192d15450cdd385c8b70e03f9a6bd9e673b","tickLower":-201570,"tickUpper":-194650}	{"ok": true, "feeGrowthInside0X128": "0", "feeGrowthInside1X128": "0"}
{"blockNumber":"3069737","poolId":"0x387bf619da4d3fb62bb276482693dba1b9b3520f573cabdfe033384a24125982","stateView":"0xf3334192d15450cdd385c8b70e03f9a6bd9e673b","tickLower":-201570,"tickUpper":-194650}	{"ok": true, "feeGrowthInside0X128": "0", "feeGrowthInside1X128": "0"}
{"blockNumber":"3069738","poolId":"0x387bf619da4d3fb62bb276482693dba1b9b3520f573cabdfe033384a24125982","stateView":"0xf3334192d15450cdd385c8b70e03f9a6bd9e673b","tickLower":-201570,"tickUpper":-194650}	{"ok": true, "feeGrowthInside0X128": "0", "feeGrowthInside1X128": "0"}
{"blockNumber":"3069739","poolId":"0x387bf619da4d3fb62bb276482693dba1b9b3520f573cabdfe033384a24125982","stateView":"0xf3334192d15450cdd385c8b70e03f9a6bd9e673b","tickLower":-201570,"tickUpper":-194650}	{"ok": true, "feeGrowthInside0X128": "0", "feeGrowthInside1X128": "0"}
{"blockNumber":"3069740","poolId":"0x387bf619da4d3fb62bb276482693dba1b9b3520f573cabdfe033384a24125982","stateView":"0xf3334192d15450cdd385c8b70e03f9a6bd9e673b","tickLower":-201570,"tickUpper":-194650}	{"ok": true, "feeGrowthInside0X128": "0", "feeGrowthInside1X128": "0"}
{"blockNumber":"3069741","poolId":"0x387bf619da4d3fb62bb276482693dba1b9b3520f573cabdfe033384a24125982","stateView":"0xf3334192d15450cdd385c8b70e03f9a6bd9e673b","tickLower":-201570,"tickUpper":-194650}	{"ok": true, "feeGrowthInside0X128": "0", "feeGrowthInside1X128": "0"}
{"blockNumber":"3069742","poolId":"0x387bf619da4d3fb62bb276482693dba1b9b3520f573cabdfe033384a24125982","stateView":"0xf3334192d15450cdd385c8b70e03f9a6bd9e673b","tickLower":-201570,"tickUpper":-194650}	{"ok": true, "feeGrowthInside0X128": "0", "feeGrowthInside1X128": "0"}
{"blockNumber":"3069743","poolId":"0x387bf619da4d3fb62bb276482693dba1b9b3520f573cabdfe033384a24125982","stateView":"0xf3334192d15450cdd385c8b70e03f9a6bd9e673b","tickLower":-201570,"tickUpper":-194650}	{"ok": true, "feeGrowthInside0X128": "0", "feeGrowthInside1X128": "0"}
{"blockNumber":"3069764","poolId":"0x387bf619da4d3fb62bb276482693dba1b9b3520f573cabdfe033384a24125982","stateView":"0xf3334192d15450cdd385c8b70e03f9a6bd9e673b","tickLower":-201570,"tickUpper":-194650}	{"ok": true, "feeGrowthInside0X128": "0", "feeGrowthInside1X128": "0"}
{"blockNumber":"3069765","poolId":"0x387bf619da4d3fb62bb276482693dba1b9b3520f573cabdfe033384a24125982","stateView":"0xf3334192d15450cdd385c8b70e03f9a6bd9e673b","tickLower":-201570,"tickUpper":-194650}	{"ok": true, "feeGrowthInside0X128": "0", "feeGrowthInside1X128": "0"}
{"blockNumber":"3069766","poolId":"0x387bf619da4d3fb62bb276482693dba1b9b3520f573cabdfe033384a24125982","stateView":"0xf3334192d15450cdd385c8b70e03f9a6bd9e673b","tickLower":-201570,"tickUpper":-194650}	{"ok": true, "feeGrowthInside0X128": "0", "feeGrowthInside1X128": "0"}
{"blockNumber":"3069767","poolId":"0x387bf619da4d3fb62bb276482693dba1b9b3520f573cabdfe033384a24125982","stateView":"0xf3334192d15450cdd385c8b70e03f9a6bd9e673b","tickLower":-201570,"tickUpper":-194650}	{"ok": true, "feeGrowthInside0X128": "0", "feeGrowthInside1X128": "0"}
{"blockNumber":"3069768","poolId":"0x387bf619da4d3fb62bb276482693dba1b9b3520f573cabdfe033384a24125982","stateView":"0xf3334192d15450cdd385c8b70e03f9a6bd9e673b","tickLower":-201570,"tickUpper":-194650}	{"ok": true, "feeGrowthInside0X128": "0", "feeGrowthInside1X128": "0"}
{"blockNumber":"3069769","poolId":"0x387bf619da4d3fb62bb276482693dba1b9b3520f573cabdfe033384a24125982","stateView":"0xf3334192d15450cdd385c8b70e03f9a6bd9e673b","tickLower":-201570,"tickUpper":-194650}	{"ok": true, "feeGrowthInside0X128": "0", "feeGrowthInside1X128": "0"}
{"blockNumber":"3069770","poolId":"0x387bf619da4d3fb62bb276482693dba1b9b3520f573cabdfe033384a24125982","stateView":"0xf3334192d15450cdd385c8b70e03f9a6bd9e673b","tickLower":-201570,"tickUpper":-194650}	{"ok": true, "feeGrowthInside0X128": "0", "feeGrowthInside1X128": "0"}
{"blockNumber":"3069771","poolId":"0x387bf619da4d3fb62bb276482693dba1b9b3520f573cabdfe033384a24125982","stateView":"0xf3334192d15450cdd385c8b70e03f9a6bd9e673b","tickLower":-201570,"tickUpper":-194650}	{"ok": true, "feeGrowthInside0X128": "0", "feeGrowthInside1X128": "0"}
{"blockNumber":"3069772","poolId":"0x387bf619da4d3fb62bb276482693dba1b9b3520f573cabdfe033384a24125982","stateView":"0xf3334192d15450cdd385c8b70e03f9a6bd9e673b","tickLower":-201570,"tickUpper":-194650}	{"ok": true, "feeGrowthInside0X128": "0", "feeGrowthInside1X128": "0"}
{"blockNumber":"3069773","poolId":"0x387bf619da4d3fb62bb276482693dba1b9b3520f573cabdfe033384a24125982","stateView":"0xf3334192d15450cdd385c8b70e03f9a6bd9e673b","tickLower":-201570,"tickUpper":-194650}	{"ok": true, "feeGrowthInside0X128": "0", "feeGrowthInside1X128": "0"}
{"blockNumber":"3071653","poolId":"0x387bf619da4d3fb62bb276482693dba1b9b3520f573cabdfe033384a24125982","stateView":"0xf3334192d15450cdd385c8b70e03f9a6bd9e673b","tickLower":-201570,"tickUpper":-194650}	{"ok": true, "feeGrowthInside0X128": "0", "feeGrowthInside1X128": "0"}
{"blockNumber":"3070654","poolId":"0x387bf619da4d3fb62bb276482693dba1b9b3520f573cabdfe033384a24125982","stateView":"0xf3334192d15450cdd385c8b70e03f9a6bd9e673b","tickLower":-203150,"tickUpper":-197100}	{"ok": true, "feeGrowthInside0X128": "3162254965705088616645515916717982139436", "feeGrowthInside1X128": "5643572077137994276089212419787"}
{"blockNumber":"3073211","poolId":"0x387bf619da4d3fb62bb276482693dba1b9b3520f573cabdfe033384a24125982","stateView":"0xf3334192d15450cdd385c8b70e03f9a6bd9e673b","tickLower":-204340,"tickUpper":-198940}	{"ok": true, "feeGrowthInside0X128": "0", "feeGrowthInside1X128": "0"}
{"blockNumber":"3074665","poolId":"0x387bf619da4d3fb62bb276482693dba1b9b3520f573cabdfe033384a24125982","stateView":"0xf3334192d15450cdd385c8b70e03f9a6bd9e673b","tickLower":-887270,"tickUpper":887270}	{"ok": true, "feeGrowthInside0X128": "62478468727317787466259313229237604934624", "feeGrowthInside1X128": "112547680553964565548916421894816"}
{"blockNumber":"3075118","poolId":"0x387bf619da4d3fb62bb276482693dba1b9b3520f573cabdfe033384a24125982","stateView":"0xf3334192d15450cdd385c8b70e03f9a6bd9e673b","tickLower":-887270,"tickUpper":887270}	{"ok": true, "feeGrowthInside0X128": "62478888351314520894790208101462742777108", "feeGrowthInside1X128": "112547817139028137510320087750954"}
{"blockNumber":"3090159","poolId":"0x387bf619da4d3fb62bb276482693dba1b9b3520f573cabdfe033384a24125982","stateView":"0xf3334192d15450cdd385c8b70e03f9a6bd9e673b","tickLower":-203270,"tickUpper":-200110}	{"ok": true, "feeGrowthInside0X128": "979378875022781938314928700681700822598", "feeGrowthInside1X128": "1749476848171098553878170934466"}
{"blockNumber":"3106441","poolId":"0x387bf619da4d3fb62bb276482693dba1b9b3520f573cabdfe033384a24125982","stateView":"0xf3334192d15450cdd385c8b70e03f9a6bd9e673b","tickLower":-203270,"tickUpper":-200110}	{"ok": true, "feeGrowthInside0X128": "1026265685358857300406887802421516664280", "feeGrowthInside1X128": "1780514395438076268359458143416"}
{"blockNumber":"3100690","poolId":"0x387bf619da4d3fb62bb276482693dba1b9b3520f573cabdfe033384a24125982","stateView":"0xf3334192d15450cdd385c8b70e03f9a6bd9e673b","tickLower":-203720,"tickUpper":-199830}	{"ok": true, "feeGrowthInside0X128": "1109997212681309974806655840925110478713", "feeGrowthInside1X128": "1995725313345918504210005637844"}
{"blockNumber":"3106422","poolId":"0x387bf619da4d3fb62bb276482693dba1b9b3520f573cabdfe033384a24125982","stateView":"0xf3334192d15450cdd385c8b70e03f9a6bd9e673b","tickLower":-201630,"tickUpper":-201220}	{"ok": true, "feeGrowthInside0X128": "0", "feeGrowthInside1X128": "0"}
{"blockNumber":"3162253","poolId":"0x387bf619da4d3fb62bb276482693dba1b9b3520f573cabdfe033384a24125982","stateView":"0xf3334192d15450cdd385c8b70e03f9a6bd9e673b","tickLower":-203740,"tickUpper":-201290}	{"ok": true, "feeGrowthInside0X128": "0", "feeGrowthInside1X128": "0"}
{"blockNumber":"2950270","poolId":"0x74739c7ee5dda3695d01575c32371eff16e7b831e37517d1a99b568749143e7a","stateView":"0xf3334192d15450cdd385c8b70e03f9a6bd9e673b","tickLower":119100,"tickUpper":132960}	{"ok": true, "feeGrowthInside0X128": "3530482493655882394253897169602417", "feeGrowthInside1X128": "1200862493605194700519572925993904304495"}
{"blockNumber":"3092793","poolId":"0x5501f1e70a9a3c56f57880c18d095a63f4e1b50e9def646e7f3c6633d49db550","stateView":"0xf3334192d15450cdd385c8b70e03f9a6bd9e673b","tickLower":117000,"tickUpper":131000}	{"ok": true, "feeGrowthInside0X128": "0", "feeGrowthInside1X128": "0"}
{"blockNumber":"2920591","poolId":"0x97ab3c0d4b7ed8244dae434fb039160116d2f5721ce2d0b693a6d05aed823eac","stateView":"0xf3334192d15450cdd385c8b70e03f9a6bd9e673b","tickLower":353000,"tickUpper":364000}	{"ok": true, "feeGrowthInside0X128": "0", "feeGrowthInside1X128": "0"}
{"blockNumber":"3129628","poolId":"0xa95732060867f07aa9b8ae9a4b7b8d737bc3374f1dfbb952759c5ed676e8737c","stateView":"0xf3334192d15450cdd385c8b70e03f9a6bd9e673b","tickLower":278520,"tickUpper":283860}	{"ok": true, "feeGrowthInside0X128": "345653009524195345636193407212", "feeGrowthInside1X128": "631597563474222262789321514686152820287115"}
{"blockNumber":"3019048","poolId":"0x39910df82a4009ea98d01e9df0b9f1b5b01583cc62ea5889c6c8a8e41fbef470","stateView":"0xf3334192d15450cdd385c8b70e03f9a6bd9e673b","tickLower":15600,"tickUpper":29400}	{"ok": true, "feeGrowthInside0X128": "0", "feeGrowthInside1X128": "0"}
{"blockNumber":"3076143","poolId":"0xcb6ffbcc84359535c2cc0a5688c0a76520ea6e0a4820fddd3ac8d7880e576370","stateView":"0xf3334192d15450cdd385c8b70e03f9a6bd9e673b","tickLower":-887200,"tickUpper":887200}	{"ok": true, "feeGrowthInside0X128": "0", "feeGrowthInside1X128": "0"}
{"blockNumber":"3180993","poolId":"0xcb6ffbcc84359535c2cc0a5688c0a76520ea6e0a4820fddd3ac8d7880e576370","stateView":"0xf3334192d15450cdd385c8b70e03f9a6bd9e673b","tickLower":-887200,"tickUpper":887200}	{"ok": true, "feeGrowthInside0X128": "2236772603301294887200479845075960198024", "feeGrowthInside1X128": "496986636018398420367674352012"}
{"blockNumber":"2920209","poolId":"0x0fbd1aab9d8af6c6bbffbbc72be2c02e9d45e0833211482ddcdf96f3bb3acb6a","stateView":"0xf3334192d15450cdd385c8b70e03f9a6bd9e673b","tickLower":347400,"tickUpper":358200}	{"ok": true, "feeGrowthInside0X128": "334647195974381397029702284497", "feeGrowthInside1X128": "537471710396907719267011758949310843806527434"}
{"blockNumber":"3080083","poolId":"0xc68813fd4001fb6ee2f5b53a5a396f8763b499df8bf41bf0a26c5ec57ea85043","stateView":"0xf3334192d15450cdd385c8b70e03f9a6bd9e673b","tickLower":-884000,"tickUpper":884000}	{"ok": true, "feeGrowthInside0X128": "0", "feeGrowthInside1X128": "0"}
{"blockNumber":"2920277","poolId":"0x0fbd1aab9d8af6c6bbffbbc72be2c02e9d45e0833211482ddcdf96f3bb3acb6a","stateView":"0xf3334192d15450cdd385c8b70e03f9a6bd9e673b","tickLower":347400,"tickUpper":358200}	{"ok": true, "feeGrowthInside0X128": "334647195974381397029702284497", "feeGrowthInside1X128": "537471710396907719267011758949310843806527434"}
{"blockNumber":"2920820","poolId":"0x0fbd1aab9d8af6c6bbffbbc72be2c02e9d45e0833211482ddcdf96f3bb3acb6a","stateView":"0xf3334192d15450cdd385c8b70e03f9a6bd9e673b","tickLower":347400,"tickUpper":354000}	{"ok": true, "feeGrowthInside0X128": "334647195974381397029702284497", "feeGrowthInside1X128": "537471710396907719267011758949310843806527434"}
{"blockNumber":"2927955","poolId":"0x0fbd1aab9d8af6c6bbffbbc72be2c02e9d45e0833211482ddcdf96f3bb3acb6a","stateView":"0xf3334192d15450cdd385c8b70e03f9a6bd9e673b","tickLower":345600,"tickUpper":352800}	{"ok": true, "feeGrowthInside0X128": "247325251417564387028108935446", "feeGrowthInside1X128": "327561536183453382913162442199035409783560734"}
{"blockNumber":"2928031","poolId":"0x0fbd1aab9d8af6c6bbffbbc72be2c02e9d45e0833211482ddcdf96f3bb3acb6a","stateView":"0xf3334192d15450cdd385c8b70e03f9a6bd9e673b","tickLower":345600,"tickUpper":352800}	{"ok": true, "feeGrowthInside0X128": "247325251417564387028108935446", "feeGrowthInside1X128": "327561536183453382913162442199035409783560734"}
{"blockNumber":"3072216","poolId":"0x0fbd1aab9d8af6c6bbffbbc72be2c02e9d45e0833211482ddcdf96f3bb3acb6a","stateView":"0xf3334192d15450cdd385c8b70e03f9a6bd9e673b","tickLower":345600,"tickUpper":352800}	{"ok": true, "feeGrowthInside0X128": "365154364404141566212181584425", "feeGrowthInside1X128": "486609459778332282089688189166901982132005157"}
{"blockNumber":"2932964","poolId":"0x0fbd1aab9d8af6c6bbffbbc72be2c02e9d45e0833211482ddcdf96f3bb3acb6a","stateView":"0xf3334192d15450cdd385c8b70e03f9a6bd9e673b","tickLower":336600,"tickUpper":346800}	{"ok": true, "feeGrowthInside0X128": "0", "feeGrowthInside1X128": "0"}
{"blockNumber":"2936564","poolId":"0x0fbd1aab9d8af6c6bbffbbc72be2c02e9d45e0833211482ddcdf96f3bb3acb6a","stateView":"0xf3334192d15450cdd385c8b70e03f9a6bd9e673b","tickLower":336600,"tickUpper":346800}	{"ok": true, "feeGrowthInside0X128": "0", "feeGrowthInside1X128": "0"}
{"blockNumber":"2987748","poolId":"0x0fbd1aab9d8af6c6bbffbbc72be2c02e9d45e0833211482ddcdf96f3bb3acb6a","stateView":"0xf3334192d15450cdd385c8b70e03f9a6bd9e673b","tickLower":348600,"tickUpper":359400}	{"ok": true, "feeGrowthInside0X128": "0", "feeGrowthInside1X128": "0"}
{"blockNumber":"2988023","poolId":"0x0fbd1aab9d8af6c6bbffbbc72be2c02e9d45e0833211482ddcdf96f3bb3acb6a","stateView":"0xf3334192d15450cdd385c8b70e03f9a6bd9e673b","tickLower":349200,"tickUpper":360600}	{"ok": true, "feeGrowthInside0X128": "0", "feeGrowthInside1X128": "0"}
{"blockNumber":"3008562","poolId":"0x0fbd1aab9d8af6c6bbffbbc72be2c02e9d45e0833211482ddcdf96f3bb3acb6a","stateView":"0xf3334192d15450cdd385c8b70e03f9a6bd9e673b","tickLower":336000,"tickUpper":349800}	{"ok": true, "feeGrowthInside0X128": "1195437335974383483765225678158", "feeGrowthInside1X128": "1264496692157052806669113137689541041113069881"}
{"blockNumber":"3010865","poolId":"0x0fbd1aab9d8af6c6bbffbbc72be2c02e9d45e0833211482ddcdf96f3bb3acb6a","stateView":"0xf3334192d15450cdd385c8b70e03f9a6bd9e673b","tickLower":352200,"tickUpper":375000}	{"ok": true, "feeGrowthInside0X128": "0", "feeGrowthInside1X128": "0"}
{"blockNumber":"3018876","poolId":"0x0fbd1aab9d8af6c6bbffbbc72be2c02e9d45e0833211482ddcdf96f3bb3acb6a","stateView":"0xf3334192d15450cdd385c8b70e03f9a6bd9e673b","tickLower":343800,"tickUpper":357000}	{"ok": true, "feeGrowthInside0X128": "7021412770256029635569772475167", "feeGrowthInside1X128": "6866453091649923340552879675323003991698054559"}
{"blockNumber":"3039633","poolId":"0x0fbd1aab9d8af6c6bbffbbc72be2c02e9d45e0833211482ddcdf96f3bb3acb6a","stateView":"0xf3334192d15450cdd385c8b70e03f9a6bd9e673b","tickLower":349800,"tickUpper":361800}	{"ok": true, "feeGrowthInside0X128": "157018092104911672712501399931", "feeGrowthInside1X128": "291253454651271918659871455431627560149273067"}
{"blockNumber":"3063294","poolId":"0x0fbd1aab9d8af6c6bbffbbc72be2c02e9d45e0833211482ddcdf96f3bb3acb6a","stateView":"0xf3334192d15450cdd385c8b70e03f9a6bd9e673b","tickLower":350400,"tickUpper":362400}	{"ok": true, "feeGrowthInside0X128": "0", "feeGrowthInside1X128": "0"}
{"blockNumber":"3064044","poolId":"0x0fbd1aab9d8af6c6bbffbbc72be2c02e9d45e0833211482ddcdf96f3bb3acb6a","stateView":"0xf3334192d15450cdd385c8b70e03f9a6bd9e673b","tickLower":350400,"tickUpper":362400}	{"ok": true, "feeGrowthInside0X128": "0", "feeGrowthInside1X128": "0"}
{"blockNumber":"3064116","poolId":"0x0fbd1aab9d8af6c6bbffbbc72be2c02e9d45e0833211482ddcdf96f3bb3acb6a","stateView":"0xf3334192d15450cdd385c8b70e03f9a6bd9e673b","tickLower":350400,"tickUpper":362400}	{"ok": true, "feeGrowthInside0X128": "0", "feeGrowthInside1X128": "0"}
{"blockNumber":"2948912","poolId":"0xb2a6d67bf3fc511d11cac788a531655f5a7b60cd31c8ff386f0476121741e751","stateView":"0xf3334192d15450cdd385c8b70e03f9a6bd9e673b","tickLower":13000,"tickUpper":15000}	{"ok": true, "feeGrowthInside0X128": "6199949665928223835334762812754585082", "feeGrowthInside1X128": "28591086204529806109219749862486216199"}
{"blockNumber":"2995341","poolId":"0xb2a6d67bf3fc511d11cac788a531655f5a7b60cd31c8ff386f0476121741e751","stateView":"0xf3334192d15450cdd385c8b70e03f9a6bd9e673b","tickLower":-887000,"tickUpper":887000}	{"ok": true, "feeGrowthInside0X128": "18376193850730644633647692457363702011", "feeGrowthInside1X128": "168723882211690755826876375586106125589"}
{"blockNumber":"3064525","poolId":"0xb2a6d67bf3fc511d11cac788a531655f5a7b60cd31c8ff386f0476121741e751","stateView":"0xf3334192d15450cdd385c8b70e03f9a6bd9e673b","tickLower":10000,"tickUpper":16000}	{"ok": true, "feeGrowthInside0X128": "8453349967672265847449305457947066722", "feeGrowthInside1X128": "39461270067359809689919199681803158021"}
{"blockNumber":"3064555","poolId":"0xb2a6d67bf3fc511d11cac788a531655f5a7b60cd31c8ff386f0476121741e751","stateView":"0xf3334192d15450cdd385c8b70e03f9a6bd9e673b","tickLower":10000,"tickUpper":16000}	{"ok": true, "feeGrowthInside0X128": "8453349967672265847449305457947066722", "feeGrowthInside1X128": "39461270067359809689919199681803158021"}
{"blockNumber":"3075757","poolId":"0x8517f8071ae5b831b738052f12125e8e3d6c158b78728aa44ce3b25e5104d32e","stateView":"0xf3334192d15450cdd385c8b70e03f9a6bd9e673b","tickLower":-887220,"tickUpper":887220}	{"ok": true, "feeGrowthInside0X128": "0", "feeGrowthInside1X128": "0"}
{"blockNumber":"2986622","poolId":"0xa5f23cae4e5c3388c5a8a6b08a83f53e56df8f1a63757e606b362994b68a2361","stateView":"0xf3334192d15450cdd385c8b70e03f9a6bd9e673b","tickLower":-276338,"tickUpper":-276332}	{"ok": true, "feeGrowthInside0X128": "248523248408564446665363007140684577", "feeGrowthInside1X128": "704275652168736082469969"}
{"blockNumber":"2986735","poolId":"0xa5f23cae4e5c3388c5a8a6b08a83f53e56df8f1a63757e606b362994b68a2361","stateView":"0xf3334192d15450cdd385c8b70e03f9a6bd9e673b","tickLower":-276338,"tickUpper":-276332}	{"ok": true, "feeGrowthInside0X128": "248523248408564446665363007140684577", "feeGrowthInside1X128": "704275652168736082469969"}
{"blockNumber":"2987445","poolId":"0xa5f23cae4e5c3388c5a8a6b08a83f53e56df8f1a63757e606b362994b68a2361","stateView":"0xf3334192d15450cdd385c8b70e03f9a6bd9e673b","tickLower":-276338,"tickUpper":-276332}	{"ok": true, "feeGrowthInside0X128": "249200971744086002706928950395008718", "feeGrowthInside1X128": "704275652168736082469969"}
{"blockNumber":"2987482","poolId":"0xa5f23cae4e5c3388c5a8a6b08a83f53e56df8f1a63757e606b362994b68a2361","stateView":"0xf3334192d15450cdd385c8b70e03f9a6bd9e673b","tickLower":-276338,"tickUpper":-276332}	{"ok": true, "feeGrowthInside0X128": "249200971744086002706928950395008718", "feeGrowthInside1X128": "704275652168736082469969"}
{"blockNumber":"3181712","poolId":"0x36b9a6280ac5ac147255a45b33f5bcdc61b073ad829403e681a78cd81476354e","stateView":"0xf3334192d15450cdd385c8b70e03f9a6bd9e673b","tickLower":-887000,"tickUpper":887000}	{"ok": true, "feeGrowthInside0X128": "0", "feeGrowthInside1X128": "0"}
{"blockNumber":"2983278","poolId":"0xd18c9dc53c12b0db1bc259ff031cd1ac4330ff30a862383904263b6be006bb02","stateView":"0xf3334192d15450cdd385c8b70e03f9a6bd9e673b","tickLower":-30,"tickUpper":30}	{"ok": true, "feeGrowthInside0X128": "0", "feeGrowthInside1X128": "0"}
{"blockNumber":"2989973","poolId":"0xd18c9dc53c12b0db1bc259ff031cd1ac4330ff30a862383904263b6be006bb02","stateView":"0xf3334192d15450cdd385c8b70e03f9a6bd9e673b","tickLower":-20,"tickUpper":30}	{"ok": true, "feeGrowthInside0X128": "0", "feeGrowthInside1X128": "0"}
{"blockNumber":"2990181","poolId":"0xd18c9dc53c12b0db1bc259ff031cd1ac4330ff30a862383904263b6be006bb02","stateView":"0xf3334192d15450cdd385c8b70e03f9a6bd9e673b","tickLower":-20,"tickUpper":20}	{"ok": true, "feeGrowthInside0X128": "0", "feeGrowthInside1X128": "2320402034224266785595719233"}
{"blockNumber":"2990438","poolId":"0xd18c9dc53c12b0db1bc259ff031cd1ac4330ff30a862383904263b6be006bb02","stateView":"0xf3334192d15450cdd385c8b70e03f9a6bd9e673b","tickLower":-10,"tickUpper":20}	{"ok": true, "feeGrowthInside0X128": "0", "feeGrowthInside1X128": "0"}
{"blockNumber":"2990693","poolId":"0xd18c9dc53c12b0db1bc259ff031cd1ac4330ff30a862383904263b6be006bb02","stateView":"0xf3334192d15450cdd385c8b70e03f9a6bd9e673b","tickLower":-10,"tickUpper":20}	{"ok": true, "feeGrowthInside0X128": "0", "feeGrowthInside1X128": "3169624416579978046685805521"}
{"blockNumber":"3100790","poolId":"0xb3c49dcba2e9440c7d1a74d10362763de9116044018111dd7dce78f2d53439b5","stateView":"0xf3334192d15450cdd385c8b70e03f9a6bd9e673b","tickLower":-880000,"tickUpper":880000}	{"ok": true, "feeGrowthInside0X128": "115453723920772859931327278156672", "feeGrowthInside1X128": "172730293144748511793222640168868662206489"}
{"blockNumber":"3022580","poolId":"0xf75b9f132cf0fdef57bcc30524eaba83bf76783722e1bd2a3f522a0666b64737","stateView":"0xf3334192d15450cdd385c8b70e03f9a6bd9e673b","tickLower":-880000,"tickUpper":880000}	{"ok": true, "feeGrowthInside0X128": "1711287657633639353924957747055897464222770", "feeGrowthInside1X128": "247472349863789337702307026556925619"}
{"blockNumber":"3112472","poolId":"0xf75b9f132cf0fdef57bcc30524eaba83bf76783722e1bd2a3f522a0666b64737","stateView":"0xf3334192d15450cdd385c8b70e03f9a6bd9e673b","tickLower":-880000,"tickUpper":880000}	{"ok": true, "feeGrowthInside0X128": "1741143104403020682114483592447630521815258", "feeGrowthInside1X128": "3687383735473400734682523408537250717"}
{"blockNumber":"3010250","poolId":"0xe42b2f3bbc840a6eced806176c096bfb2fea5650a7870dc1dad1da7fa8a8860d","stateView":"0xf3334192d15450cdd385c8b70e03f9a6bd9e673b","tickLower":0,"tickUpper":46000}	{"ok": true, "feeGrowthInside0X128": "0", "feeGrowthInside1X128": "0"}
{"blockNumber":"3010450","poolId":"0xe42b2f3bbc840a6eced806176c096bfb2fea5650a7870dc1dad1da7fa8a8860d","stateView":"0xf3334192d15450cdd385c8b70e03f9a6bd9e673b","tickLower":0,"tickUpper":46000}	{"ok": true, "feeGrowthInside0X128": "0", "feeGrowthInside1X128": "0"}
{"blockNumber":"2933027","poolId":"0xe3a46ed6a8fcd6a5faa715eccbb45e14fdfd81079b8bf5480d9bfb2f02a61380","stateView":"0xf3334192d15450cdd385c8b70e03f9a6bd9e673b","tickLower":-887200,"tickUpper":887200}	{"ok": true, "feeGrowthInside0X128": "0", "feeGrowthInside1X128": "0"}
{"blockNumber":"2937047","poolId":"0x7944d5ccfc190dff3598464dac91f8690c980c6a5fa20b5bc5f210ec0b147798","stateView":"0xf3334192d15450cdd385c8b70e03f9a6bd9e673b","tickLower":-883200,"tickUpper":883200}	{"ok": true, "feeGrowthInside0X128": "0", "feeGrowthInside1X128": "0"}
{"blockNumber":"2981666","poolId":"0xe3a46ed6a8fcd6a5faa715eccbb45e14fdfd81079b8bf5480d9bfb2f02a61380","stateView":"0xf3334192d15450cdd385c8b70e03f9a6bd9e673b","tickLower":-887200,"tickUpper":887200}	{"ok": true, "feeGrowthInside0X128": "36315614798852009299396485795963173", "feeGrowthInside1X128": "27342352493570004376387124113857602553"}
{"blockNumber":"2982049","poolId":"0xaf89563da8dffbab818c90a4c3d6aaeee5c5b1e55c45d22ca6540a9beac7c066","stateView":"0xf3334192d15450cdd385c8b70e03f9a6bd9e673b","tickLower":-887220,"tickUpper":235620}	{"ok": true, "feeGrowthInside0X128": "0", "feeGrowthInside1X128": "0"}
{"blockNumber":"3003506","poolId":"0x874c159a4a2d10b6c3e87a4654aafafb640b9684c7d000ad7c4630c08e2f89d9","stateView":"0xf3334192d15450cdd385c8b70e03f9a6bd9e673b","tickLower":-872200,"tickUpper":872200}	{"ok": true, "feeGrowthInside0X128": "0", "feeGrowthInside1X128": "0"}
{"blockNumber":"3023795","poolId":"0x9119aa06edb81fb75f43cd21b81f6b97ec3fe024322724a93aa7a7702d88dba2","stateView":"0xf3334192d15450cdd385c8b70e03f9a6bd9e673b","tickLower":-885000,"tickUpper":885000}	{"ok": true, "feeGrowthInside0X128": "0", "feeGrowthInside1X128": "0"}
{"blockNumber":"3025220","poolId":"0x9119aa06edb81fb75f43cd21b81f6b97ec3fe024322724a93aa7a7702d88dba2","stateView":"0xf3334192d15450cdd385c8b70e03f9a6bd9e673b","tickLower":-885000,"tickUpper":885000}	{"ok": true, "feeGrowthInside0X128": "11537536497298510310264200997508295699133", "feeGrowthInside1X128": "0"}
{"blockNumber":"3039835","poolId":"0x4f60a883f23ba6a6da71d92bfd07ac6fc1102f51c049b2f594209898efb09971","stateView":"0xf3334192d15450cdd385c8b70e03f9a6bd9e673b","tickLower":-880000,"tickUpper":880000}	{"ok": true, "feeGrowthInside0X128": "0", "feeGrowthInside1X128": "0"}
{"blockNumber":"3054140","poolId":"0xfd6f68a6de3fba1cf96ea7690f4f6e8d0a269c28da9d6f5cb301d8aec1918c3c","stateView":"0xf3334192d15450cdd385c8b70e03f9a6bd9e673b","tickLower":-870000,"tickUpper":870000}	{"ok": true, "feeGrowthInside0X128": "0", "feeGrowthInside1X128": "0"}
{"blockNumber":"3060781","poolId":"0x1510a9946eb140f5e15420863ee99a75db9396ed87e41b072683dcabb6c416a3","stateView":"0xf3334192d15450cdd385c8b70e03f9a6bd9e673b","tickLower":-874000,"tickUpper":874000}	{"ok": true, "feeGrowthInside0X128": "0", "feeGrowthInside1X128": "0"}
{"blockNumber":"3064215","poolId":"0x9bcbd7b27745a3db0b990b48036ecc4429c3f6efc034944d1a3da8c91cafd249","stateView":"0xf3334192d15450cdd385c8b70e03f9a6bd9e673b","tickLower":17400,"tickUpper":174000}	{"ok": true, "feeGrowthInside0X128": "0", "feeGrowthInside1X128": "0"}
{"blockNumber":"3081313","poolId":"0xc68813fd4001fb6ee2f5b53a5a396f8763b499df8bf41bf0a26c5ec57ea85043","stateView":"0xf3334192d15450cdd385c8b70e03f9a6bd9e673b","tickLower":85000,"tickUpper":136000}	{"ok": true, "feeGrowthInside0X128": "0", "feeGrowthInside1X128": "0"}
{"blockNumber":"3094838","poolId":"0x796e87b5acde653d4a5ae81051db49cf9f7c9aec5ee5c1e237be54a2692d0031","stateView":"0xf3334192d15450cdd385c8b70e03f9a6bd9e673b","tickLower":-870000,"tickUpper":870000}	{"ok": true, "feeGrowthInside0X128": "0", "feeGrowthInside1X128": "0"}
{"blockNumber":"3098616","poolId":"0xc6076751b2c2495cc58bf2161f52a333de297b888124608faea7060a6d54f506","stateView":"0xf3334192d15450cdd385c8b70e03f9a6bd9e673b","tickLower":-887220,"tickUpper":235620}	{"ok": true, "feeGrowthInside0X128": "0", "feeGrowthInside1X128": "0"}
{"blockNumber":"3102447","poolId":"0x3184fdfe18a9070236bbc6c21cd3327c07b61887e88209e99bdd1f2465d57ece","stateView":"0xf3334192d15450cdd385c8b70e03f9a6bd9e673b","tickLower":-882000,"tickUpper":882000}	{"ok": true, "feeGrowthInside0X128": "0", "feeGrowthInside1X128": "0"}
{"blockNumber":"3111053","poolId":"0xb0464975c7326800400dfaafeefd31ea11f2f01e4182866a517c2d82f34676b6","stateView":"0xf3334192d15450cdd385c8b70e03f9a6bd9e673b","tickLower":-887000,"tickUpper":887000}	{"ok": true, "feeGrowthInside0X128": "0", "feeGrowthInside1X128": "0"}
{"blockNumber":"3111778","poolId":"0xb0464975c7326800400dfaafeefd31ea11f2f01e4182866a517c2d82f34676b6","stateView":"0xf3334192d15450cdd385c8b70e03f9a6bd9e673b","tickLower":-887000,"tickUpper":887000}	{"ok": true, "feeGrowthInside0X128": "0", "feeGrowthInside1X128": "0"}
{"blockNumber":"3112090","poolId":"0xb0464975c7326800400dfaafeefd31ea11f2f01e4182866a517c2d82f34676b6","stateView":"0xf3334192d15450cdd385c8b70e03f9a6bd9e673b","tickLower":-357000,"tickUpper":-355000}	{"ok": true, "feeGrowthInside0X128": "0", "feeGrowthInside1X128": "0"}
{"blockNumber":"3113035","poolId":"0x091c527c7fa5b0a8466ffb2340cf96fc626002bc6d21970db152da0d02f20274","stateView":"0xf3334192d15450cdd385c8b70e03f9a6bd9e673b","tickLower":-372600,"tickUpper":-368400}	{"ok": true, "feeGrowthInside0X128": "0", "feeGrowthInside1X128": "0"}
{"blockNumber":"3114808","poolId":"0x091c527c7fa5b0a8466ffb2340cf96fc626002bc6d21970db152da0d02f20274","stateView":"0xf3334192d15450cdd385c8b70e03f9a6bd9e673b","tickLower":-372600,"tickUpper":-368400}	{"ok": true, "feeGrowthInside0X128": "0", "feeGrowthInside1X128": "0"}
{"blockNumber":"3115294","poolId":"0xb0464975c7326800400dfaafeefd31ea11f2f01e4182866a517c2d82f34676b6","stateView":"0xf3334192d15450cdd385c8b70e03f9a6bd9e673b","tickLower":-887000,"tickUpper":887000}	{"ok": true, "feeGrowthInside0X128": "0", "feeGrowthInside1X128": "0"}
{"blockNumber":"3115459","poolId":"0x5929cefc41fc40d261a7a2c8ac2bd278af2712cd874680a8dfba20db94c621e8","stateView":"0xf3334192d15450cdd385c8b70e03f9a6bd9e673b","tickLower":-884000,"tickUpper":884000}	{"ok": true, "feeGrowthInside0X128": "0", "feeGrowthInside1X128": "0"}
{"blockNumber":"3115671","poolId":"0xb0464975c7326800400dfaafeefd31ea11f2f01e4182866a517c2d82f34676b6","stateView":"0xf3334192d15450cdd385c8b70e03f9a6bd9e673b","tickLower":-359000,"tickUpper":-352000}	{"ok": true, "feeGrowthInside0X128": "0", "feeGrowthInside1X128": "0"}
{"blockNumber":"3124177","poolId":"0x9eaf8368c3af563edd687a8c5571867c36e961dae54ffe00535fb5b2e61e3faf","stateView":"0xf3334192d15450cdd385c8b70e03f9a6bd9e673b","tickLower":-884000,"tickUpper":884000}	{"ok": true, "feeGrowthInside0X128": "0", "feeGrowthInside1X128": "0"}
{"blockNumber":"3129786","poolId":"0x126ca348a9f1d13f6034ba74b628c66927ca2a137afa209e4ed046aeaf338bb2","stateView":"0xf3334192d15450cdd385c8b70e03f9a6bd9e673b","tickLower":-887220,"tickUpper":887220}	{"ok": true, "feeGrowthInside0X128": "0", "feeGrowthInside1X128": "0"}
{"blockNumber":"3134107","poolId":"0x126ca348a9f1d13f6034ba74b628c66927ca2a137afa209e4ed046aeaf338bb2","stateView":"0xf3334192d15450cdd385c8b70e03f9a6bd9e673b","tickLower":40200,"tickUpper":46140}	{"ok": true, "feeGrowthInside0X128": "0", "feeGrowthInside1X128": "0"}
{"blockNumber":"3137455","poolId":"0x126ca348a9f1d13f6034ba74b628c66927ca2a137afa209e4ed046aeaf338bb2","stateView":"0xf3334192d15450cdd385c8b70e03f9a6bd9e673b","tickLower":-887220,"tickUpper":887220}	{"ok": true, "feeGrowthInside0X128": "11922448573952292618279094188563900", "feeGrowthInside1X128": "785090040676585368674085875962828170"}
{"blockNumber":"3137684","poolId":"0xa3828ee5daf1e5c3810efcb3502e3e7b9d1ed65a3c38a7950ee04765e06fe2e2","stateView":"0xf3334192d15450cdd385c8b70e03f9a6bd9e673b","tickLower":-882000,"tickUpper":882000}	{"ok": true, "feeGrowthInside0X128": "0", "feeGrowthInside1X128": "0"}
{"blockNumber":"3140679","poolId":"0xddbee6e589d3ac5459e44359fe12ff843ef880437040107014ddb982d257f757","stateView":"0xf3334192d15450cdd385c8b70e03f9a6bd9e673b","tickLower":-880000,"tickUpper":880000}	{"ok": true, "feeGrowthInside0X128": "0", "feeGrowthInside1X128": "0"}
{"blockNumber":"3140928","poolId":"0xddbee6e589d3ac5459e44359fe12ff843ef880437040107014ddb982d257f757","stateView":"0xf3334192d15450cdd385c8b70e03f9a6bd9e673b","tickLower":-880000,"tickUpper":880000}	{"ok": true, "feeGrowthInside0X128": "0", "feeGrowthInside1X128": "0"}
{"blockNumber":"3142716","poolId":"0x126ca348a9f1d13f6034ba74b628c66927ca2a137afa209e4ed046aeaf338bb2","stateView":"0xf3334192d15450cdd385c8b70e03f9a6bd9e673b","tickLower":40200,"tickUpper":46140}	{"ok": true, "feeGrowthInside0X128": "11922448573952292618279094188563900", "feeGrowthInside1X128": "1073242411372111255950911840136654092"}
{"blockNumber":"3144710","poolId":"0xddbee6e589d3ac5459e44359fe12ff843ef880437040107014ddb982d257f757","stateView":"0xf3334192d15450cdd385c8b70e03f9a6bd9e673b","tickLower":-880000,"tickUpper":880000}	{"ok": true, "feeGrowthInside0X128": "0", "feeGrowthInside1X128": "531962753148958636277987981330224473094597"}
{"blockNumber":"3149812","poolId":"0x94767a575120fdc917d06369fcd35a316240f226cc40fe7ff38ba40a15b85127","stateView":"0xf3334192d15450cdd385c8b70e03f9a6bd9e673b","tickLower":-884400,"tickUpper":884400}	{"ok": true, "feeGrowthInside0X128": "0", "feeGrowthInside1X128": "0"}
{"blockNumber":"3154473","poolId":"0x636b0fadb4cdcd88e698be56c03e638b97dc812ea7e216a5f0bb3586331cc40b","stateView":"0xf3334192d15450cdd385c8b70e03f9a6bd9e673b","tickLower":-884000,"tickUpper":884000}	{"ok": true, "feeGrowthInside0X128": "0", "feeGrowthInside1X128": "0"}
{"blockNumber":"3155880","poolId":"0x075a63d767b84cfc11320dae0e38bbd338962c1d89a4286ec95eb79eb92629ba","stateView":"0xf3334192d15450cdd385c8b70e03f9a6bd9e673b","tickLower":-884000,"tickUpper":884000}	{"ok": true, "feeGrowthInside0X128": "0", "feeGrowthInside1X128": "0"}
{"blockNumber":"3170018","poolId":"0x1cb48389e55e3ab856cbbfe7f2a9fccb310e24604437b2a38f33c685cfb8a9cc","stateView":"0xf3334192d15450cdd385c8b70e03f9a6bd9e673b","tickLower":-884000,"tickUpper":884000}	{"ok": true, "feeGrowthInside0X128": "0", "feeGrowthInside1X128": "0"}
{"blockNumber":"3177151","poolId":"0xffd8863a0dbbbc19af3ffb88de722245b0d6f028eefdb0692bc702badcafe32d","stateView":"0xf3334192d15450cdd385c8b70e03f9a6bd9e673b","tickLower":-887220,"tickUpper":887220}	{"ok": true, "feeGrowthInside0X128": "0", "feeGrowthInside1X128": "0"}
{"blockNumber":"3178102","poolId":"0xb0464975c7326800400dfaafeefd31ea11f2f01e4182866a517c2d82f34676b6","stateView":"0xf3334192d15450cdd385c8b70e03f9a6bd9e673b","tickLower":-359000,"tickUpper":-352000}	{"ok": true, "feeGrowthInside0X128": "0", "feeGrowthInside1X128": "0"}
{"blockNumber":"3178135","poolId":"0xffd8863a0dbbbc19af3ffb88de722245b0d6f028eefdb0692bc702badcafe32d","stateView":"0xf3334192d15450cdd385c8b70e03f9a6bd9e673b","tickLower":-887220,"tickUpper":887220}	{"ok": true, "feeGrowthInside0X128": "252271695149217263801582613171795", "feeGrowthInside1X128": "1383754989444234426319179900128913231720"}
{"blockNumber":"3178199","poolId":"0xb0464975c7326800400dfaafeefd31ea11f2f01e4182866a517c2d82f34676b6","stateView":"0xf3334192d15450cdd385c8b70e03f9a6bd9e673b","tickLower":-887000,"tickUpper":887000}	{"ok": true, "feeGrowthInside0X128": "221252781439554336426334891720828668000972429", "feeGrowthInside1X128": "0"}
{"blockNumber":"3178331","poolId":"0xb0464975c7326800400dfaafeefd31ea11f2f01e4182866a517c2d82f34676b6","stateView":"0xf3334192d15450cdd385c8b70e03f9a6bd9e673b","tickLower":-357000,"tickUpper":-355000}	{"ok": true, "feeGrowthInside0X128": "0", "feeGrowthInside1X128": "0"}
{"blockNumber":"3182562","poolId":"0xde9f85fdd9e05a943a52f2c69ffafe3064a3287df03d02c9b431bc92d4781274","stateView":"0xf3334192d15450cdd385c8b70e03f9a6bd9e673b","tickLower":-887200,"tickUpper":887200}	{"ok": true, "feeGrowthInside0X128": "0", "feeGrowthInside1X128": "0"}
{"blockNumber":"3188409","poolId":"0xde9f85fdd9e05a943a52f2c69ffafe3064a3287df03d02c9b431bc92d4781274","stateView":"0xf3334192d15450cdd385c8b70e03f9a6bd9e673b","tickLower":-887200,"tickUpper":887200}	{"ok": true, "feeGrowthInside0X128": "0", "feeGrowthInside1X128": "0"}
{"blockNumber":"3290312","poolId":"0xef5672974ad552f1ce24f2873f3e4237e82d44780ef623b6a239db42b08a7d5c","stateView":"0xf3334192d15450cdd385c8b70e03f9a6bd9e673b","tickLower":-203000,"tickUpper":-201200}	{"ok": true, "feeGrowthInside0X128": "7525671296446090080930432361856273884447", "feeGrowthInside1X128": "20356427454805239175875888905840"}
{"blockNumber":"3350462","poolId":"0x387bf619da4d3fb62bb276482693dba1b9b3520f573cabdfe033384a24125982","stateView":"0xf3334192d15450cdd385c8b70e03f9a6bd9e673b","tickLower":-203740,"tickUpper":-201290}	{"ok": true, "feeGrowthInside0X128": "417037174090607113251156955450584988153", "feeGrowthInside1X128": "863672533721341366553063278121"}
{"blockNumber":"3355652","poolId":"0x387bf619da4d3fb62bb276482693dba1b9b3520f573cabdfe033384a24125982","stateView":"0xf3334192d15450cdd385c8b70e03f9a6bd9e673b","tickLower":-202160,"tickUpper":-201400}	{"ok": true, "feeGrowthInside0X128": "935556862407822447801872109597709272099", "feeGrowthInside1X128": "1689435872601025046150294400188"}
{"blockNumber":"3355980","poolId":"0x387bf619da4d3fb62bb276482693dba1b9b3520f573cabdfe033384a24125982","stateView":"0xf3334192d15450cdd385c8b70e03f9a6bd9e673b","tickLower":-202160,"tickUpper":-201400}	{"ok": true, "feeGrowthInside0X128": "0", "feeGrowthInside1X128": "0"}
{"blockNumber":"3358075","poolId":"0x387bf619da4d3fb62bb276482693dba1b9b3520f573cabdfe033384a24125982","stateView":"0xf3334192d15450cdd385c8b70e03f9a6bd9e673b","tickLower":-203580,"tickUpper":-199460}	{"ok": true, "feeGrowthInside0X128": "0", "feeGrowthInside1X128": "0"}
{"blockNumber":"3361462","poolId":"0x387bf619da4d3fb62bb276482693dba1b9b3520f573cabdfe033384a24125982","stateView":"0xf3334192d15450cdd385c8b70e03f9a6bd9e673b","tickLower":-203580,"tickUpper":-199460}	{"ok": true, "feeGrowthInside0X128": "6005139651417216822632186121003653931", "feeGrowthInside1X128": "5407129261617668780554538564"}
{"blockNumber":"3365018","poolId":"0xef5672974ad552f1ce24f2873f3e4237e82d44780ef623b6a239db42b08a7d5c","stateView":"0xf3334192d15450cdd385c8b70e03f9a6bd9e673b","tickLower":-202400,"tickUpper":-200200}	{"ok": true, "feeGrowthInside0X128": "2395024878221728912732941973193342696096", "feeGrowthInside1X128": "7453060970905024927510060560169"}
{"blockNumber":"3375952","poolId":"0xef5672974ad552f1ce24f2873f3e4237e82d44780ef623b6a239db42b08a7d5c","stateView":"0xf3334192d15450cdd385c8b70e03f9a6bd9e673b","tickLower":-202400,"tickUpper":-200200}	{"ok": true, "feeGrowthInside0X128": "2395024878221728912732941973193342696096", "feeGrowthInside1X128": "7453060970905024927510060560169"}
{"blockNumber":"3182730","poolId":"0xa8a1fbf10f537f6b124c0ecabd5d1a30ab2d744f5729f709e9e98334f3239100","stateView":"0xf3334192d15450cdd385c8b70e03f9a6bd9e673b","tickLower":-887200,"tickUpper":68800}	{"ok": true, "feeGrowthInside0X128": "660932285472905207123185810605373147", "feeGrowthInside1X128": "106332889162727351883505237213199888663"}
{"blockNumber":"3186159","poolId":"0xa8a1fbf10f537f6b124c0ecabd5d1a30ab2d744f5729f709e9e98334f3239100","stateView":"0xf3334192d15450cdd385c8b70e03f9a6bd9e673b","tickLower":-887200,"tickUpper":68800}	{"ok": true, "feeGrowthInside0X128": "660932285472905207123185810605373147", "feeGrowthInside1X128": "106332889162727351883505237213199888663"}
{"blockNumber":"3189318","poolId":"0xa8a1fbf10f537f6b124c0ecabd5d1a30ab2d744f5729f709e9e98334f3239100","stateView":"0xf3334192d15450cdd385c8b70e03f9a6bd9e673b","tickLower":-887200,"tickUpper":68800}	{"ok": true, "feeGrowthInside0X128": "660932285472905207123185810605373147", "feeGrowthInside1X128": "106332889162727351883505237213199888663"}
{"blockNumber":"3192865","poolId":"0xa8a1fbf10f537f6b124c0ecabd5d1a30ab2d744f5729f709e9e98334f3239100","stateView":"0xf3334192d15450cdd385c8b70e03f9a6bd9e673b","tickLower":-887200,"tickUpper":68800}	{"ok": true, "feeGrowthInside0X128": "660932285472905207123185810605373147", "feeGrowthInside1X128": "106677194355199928258497691686828726945"}
{"blockNumber":"3214078","poolId":"0xa8a1fbf10f537f6b124c0ecabd5d1a30ab2d744f5729f709e9e98334f3239100","stateView":"0xf3334192d15450cdd385c8b70e03f9a6bd9e673b","tickLower":-887200,"tickUpper":68800}	{"ok": true, "feeGrowthInside0X128": "675321553281428269868337268166562734", "feeGrowthInside1X128": "106965985781672965901409653350010788016"}
{"blockNumber":"3222646","poolId":"0xa8a1fbf10f537f6b124c0ecabd5d1a30ab2d744f5729f709e9e98334f3239100","stateView":"0xf3334192d15450cdd385c8b70e03f9a6bd9e673b","tickLower":-887200,"tickUpper":68800}	{"ok": true, "feeGrowthInside0X128": "675321553281428269868337268166562734", "feeGrowthInside1X128": "108406408650673807755043833204708319661"}
{"blockNumber":"3277378","poolId":"0xa8a1fbf10f537f6b124c0ecabd5d1a30ab2d744f5729f709e9e98334f3239100","stateView":"0xf3334192d15450cdd385c8b70e03f9a6bd9e673b","tickLower":-887200,"tickUpper":68800}	{"ok": true, "feeGrowthInside0X128": "677283009782686152536895870684898338", "feeGrowthInside1X128": "109378589400997512760582557592070018833"}
{"blockNumber":"3321063","poolId":"0xa8a1fbf10f537f6b124c0ecabd5d1a30ab2d744f5729f709e9e98334f3239100","stateView":"0xf3334192d15450cdd385c8b70e03f9a6bd9e673b","tickLower":-887200,"tickUpper":68800}	{"ok": true, "feeGrowthInside0X128": "678308795836794783952783657018281652", "feeGrowthInside1X128": "109898844393132815232171131366684452592"}
{"blockNumber":"3323470","poolId":"0xa8a1fbf10f537f6b124c0ecabd5d1a30ab2d744f5729f709e9e98334f3239100","stateView":"0xf3334192d15450cdd385c8b70e03f9a6bd9e673b","tickLower":-887200,"tickUpper":68800}	{"ok": true, "feeGrowthInside0X128": "678308795836794783952783657018281652", "feeGrowthInside1X128": "111704916826595501421314688996525202259"}
{"blockNumber":"3345097","poolId":"0xa8a1fbf10f537f6b124c0ecabd5d1a30ab2d744f5729f709e9e98334f3239100","stateView":"0xf3334192d15450cdd385c8b70e03f9a6bd9e673b","tickLower":-887200,"tickUpper":68800}	{"ok": true, "feeGrowthInside0X128": "678468552222170109870030942500143209", "feeGrowthInside1X128": "115355854923850842834630232724691756417"}
{"blockNumber":"3374517","poolId":"0xa8a1fbf10f537f6b124c0ecabd5d1a30ab2d744f5729f709e9e98334f3239100","stateView":"0xf3334192d15450cdd385c8b70e03f9a6bd9e673b","tickLower":-887200,"tickUpper":68800}	{"ok": true, "feeGrowthInside0X128": "679243964257757254916091389847071418", "feeGrowthInside1X128": "115395727684090836744473838216859075976"}
{"blockNumber":"3183562","poolId":"0x36b9a6280ac5ac147255a45b33f5bcdc61b073ad829403e681a78cd81476354e","stateView":"0xf3334192d15450cdd385c8b70e03f9a6bd9e673b","tickLower":-887000,"tickUpper":887000}	{"ok": true, "feeGrowthInside0X128": "0", "feeGrowthInside1X128": "0"}
{"blockNumber":"3184140","poolId":"0x834e1e39f5944b643102404a164973b96bbde7829a32b00e4d48a6294f4a84bf","stateView":"0xf3334192d15450cdd385c8b70e03f9a6bd9e673b","tickLower":-882000,"tickUpper":882000}	{"ok": true, "feeGrowthInside0X128": "0", "feeGrowthInside1X128": "0"}
{"blockNumber":"3187388","poolId":"0x834e1e39f5944b643102404a164973b96bbde7829a32b00e4d48a6294f4a84bf","stateView":"0xf3334192d15450cdd385c8b70e03f9a6bd9e673b","tickLower":-882000,"tickUpper":882000}	{"ok": true, "feeGrowthInside0X128": "0", "feeGrowthInside1X128": "0"}
{"blockNumber":"3184949","poolId":"0x26b3bce38efcaa5c9d4d04f659bdd752fc541d21099d3c2016a02998912c8ae5","stateView":"0xf3334192d15450cdd385c8b70e03f9a6bd9e673b","tickLower":-882000,"tickUpper":882000}	{"ok": true, "feeGrowthInside0X128": "0", "feeGrowthInside1X128": "0"}
{"blockNumber":"3189310","poolId":"0x26b3bce38efcaa5c9d4d04f659bdd752fc541d21099d3c2016a02998912c8ae5","stateView":"0xf3334192d15450cdd385c8b70e03f9a6bd9e673b","tickLower":-882000,"tickUpper":882000}	{"ok": true, "feeGrowthInside0X128": "0", "feeGrowthInside1X128": "0"}
{"blockNumber":"3185598","poolId":"0x9e9e2533d1cfedb467745a78a3f5530b0883f124edfa173450db11cc78c8f11b","stateView":"0xf3334192d15450cdd385c8b70e03f9a6bd9e673b","tickLower":-882000,"tickUpper":882000}	{"ok": true, "feeGrowthInside0X128": "0", "feeGrowthInside1X128": "0"}
{"blockNumber":"3186146","poolId":"0xc08d188927e659535c699d33a59cf804ea49ca3683f314949951ae84fc561b23","stateView":"0xf3334192d15450cdd385c8b70e03f9a6bd9e673b","tickLower":-882000,"tickUpper":882000}	{"ok": true, "feeGrowthInside0X128": "0", "feeGrowthInside1X128": "0"}
{"blockNumber":"3186995","poolId":"0x79790821f6598d1e393af5c9901945952e93d17e38242811bd926c798e8fdf0d","stateView":"0xf3334192d15450cdd385c8b70e03f9a6bd9e673b","tickLower":-882000,"tickUpper":882000}	{"ok": true, "feeGrowthInside0X128": "0", "feeGrowthInside1X128": "0"}
{"blockNumber":"3187974","poolId":"0xfd5e33ebb24801160e84873145a2713ad9a69153a3625eb3d92c6acc153193ea","stateView":"0xf3334192d15450cdd385c8b70e03f9a6bd9e673b","tickLower":-882000,"tickUpper":882000}	{"ok": true, "feeGrowthInside0X128": "0", "feeGrowthInside1X128": "0"}
{"blockNumber":"3188945","poolId":"0x79829e8244d46dba26fcd0e42776ab67403af2592e82ff14dce031c0cb09823c","stateView":"0xf3334192d15450cdd385c8b70e03f9a6bd9e673b","tickLower":-882000,"tickUpper":882000}	{"ok": true, "feeGrowthInside0X128": "0", "feeGrowthInside1X128": "0"}
{"blockNumber":"3190193","poolId":"0xa5f23cae4e5c3388c5a8a6b08a83f53e56df8f1a63757e606b362994b68a2361","stateView":"0xf3334192d15450cdd385c8b70e03f9a6bd9e673b","tickLower":-887272,"tickUpper":887272}	{"ok": true, "feeGrowthInside0X128": "42768120313276235264480315765621129630", "feeGrowthInside1X128": "25608627929968716844940936"}
{"blockNumber":"3190755","poolId":"0xe07cf252b6caec20b1babc7d11058ce2f4ff117ae0c6a8460a0e42443164f048","stateView":"0xf3334192d15450cdd385c8b70e03f9a6bd9e673b","tickLower":-882000,"tickUpper":882000}	{"ok": true, "feeGrowthInside0X128": "441225487792394961059893795390", "feeGrowthInside1X128": "23348368473862387215605055645381456784032462338"}
{"blockNumber":"3191578","poolId":"0x9118ab7aaf7ba5daf125bcc7dc76c2779dd45a96ff8fb2ceb839c84d6b691bdc","stateView":"0xf3334192d15450cdd385c8b70e03f9a6bd9e673b","tickLower":-885000,"tickUpper":885000}	{"ok": true, "feeGrowthInside0X128": "0", "feeGrowthInside1X128": "37404140375303133938957162402173542557889848764"}
{"blockNumber":"3192701","poolId":"0xa95732060867f07aa9b8ae9a4b7b8d737bc3374f1dfbb952759c5ed676e8737c","stateView":"0xf3334192d15450cdd385c8b70e03f9a6bd9e673b","tickLower":-887220,"tickUpper":887220}	{"ok": true, "feeGrowthInside0X128": "0", "feeGrowthInside1X128": "0"}
{"blockNumber":"3193202","poolId":"0xd030363a660e55eb6d02e73aa4b2b953718452616bcd5ad813444e952f80f0df","stateView":"0xf3334192d15450cdd385c8b70e03f9a6bd9e673b","tickLower":-886000,"tickUpper":886000}	{"ok": true, "feeGrowthInside0X128": "0", "feeGrowthInside1X128": "0"}
{"blockNumber":"3266183","poolId":"0x9eaf8368c3af563edd687a8c5571867c36e961dae54ffe00535fb5b2e61e3faf","stateView":"0xf3334192d15450cdd385c8b70e03f9a6bd9e673b","tickLower":-884000,"tickUpper":884000}	{"ok": true, "feeGrowthInside0X128": "0", "feeGrowthInside1X128": "0"}
{"blockNumber":"3193755","poolId":"0x4c205b4878c8100119cc884b6119ead4d617fbd5fc1769e32f7edb7db8c10c87","stateView":"0xf3334192d15450cdd385c8b70e03f9a6bd9e673b","tickLower":-330000,"tickUpper":-324000}	{"ok": true, "feeGrowthInside0X128": "0", "feeGrowthInside1X128": "0"}
{"blockNumber":"3265475","poolId":"0x5929cefc41fc40d261a7a2c8ac2bd278af2712cd874680a8dfba20db94c621e8","stateView":"0xf3334192d15450cdd385c8b70e03f9a6bd9e673b","tickLower":-884000,"tickUpper":884000}	{"ok": true, "feeGrowthInside0X128": "0", "feeGrowthInside1X128": "0"}
{"blockNumber":"3325457","poolId":"0x74739c7ee5dda3695d01575c32371eff16e7b831e37517d1a99b568749143e7a","stateView":"0xf3334192d15450cdd385c8b70e03f9a6bd9e673b","tickLower":119100,"tickUpper":132960}	{"ok": true, "feeGrowthInside0X128": "6333794853249315587601122405042648", "feeGrowthInside1X128": "1892711988464059593219651385438061547387"}
{"blockNumber":"3325870","poolId":"0x74739c7ee5dda3695d01575c32371eff16e7b831e37517d1a99b568749143e7a","stateView":"0xf3334192d15450cdd385c8b70e03f9a6bd9e673b","tickLower":119100,"tickUpper":132960}	{"ok": true, "feeGrowthInside0X128": "19279525544875288124891314813212121", "feeGrowthInside1X128": "6239937941504405072721399162155825141640"}
{"blockNumber":"3377404","poolId":"0x5501f1e70a9a3c56f57880c18d095a63f4e1b50e9def646e7f3c6633d49db550","stateView":"0xf3334192d15450cdd385c8b70e03f9a6bd9e673b","tickLower":119000,"tickUpper":126000}	{"ok": true, "feeGrowthInside0X128": "32407632609779127492425245940534092", "feeGrowthInside1X128": "6920097819199229264858362952150514180363"}
{"blockNumber":"3209155","poolId":"0x075a63d767b84cfc11320dae0e38bbd338962c1d89a4286ec95eb79eb92629ba","stateView":"0xf3334192d15450cdd385c8b70e03f9a6bd9e673b","tickLower":-884000,"tickUpper":884000}	{"ok": true, "feeGrowthInside0X128": "0", "feeGrowthInside1X128": "0"}
{"blockNumber":"3209704","poolId":"0x636b0fadb4cdcd88e698be56c03e638b97dc812ea7e216a5f0bb3586331cc40b","stateView":"0xf3334192d15450cdd385c8b70e03f9a6bd9e673b","tickLower":-884000,"tickUpper":884000}	{"ok": true, "feeGrowthInside0X128": "0", "feeGrowthInside1X128": "0"}
{"blockNumber":"3236940","poolId":"0x97ab3c0d4b7ed8244dae434fb039160116d2f5721ce2d0b693a6d05aed823eac","stateView":"0xf3334192d15450cdd385c8b70e03f9a6bd9e673b","tickLower":353000,"tickUpper":364000}	{"ok": true, "feeGrowthInside0X128": "285962021050230823480478867136", "feeGrowthInside1X128": "724815756422069502763154216553708102016892051"}
{"blockNumber":"3314994","poolId":"0xcfba52bca80addea0bce3f80aa5b18ecbcf977dd735d58b639f1aaf35bfb19f1","stateView":"0xf3334192d15450cdd385c8b70e03f9a6bd9e673b","tickLower":-884000,"tickUpper":884000}	{"ok": true, "feeGrowthInside0X128": "132806288147635867612995623588663415", "feeGrowthInside1X128": "373320575132271052832680018890928228359274"}
{"blockNumber":"3328518","poolId":"0xcfba52bca80addea0bce3f80aa5b18ecbcf977dd735d58b639f1aaf35bfb19f1","stateView":"0xf3334192d15450cdd385c8b70e03f9a6bd9e673b","tickLower":-884000,"tickUpper":884000}	{"ok": true, "feeGrowthInside0X128": "132806288147635867612995623588663415", "feeGrowthInside1X128": "373320575132271052832680018890928228359274"}
{"blockNumber":"3237632","poolId":"0x0fbd1aab9d8af6c6bbffbbc72be2c02e9d45e0833211482ddcdf96f3bb3acb6a","stateView":"0xf3334192d15450cdd385c8b70e03f9a6bd9e673b","tickLower":347400,"tickUpper":358200}	{"ok": true, "feeGrowthInside0X128": "467191402696088501740825667779", "feeGrowthInside1X128": "729169641599751664656130632335040703530681720"}
{"blockNumber":"3258494","poolId":"0x0fbd1aab9d8af6c6bbffbbc72be2c02e9d45e0833211482ddcdf96f3bb3acb6a","stateView":"0xf3334192d15450cdd385c8b70e03f9a6bd9e673b","tickLower":336000,"tickUpper":349800}	{"ok": true, "feeGrowthInside0X128": "1393597881387027920436618865023", "feeGrowthInside1X128": "1510573097818225376962352422108359756293960139"}
{"blockNumber":"3258682","poolId":"0x0fbd1aab9d8af6c6bbffbbc72be2c02e9d45e0833211482ddcdf96f3bb3acb6a","stateView":"0xf3334192d15450cdd385c8b70e03f9a6bd9e673b","tickLower":336000,"tickUpper":349800}	{"ok": true, "feeGrowthInside0X128": "7219173700019310609886874139304", "feeGrowthInside1X128": "7112529497311095910846118959741822706878944817"}
{"blockNumber":"3258970","poolId":"0x0fbd1aab9d8af6c6bbffbbc72be2c02e9d45e0833211482ddcdf96f3bb3acb6a","stateView":"0xf3334192d15450cdd385c8b70e03f9a6bd9e673b","tickLower":341400,"tickUpper":355200}	{"ok": true, "feeGrowthInside0X128": "0", "feeGrowthInside1X128": "0"}
{"blockNumber":"3328696","poolId":"0x0fbd1aab9d8af6c6bbffbbc72be2c02e9d45e0833211482ddcdf96f3bb3acb6a","stateView":"0xf3334192d15450cdd385c8b70e03f9a6bd9e673b","tickLower":-886800,"tickUpper":886800}	{"ok": true, "feeGrowthInside0X128": "7231254301022636640152307010779", "feeGrowthInside1X128": "7152258069635443721699809617242237921274596508"}
{"blockNumber":"3364672","poolId":"0x0fbd1aab9d8af6c6bbffbbc72be2c02e9d45e0833211482ddcdf96f3bb3acb6a","stateView":"0xf3334192d15450cdd385c8b70e03f9a6bd9e673b","tickLower":-886800,"tickUpper":886800}	{"ok": true, "feeGrowthInside0X128": "7236076644696455056978925401471", "feeGrowthInside1X128": "7155914055514549837075435720222969739730019521"}
{"blockNumber":"3364946","poolId":"0x6ff03107f375083abd490b667dae07c8d42a25c1f201a177cd7b8639ccd5d4e7","stateView":"0xf3334192d15450cdd385c8b70e03f9a6bd9e673b","tickLower":-884800,"tickUpper":884800}	{"ok": true, "feeGrowthInside0X128": "0", "feeGrowthInside1X128": "0"}
{"blockNumber":"3282541","poolId":"0xdfa47c9208015216e8694cc7b75cc20c16c3e8441006247e926525c47fb64f5e","stateView":"0xf3334192d15450cdd385c8b70e03f9a6bd9e673b","tickLower":-884000,"tickUpper":884000}	{"ok": true, "feeGrowthInside0X128": "0", "feeGrowthInside1X128": "0"}
{"blockNumber":"3282937","poolId":"0xdfa47c9208015216e8694cc7b75cc20c16c3e8441006247e926525c47fb64f5e","stateView":"0xf3334192d15450cdd385c8b70e03f9a6bd9e673b","tickLower":-884000,"tickUpper":884000}	{"ok": true, "feeGrowthInside0X128": "12181057158829981403476720111828655", "feeGrowthInside1X128": "0"}
{"blockNumber":"3283475","poolId":"0xdfa47c9208015216e8694cc7b75cc20c16c3e8441006247e926525c47fb64f5e","stateView":"0xf3334192d15450cdd385c8b70e03f9a6bd9e673b","tickLower":-884000,"tickUpper":884000}	{"ok": true, "feeGrowthInside0X128": "12181057158829981403476720111828655", "feeGrowthInside1X128": "0"}
{"blockNumber":"3284353","poolId":"0xdfa47c9208015216e8694cc7b75cc20c16c3e8441006247e926525c47fb64f5e","stateView":"0xf3334192d15450cdd385c8b70e03f9a6bd9e673b","tickLower":-884000,"tickUpper":884000}	{"ok": true, "feeGrowthInside0X128": "12181057158829981403476720111828655", "feeGrowthInside1X128": "0"}
{"blockNumber":"3314898","poolId":"0xdfa47c9208015216e8694cc7b75cc20c16c3e8441006247e926525c47fb64f5e","stateView":"0xf3334192d15450cdd385c8b70e03f9a6bd9e673b","tickLower":-884000,"tickUpper":884000}	{"ok": true, "feeGrowthInside0X128": "13846096079351552245111395562120142", "feeGrowthInside1X128": "0"}
{"blockNumber":"3315212","poolId":"0xdfa47c9208015216e8694cc7b75cc20c16c3e8441006247e926525c47fb64f5e","stateView":"0xf3334192d15450cdd385c8b70e03f9a6bd9e673b","tickLower":-884000,"tickUpper":884000}	{"ok": true, "feeGrowthInside0X128": "13846096079351552245111395562120142", "feeGrowthInside1X128": "0"}
{"blockNumber":"3315663","poolId":"0xdfa47c9208015216e8694cc7b75cc20c16c3e8441006247e926525c47fb64f5e","stateView":"0xf3334192d15450cdd385c8b70e03f9a6bd9e673b","tickLower":-884000,"tickUpper":884000}	{"ok": true, "feeGrowthInside0X128": "13846096079351552245111395562120142", "feeGrowthInside1X128": "0"}
{"blockNumber":"3318011","poolId":"0xb2a6d67bf3fc511d11cac788a531655f5a7b60cd31c8ff386f0476121741e751","stateView":"0xf3334192d15450cdd385c8b70e03f9a6bd9e673b","tickLower":14000,"tickUpper":22000}	{"ok": true, "feeGrowthInside0X128": "159753137305187991214807886698301115", "feeGrowthInside1X128": "29949688287884188385902862705497450"}
{"blockNumber":"3347158","poolId":"0xb2a6d67bf3fc511d11cac788a531655f5a7b60cd31c8ff386f0476121741e751","stateView":"0xf3334192d15450cdd385c8b70e03f9a6bd9e673b","tickLower":14000,"tickUpper":22000}	{"ok": true, "feeGrowthInside0X128": "176867371819792780629659810283329987", "feeGrowthInside1X128": "29949688287884188385902862705497450"}
{"blockNumber":"3338396","poolId":"0x8517f8071ae5b831b738052f12125e8e3d6c158b78728aa44ce3b25e5104d32e","stateView":"0xf3334192d15450cdd385c8b70e03f9a6bd9e673b","tickLower":-216240,"tickUpper":-215640}	{"ok": true, "feeGrowthInside0X128": "0", "feeGrowthInside1X128": "0"}
{"blockNumber":"3347274","poolId":"0xb2a6d67bf3fc511d11cac788a531655f5a7b60cd31c8ff386f0476121741e751","stateView":"0xf3334192d15450cdd385c8b70e03f9a6bd9e673b","tickLower":14000,"tickUpper":15000}	{"ok": true, "feeGrowthInside0X128": "115792089237316195423570985008687907853257887585795298151244861052666239839166", "feeGrowthInside1X128": "115792089237316195423570985008687907853129871815269011169916870289630237106255"}
{"blockNumber":"3347846","poolId":"0xb2a6d67bf3fc511d11cac788a531655f5a7b60cd31c8ff386f0476121741e751","stateView":"0xf3334192d15450cdd385c8b70e03f9a6bd9e673b","tickLower":14000,"tickUpper":15000}	{"ok": true, "feeGrowthInside0X128": "115792089237316195423570985008687907853257887585795298151244861052666239839166", "feeGrowthInside1X128": "115792089237316195423570985008687907853129871815269011169916870289630237106255"}
{"blockNumber":"3348114","poolId":"0xb2a6d67bf3fc511d11cac788a531655f5a7b60cd31c8ff386f0476121741e751","stateView":"0xf3334192d15450cdd385c8b70e03f9a6bd9e673b","tickLower":14000,"tickUpper":15000}	{"ok": true, "feeGrowthInside0X128": "115792089237316195423570985008687907853257888830340727031038446278742116929770", "feeGrowthInside1X128": "115792089237316195423570985008687907853129871815269011169916870289630237106255"}
{"blockNumber":"3345574","poolId":"0xb2a6d67bf3fc511d11cac788a531655f5a7b60cd31c8ff386f0476121741e751","stateView":"0xf3334192d15450cdd385c8b70e03f9a6bd9e673b","tickLower":15000,"tickUpper":16000}	{"ok": true, "feeGrowthInside0X128": "2348291263879196661833807819489476849", "feeGrowthInside1X128": "10882014537412026161197596077029326605"}
{"blockNumber":"3357409","poolId":"0xb2a6d67bf3fc511d11cac788a531655f5a7b60cd31c8ff386f0476121741e751","stateView":"0xf3334192d15450cdd385c8b70e03f9a6bd9e673b","tickLower":15000,"tickUpper":16000}	{"ok": true, "feeGrowthInside0X128": "2348291263879196661833807819489476849", "feeGrowthInside1X128": "10882014537412026161197596077029326605"}
{"blockNumber":"3357916","poolId":"0xb2a6d67bf3fc511d11cac788a531655f5a7b60cd31c8ff386f0476121741e751","stateView":"0xf3334192d15450cdd385c8b70e03f9a6bd9e673b","tickLower":15000,"tickUpper":16000}	{"ok": true, "feeGrowthInside0X128": "2348291263879196661833807819489476849", "feeGrowthInside1X128": "10882014537412026161197596077029326605"}
{"blockNumber":"3355787","poolId":"0xb2a6d67bf3fc511d11cac788a531655f5a7b60cd31c8ff386f0476121741e751","stateView":"0xf3334192d15450cdd385c8b70e03f9a6bd9e673b","tickLower":15000,"tickUpper":17000}	{"ok": true, "feeGrowthInside0X128": "12273947217085680993352615057173130757", "feeGrowthInside1X128": "140142800059840753729099621145598031131"}
{"blockNumber":"3333596","poolId":"0x94767a575120fdc917d06369fcd35a316240f226cc40fe7ff38ba40a15b85127","stateView":"0xf3334192d15450cdd385c8b70e03f9a6bd9e673b","tickLower":-884400,"tickUpper":884400}	{"ok": true, "feeGrowthInside0X128": "0", "feeGrowthInside1X128": "354440171361734976297647358397422600307479"}
{"blockNumber":"3337535","poolId":"0xc46ff7936702fe273f4d518a1e21966c23dcfa9931b3e552312cf38b48a26c7e","stateView":"0xf3334192d15450cdd385c8b70e03f9a6bd9e673b","tickLower":-884000,"tickUpper":884000}	{"ok": true, "feeGrowthInside0X128": "8660865708684381358942881315564681", "feeGrowthInside1X128": "1315069359336383526625889270448393473109003"}
{"blockNumber":"3369244","poolId":"0xf67b0df65d6ba77b5154326518745f284aa12f70706c182db85e6523adc8e509","stateView":"0xf3334192d15450cdd385c8b70e03f9a6bd9e673b","tickLower":-874000,"tickUpper":874000}	{"ok": true, "feeGrowthInside0X128": "0", "feeGrowthInside1X128": "2093151695270246099932488283971"}
{"blockNumber":"3369571","poolId":"0x7a82f22392e756e977e1900b0a7de78173fc0904c7f8806626f3d4ae3134edce","stateView":"0xf3334192d15450cdd385c8b70e03f9a6bd9e673b","tickLower":-874000,"tickUpper":874000}	{"ok": true, "feeGrowthInside0X128": "379249442878696132734958151569", "feeGrowthInside1X128": "0"}
{"blockNumber":"3369900","poolId":"0xcc710dc248ce228857340c3cdd7b3c12e269f88587b9927adedbc019fa827855","stateView":"0xf3334192d15450cdd385c8b70e03f9a6bd9e673b","tickLower":-874000,"tickUpper":874000}	{"ok": true, "feeGrowthInside0X128": "0", "feeGrowthInside1X128": "1021721322129464599621768821938"}
{"blockNumber":"3370195","poolId":"0xf31a8468cc80904ec455682d08751880d2562c1c7ef368194c84423806b30b69","stateView":"0xf3334192d15450cdd385c8b70e03f9a6bd9e673b","tickLower":-874000,"tickUpper":874000}	{"ok": true, "feeGrowthInside0X128": "0", "feeGrowthInside1X128": "1445832713260716678236504713165"}
{"blockNumber":"3370534","poolId":"0x488ba333461611ec614484b2665adfe88f7b4f673128b2330d2e540207d14b1e","stateView":"0xf3334192d15450cdd385c8b70e03f9a6bd9e673b","tickLower":-882000,"tickUpper":882000}	{"ok": true, "feeGrowthInside0X128": "422808527278042249312883244997", "feeGrowthInside1X128": "0"}
{"blockNumber":"3333315","poolId":"0x77c5ca651a2290eb43f7b08f8e8d7d562a1404790f7c38037c990fbfc9f15dc8","stateView":"0xf3334192d15450cdd385c8b70e03f9a6bd9e673b","tickLower":200400,"tickUpper":232600}	{"ok": true, "feeGrowthInside0X128": "3213130663025696631195569555443", "feeGrowthInside1X128": "35343765280854714895801485859808158731406"}
{"blockNumber":"3333315","poolId":"0x77c5ca651a2290eb43f7b08f8e8d7d562a1404790f7c38037c990fbfc9f15dc8","stateView":"0xf3334192d15450cdd385c8b70e03f9a6bd9e673b","tickLower":170400,"tickUpper":200400}	{"ok": true, "feeGrowthInside0X128": "0", "feeGrowthInside1X128": "0"}
{"blockNumber":"3333315","poolId":"0x77c5ca651a2290eb43f7b08f8e8d7d562a1404790f7c38037c990fbfc9f15dc8","stateView":"0xf3334192d15450cdd385c8b70e03f9a6bd9e673b","tickLower":124400,"tickUpper":170400}	{"ok": true, "feeGrowthInside0X128": "0", "feeGrowthInside1X128": "0"}
{"blockNumber":"3192283","poolId":"0x0ca732a6045435173032e455dbe707e1dba72d543ef5d476bcf3f83afe97fd93","stateView":"0xf3334192d15450cdd385c8b70e03f9a6bd9e673b","tickLower":-887272,"tickUpper":887272}	{"ok": true, "feeGrowthInside0X128": "0", "feeGrowthInside1X128": "0"}
{"blockNumber":"3204045","poolId":"0xbb94e18cad79a2660756e42e3f6d0ecc3c7ed7aec4eb1caaaac636d29ac3059f","stateView":"0xf3334192d15450cdd385c8b70e03f9a6bd9e673b","tickLower":-886000,"tickUpper":886000}	{"ok": true, "feeGrowthInside0X128": "0", "feeGrowthInside1X128": "0"}
{"blockNumber":"3204634","poolId":"0xbb94e18cad79a2660756e42e3f6d0ecc3c7ed7aec4eb1caaaac636d29ac3059f","stateView":"0xf3334192d15450cdd385c8b70e03f9a6bd9e673b","tickLower":156000,"tickUpper":162000}	{"ok": true, "feeGrowthInside0X128": "0", "feeGrowthInside1X128": "0"}
{"blockNumber":"3218052","poolId":"0xbb94e18cad79a2660756e42e3f6d0ecc3c7ed7aec4eb1caaaac636d29ac3059f","stateView":"0xf3334192d15450cdd385c8b70e03f9a6bd9e673b","tickLower":156000,"tickUpper":162000}	{"ok": true, "feeGrowthInside0X128": "0", "feeGrowthInside1X128": "0"}
{"blockNumber":"3252110","poolId":"0xbb94e18cad79a2660756e42e3f6d0ecc3c7ed7aec4eb1caaaac636d29ac3059f","stateView":"0xf3334192d15450cdd385c8b70e03f9a6bd9e673b","tickLower":-886000,"tickUpper":886000}	{"ok": true, "feeGrowthInside0X128": "4867622668425275110472718296814929", "feeGrowthInside1X128": "12907658766111366198625617034166340711582"}
{"blockNumber":"3252278","poolId":"0xbb94e18cad79a2660756e42e3f6d0ecc3c7ed7aec4eb1caaaac636d29ac3059f","stateView":"0xf3334192d15450cdd385c8b70e03f9a6bd9e673b","tickLower":150000,"tickUpper":158000}	{"ok": true, "feeGrowthInside0X128": "0", "feeGrowthInside1X128": "0"}
{"blockNumber":"3260526","poolId":"0x74801c6e6f462ff75f4d2a26a0739eae4ce65b7e2913546303359e80ade876e5","stateView":"0xf3334192d15450cdd385c8b70e03f9a6bd9e673b","tickLower":0,"tickUpper":192000}	{"ok": true, "feeGrowthInside0X128": "0", "feeGrowthInside1X128": "0"}
{"blockNumber":"3261782","poolId":"0xbb94e18cad79a2660756e42e3f6d0ecc3c7ed7aec4eb1caaaac636d29ac3059f","stateView":"0xf3334192d15450cdd385c8b70e03f9a6bd9e673b","tickLower":-886000,"tickUpper":886000}	{"ok": true, "feeGrowthInside0X128": "6559700527100482664532084075751656", "feeGrowthInside1X128": "12907658766111366198625617034166340711582"}
{"blockNumber":"3261813","poolId":"0xbb94e18cad79a2660756e42e3f6d0ecc3c7ed7aec4eb1caaaac636d29ac3059f","stateView":"0xf3334192d15450cdd385c8b70e03f9a6bd9e673b","tickLower":150000,"tickUpper":158000}	{"ok": true, "feeGrowthInside0X128": "1466172328427127510672664570181568", "feeGrowthInside1X128": "0"}
{"blockNumber":"3262351","poolId":"0xbb94e18cad79a2660756e42e3f6d0ecc3c7ed7aec4eb1caaaac636d29ac3059f","stateView":"0xf3334192d15450cdd385c8b70e03f9a6bd9e673b","tickLower":150000,"tickUpper":158000}	{"ok": true, "feeGrowthInside0X128": "2011515386378196769540481052194977", "feeGrowthInside1X128": "0"}
{"blockNumber":"3262544","poolId":"0xbb94e18cad79a2660756e42e3f6d0ecc3c7ed7aec4eb1caaaac636d29ac3059f","stateView":"0xf3334192d15450cdd385c8b70e03f9a6bd9e673b","tickLower":-886000,"tickUpper":886000}	{"ok": true, "feeGrowthInside0X128": "7691831722008047397302490205526777", "feeGrowthInside1X128": "12907658766111366198625617034166340711582"}
{"blockNumber":"3264851","poolId":"0xfe0e5c15d73ea1e6921afa5c51b7717c2cfae2277e382fdbd28426e3ef09e30f","stateView":"0xf3334192d15450cdd385c8b70e03f9a6bd9e673b","tickLower":-880000,"tickUpper":880000}	{"ok": true, "feeGrowthInside0X128": "0", "feeGrowthInside1X128": "0"}
{"blockNumber":"3265301","poolId":"0xbb94e18cad79a2660756e42e3f6d0ecc3c7ed7aec4eb1caaaac636d29ac3059f","stateView":"0xf3334192d15450cdd385c8b70e03f9a6bd9e673b","tickLower":-886000,"tickUpper":886000}	{"ok": true, "feeGrowthInside0X128": "8768812372036739868503296905484425", "feeGrowthInside1X128": "14312218005648599215651426826266887673983"}
{"blockNumber":"3265370","poolId":"0xbb94e18cad79a2660756e42e3f6d0ecc3c7ed7aec4eb1caaaac636d29ac3059f","stateView":"0xf3334192d15450cdd385c8b70e03f9a6bd9e673b","tickLower":150000,"tickUpper":158000}	{"ok": true, "feeGrowthInside0X128": "3675284173363384714643877399914337", "feeGrowthInside1X128": "1404559239537233017025809792100546962401"}
{"blockNumber":"3269108","poolId":"0xbb94e18cad79a2660756e42e3f6d0ecc3c7ed7aec4eb1caaaac636d29ac3059f","stateView":"0xf3334192d15450cdd385c8b70e03f9a6bd9e673b","tickLower":-886000,"tickUpper":886000}	{"ok": true, "feeGrowthInside0X128": "8768812372036739868503296905484425", "feeGrowthInside1X128": "23500444822408485777286008051963677239890"}
{"blockNumber":"3269162","poolId":"0xbb94e18cad79a2660756e42e3f6d0ecc3c7ed7aec4eb1caaaac636d29ac3059f","stateView":"0xf3334192d15450cdd385c8b70e03f9a6bd9e673b","tickLower":150000,"tickUpper":158000}	{"ok": true, "feeGrowthInside0X128": "3675284173363384714643877399914337", "feeGrowthInside1X128": "10592786056297119578660391017797336528308"}
{"blockNumber":"3281450","poolId":"0xbb94e18cad79a2660756e42e3f6d0ecc3c7ed7aec4eb1caaaac636d29ac3059f","stateView":"0xf3334192d15450cdd385c8b70e03f9a6bd9e673b","tickLower":-886000,"tickUpper":886000}	{"ok": true, "feeGrowthInside0X128": "13513733441074737709098085002464712", "feeGrowthInside1X128": "35343225323476170735955500352535395084454"}
{"blockNumber":"3281491","poolId":"0xbb94e18cad79a2660756e42e3f6d0ecc3c7ed7aec4eb1caaaac636d29ac3059f","stateView":"0xf3334192d15450cdd385c8b70e03f9a6bd9e673b","tickLower":150000,"tickUpper":158000}	{"ok": true, "feeGrowthInside0X128": "8420205242401382555238665496894624", "feeGrowthInside1X128": "22435566557364804537329883318369054372872"}
{"blockNumber":"3282234","poolId":"0xbb94e18cad79a2660756e42e3f6d0ecc3c7ed7aec4eb1caaaac636d29ac3059f","stateView":"0xf3334192d15450cdd385c8b70e03f9a6bd9e673b","tickLower":-886000,"tickUpper":886000}	{"ok": true, "feeGrowthInside0X128": "13513733441074737709098085002464712", "feeGrowthInside1X128": "35343225323476170735955500352535395084454"}
{"blockNumber":"3283273","poolId":"0xbb94e18cad79a2660756e42e3f6d0ecc3c7ed7aec4eb1caaaac636d29ac3059f","stateView":"0xf3334192d15450cdd385c8b70e03f9a6bd9e673b","tickLower":150000,"tickUpper":158000}	{"ok": true, "feeGrowthInside0X128": "13513733441074737709098085002464712", "feeGrowthInside1X128": "35343225323476170735955500352535395084454"}
{"blockNumber":"3283706","poolId":"0xfbd06c6d23d3ff818547b006b6a9fd65526898174a5b0bca81cd73236c2da491","stateView":"0xf3334192d15450cdd385c8b70e03f9a6bd9e673b","tickLower":-882000,"tickUpper":882000}	{"ok": true, "feeGrowthInside0X128": "0", "feeGrowthInside1X128": "0"}
{"blockNumber":"3305593","poolId":"0x18b7ff3eca045680ed1e83fd792e1d914a1afbb05bd31b72c9a0a137cc31cea0","stateView":"0xf3334192d15450cdd385c8b70e03f9a6bd9e673b","tickLower":-336600,"tickUpper":-326700}	{"ok": true, "feeGrowthInside0X128": "0", "feeGrowthInside1X128": "0"}
{"blockNumber":"3308473","poolId":"0x85fdf58f37763189e13e9ac6d7b5fe1a5e4ab14f89dd39ea1cddc3957f867434","stateView":"0xf3334192d15450cdd385c8b70e03f9a6bd9e673b","tickLower":-887220,"tickUpper":887220}	{"ok": true, "feeGrowthInside0X128": "0", "feeGrowthInside1X128": "0"}
{"blockNumber":"3313487","poolId":"0x88a256a8f6d20746c2b6e02737d3abe0501cb8798759f0f9dd167175027ac214","stateView":"0xf3334192d15450cdd385c8b70e03f9a6bd9e673b","tickLower":-351900,"tickUpper":-337500}	{"ok": true, "feeGrowthInside0X128": "0", "feeGrowthInside1X128": "0"}
{"blockNumber":"3316256","poolId":"0xbb94e18cad79a2660756e42e3f6d0ecc3c7ed7aec4eb1caaaac636d29ac3059f","stateView":"0xf3334192d15450cdd385c8b70e03f9a6bd9e673b","tickLower":-886000,"tickUpper":886000}	{"ok": true, "feeGrowthInside0X128": "0", "feeGrowthInside1X128": "0"}
{"blockNumber":"3333856","poolId":"0xbb94e18cad79a2660756e42e3f6d0ecc3c7ed7aec4eb1caaaac636d29ac3059f","stateView":"0xf3334192d15450cdd385c8b70e03f9a6bd9e673b","tickLower":-886000,"tickUpper":886000}	{"ok": true, "feeGrowthInside0X128": "1977860192401483653181456180927974", "feeGrowthInside1X128": "0"}
{"blockNumber":"3338731","poolId":"0x81b471ff75769ca5ab40c4c6cd1a80246a4b8e6b0a63c82e5162e9b5bba65110","stateView":"0xf3334192d15450cdd385c8b70e03f9a6bd9e673b","tickLower":-887272,"tickUpper":887272}	{"ok": true, "feeGrowthInside0X128": "0", "feeGrowthInside1X128": "0"}
{"blockNumber":"3338974","poolId":"0x81b471ff75769ca5ab40c4c6cd1a80246a4b8e6b0a63c82e5162e9b5bba65110","stateView":"0xf3334192d15450cdd385c8b70e03f9a6bd9e673b","tickLower":-887272,"tickUpper":887272}	{"ok": true, "feeGrowthInside0X128": "0", "feeGrowthInside1X128": "0"}
{"blockNumber":"3350460","poolId":"0x8035fde06b576e6c1d2f0f2aacca2ee30a7bb7b16219395aed1544fec4c7f24c","stateView":"0xf3334192d15450cdd385c8b70e03f9a6bd9e673b","tickLower":-221880,"tickUpper":170340}	{"ok": true, "feeGrowthInside0X128": "0", "feeGrowthInside1X128": "0"}
{"blockNumber":"3351079","poolId":"0x8035fde06b576e6c1d2f0f2aacca2ee30a7bb7b16219395aed1544fec4c7f24c","stateView":"0xf3334192d15450cdd385c8b70e03f9a6bd9e673b","tickLower":-221880,"tickUpper":170340}	{"ok": true, "feeGrowthInside0X128": "0", "feeGrowthInside1X128": "0"}
{"blockNumber":"3355399","poolId":"0x18b7ff3eca045680ed1e83fd792e1d914a1afbb05bd31b72c9a0a137cc31cea0","stateView":"0xf3334192d15450cdd385c8b70e03f9a6bd9e673b","tickLower":-336600,"tickUpper":-326700}	{"ok": true, "feeGrowthInside0X128": "0", "feeGrowthInside1X128": "0"}
{"blockNumber":"3356021","poolId":"0x2135ac19f4571a7d8c6ac16f17f984f9c4ffe05ac420f28d6bfdd584783a07b2","stateView":"0xf3334192d15450cdd385c8b70e03f9a6bd9e673b","tickLower":-336160,"tickUpper":-325600}	{"ok": true, "feeGrowthInside0X128": "0", "feeGrowthInside1X128": "0"}
{"blockNumber":"3365127","poolId":"0xbb94e18cad79a2660756e42e3f6d0ecc3c7ed7aec4eb1caaaac636d29ac3059f","stateView":"0xf3334192d15450cdd385c8b70e03f9a6bd9e673b","tickLower":-886000,"tickUpper":886000}	{"ok": true, "feeGrowthInside0X128": "1977860192401483653181456180927974", "feeGrowthInside1X128": "4415412274871887128672693887549992512496"}
{"blockNumber":"3382031","poolId":"0x387bf619da4d3fb62bb276482693dba1b9b3520f573cabdfe033384a24125982","stateView":"0xf3334192d15450cdd385c8b70e03f9a6bd9e673b","tickLower":-201380,"tickUpper":-201350}	{"ok": true, "feeGrowthInside0X128": "342534688433073062841950571787915510538", "feeGrowthInside1X128": "632590671289191193622102430860"}
{"blockNumber":"3393748","poolId":"0x387bf619da4d3fb62bb276482693dba1b9b3520f573cabdfe033384a24125982","stateView":"0xf3334192d15450cdd385c8b70e03f9a6bd9e673b","tickLower":-201380,"tickUpper":-201350}	{"ok": true, "feeGrowthInside0X128": "115792089237316195423570985008687907790400293771921840628783208415610971059054", "feeGrowthInside1X128": "115792089237316195423570985008687907853269984552327317651805089176577313134853"}
{"blockNumber":"3408248","poolId":"0x387bf619da4d3fb62bb276482693dba1b9b3520f573cabdfe033384a24125982","stateView":"0xf3334192d15450cdd385c8b70e03f9a6bd9e673b","tickLower":-201930,"tickUpper":-199820}	{"ok": true, "feeGrowthInside0X128": "2095148865604804048764553919501326587513", "feeGrowthInside1X128": "3713562123014160415181332282401"}
{"blockNumber":"3409937","poolId":"0x387bf619da4d3fb62bb276482693dba1b9b3520f573cabdfe033384a24125982","stateView":"0xf3334192d15450cdd385c8b70e03f9a6bd9e673b","tickLower":-201930,"tickUpper":-199820}	{"ok": true, "feeGrowthInside0X128": "63269266608449766087886430854240814828138", "feeGrowthInside1X128": "114026416925744759784607285843683"}
{"blockNumber":"3383754","poolId":"0x5501f1e70a9a3c56f57880c18d095a63f4e1b50e9def646e7f3c6633d49db550","stateView":"0xf3334192d15450cdd385c8b70e03f9a6bd9e673b","tickLower":116000,"tickUpper":130000}	{"ok": true, "feeGrowthInside0X128": "0", "feeGrowthInside1X128": "0"}
{"blockNumber":"3384528","poolId":"0x5501f1e70a9a3c56f57880c18d095a63f4e1b50e9def646e7f3c6633d49db550","stateView":"0xf3334192d15450cdd385c8b70e03f9a6bd9e673b","tickLower":116000,"tickUpper":130000}	{"ok": true, "feeGrowthInside0X128": "0", "feeGrowthInside1X128": "0"}
{"blockNumber":"3417481","poolId":"0x5501f1e70a9a3c56f57880c18d095a63f4e1b50e9def646e7f3c6633d49db550","stateView":"0xf3334192d15450cdd385c8b70e03f9a6bd9e673b","tickLower":116000,"tickUpper":130000}	{"ok": true, "feeGrowthInside0X128": "0", "feeGrowthInside1X128": "232442351584794882534178047592072439619"}
{"blockNumber":"3417042","poolId":"0x5501f1e70a9a3c56f57880c18d095a63f4e1b50e9def646e7f3c6633d49db550","stateView":"0xf3334192d15450cdd385c8b70e03f9a6bd9e673b","tickLower":117000,"tickUpper":130000}	{"ok": true, "feeGrowthInside0X128": "9254038294154634806967125620916812", "feeGrowthInside1X128": "1971891661076062849054665026760691465477"}
{"blockNumber":"3417339","poolId":"0x5501f1e70a9a3c56f57880c18d095a63f4e1b50e9def646e7f3c6633d49db550","stateView":"0xf3334192d15450cdd385c8b70e03f9a6bd9e673b","tickLower":117000,"tickUpper":130000}	{"ok": true, "feeGrowthInside0X128": "9254038294154634806967125620916812", "feeGrowthInside1X128": "1971891661076062849054665026760691465477"}
{"blockNumber":"3387194","poolId":"0xbb94e18cad79a2660756e42e3f6d0ecc3c7ed7aec4eb1caaaac636d29ac3059f","stateView":"0xf3334192d15450cdd385c8b70e03f9a6bd9e673b","tickLower":-886000,"tickUpper":886000}	{"ok": true, "feeGrowthInside0X128": "8955634371919715099211308900024132", "feeGrowthInside1X128": "34205670501958440350873524017800142831901"}
{"blockNumber":"3402643","poolId":"0xbb94e18cad79a2660756e42e3f6d0ecc3c7ed7aec4eb1caaaac636d29ac3059f","stateView":"0xf3334192d15450cdd385c8b70e03f9a6bd9e673b","tickLower":-886000,"tickUpper":886000}	{"ok": true, "feeGrowthInside0X128": "10106967111540223287806234598674998", "feeGrowthInside1X128": "38069818206909378614689133571171386773713"}
{"blockNumber":"3412121","poolId":"0xbb94e18cad79a2660756e42e3f6d0ecc3c7ed7aec4eb1caaaac636d29ac3059f","stateView":"0xf3334192d15450cdd385c8b70e03f9a6bd9e673b","tickLower":-886000,"tickUpper":886000}	{"ok": true, "feeGrowthInside0X128": "12007712798040989533704766479356790", "feeGrowthInside1X128": "40852754645896673204373706701901666771265"}
{"blockNumber":"3420864","poolId":"0xbb94e18cad79a2660756e42e3f6d0ecc3c7ed7aec4eb1caaaac636d29ac3059f","stateView":"0xf3334192d15450cdd385c8b70e03f9a6bd9e673b","tickLower":-886000,"tickUpper":886000}	{"ok": true, "feeGrowthInside0X128": "14492426723683421037205647212362326", "feeGrowthInside1X128": "46021295048295961473326393253667586368290"}
{"blockNumber":"3394967","poolId":"0x7cf7a805185bce4766278dc4e4047fbc5d8e2bc8a33b3268270d43b86e10236b","stateView":"0xf3334192d15450cdd385c8b70e03f9a6bd9e673b","tickLower":-887000,"tickUpper":887000}	{"ok": true, "feeGrowthInside0X128": "0", "feeGrowthInside1X128": "0"}
{"blockNumber":"3422457","poolId":"0x7cf7a805185bce4766278dc4e4047fbc5d8e2bc8a33b3268270d43b86e10236b","stateView":"0xf3334192d15450cdd385c8b70e03f9a6bd9e673b","tickLower":-887000,"tickUpper":887000}	{"ok": true, "feeGrowthInside0X128": "7830397015293695457703225561524274", "feeGrowthInside1X128": "438287342700113199548761569"}
{"blockNumber":"3396170","poolId":"0xcb6ffbcc84359535c2cc0a5688c0a76520ea6e0a4820fddd3ac8d7880e576370","stateView":"0xf3334192d15450cdd385c8b70e03f9a6bd9e673b","tickLower":-887200,"tickUpper":887200}	{"ok": true, "feeGrowthInside0X128": "28221010542041910417408643674836055478474", "feeGrowthInside1X128": "4334756744345200853029031596134"}
{"blockNumber":"3411012","poolId":"0xcfba52bca80addea0bce3f80aa5b18ecbcf977dd735d58b639f1aaf35bfb19f1","stateView":"0xf3334192d15450cdd385c8b70e03f9a6bd9e673b","tickLower":-884000,"tickUpper":884000}	{"ok": true, "feeGrowthInside0X128": "132806288147635867612995623588663415", "feeGrowthInside1X128": "383165701635582730086729345548223250786285"}
{"blockNumber":"3411767","poolId":"0x97ab3c0d4b7ed8244dae434fb039160116d2f5721ce2d0b693a6d05aed823eac","stateView":"0xf3334192d15450cdd385c8b70e03f9a6bd9e673b","tickLower":-887000,"tickUpper":887000}	{"ok": true, "feeGrowthInside0X128": "0", "feeGrowthInside1X128": "0"}
{"blockNumber":"3392203","poolId":"0x5e840686d7b13b739f570f7bddf03ef3ad3c332bfed68c3c9364697d90d33c7c","stateView":"0xf3334192d15450cdd385c8b70e03f9a6bd9e673b","tickLower":-874000,"tickUpper":874000}	{"ok": true, "feeGrowthInside0X128": "1422483301822825426773897910361", "feeGrowthInside1X128": "0"}
{"blockNumber":"3392647","poolId":"0x6f5ca2d0999b4e78e39dd831368dd1b559b16b5ba56f1fe9b895265b0bb38749","stateView":"0xf3334192d15450cdd385c8b70e03f9a6bd9e673b","tickLower":-874000,"tickUpper":874000}	{"ok": true, "feeGrowthInside0X128": "802809594898071015915217786285", "feeGrowthInside1X128": "0"}
{"blockNumber":"3392999","poolId":"0x7a305af794c2068b5d96e5037826df978ebc8da163d786652dd0be53ae38d801","stateView":"0xf3334192d15450cdd385c8b70e03f9a6bd9e673b","tickLower":-874000,"tickUpper":874000}	{"ok": true, "feeGrowthInside0X128": "0", "feeGrowthInside1X128": "859768585746788676923607507265"}
{"blockNumber":"3393328","poolId":"0x16dcf4a91bec168149cd376db2ea1277e39af47fe9d6b68c2c2eba46ac229b69","stateView":"0xf3334192d15450cdd385c8b70e03f9a6bd9e673b","tickLower":-874000,"tickUpper":874000}	{"ok": true, "feeGrowthInside0X128": "863348501002469473881473060124", "feeGrowthInside1X128": "0"}
{"blockNumber":"3396054","poolId":"0xa8a1fbf10f537f6b124c0ecabd5d1a30ab2d744f5729f709e9e98334f3239100","stateView":"0xf3334192d15450cdd385c8b70e03f9a6bd9e673b","tickLower":-887200,"tickUpper":68800}	{"ok": true, "feeGrowthInside0X128": "679243964257757254916091389847071418", "feeGrowthInside1X128": "115684519110563874387385799880041137047"}
{"blockNumber":"3412079","poolId":"0x5293ce7bc6903bd7485cefee2afd383da071b0b44cae2cca19fd08af6ed62d3f","stateView":"0xf3334192d15450cdd385c8b70e03f9a6bd9e673b","tickLower":-884000,"tickUpper":884000}	{"ok": true, "feeGrowthInside0X128": "64398795831580957981241245700047542", "feeGrowthInside1X128": "449805461298603142774329954694851212088569891"}
{"blockNumber":"3416853","poolId":"0x0fbd1aab9d8af6c6bbffbbc72be2c02e9d45e0833211482ddcdf96f3bb3acb6a","stateView":"0xf3334192d15450cdd385c8b70e03f9a6bd9e673b","tickLower":345600,"tickUpper":352800}	{"ok": true, "feeGrowthInside0X128": "529302484430945345822921158602", "feeGrowthInside1X128": "729728478244416641095951718064956518889010010"}
{"blockNumber":"3416205","poolId":"0x6c4ff44ca9c41538521411979057bfe9f60b3cee4b396ebd14c6ca4e1a3c7f70","stateView":"0xf3334192d15450cdd385c8b70e03f9a6bd9e673b","tickLower":-874000,"tickUpper":874000}	{"ok": true, "feeGrowthInside0X128": "375814729199746565562656183287", "feeGrowthInside1X128": "0"}
{"blockNumber":"3416545","poolId":"0x67174e3adbeafeb8cea120c94403eadad51944aa2560c1e7a11bc47ad9fe035e","stateView":"0xf3334192d15450cdd385c8b70e03f9a6bd9e673b","tickLower":-874000,"tickUpper":874000}	{"ok": true, "feeGrowthInside0X128": "683412384509584703356662638730", "feeGrowthInside1X128": "0"}
{"blockNumber":"3416864","poolId":"0xcc24d44719d8104becde814a14b7ba8bdbd1f68d2bebe6ce2d0576ea99785604","stateView":"0xf3334192d15450cdd385c8b70e03f9a6bd9e673b","tickLower":-874000,"tickUpper":874000}	{"ok": true, "feeGrowthInside0X128": "0", "feeGrowthInside1X128": "2058524909494172852720115675216054"}
{"blockNumber":"3417180","poolId":"0x0b5b3cf855db98411573083a34b27337ca1c5e9814bdd56c12d0677d462d213f","stateView":"0xf3334192d15450cdd385c8b70e03f9a6bd9e673b","tickLower":-874000,"tickUpper":874000}	{"ok": true, "feeGrowthInside0X128": "0", "feeGrowthInside1X128": "777114101703993913163227586603045"}
{"blockNumber":"3417778","poolId":"0x93f290c34c937304b3af323c15fbb9b9bef44fa45b9ced17f743baefed2c0b32","stateView":"0xf3334192d15450cdd385c8b70e03f9a6bd9e673b","tickLower":-874000,"tickUpper":874000}	{"ok": true, "feeGrowthInside0X128": "0", "feeGrowthInside1X128": "301792666128920624348718471074"}
{"blockNumber":"3387212","poolId":"0xd3fc417697326f271ed8285a1c06bcbf6c197bbd3b5210065b64a9acbb5d2176","stateView":"0xf3334192d15450cdd385c8b70e03f9a6bd9e673b","tickLower":-887200,"tickUpper":189200}	{"ok": true, "feeGrowthInside0X128": "0", "feeGrowthInside1X128": "0"}
{"blockNumber":"3388572","poolId":"0xbb1bed8097e409730282b1eed3f56866978f24b5da3a6dfab291d77ee0daa345","stateView":"0xf3334192d15450cdd385c8b70e03f9a6bd9e673b","tickLower":-880000,"tickUpper":880000}	{"ok": true, "feeGrowthInside0X128": "0", "feeGrowthInside1X128": "0"}
{"blockNumber":"3403943","poolId":"0xd3fc417697326f271ed8285a1c06bcbf6c197bbd3b5210065b64a9acbb5d2176","stateView":"0xf3334192d15450cdd385c8b70e03f9a6bd9e673b","tickLower":-887200,"tickUpper":189200}	{"ok": true, "feeGrowthInside0X128": "0", "feeGrowthInside1X128": "0"}
{"blockNumber":"3411037","poolId":"0xbf72a228dba04d49a8e81b7f094e9d611688de79d1fe96ea2bf785ed239c4454","stateView":"0xf3334192d15450cdd385c8b70e03f9a6bd9e673b","tickLower":-880000,"tickUpper":880000}	{"ok": true, "feeGrowthInside0X128": "0", "feeGrowthInside1X128": "0"}
{"blockNumber":"3581715","poolId":"0x387bf619da4d3fb62bb276482693dba1b9b3520f573cabdfe033384a24125982","stateView":"0xf3334192d15450cdd385c8b70e03f9a6bd9e673b","tickLower":-201500,"tickUpper":-201490}	{"ok": true, "feeGrowthInside0X128": "62122730943668407039157053347647743281304", "feeGrowthInside1X128": "111935076338049548805995927133857"}
{"blockNumber":"3586206","poolId":"0x387bf619da4d3fb62bb276482693dba1b9b3520f573cabdfe033384a24125982","stateView":"0xf3334192d15450cdd385c8b70e03f9a6bd9e673b","tickLower":-201940,"tickUpper":-200820}	{"ok": true, "feeGrowthInside0X128": "63504163561513142580514643877681888337117", "feeGrowthInside1X128": "114436099503142036292165857457960"}
{"blockNumber":"3593063","poolId":"0x387bf619da4d3fb62bb276482693dba1b9b3520f573cabdfe033384a24125982","stateView":"0xf3334192d15450cdd385c8b70e03f9a6bd9e673b","tickLower":-203620,"tickUpper":-199560}	{"ok": true, "feeGrowthInside0X128": "1644864100620412488355306462092589068801", "feeGrowthInside1X128": "2908020182576489717596848912391"}
{"blockNumber":"3593333","poolId":"0x387bf619da4d3fb62bb276482693dba1b9b3520f573cabdfe033384a24125982","stateView":"0xf3334192d15450cdd385c8b70e03f9a6bd9e673b","tickLower":-203620,"tickUpper":-199560}	{"ok": true, "feeGrowthInside0X128": "1644864100620412488355306462092589068801", "feeGrowthInside1X128": "2908020182576489717596848912391"}
{"blockNumber":"3596408","poolId":"0x387bf619da4d3fb62bb276482693dba1b9b3520f573cabdfe033384a24125982","stateView":"0xf3334192d15450cdd385c8b70e03f9a6bd9e673b","tickLower":-201480,"tickUpper":-201470}	{"ok": true, "feeGrowthInside0X128": "0", "feeGrowthInside1X128": "0"}
{"blockNumber":"3601102","poolId":"0x387bf619da4d3fb62bb276482693dba1b9b3520f573cabdfe033384a24125982","stateView":"0xf3334192d15450cdd385c8b70e03f9a6bd9e673b","tickLower":-201480,"tickUpper":-201470}	{"ok": true, "feeGrowthInside0X128": "0", "feeGrowthInside1X128": "0"}
{"blockNumber":"3427563","poolId":"0xd3d49eaab15eb8f4d1d480a8518fc3ce4e60ca81d69904b3e7dc53b4fc0ce2d9","stateView":"0xf3334192d15450cdd385c8b70e03f9a6bd9e673b","tickLower":184200,"tickUpper":212400}	{"ok": true, "feeGrowthInside0X128": "2300420980420138452977153874241", "feeGrowthInside1X128": "4030798907833116887981008993577527548004"}
{"blockNumber":"3444368","poolId":"0xf75b9f132cf0fdef57bcc30524eaba83bf76783722e1bd2a3f522a0666b64737","stateView":"0xf3334192d15450cdd385c8b70e03f9a6bd9e673b","tickLower":-880000,"tickUpper":880000}	{"ok": true, "feeGrowthInside0X128": "1741143104403020682114483592447630521815258", "feeGrowthInside1X128": "3687383735473400734682523408537250717"}
{"blockNumber":"3444912","poolId":"0x1dd7db2203c78d7831c87fb14c72dfacb1d05d272b30211b2cd40ab6bb2cf3a1","stateView":"0xf3334192d15450cdd385c8b70e03f9a6bd9e673b","tickLower":-882000,"tickUpper":882000}	{"ok": true, "feeGrowthInside0X128": "424078775880012520593280156878607506489169", "feeGrowthInside1X128": "0"}
{"blockNumber":"3534754","poolId":"0xe42b2f3bbc840a6eced806176c096bfb2fea5650a7870dc1dad1da7fa8a8860d","stateView":"0xf3334192d15450cdd385c8b70e03f9a6bd9e673b","tickLower":0,"tickUpper":46000}	{"ok": true, "feeGrowthInside0X128": "0", "feeGrowthInside1X128": "0"}
{"blockNumber":"3550490","poolId":"0xf09229a8d6dfbc66f125e5d3de583a1e6e200450ed0a241fa175eaed9fa5ffa2","stateView":"0xf3334192d15450cdd385c8b70e03f9a6bd9e673b","tickLower":-883200,"tickUpper":883200}	{"ok": true, "feeGrowthInside0X128": "844737241967788632649164611327712899", "feeGrowthInside1X128": "565527727867189748729810342774470194606953"}
{"blockNumber":"3550576","poolId":"0xf09229a8d6dfbc66f125e5d3de583a1e6e200450ed0a241fa175eaed9fa5ffa2","stateView":"0xf3334192d15450cdd385c8b70e03f9a6bd9e673b","tickLower":-883200,"tickUpper":883200}	{"ok": true, "feeGrowthInside0X128": "844737241967788632649164611327712899", "feeGrowthInside1X128": "565527727867189748729810342774470194606953"}
{"blockNumber":"3445679","poolId":"0x387bf619da4d3fb62bb276482693dba1b9b3520f573cabdfe033384a24125982","stateView":"0xf3334192d15450cdd385c8b70e03f9a6bd9e673b","tickLower":-203190,"tickUpper":-200310}	{"ok": true, "feeGrowthInside0X128": "7326665851856970033134998272064559764357", "feeGrowthInside1X128": "13011543688263380257422606718675"}
{"blockNumber":"3550020","poolId":"0x387bf619da4d3fb62bb276482693dba1b9b3520f573cabdfe033384a24125982","stateView":"0xf3334192d15450cdd385c8b70e03f9a6bd9e673b","tickLower":-203190,"tickUpper":-200310}	{"ok": true, "feeGrowthInside0X128": "7456372567351775236831878148507385044005", "feeGrowthInside1X128": "13237657734123065393909786356625"}
{"blockNumber":"3550045","poolId":"0x387bf619da4d3fb62bb276482693dba1b9b3520f573cabdfe033384a24125982","stateView":"0xf3334192d15450cdd385c8b70e03f9a6bd9e673b","tickLower":-203190,"tickUpper":-200310}	{"ok": true, "feeGrowthInside0X128": "7456372567351775236831878148507385044005", "feeGrowthInside1X128": "13237657734123065393909786356625"}
{"blockNumber":"3448355","poolId":"0x387bf619da4d3fb62bb276482693dba1b9b3520f573cabdfe033384a24125982","stateView":"0xf3334192d15450cdd385c8b70e03f9a6bd9e673b","tickLower":-203720,"tickUpper":-199830}	{"ok": true, "feeGrowthInside0X128": "1924733825120042507295529953258684051425", "feeGrowthInside1X128": "3462963951564253476872037917087"}
{"blockNumber":"3454014","poolId":"0x387bf619da4d3fb62bb276482693dba1b9b3520f573cabdfe033384a24125982","stateView":"0xf3334192d15450cdd385c8b70e03f9a6bd9e673b","tickLower":-203290,"tickUpper":-200150}	{"ok": true, "feeGrowthInside0X128": "1905261970071048288447205226258879781607", "feeGrowthInside1X128": "3425459784943214544121481446366"}
{"blockNumber":"3458836","poolId":"0x387bf619da4d3fb62bb276482693dba1b9b3520f573cabdfe033384a24125982","stateView":"0xf3334192d15450cdd385c8b70e03f9a6bd9e673b","tickLower":-887270,"tickUpper":887270}	{"ok": true, "feeGrowthInside0X128": "63327235620854854607305843910475206176066", "feeGrowthInside1X128": "114089507024209504720166729926606"}
{"blockNumber":"3468441","poolId":"0x387bf619da4d3fb62bb276482693dba1b9b3520f573cabdfe033384a24125982","stateView":"0xf3334192d15450cdd385c8b70e03f9a6bd9e673b","tickLower":-203250,"tickUpper":-200050}	{"ok": true, "feeGrowthInside0X128": "971621969248359259900578800582063375094", "feeGrowthInside1X128": "1728008424369725927953616465943"}
{"blockNumber":"3469838","poolId":"0x387bf619da4d3fb62bb276482693dba1b9b3520f573cabdfe033384a24125982","stateView":"0xf3334192d15450cdd385c8b70e03f9a6bd9e673b","tickLower":-203250,"tickUpper":-200050}	{"ok": true, "feeGrowthInside0X128": "972632165537742361902589701545157525743", "feeGrowthInside1X128": "1731442096728100748430218700821"}
{"blockNumber":"3471905","poolId":"0x387bf619da4d3fb62bb276482693dba1b9b3520f573cabdfe033384a24125982","stateView":"0xf3334192d15450cdd385c8b70e03f9a6bd9e673b","tickLower":-203260,"tickUpper":-200060}	{"ok": true, "feeGrowthInside0X128": "6187123362330310608221315812391223186597", "feeGrowthInside1X128": "10920891313152588425200982732265"}
{"blockNumber":"3474668","poolId":"0x387bf619da4d3fb62bb276482693dba1b9b3520f573cabdfe033384a24125982","stateView":"0xf3334192d15450cdd385c8b70e03f9a6bd9e673b","tickLower":-203260,"tickUpper":-200060}	{"ok": true, "feeGrowthInside0X128": "6187171996592955268375660440182741863290", "feeGrowthInside1X128": "10922215775357706847683548913829"}
{"blockNumber":"3514537","poolId":"0xef5672974ad552f1ce24f2873f3e4237e82d44780ef623b6a239db42b08a7d5c","stateView":"0xf3334192d15450cdd385c8b70e03f9a6bd9e673b","tickLower":-202200,"tickUpper":-200400}	{"ok": true, "feeGrowthInside0X128": "9259024041486237185484337021046538667952", "feeGrowthInside1X128": "21181418227919813377807060520128"}
{"blockNumber":"3527255","poolId":"0xef5672974ad552f1ce24f2873f3e4237e82d44780ef623b6a239db42b08a7d5c","stateView":"0xf3334192d15450cdd385c8b70e03f9a6bd9e673b","tickLower":-202200,"tickUpper":-201000}	{"ok": true, "feeGrowthInside0X128": "8748943775876923246179416185744869156101", "feeGrowthInside1X128": "20223011894609920339018732457839"}
{"blockNumber":"3539228","poolId":"0x387bf619da4d3fb62bb276482693dba1b9b3520f573cabdfe033384a24125982","stateView":"0xf3334192d15450cdd385c8b70e03f9a6bd9e673b","tickLower":-203260,"tickUpper":-200600}	{"ok": true, "feeGrowthInside0X128": "6269400540473353572868784459993356364993", "feeGrowthInside1X128": "11061691041379667160936257624329"}
{"blockNumber":"3539698","poolId":"0x387bf619da4d3fb62bb276482693dba1b9b3520f573cabdfe033384a24125982","stateView":"0xf3334192d15450cdd385c8b70e03f9a6bd9e673b","tickLower":-201940,"tickUpper":-200820}	{"ok": true, "feeGrowthInside0X128": "0", "feeGrowthInside1X128": "0"}
{"blockNumber":"3546651","poolId":"0x387bf619da4d3fb62bb276482693dba1b9b3520f573cabdfe033384a24125982","stateView":"0xf3334192d15450cdd385c8b70e03f9a6bd9e673b","tickLower":-203710,"tickUpper":-199730}	{"ok": true, "feeGrowthInside0X128": "2061472383485518126258891632538265166541", "feeGrowthInside1X128": "3685623184796442209474363094735"}
{"blockNumber":"3466199","poolId":"0x590a1ab12150e1d59b74379b917671d7b99fbf2ce7554fb9a89acdd981959db3","stateView":"0xf3334192d15450cdd385c8b70e03f9a6bd9e673b","tickLower":-884000,"tickUpper":884000}	{"ok": true, "feeGrowthInside0X128": "0", "feeGrowthInside1X128": "0"}
{"blockNumber":"3551840","poolId":"0xab75e137d851202c01cc43a8d766cdc4b4227e5b4ad25146933a39bfc4b52d1c","stateView":"0xf3334192d15450cdd385c8b70e03f9a6bd9e673b","tickLower":-202544,"tickUpper":-201040}	{"ok": true, "feeGrowthInside0X128": "4839714879822009245111952856756305233221", "feeGrowthInside1X128": "8881402181507918287562467198589"}
{"blockNumber":"3568020","poolId":"0x387bf619da4d3fb62bb276482693dba1b9b3520f573cabdfe033384a24125982","stateView":"0xf3334192d15450cdd385c8b70e03f9a6bd9e673b","tickLower":-204190,"tickUpper":-199120}	{"ok": true, "feeGrowthInside0X128": "1436443687219974308554710170130574880183", "feeGrowthInside1X128": "2557946583099635906027651754363"}
{"blockNumber":"3568105","poolId":"0x387bf619da4d3fb62bb276482693dba1b9b3520f573cabdfe033384a24125982","stateView":"0xf3334192d15450cdd385c8b70e03f9a6bd9e673b","tickLower":-203240,"tickUpper":-200010}	{"ok": true, "feeGrowthInside0X128": "1435437162370681767537325320201155449061", "feeGrowthInside1X128": "2557281367259522463113327573389"}
{"blockNumber":"3569067","poolId":"0x387bf619da4d3fb62bb276482693dba1b9b3520f573cabdfe033384a24125982","stateView":"0xf3334192d15450cdd385c8b70e03f9a6bd9e673b","tickLower":-203240,"tickUpper":-200010}	{"ok": true, "feeGrowthInside0X128": "1436674744847112934989094517447062386593", "feeGrowthInside1X128": "2557697525370114950344199096263"}
{"blockNumber":"3569263","poolId":"0x387bf619da4d3fb62bb276482693dba1b9b3520f573cabdfe033384a24125982","stateView":"0xf3334192d15450cdd385c8b70e03f9a6bd9e673b","tickLower":-203240,"tickUpper":-200020}	{"ok": true, "feeGrowthInside0X128": "1436674744847112934989094517447062386593", "feeGrowthInside1X128": "2558531435775962902228752850146"}
{"blockNumber":"3570903","poolId":"0x387bf619da4d3fb62bb276482693dba1b9b3520f573cabdfe033384a24125982","stateView":"0xf3334192d15450cdd385c8b70e03f9a6bd9e673b","tickLower":-203240,"tickUpper":-200020}	{"ok": true, "feeGrowthInside0X128": "1440196298165921129306342615464541035419", "feeGrowthInside1X128": "2562571757629427650567485327005"}
{"blockNumber":"3571264","poolId":"0x387bf619da4d3fb62bb276482693dba1b9b3520f573cabdfe033384a24125982","stateView":"0xf3334192d15450cdd385c8b70e03f9a6bd9e673b","tickLower":-203240,"tickUpper":-200020}	{"ok": true, "feeGrowthInside0X128": "1440196298165921129306342615464541035419", "feeGrowthInside1X128": "2566465376537120786068994305516"}
{"blockNumber":"3571379","poolId":"0x387bf619da4d3fb62bb276482693dba1b9b3520f573cabdfe033384a24125982","stateView":"0xf3334192d15450cdd385c8b70e03f9a6bd9e673b","tickLower":-203240,"tickUpper":-200020}	{"ok": true, "feeGrowthInside0X128": "1440196298165921129306342615464541035419", "feeGrowthInside1X128": "2566474359641174071546737184673"}
{"blockNumber":"3571460","poolId":"0x387bf619da4d3fb62bb276482693dba1b9b3520f573cabdfe033384a24125982","stateView":"0xf3334192d15450cdd385c8b70e03f9a6bd9e673b","tickLower":-203240,"tickUpper":-200020}	{"ok": true, "feeGrowthInside0X128": "1440196298165921129306342615464541035419", "feeGrowthInside1X128": "2566474359641174071546737184673"}
{"blockNumber":"3571541","poolId":"0x387bf619da4d3fb62bb276482693dba1b9b3520f573cabdfe033384a24125982","stateView":"0xf3334192d15450cdd385c8b70e03f9a6bd9e673b","tickLower":-203240,"tickUpper":-200020}	{"ok": true, "feeGrowthInside0X128": "1440196298165921129306342615464541035419", "feeGrowthInside1X128": "2566474359641174071546737184673"}
{"blockNumber":"3571619","poolId":"0x387bf619da4d3fb62bb276482693dba1b9b3520f573cabdfe033384a24125982","stateView":"0xf3334192d15450cdd385c8b70e03f9a6bd9e673b","tickLower":-203240,"tickUpper":-200020}	{"ok": true, "feeGrowthInside0X128": "1440196298165921129306342615464541035419", "feeGrowthInside1X128": "2566474359641174071546737184673"}
{"blockNumber":"3571689","poolId":"0x387bf619da4d3fb62bb276482693dba1b9b3520f573cabdfe033384a24125982","stateView":"0xf3334192d15450cdd385c8b70e03f9a6bd9e673b","tickLower":-203240,"tickUpper":-200020}	{"ok": true, "feeGrowthInside0X128": "1440196298165921129306342615464541035419", "feeGrowthInside1X128": "2568130856680859143622070218007"}
{"blockNumber":"3572524","poolId":"0x387bf619da4d3fb62bb276482693dba1b9b3520f573cabdfe033384a24125982","stateView":"0xf3334192d15450cdd385c8b70e03f9a6bd9e673b","tickLower":-203240,"tickUpper":-200000}	{"ok": true, "feeGrowthInside0X128": "1440196298165921129306342615464541035419", "feeGrowthInside1X128": "2575588042410570045944043666949"}
{"blockNumber":"3573765","poolId":"0x387bf619da4d3fb62bb276482693dba1b9b3520f573cabdfe033384a24125982","stateView":"0xf3334192d15450cdd385c8b70e03f9a6bd9e673b","tickLower":-201510,"tickUpper":-201450}	{"ok": true, "feeGrowthInside0X128": "0", "feeGrowthInside1X128": "0"}
{"blockNumber":"3575638","poolId":"0x387bf619da4d3fb62bb276482693dba1b9b3520f573cabdfe033384a24125982","stateView":"0xf3334192d15450cdd385c8b70e03f9a6bd9e673b","tickLower":-201500,"tickUpper":-201490}	{"ok": true, "feeGrowthInside0X128": "115792089237316195423570985008687907851892073273782600047943886180305159352359", "feeGrowthInside1X128": "115792089237316195423570985008687907853269984663166274694280674654814745291463"}
{"blockNumber":"3555888","poolId":"0x0fbd1aab9d8af6c6bbffbbc72be2c02e9d45e0833211482ddcdf96f3bb3acb6a","stateView":"0xf3334192d15450cdd385c8b70e03f9a6bd9e673b","tickLower":349800,"tickUpper":361800}	{"ok": true, "feeGrowthInside0X128": "0", "feeGrowthInside1X128": "0"}
{"blockNumber":"3559215","poolId":"0x0fbd1aab9d8af6c6bbffbbc72be2c02e9d45e0833211482ddcdf96f3bb3acb6a","stateView":"0xf3334192d15450cdd385c8b70e03f9a6bd9e673b","tickLower":349800,"tickUpper":361800}	{"ok": true, "feeGrowthInside0X128": "0", "feeGrowthInside1X128": "0"}
{"blockNumber":"3557693","poolId":"0x0fbd1aab9d8af6c6bbffbbc72be2c02e9d45e0833211482ddcdf96f3bb3acb6a","stateView":"0xf3334192d15450cdd385c8b70e03f9a6bd9e673b","tickLower":349200,"tickUpper":360600}	{"ok": true, "feeGrowthInside0X128": "0", "feeGrowthInside1X128": "0"}
{"blockNumber":"3429244","poolId":"0xbb94e18cad79a2660756e42e3f6d0ecc3c7ed7aec4eb1caaaac636d29ac3059f","stateView":"0xf3334192d15450cdd385c8b70e03f9a6bd9e673b","tickLower":-886000,"tickUpper":886000}	{"ok": true, "feeGrowthInside0X128": "28656594142305886427832818001025831", "feeGrowthInside1X128": "81364520371772132209281893606202981452744"}
{"blockNumber":"3441048","poolId":"0xdfa47c9208015216e8694cc7b75cc20c16c3e8441006247e926525c47fb64f5e","stateView":"0xf3334192d15450cdd385c8b70e03f9a6bd9e673b","tickLower":124000,"tickUpper":148000}	{"ok": true, "feeGrowthInside0X128": "0", "feeGrowthInside1X128": "0"}
{"blockNumber":"3580122","poolId":"0xdfa47c9208015216e8694cc7b75cc20c16c3e8441006247e926525c47fb64f5e","stateView":"0xf3334192d15450cdd385c8b70e03f9a6bd9e673b","tickLower":-884000,"tickUpper":884000}	{"ok": true, "feeGrowthInside0X128": "42673010573528220612477429505096479", "feeGrowthInside1X128": "72359547218044755343403595970996837404167"}
{"blockNumber":"3535366","poolId":"0xb2a6d67bf3fc511d11cac788a531655f5a7b60cd31c8ff386f0476121741e751","stateView":"0xf3334192d15450cdd385c8b70e03f9a6bd9e673b","tickLower":11000,"tickUpper":17000}	{"ok": true, "feeGrowthInside0X128": "0", "feeGrowthInside1X128": "0"}
{"blockNumber":"3550138","poolId":"0xb2a6d67bf3fc511d11cac788a531655f5a7b60cd31c8ff386f0476121741e751","stateView":"0xf3334192d15450cdd385c8b70e03f9a6bd9e673b","tickLower":10000,"tickUpper":16000}	{"ok": true, "feeGrowthInside0X128": "8663286417466669159768751624829330731", "feeGrowthInside1X128": "39474262087432991324837637750671440769"}
{"blockNumber":"3550431","poolId":"0xb2a6d67bf3fc511d11cac788a531655f5a7b60cd31c8ff386f0476121741e751","stateView":"0xf3334192d15450cdd385c8b70e03f9a6bd9e673b","tickLower":10000,"tickUpper":16000}	{"ok": true, "feeGrowthInside0X128": "8663286417466669159768751624829330731", "feeGrowthInside1X128": "39474262087432991324837637750671440769"}
{"blockNumber":"3428210","poolId":"0xcb6ffbcc84359535c2cc0a5688c0a76520ea6e0a4820fddd3ac8d7880e576370","stateView":"0xf3334192d15450cdd385c8b70e03f9a6bd9e673b","tickLower":-246400,"tickUpper":-207200}	{"ok": true, "feeGrowthInside0X128": "252190622565097305442896271007453731090861", "feeGrowthInside1X128": "42220040760801990666002616220848"}
{"blockNumber":"3537966","poolId":"0xbb1bed8097e409730282b1eed3f56866978f24b5da3a6dfab291d77ee0daa345","stateView":"0xf3334192d15450cdd385c8b70e03f9a6bd9e673b","tickLower":-880000,"tickUpper":880000}	{"ok": true, "feeGrowthInside0X128": "0", "feeGrowthInside1X128": "3152914329349683645360716043568108484427479"}
{"blockNumber":"3507195","poolId":"0xa95732060867f07aa9b8ae9a4b7b8d737bc3374f1dfbb952759c5ed676e8737c","stateView":"0xf3334192d15450cdd385c8b70e03f9a6bd9e673b","tickLower":282180,"tickUpper":282540}	{"ok": true, "feeGrowthInside0X128": "0", "feeGrowthInside1X128": "0"}
{"blockNumber":"3425989","poolId":"0x5501f1e70a9a3c56f57880c18d095a63f4e1b50e9def646e7f3c6633d49db550","stateView":"0xf3334192d15450cdd385c8b70e03f9a6bd9e673b","tickLower":116000,"tickUpper":130000}	{"ok": true, "feeGrowthInside0X128": "38075493998747190228165292407183800", "feeGrowthInside1X128": "10162261602315246309526594318843017740780"}
{"blockNumber":"3428397","poolId":"0x5501f1e70a9a3c56f57880c18d095a63f4e1b50e9def646e7f3c6633d49db550","stateView":"0xf3334192d15450cdd385c8b70e03f9a6bd9e673b","tickLower":121000,"tickUpper":125000}	{"ok": true, "feeGrowthInside0X128": "0", "feeGrowthInside1X128": "0"}
{"blockNumber":"3543052","poolId":"0x5501f1e70a9a3c56f57880c18d095a63f4e1b50e9def646e7f3c6633d49db550","stateView":"0xf3334192d15450cdd385c8b70e03f9a6bd9e673b","tickLower":121000,"tickUpper":125000}	{"ok": true, "feeGrowthInside0X128": "0", "feeGrowthInside1X128": "0"}
{"blockNumber":"3543400","poolId":"0x5501f1e70a9a3c56f57880c18d095a63f4e1b50e9def646e7f3c6633d49db550","stateView":"0xf3334192d15450cdd385c8b70e03f9a6bd9e673b","tickLower":118000,"tickUpper":132000}	{"ok": true, "feeGrowthInside0X128": "0", "feeGrowthInside1X128": "0"}
{"blockNumber":"3557859","poolId":"0x4c205b4878c8100119cc884b6119ead4d617fbd5fc1769e32f7edb7db8c10c87","stateView":"0xf3334192d15450cdd385c8b70e03f9a6bd9e673b","tickLower":-332000,"tickUpper":-320000}	{"ok": true, "feeGrowthInside0X128": "0", "feeGrowthInside1X128": "0"}
{"blockNumber":"3560215","poolId":"0x4c205b4878c8100119cc884b6119ead4d617fbd5fc1769e32f7edb7db8c10c87","stateView":"0xf3334192d15450cdd385c8b70e03f9a6bd9e673b","tickLower":-332000,"tickUpper":-320000}	{"ok": true, "feeGrowthInside0X128": "989424432640052988614750540639387166036765983", "feeGrowthInside1X128": "4771409922945803794658141300647"}
{"blockNumber":"3561961","poolId":"0x2135ac19f4571a7d8c6ac16f17f984f9c4ffe05ac420f28d6bfdd584783a07b2","stateView":"0xf3334192d15450cdd385c8b70e03f9a6bd9e673b","tickLower":-330880,"tickUpper":-320320}	{"ok": true, "feeGrowthInside0X128": "0", "feeGrowthInside1X128": "0"}
{"blockNumber":"3550943","poolId":"0xaea1c7ceb6687d4d5ed8ed364a7de97947a8abf326f0aba0984d76797316c5f1","stateView":"0xf3334192d15450cdd385c8b70e03f9a6bd9e673b","tickLower":148400,"tickUpper":162400}	{"ok": true, "feeGrowthInside0X128": "0", "feeGrowthInside1X128": "0"}
{"blockNumber":"3558449","poolId":"0xaea1c7ceb6687d4d5ed8ed364a7de97947a8abf326f0aba0984d76797316c5f1","stateView":"0xf3334192d15450cdd385c8b70e03f9a6bd9e673b","tickLower":140200,"tickUpper":157600}	{"ok": true, "feeGrowthInside0X128": "0", "feeGrowthInside1X128": "0"}
{"blockNumber":"3427300","poolId":"0xa8a1fbf10f537f6b124c0ecabd5d1a30ab2d744f5729f709e9e98334f3239100","stateView":"0xf3334192d15450cdd385c8b70e03f9a6bd9e673b","tickLower":-887200,"tickUpper":68800}	{"ok": true, "feeGrowthInside0X128": "679243964257757254916091389847071418", "feeGrowthInside1X128": "116979918199516159552817292661535902776"}
{"blockNumber":"3524927","poolId":"0xa8a1fbf10f537f6b124c0ecabd5d1a30ab2d744f5729f709e9e98334f3239100","stateView":"0xf3334192d15450cdd385c8b70e03f9a6bd9e673b","tickLower":-887200,"tickUpper":68800}	{"ok": true, "feeGrowthInside0X128": "679248712916069294427990115491185031", "feeGrowthInside1X128": "120413789190734752930195994071077437130"}
{"blockNumber":"3524975","poolId":"0xa8a1fbf10f537f6b124c0ecabd5d1a30ab2d744f5729f709e9e98334f3239100","stateView":"0xf3334192d15450cdd385c8b70e03f9a6bd9e673b","tickLower":-887200,"tickUpper":68800}	{"ok": true, "feeGrowthInside0X128": "679248712916069294427990115491185031", "feeGrowthInside1X128": "120413789190734752930195994071077437130"}
{"blockNumber":"3525538","poolId":"0xa8a1fbf10f537f6b124c0ecabd5d1a30ab2d744f5729f709e9e98334f3239100","stateView":"0xf3334192d15450cdd385c8b70e03f9a6bd9e673b","tickLower":-887200,"tickUpper":68800}	{"ok": true, "feeGrowthInside0X128": "679248712916069294427990115491185031", "feeGrowthInside1X128": "122575159339861744462318125503686769911"}
{"blockNumber":"3525568","poolId":"0xa8a1fbf10f537f6b124c0ecabd5d1a30ab2d744f5729f709e9e98334f3239100","stateView":"0xf3334192d15450cdd385c8b70e03f9a6bd9e673b","tickLower":-887200,"tickUpper":68800}	{"ok": true, "feeGrowthInside0X128": "679248712916069294427990115491185031", "feeGrowthInside1X128": "122575159339861744462318125503686769911"}
{"blockNumber":"3526071","poolId":"0xa8a1fbf10f537f6b124c0ecabd5d1a30ab2d744f5729f709e9e98334f3239100","stateView":"0xf3334192d15450cdd385c8b70e03f9a6bd9e673b","tickLower":-887200,"tickUpper":68800}	{"ok": true, "feeGrowthInside0X128": "679248712916069294427990115491185031", "feeGrowthInside1X128": "124868147386627188625851871987841307790"}
{"blockNumber":"3526107","poolId":"0xa8a1fbf10f537f6b124c0ecabd5d1a30ab2d744f5729f709e9e98334f3239100","stateView":"0xf3334192d15450cdd385c8b70e03f9a6bd9e673b","tickLower":-887200,"tickUpper":68800}	{"ok": true, "feeGrowthInside0X128": "679248712916069294427990115491185031", "feeGrowthInside1X128": "124868147386627188625851871987841307790"}
{"blockNumber":"3526517","poolId":"0xa8a1fbf10f537f6b124c0ecabd5d1a30ab2d744f5729f709e9e98334f3239100","stateView":"0xf3334192d15450cdd385c8b70e03f9a6bd9e673b","tickLower":-887200,"tickUpper":68800}	{"ok": true, "feeGrowthInside0X128": "679248712916069294427990115491185031", "feeGrowthInside1X128": "126276390784978163405155427094336393804"}
{"blockNumber":"3467001","poolId":"0x360e098f0bbfb81ac8010a71ef0f7713b1e84c234a856dde8918a2972511b6cb","stateView":"0xf3334192d15450cdd385c8b70e03f9a6bd9e673b","tickLower":-884000,"tickUpper":884000}	{"ok": true, "feeGrowthInside0X128": "0", "feeGrowthInside1X128": "0"}
{"blockNumber":"3526561","poolId":"0xa8a1fbf10f537f6b124c0ecabd5d1a30ab2d744f5729f709e9e98334f3239100","stateView":"0xf3334192d15450cdd385c8b70e03f9a6bd9e673b","tickLower":-887200,"tickUpper":68800}	{"ok": true, "feeGrowthInside0X128": "679248712916069294427990115491185031", "feeGrowthInside1X128": "126276390784978163405155427094336393804"}
{"blockNumber":"3528201","poolId":"0xa8a1fbf10f537f6b124c0ecabd5d1a30ab2d744f5729f709e9e98334f3239100","stateView":"0xf3334192d15450cdd385c8b70e03f9a6bd9e673b","tickLower":-887200,"tickUpper":68800}	{"ok": true, "feeGrowthInside0X128": "679248712916069294427990115491185031", "feeGrowthInside1X128": "126309311682628056637603208767108944382"}
{"blockNumber":"3547399","poolId":"0xa8a1fbf10f537f6b124c0ecabd5d1a30ab2d744f5729f709e9e98334f3239100","stateView":"0xf3334192d15450cdd385c8b70e03f9a6bd9e673b","tickLower":-887200,"tickUpper":68800}	{"ok": true, "feeGrowthInside0X128": "679783450541084663383577815975351326", "feeGrowthInside1X128": "127279679686981457540398120574738875365"}
{"blockNumber":"3547435","poolId":"0xa8a1fbf10f537f6b124c0ecabd5d1a30ab2d744f5729f709e9e98334f3239100","stateView":"0xf3334192d15450cdd385c8b70e03f9a6bd9e673b","tickLower":-887200,"tickUpper":68800}	{"ok": true, "feeGrowthInside0X128": "679783450541084663383577815975351326", "feeGrowthInside1X128": "127279679686981457540398120574738875365"}
{"blockNumber":"3547495","poolId":"0xa8a1fbf10f537f6b124c0ecabd5d1a30ab2d744f5729f709e9e98334f3239100","stateView":"0xf3334192d15450cdd385c8b70e03f9a6bd9e673b","tickLower":-887200,"tickUpper":68800}	{"ok": true, "feeGrowthInside0X128": "679783450541084663383577815975351326", "feeGrowthInside1X128": "127279679686981457540398120574738875365"}
{"blockNumber":"3551156","poolId":"0xa8a1fbf10f537f6b124c0ecabd5d1a30ab2d744f5729f709e9e98334f3239100","stateView":"0xf3334192d15450cdd385c8b70e03f9a6bd9e673b","tickLower":-887200,"tickUpper":68800}	{"ok": true, "feeGrowthInside0X128": "679783450541084663383577815975351326", "feeGrowthInside1X128": "127300343473444121712146819751217518030"}
{"blockNumber":"3540341","poolId":"0x97ab3c0d4b7ed8244dae434fb039160116d2f5721ce2d0b693a6d05aed823eac","stateView":"0xf3334192d15450cdd385c8b70e03f9a6bd9e673b","tickLower":350000,"tickUpper":363000}	{"ok": true, "feeGrowthInside0X128": "0", "feeGrowthInside1X128": "0"}
{"blockNumber":"3555579","poolId":"0x97ab3c0d4b7ed8244dae434fb039160116d2f5721ce2d0b693a6d05aed823eac","stateView":"0xf3334192d15450cdd385c8b70e03f9a6bd9e673b","tickLower":350000,"tickUpper":363000}	{"ok": true, "feeGrowthInside0X128": "2702285815078781016257279365157", "feeGrowthInside1X128": "4936712307040315066083855368508438469815287495"}
{"blockNumber":"3580215","poolId":"0xcfba52bca80addea0bce3f80aa5b18ecbcf977dd735d58b639f1aaf35bfb19f1","stateView":"0xf3334192d15450cdd385c8b70e03f9a6bd9e673b","tickLower":-884000,"tickUpper":884000}	{"ok": true, "feeGrowthInside0X128": "147306478963602101068727877720196851", "feeGrowthInside1X128": "408798668754146755220284258333655735692618"}
{"blockNumber":"3497505","poolId":"0xb335f0b9bf6c1e1f5feb098ddfaf1b183c51125adbee9f6213c0e749911d5c63","stateView":"0xf3334192d15450cdd385c8b70e03f9a6bd9e673b","tickLower":-874000,"tickUpper":874000}	{"ok": true, "feeGrowthInside0X128": "0", "feeGrowthInside1X128": "5332202085775729225207315873683"}
{"blockNumber":"3497746","poolId":"0x493c352f0ef8bdf4899594d817624ac86a26b384617da6c5cdedbc3ae2655a0b","stateView":"0xf3334192d15450cdd385c8b70e03f9a6bd9e673b","tickLower":-874000,"tickUpper":874000}	{"ok": true, "feeGrowthInside0X128": "6788880458147058489721412757089", "feeGrowthInside1X128": "0"}
{"blockNumber":"3497992","poolId":"0xf884c648fd8407395ae09f124eed411eaafcf1ad1ac1e9f00baeb997a8b07165","stateView":"0xf3334192d15450cdd385c8b70e03f9a6bd9e673b","tickLower":-874000,"tickUpper":874000}	{"ok": true, "feeGrowthInside0X128": "955983999904952651316313074263", "feeGrowthInside1X128": "0"}
{"blockNumber":"3498339","poolId":"0x7c795de81407fb94d0c47808449c182a73fe4e885bc3c5f3f14d374647cf9712","stateView":"0xf3334192d15450cdd385c8b70e03f9a6bd9e673b","tickLower":-874000,"tickUpper":874000}	{"ok": true, "feeGrowthInside0X128": "0", "feeGrowthInside1X128": "146483075576050583373824040262568"}
{"blockNumber":"3498647","poolId":"0xb628ba70c896f535943a89fed75c77f57ccd717f9b04a45814a3901e534cebca","stateView":"0xf3334192d15450cdd385c8b70e03f9a6bd9e673b","tickLower":-874000,"tickUpper":874000}	{"ok": true, "feeGrowthInside0X128": "5718927716515046233403792397826", "feeGrowthInside1X128": "0"}
{"blockNumber":"3443888","poolId":"0x3184fdfe18a9070236bbc6c21cd3327c07b61887e88209e99bdd1f2465d57ece","stateView":"0xf3334192d15450cdd385c8b70e03f9a6bd9e673b","tickLower":-882000,"tickUpper":882000}	{"ok": true, "feeGrowthInside0X128": "1542546209143518725176516727076922321", "feeGrowthInside1X128": "7560908451695944257150241822028816063230678"}
{"blockNumber":"3550135","poolId":"0x3184fdfe18a9070236bbc6c21cd3327c07b61887e88209e99bdd1f2465d57ece","stateView":"0xf3334192d15450cdd385c8b70e03f9a6bd9e673b","tickLower":-882000,"tickUpper":882000}	{"ok": true, "feeGrowthInside0X128": "4545731304242187114407796172654820072", "feeGrowthInside1X128": "25485776698974849883324226641488624147946838"}
{"blockNumber":"3425394","poolId":"0xae1836da62db49c5af1302a6949ae7b719abf213e8074a27a8765d12866e32f0","stateView":"0xf3334192d15450cdd385c8b70e03f9a6bd9e673b","tickLower":-884000,"tickUpper":884000}	{"ok": true, "feeGrowthInside0X128": "0", "feeGrowthInside1X128": "0"}
{"blockNumber":"3428063","poolId":"0x498b29f56e377a9d5588585877e683346af410a0344902255b5d05bccb2051eb","stateView":"0xf3334192d15450cdd385c8b70e03f9a6bd9e673b","tickLower":196400,"tickUpper":219200}	{"ok": true, "feeGrowthInside0X128": "0", "feeGrowthInside1X128": "0"}
{"blockNumber":"3428684","poolId":"0x79406f0aa1fb2c69c08bb933182276ef1b1e6f50582d3a7186702000e54b44df","stateView":"0xf3334192d15450cdd385c8b70e03f9a6bd9e673b","tickLower":-242400,"tickUpper":-200400}	{"ok": true, "feeGrowthInside0X128": "0", "feeGrowthInside1X128": "0"}
{"blockNumber":"3454604","poolId":"0x89168d1f4eef699c62107a85bdbb26df9a3ae2b10ef38e1243efab204c557694","stateView":"0xf3334192d15450cdd385c8b70e03f9a6bd9e673b","tickLower":-871200,"tickUpper":871200}	{"ok": true, "feeGrowthInside0X128": "0", "feeGrowthInside1X128": "0"}
{"blockNumber":"3464907","poolId":"0x34c8e0702dc895e9ea2e905867e834ccf2238f1fe6b865da2c699872ec7bc0b9","stateView":"0xf3334192d15450cdd385c8b70e03f9a6bd9e673b","tickLower":-884000,"tickUpper":884000}	{"ok": true, "feeGrowthInside0X128": "0", "feeGrowthInside1X128": "0"}
{"blockNumber":"3465309","poolId":"0xcbed472ab9a4e6ed0229a6a590717d29d262982a96ee52a7b5b8b02d6a9b43ae","stateView":"0xf3334192d15450cdd385c8b70e03f9a6bd9e673b","tickLower":-884000,"tickUpper":884000}	{"ok": true, "feeGrowthInside0X128": "0", "feeGrowthInside1X128": "0"}
{"blockNumber":"3465647","poolId":"0x7aa87f0cf3a6fe5fdf320a611f4f2806eaf4c9dfd85db688862055fddbca3042","stateView":"0xf3334192d15450cdd385c8b70e03f9a6bd9e673b","tickLower":-884000,"tickUpper":884000}	{"ok": true, "feeGrowthInside0X128": "0", "feeGrowthInside1X128": "0"}
{"blockNumber":"3467634","poolId":"0x00f92be72e5a2bb9ee0d10fd179b450a28e4d1adcb6606df51ba3c3de389b0b6","stateView":"0xf3334192d15450cdd385c8b70e03f9a6bd9e673b","tickLower":-884000,"tickUpper":884000}	{"ok": true, "feeGrowthInside0X128": "0", "feeGrowthInside1X128": "0"}
{"blockNumber":"3479879","poolId":"0xca7ae1c2b719de7c6c69130213a8c3616dd0e692be1b829351626f56b2943ed4","stateView":"0xf3334192d15450cdd385c8b70e03f9a6bd9e673b","tickLower":-884800,"tickUpper":884800}	{"ok": true, "feeGrowthInside0X128": "0", "feeGrowthInside1X128": "0"}
{"blockNumber":"3492037","poolId":"0xa319d3ba7c92cf654cdc34c2f94185915bcb169956b952abf4768de1740cacec","stateView":"0xf3334192d15450cdd385c8b70e03f9a6bd9e673b","tickLower":-880000,"tickUpper":880000}	{"ok": true, "feeGrowthInside0X128": "0", "feeGrowthInside1X128": "0"}
{"blockNumber":"3497018","poolId":"0x7545fe403021dc505d7e3fceefa155a4e61dd99ca199f8b6907798fd70e920ed","stateView":"0xf3334192d15450cdd385c8b70e03f9a6bd9e673b","tickLower":-883200,"tickUpper":883200}	{"ok": true, "feeGrowthInside0X128": "0", "feeGrowthInside1X128": "0"}
{"blockNumber":"3501762","poolId":"0x27ec40a6c12fad3d5a448f13f1b450a76a7d12e523511e197d7a2886e502cb50","stateView":"0xf3334192d15450cdd385c8b70e03f9a6bd9e673b","tickLower":-882000,"tickUpper":882000}	{"ok": true, "feeGrowthInside0X128": "0", "feeGrowthInside1X128": "0"}
{"blockNumber":"3549949","poolId":"0xf75d2853e80f82de84d3e84dd9d6b3b541fd4315391e12b2f235cbd6e99655a7","stateView":"0xf3334192d15450cdd385c8b70e03f9a6bd9e673b","tickLower":-880000,"tickUpper":880000}	{"ok": true, "feeGrowthInside0X128": "0", "feeGrowthInside1X128": "0"}
{"blockNumber":"3555601","poolId":"0xeb9a63ea5f4fe3df0f3c8736fac9949d694efac7b2e9e74c480de43d98139429","stateView":"0xf3334192d15450cdd385c8b70e03f9a6bd9e673b","tickLower":-880000,"tickUpper":880000}	{"ok": true, "feeGrowthInside0X128": "0", "feeGrowthInside1X128": "0"}
{"blockNumber":"3559439","poolId":"0xf8b405e53498b4f0636633643496244e848743c4d8546efbc32dbcc50376a4bf","stateView":"0xf3334192d15450cdd385c8b70e03f9a6bd9e673b","tickLower":364000,"tickUpper":374400}	{"ok": true, "feeGrowthInside0X128": "0", "feeGrowthInside1X128": "0"}
{"blockNumber":"3560143","poolId":"0x97d5f7b0fa7a41f1a4c1aea7029dcd1b1cbc9ea7c35a1a440972923870680750","stateView":"0xf3334192d15450cdd385c8b70e03f9a6bd9e673b","tickLower":-873600,"tickUpper":873600}	{"ok": true, "feeGrowthInside0X128": "0", "feeGrowthInside1X128": "0"}
{"blockNumber":"3566065","poolId":"0x3599825d604e991ab86027fba05b87b46e37407e66d3c96d03e7dd2164bedecc","stateView":"0xf3334192d15450cdd385c8b70e03f9a6bd9e673b","tickLower":354000,"tickUpper":366000}	{"ok": true, "feeGrowthInside0X128": "0", "feeGrowthInside1X128": "0"}
{"blockNumber":"3566710","poolId":"0xa779f37755d7fa096d67f4e5d59bcfcc055d6def742f4137fe1800d4184268fa","stateView":"0xf3334192d15450cdd385c8b70e03f9a6bd9e673b","tickLower":-880000,"tickUpper":880000}	{"ok": true, "feeGrowthInside0X128": "0", "feeGrowthInside1X128": "0"}
{"blockNumber":"3573597","poolId":"0xdba06f808459e8730b7c9ba429e5c9e1338391f1ac6f543b46b794c705c34593","stateView":"0xf3334192d15450cdd385c8b70e03f9a6bd9e673b","tickLower":-882000,"tickUpper":882000}	{"ok": true, "feeGrowthInside0X128": "0", "feeGrowthInside1X128": "0"}
{"blockNumber":"3573627","poolId":"0xefff651d4dec75c7dac417009617fe540367d31c9850434d9354c13ba55c152c","stateView":"0xf3334192d15450cdd385c8b70e03f9a6bd9e673b","tickLower":-885000,"tickUpper":885000}	{"ok": true, "feeGrowthInside0X128": "0", "feeGrowthInside1X128": "0"}
{"blockNumber":"3598554","poolId":"0x387bf619da4d3fb62bb276482693dba1b9b3520f573cabdfe033384a24125982","stateView":"0xf3334192d15450cdd385c8b70e03f9a6bd9e673b","tickLower":-203680,"tickUpper":-199650}	{"ok": true, "feeGrowthInside0X128": "0", "feeGrowthInside1X128": "0"}
{"blockNumber":"3603183","poolId":"0x387bf619da4d3fb62bb276482693dba1b9b3520f573cabdfe033384a24125982","stateView":"0xf3334192d15450cdd385c8b70e03f9a6bd9e673b","tickLower":-201530,"tickUpper":-201470}	{"ok": true, "feeGrowthInside0X128": "0", "feeGrowthInside1X128": "0"}
{"blockNumber":"3624816","poolId":"0x387bf619da4d3fb62bb276482693dba1b9b3520f573cabdfe033384a24125982","stateView":"0xf3334192d15450cdd385c8b70e03f9a6bd9e673b","tickLower":-201530,"tickUpper":-201470}	{"ok": true, "feeGrowthInside0X128": "0", "feeGrowthInside1X128": "0"}
{"blockNumber":"3617225","poolId":"0x387bf619da4d3fb62bb276482693dba1b9b3520f573cabdfe033384a24125982","stateView":"0xf3334192d15450cdd385c8b70e03f9a6bd9e673b","tickLower":-201510,"tickUpper":-201450}	{"ok": true, "feeGrowthInside0X128": "0", "feeGrowthInside1X128": "0"}
{"blockNumber":"3625477","poolId":"0x387bf619da4d3fb62bb276482693dba1b9b3520f573cabdfe033384a24125982","stateView":"0xf3334192d15450cdd385c8b70e03f9a6bd9e673b","tickLower":-201540,"tickUpper":-201480}	{"ok": true, "feeGrowthInside0X128": "0", "feeGrowthInside1X128": "0"}
{"blockNumber":"3648167","poolId":"0x387bf619da4d3fb62bb276482693dba1b9b3520f573cabdfe033384a24125982","stateView":"0xf3334192d15450cdd385c8b70e03f9a6bd9e673b","tickLower":-201540,"tickUpper":-201480}	{"ok": true, "feeGrowthInside0X128": "0", "feeGrowthInside1X128": "0"}
{"blockNumber":"3633876","poolId":"0x387bf619da4d3fb62bb276482693dba1b9b3520f573cabdfe033384a24125982","stateView":"0xf3334192d15450cdd385c8b70e03f9a6bd9e673b","tickLower":-203700,"tickUpper":-199770}	{"ok": true, "feeGrowthInside0X128": "0", "feeGrowthInside1X128": "0"}
{"blockNumber":"3682181","poolId":"0x387bf619da4d3fb62bb276482693dba1b9b3520f573cabdfe033384a24125982","stateView":"0xf3334192d15450cdd385c8b70e03f9a6bd9e673b","tickLower":-204620,"tickUpper":-198740}	{"ok": true, "feeGrowthInside0X128": "5440604925399395215127925905237913936387", "feeGrowthInside1X128": "9755487217668216037183313259139"}
{"blockNumber":"3696440","poolId":"0x387bf619da4d3fb62bb276482693dba1b9b3520f573cabdfe033384a24125982","stateView":"0xf3334192d15450cdd385c8b70e03f9a6bd9e673b","tickLower":-204930,"tickUpper":-198740}	{"ok": true, "feeGrowthInside0X128": "0", "feeGrowthInside1X128": "0"}
{"blockNumber":"3724819","poolId":"0x9b3cbaa7c0b13f100591e0404748ab6b6d2ae2c3c089ca0f85b5bbbb12b71b1c","stateView":"0xf3334192d15450cdd385c8b70e03f9a6bd9e673b","tickLower":-201960,"tickUpper":-201330}	{"ok": true, "feeGrowthInside0X128": "403167835963836726851088553963299079997", "feeGrowthInside1X128": "0"}
{"blockNumber":"3583606","poolId":"0xaea1c7ceb6687d4d5ed8ed364a7de97947a8abf326f0aba0984d76797316c5f1","stateView":"0xf3334192d15450cdd385c8b70e03f9a6bd9e673b","tickLower":140200,"tickUpper":157600}	{"ok": true, "feeGrowthInside0X128": "14716153861958572159158772575781791", "feeGrowthInside1X128": "131833476556163065930795590866959614601517"}
{"blockNumber":"3613489","poolId":"0xa5f23cae4e5c3388c5a8a6b08a83f53e56df8f1a63757e606b362994b68a2361","stateView":"0xf3334192d15450cdd385c8b70e03f9a6bd9e673b","tickLower":-276339,"tickUpper":-276328}	{"ok": true, "feeGrowthInside0X128": "0", "feeGrowthInside1X128": "0"}
{"blockNumber":"3613827","poolId":"0xa5f23cae4e5c3388c5a8a6b08a83f53e56df8f1a63757e606b362994b68a2361","stateView":"0xf3334192d15450cdd385c8b70e03f9a6bd9e673b","tickLower":-887272,"tickUpper":887272}	{"ok": true, "feeGrowthInside0X128": "43075915228677568940345926653465718667", "feeGrowthInside1X128": "27153138801776691662345546"}
{"blockNumber":"3647978","poolId":"0xa95732060867f07aa9b8ae9a4b7b8d737bc3374f1dfbb952759c5ed676e8737c","stateView":"0xf3334192d15450cdd385c8b70e03f9a6bd9e673b","tickLower":278520,"tickUpper":283860}	{"ok": true, "feeGrowthInside0X128": "465037079694931655382044297895", "feeGrowthInside1X128": "850890013109812483110603114249811742388213"}
{"blockNumber":"3678653","poolId":"0xa95732060867f07aa9b8ae9a4b7b8d737bc3374f1dfbb952759c5ed676e8737c","stateView":"0xf3334192d15450cdd385c8b70e03f9a6bd9e673b","tickLower":278520,"tickUpper":283860}	{"ok": true, "feeGrowthInside0X128": "478837866750389977779705560607", "feeGrowthInside1X128": "869780780863189219724644844756483364084874"}
{"blockNumber":"3693213","poolId":"0xa95732060867f07aa9b8ae9a4b7b8d737bc3374f1dfbb952759c5ed676e8737c","stateView":"0xf3334192d15450cdd385c8b70e03f9a6bd9e673b","tickLower":278520,"tickUpper":283860}	{"ok": true, "feeGrowthInside0X128": "481817226164440934283918559377", "feeGrowthInside1X128": "872306641624887179085815524513256652924096"}
{"blockNumber":"3599688","poolId":"0x5501f1e70a9a3c56f57880c18d095a63f4e1b50e9def646e7f3c6633d49db550","stateView":"0xf3334192d15450cdd385c8b70e03f9a6bd9e673b","tickLower":120000,"tickUpper":126000}	{"ok": true, "feeGrowthInside0X128": "115792089237316195423570985008687907853269978997779175071394848267866662990228", "feeGrowthInside1X128": "115792089237316195423570985008687907850410847807976079218195573631911038474194"}
{"blockNumber":"3685952","poolId":"0x2135ac19f4571a7d8c6ac16f17f984f9c4ffe05ac420f28d6bfdd584783a07b2","stateView":"0xf3334192d15450cdd385c8b70e03f9a6bd9e673b","tickLower":-336160,"tickUpper":-325600}	{"ok": true, "feeGrowthInside0X128": "0", "feeGrowthInside1X128": "0"}
{"blockNumber":"3716333","poolId":"0x5929cefc41fc40d261a7a2c8ac2bd278af2712cd874680a8dfba20db94c621e8","stateView":"0xf3334192d15450cdd385c8b70e03f9a6bd9e673b","tickLower":-884000,"tickUpper":884000}	{"ok": true, "feeGrowthInside0X128": "0", "feeGrowthInside1X128": "0"}
{"blockNumber":"3720282","poolId":"0x5501f1e70a9a3c56f57880c18d095a63f4e1b50e9def646e7f3c6633d49db550","stateView":"0xf3334192d15450cdd385c8b70e03f9a6bd9e673b","tickLower":121000,"tickUpper":130000}	{"ok": true, "feeGrowthInside0X128": "0", "feeGrowthInside1X128": "0"}
{"blockNumber":"3727910","poolId":"0x5501f1e70a9a3c56f57880c18d095a63f4e1b50e9def646e7f3c6633d49db550","stateView":"0xf3334192d15450cdd385c8b70e03f9a6bd9e673b","tickLower":121000,"tickUpper":130000}	{"ok": true, "feeGrowthInside0X128": "0", "feeGrowthInside1X128": "0"}
{"blockNumber":"3597440","poolId":"0x0fbd1aab9d8af6c6bbffbbc72be2c02e9d45e0833211482ddcdf96f3bb3acb6a","stateView":"0xf3334192d15450cdd385c8b70e03f9a6bd9e673b","tickLower":341400,"tickUpper":355200}	{"ok": true, "feeGrowthInside0X128": "88446163710642452759987926212", "feeGrowthInside1X128": "130233680553594610827779741243871795943349959"}
{"blockNumber":"3637682","poolId":"0x0fbd1aab9d8af6c6bbffbbc72be2c02e9d45e0833211482ddcdf96f3bb3acb6a","stateView":"0xf3334192d15450cdd385c8b70e03f9a6bd9e673b","tickLower":349800,"tickUpper":361800}	{"ok": true, "feeGrowthInside0X128": "0", "feeGrowthInside1X128": "0"}
{"blockNumber":"3638236","poolId":"0x0fbd1aab9d8af6c6bbffbbc72be2c02e9d45e0833211482ddcdf96f3bb3acb6a","stateView":"0xf3334192d15450cdd385c8b70e03f9a6bd9e673b","tickLower":351000,"tickUpper":363000}	{"ok": true, "feeGrowthInside0X128": "0", "feeGrowthInside1X128": "0"}
{"blockNumber":"3692611","poolId":"0x0fbd1aab9d8af6c6bbffbbc72be2c02e9d45e0833211482ddcdf96f3bb3acb6a","stateView":"0xf3334192d15450cdd385c8b70e03f9a6bd9e673b","tickLower":351600,"tickUpper":363600}	{"ok": true, "feeGrowthInside0X128": "0", "feeGrowthInside1X128": "0"}
{"blockNumber":"3685145","poolId":"0x79406f0aa1fb2c69c08bb933182276ef1b1e6f50582d3a7186702000e54b44df","stateView":"0xf3334192d15450cdd385c8b70e03f9a6bd9e673b","tickLower":-242400,"tickUpper":-200400}	{"ok": true, "feeGrowthInside0X128": "105094507891736974920093434997617853613756", "feeGrowthInside1X128": "11338352591016465759570201594019"}
{"blockNumber":"3734056","poolId":"0x79406f0aa1fb2c69c08bb933182276ef1b1e6f50582d3a7186702000e54b44df","stateView":"0xf3334192d15450cdd385c8b70e03f9a6bd9e673b","tickLower":-228000,"tickUpper":-225000}	{"ok": true, "feeGrowthInside0X128": "0", "feeGrowthInside1X128": "0"}
{"blockNumber":"3683693","poolId":"0x97ab3c0d4b7ed8244dae434fb039160116d2f5721ce2d0b693a6d05aed823eac","stateView":"0xf3334192d15450cdd385c8b70e03f9a6bd9e673b","tickLower":353000,"tickUpper":364000}	{"ok": true, "feeGrowthInside0X128": "566342403186856862336870035688", "feeGrowthInside1X128": "1589720352820666840181241247149760569634744416"}
{"blockNumber":"3628545","poolId":"0x22ffeb5d19130dd5f7ce9a9dd86ff842794ad75ea1e3929765de25bd50441e82","stateView":"0xf3334192d15450cdd385c8b70e03f9a6bd9e673b","tickLower":134400,"tickUpper":147200}	{"ok": true, "feeGrowthInside0X128": "0", "feeGrowthInside1X128": "0"}
{"blockNumber":"3635077","poolId":"0x22ffeb5d19130dd5f7ce9a9dd86ff842794ad75ea1e3929765de25bd50441e82","stateView":"0xf3334192d15450cdd385c8b70e03f9a6bd9e673b","tickLower":134400,"tickUpper":147200}	{"ok": true, "feeGrowthInside0X128": "106282157840504431207135372734344801", "feeGrowthInside1X128": "96344778462677680472268156154721256623451"}
{"blockNumber":"3712602","poolId":"0x9eaf8368c3af563edd687a8c5571867c36e961dae54ffe00535fb5b2e61e3faf","stateView":"0xf3334192d15450cdd385c8b70e03f9a6bd9e673b","tickLower":-884000,"tickUpper":884000}	{"ok": true, "feeGrowthInside0X128": "0", "feeGrowthInside1X128": "0"}
{"blockNumber":"3609203","poolId":"0x25ecc17b4266ea46f2717ab7f5af7486c1f932fee08e137d26c919a3ca9bd433","stateView":"0xf3334192d15450cdd385c8b70e03f9a6bd9e673b","tickLower":-874000,"tickUpper":874000}	{"ok": true, "feeGrowthInside0X128": "5538324992744647825403411162994", "feeGrowthInside1X128": "0"}
{"blockNumber":"3609669","poolId":"0x075d036a8464ed4ce43341254cf85253f2ead1cd1a80fe438d9ae5273d454619","stateView":"0xf3334192d15450cdd385c8b70e03f9a6bd9e673b","tickLower":-874000,"tickUpper":874000}	{"ok": true, "feeGrowthInside0X128": "4038453016440525240549107514423", "feeGrowthInside1X128": "0"}
{"blockNumber":"3610995","poolId":"0x6fe4c822d36faefc6a6be0f57fdf1aac864ff041d1bbbc201cb3bb84340709ed","stateView":"0xf3334192d15450cdd385c8b70e03f9a6bd9e673b","tickLower":-874000,"tickUpper":874000}	{"ok": true, "feeGrowthInside0X128": "2143710151626110823881026606225", "feeGrowthInside1X128": "0"}
{"blockNumber":"3611857","poolId":"0x65beb176ae6d62ba3d27002cac8949b59a04dd81903fd6b57b0e955fe63a8c72","stateView":"0xf3334192d15450cdd385c8b70e03f9a6bd9e673b","tickLower":-874000,"tickUpper":874000}	{"ok": true, "feeGrowthInside0X128": "1466612151046115159409044056792", "feeGrowthInside1X128": "0"}
{"blockNumber":"3620718","poolId":"0x54b857dcd238af51aea213e35b8b88f5496fc4fc531ce1942f1ea3605ec5a463","stateView":"0xf3334192d15450cdd385c8b70e03f9a6bd9e673b","tickLower":-874000,"tickUpper":874000}	{"ok": true, "feeGrowthInside0X128": "2717813135000287275427994082328", "feeGrowthInside1X128": "0"}
{"blockNumber":"3632318","poolId":"0x54b857dcd238af51aea213e35b8b88f5496fc4fc531ce1942f1ea3605ec5a463","stateView":"0xf3334192d15450cdd385c8b70e03f9a6bd9e673b","tickLower":-874000,"tickUpper":874000}	{"ok": true, "feeGrowthInside0X128": "2717813135000287275427994082328", "feeGrowthInside1X128": "0"}
{"blockNumber":"3621157","poolId":"0xc2b716bf8f8db876b16d40427b5264027abf491e1899a0c52639b18e94df1d84","stateView":"0xf3334192d15450cdd385c8b70e03f9a6bd9e673b","tickLower":-874000,"tickUpper":874000}	{"ok": true, "feeGrowthInside0X128": "0", "feeGrowthInside1X128": "5839980565862354267043208240420"}
{"blockNumber":"3621636","poolId":"0x05f4422624c0e701d954c885d4539bc493585e27207537985c56961980110076","stateView":"0xf3334192d15450cdd385c8b70e03f9a6bd9e673b","tickLower":-874000,"tickUpper":874000}	{"ok": true, "feeGrowthInside0X128": "0", "feeGrowthInside1X128": "4211276462091938950413194076679"}
{"blockNumber":"3622143","poolId":"0xbfe0c11e9af0bbd17c2ab93bc0cb069b1f4d7f4dc35797aa9d8659505893b139","stateView":"0xf3334192d15450cdd385c8b70e03f9a6bd9e673b","tickLower":-874000,"tickUpper":874000}	{"ok": true, "feeGrowthInside0X128": "0", "feeGrowthInside1X128": "903607879749095238160383293533"}
{"blockNumber":"3622665","poolId":"0xc642483998d96122f1b37e59cad46737e58e6b6ae36ee7421245c2a56c60f5e5","stateView":"0xf3334192d15450cdd385c8b70e03f9a6bd9e673b","tickLower":-874000,"tickUpper":874000}	{"ok": true, "feeGrowthInside0X128": "0", "feeGrowthInside1X128": "240591440034810081471966590195"}
{"blockNumber":"3718433","poolId":"0xf8b405e53498b4f0636633643496244e848743c4d8546efbc32dbcc50376a4bf","stateView":"0xf3334192d15450cdd385c8b70e03f9a6bd9e673b","tickLower":364000,"tickUpper":374400}	{"ok": true, "feeGrowthInside0X128": "104286264609879236048423594069", "feeGrowthInside1X128": "867355662548880365314542670011504581271797374"}
{"blockNumber":"3718572","poolId":"0xf8b405e53498b4f0636633643496244e848743c4d8546efbc32dbcc50376a4bf","stateView":"0xf3334192d15450cdd385c8b70e03f9a6bd9e673b","tickLower":364000,"tickUpper":374400}	{"ok": true, "feeGrowthInside0X128": "104286264609879236048423594069", "feeGrowthInside1X128": "867355662548880365314542670011504581271797374"}
{"blockNumber":"3723507","poolId":"0xf8b405e53498b4f0636633643496244e848743c4d8546efbc32dbcc50376a4bf","stateView":"0xf3334192d15450cdd385c8b70e03f9a6bd9e673b","tickLower":364000,"tickUpper":374400}	{"ok": true, "feeGrowthInside0X128": "104286264609879236048423594069", "feeGrowthInside1X128": "1318867112628709846979372372600233001448726332"}
{"blockNumber":"3628750","poolId":"0x81cf36b461ebdb58e8d6cbcb71c43a69ab55a69d69737f7d14047512b91c5221","stateView":"0xf3334192d15450cdd385c8b70e03f9a6bd9e673b","tickLower":-874000,"tickUpper":874000}	{"ok": true, "feeGrowthInside0X128": "0", "feeGrowthInside1X128": "705931214908878078328363749164"}
{"blockNumber":"3630673","poolId":"0xf6ee1e5197324d64051ca2f74bbc63a0ed46ded83a11b67f9e9c886ac62d31bc","stateView":"0xf3334192d15450cdd385c8b70e03f9a6bd9e673b","tickLower":-874000,"tickUpper":874000}	{"ok": true, "feeGrowthInside0X128": "0", "feeGrowthInside1X128": "1815458065274620029149364213948"}
{"blockNumber":"3631250","poolId":"0x77d7d478dd79e9ea7150b2e42eace394fcb825d9a5a31c89e036136e953b8ecd","stateView":"0xf3334192d15450cdd385c8b70e03f9a6bd9e673b","tickLower":-874000,"tickUpper":874000}	{"ok": true, "feeGrowthInside0X128": "4188911190562117511863427923174", "feeGrowthInside1X128": "0"}
{"blockNumber":"3631775","poolId":"0xdac5a34c821d4a46807e2bcf27f704a4763fd631cfc2095c270688ef8aa5b79e","stateView":"0xf3334192d15450cdd385c8b70e03f9a6bd9e673b","tickLower":-874000,"tickUpper":874000}	{"ok": true, "feeGrowthInside0X128": "0", "feeGrowthInside1X128": "3093573983924468797868527943158"}
{"blockNumber":"3703456","poolId":"0x4f60a883f23ba6a6da71d92bfd07ac6fc1102f51c049b2f594209898efb09971","stateView":"0xf3334192d15450cdd385c8b70e03f9a6bd9e673b","tickLower":-880000,"tickUpper":880000}	{"ok": true, "feeGrowthInside0X128": "153120890092594301107892307885034317948335", "feeGrowthInside1X128": "0"}
{"blockNumber":"3704390","poolId":"0xf75b9f132cf0fdef57bcc30524eaba83bf76783722e1bd2a3f522a0666b64737","stateView":"0xf3334192d15450cdd385c8b70e03f9a6bd9e673b","tickLower":-880000,"tickUpper":880000}	{"ok": true, "feeGrowthInside0X128": "1741143104403020682114483592447630521815258", "feeGrowthInside1X128": "3687383735473400734682523408537250717"}
{"blockNumber":"3705375","poolId":"0x1dd7db2203c78d7831c87fb14c72dfacb1d05d272b30211b2cd40ab6bb2cf3a1","stateView":"0xf3334192d15450cdd385c8b70e03f9a6bd9e673b","tickLower":-882000,"tickUpper":882000}	{"ok": true, "feeGrowthInside0X128": "424078775880012520593280156878607506489169", "feeGrowthInside1X128": "0"}
{"blockNumber":"3590789","poolId":"0x85935e529ceda0afc82316b92db53ba2ca9704c0aafcaadbb0d55179061af1b5","stateView":"0xf3334192d15450cdd385c8b70e03f9a6bd9e673b","tickLower":-880000,"tickUpper":880000}	{"ok": true, "feeGrowthInside0X128": "0", "feeGrowthInside1X128": "0"}
{"blockNumber":"3596235","poolId":"0x9acc9a2c3c762a0b681c19fb3d5221fbb3e330a429949aff36909ae30de553cb","stateView":"0xf3334192d15450cdd385c8b70e03f9a6bd9e673b","tickLower":-887220,"tickUpper":108180}	{"ok": true, "feeGrowthInside0X128": "0", "feeGrowthInside1X128": "0"}
{"blockNumber":"3599860","poolId":"0xb7a065260cdc8f815997b81658958e28686853cbd3eee8429fc4fbb1f66b4528","stateView":"0xf3334192d15450cdd385c8b70e03f9a6bd9e673b","tickLower":-884000,"tickUpper":884000}	{"ok": true, "feeGrowthInside0X128": "0", "feeGrowthInside1X128": "0"}
{"blockNumber":"3604861","poolId":"0x5dc07c04085be6ed3d22836385999d335d76d9fe729fe570597448fd7e9568ec","stateView":"0xf3334192d15450cdd385c8b70e03f9a6bd9e673b","tickLower":-884000,"tickUpper":884000}	{"ok": true, "feeGrowthInside0X128": "0", "feeGrowthInside1X128": "0"}
{"blockNumber":"3620802","poolId":"0xe3ab4adab80b6849e6e43ff5bc263c9b65c412088e9cc830babb693464590c3d","stateView":"0xf3334192d15450cdd385c8b70e03f9a6bd9e673b","tickLower":-880000,"tickUpper":880000}	{"ok": true, "feeGrowthInside0X128": "0", "feeGrowthInside1X128": "0"}
{"blockNumber":"3629703","poolId":"0xf8a07a5bf2d1b48b4eda69eaf9d2bb50f07fe7d733a952309ec5e9e214dfbdcc","stateView":"0xf3334192d15450cdd385c8b70e03f9a6bd9e673b","tickLower":-880000,"tickUpper":880000}	{"ok": true, "feeGrowthInside0X128": "0", "feeGrowthInside1X128": "0"}
{"blockNumber":"3634612","poolId":"0x2ea832679ecd624dfecbdbae62cd220dda1df073523eec46d82348aec382f27e","stateView":"0xf3334192d15450cdd385c8b70e03f9a6bd9e673b","tickLower":-884400,"tickUpper":884400}	{"ok": true, "feeGrowthInside0X128": "0", "feeGrowthInside1X128": "0"}
{"blockNumber":"3637700","poolId":"0x44f883d0f45b948c2f96dcadf659f67668fd081f74b58a2a2e894028bacaedbe","stateView":"0xf3334192d15450cdd385c8b70e03f9a6bd9e673b","tickLower":-886200,"tickUpper":886200}	{"ok": true, "feeGrowthInside0X128": "0", "feeGrowthInside1X128": "0"}
{"blockNumber":"3637847","poolId":"0x82b740b11e1f045f606d188d184736a3976dca58ccf96f39a9524ba9d382d203","stateView":"0xf3334192d15450cdd385c8b70e03f9a6bd9e673b","tickLower":-884400,"tickUpper":884400}	{"ok": true, "feeGrowthInside0X128": "0", "feeGrowthInside1X128": "0"}
{"blockNumber":"3638763","poolId":"0x44f883d0f45b948c2f96dcadf659f67668fd081f74b58a2a2e894028bacaedbe","stateView":"0xf3334192d15450cdd385c8b70e03f9a6bd9e673b","tickLower":348600,"tickUpper":361200}	{"ok": true, "feeGrowthInside0X128": "0", "feeGrowthInside1X128": "0"}
{"blockNumber":"3639022","poolId":"0x44f883d0f45b948c2f96dcadf659f67668fd081f74b58a2a2e894028bacaedbe","stateView":"0xf3334192d15450cdd385c8b70e03f9a6bd9e673b","tickLower":348600,"tickUpper":361200}	{"ok": true, "feeGrowthInside0X128": "0", "feeGrowthInside1X128": "0"}
{"blockNumber":"3639446","poolId":"0x2ea832679ecd624dfecbdbae62cd220dda1df073523eec46d82348aec382f27e","stateView":"0xf3334192d15450cdd385c8b70e03f9a6bd9e673b","tickLower":138600,"tickUpper":151800}	{"ok": true, "feeGrowthInside0X128": "0", "feeGrowthInside1X128": "0"}
{"blockNumber":"3639863","poolId":"0x44f883d0f45b948c2f96dcadf659f67668fd081f74b58a2a2e894028bacaedbe","stateView":"0xf3334192d15450cdd385c8b70e03f9a6bd9e673b","tickLower":348600,"tickUpper":361200}	{"ok": true, "feeGrowthInside0X128": "0", "feeGrowthInside1X128": "0"}
{"blockNumber":"3641065","poolId":"0x82b740b11e1f045f606d188d184736a3976dca58ccf96f39a9524ba9d382d203","stateView":"0xf3334192d15450cdd385c8b70e03f9a6bd9e673b","tickLower":-884400,"tickUpper":884400}	{"ok": true, "feeGrowthInside0X128": "121019052353052769931120842128", "feeGrowthInside1X128": "0"}
{"blockNumber":"3641150","poolId":"0x82b740b11e1f045f606d188d184736a3976dca58ccf96f39a9524ba9d382d203","stateView":"0xf3334192d15450cdd385c8b70e03f9a6bd9e673b","tickLower":-884400,"tickUpper":884400}	{"ok": true, "feeGrowthInside0X128": "121019052353052769931120842128", "feeGrowthInside1X128": "0"}
{"blockNumber":"3641249","poolId":"0x2ea832679ecd624dfecbdbae62cd220dda1df073523eec46d82348aec382f27e","stateView":"0xf3334192d15450cdd385c8b70e03f9a6bd9e673b","tickLower":138600,"tickUpper":151800}	{"ok": true, "feeGrowthInside0X128": "12709326155192869977487567709338233", "feeGrowthInside1X128": "0"}
{"blockNumber":"3641319","poolId":"0x44f883d0f45b948c2f96dcadf659f67668fd081f74b58a2a2e894028bacaedbe","stateView":"0xf3334192d15450cdd385c8b70e03f9a6bd9e673b","tickLower":-886200,"tickUpper":886200}	{"ok": true, "feeGrowthInside0X128": "119599682411057667442112075811", "feeGrowthInside1X128": "274115969433303302302408364977491639300046358"}
{"blockNumber":"3641395","poolId":"0x2ea832679ecd624dfecbdbae62cd220dda1df073523eec46d82348aec382f27e","stateView":"0xf3334192d15450cdd385c8b70e03f9a6bd9e673b","tickLower":-884400,"tickUpper":884400}	{"ok": true, "feeGrowthInside0X128": "12709326155192869977487567709338233", "feeGrowthInside1X128": "0"}
{"blockNumber":"3642088","poolId":"0x44f883d0f45b948c2f96dcadf659f67668fd081f74b58a2a2e894028bacaedbe","stateView":"0xf3334192d15450cdd385c8b70e03f9a6bd9e673b","tickLower":340200,"tickUpper":357000}	{"ok": true, "feeGrowthInside0X128": "0", "feeGrowthInside1X128": "0"}
{"blockNumber":"3642487","poolId":"0x44f883d0f45b948c2f96dcadf659f67668fd081f74b58a2a2e894028bacaedbe","stateView":"0xf3334192d15450cdd385c8b70e03f9a6bd9e673b","tickLower":350000,"tickUpper":362600}	{"ok": true, "feeGrowthInside0X128": "0", "feeGrowthInside1X128": "0"}
{"blockNumber":"3644127","poolId":"0x44f883d0f45b948c2f96dcadf659f67668fd081f74b58a2a2e894028bacaedbe","stateView":"0xf3334192d15450cdd385c8b70e03f9a6bd9e673b","tickLower":348600,"tickUpper":361200}	{"ok": true, "feeGrowthInside0X128": "49488956898886320621320720471", "feeGrowthInside1X128": "88264999426677530046788112916661963776437743"}
{"blockNumber":"3644141","poolId":"0x44f883d0f45b948c2f96dcadf659f67668fd081f74b58a2a2e894028bacaedbe","stateView":"0xf3334192d15450cdd385c8b70e03f9a6bd9e673b","tickLower":348600,"tickUpper":361200}	{"ok": true, "feeGrowthInside0X128": "49488956898886320621320720471", "feeGrowthInside1X128": "88264999426677530046788112916661963776437743"}
{"blockNumber":"3644943","poolId":"0xd4d8a8a02fb04d0dd05b765dec4c22755340231365d79bc553419c79a2d06466","stateView":"0xf3334192d15450cdd385c8b70e03f9a6bd9e673b","tickLower":-887272,"tickUpper":887272}	{"ok": true, "feeGrowthInside0X128": "0", "feeGrowthInside1X128": "0"}
{"blockNumber":"3647051","poolId":"0x23aae7c9aa48139712b19ed3c846d50bfc23da8993038c5536f2a134120cad24","stateView":"0xf3334192d15450cdd385c8b70e03f9a6bd9e673b","tickLower":-881600,"tickUpper":881600}	{"ok": true, "feeGrowthInside0X128": "0", "feeGrowthInside1X128": "0"}
{"blockNumber":"3648954","poolId":"0x44f883d0f45b948c2f96dcadf659f67668fd081f74b58a2a2e894028bacaedbe","stateView":"0xf3334192d15450cdd385c8b70e03f9a6bd9e673b","tickLower":350000,"tickUpper":362600}	{"ok": true, "feeGrowthInside0X128": "0", "feeGrowthInside1X128": "0"}
{"blockNumber":"3649268","poolId":"0xab50a94c148586c9f7206329534736c37f96c0e19b05e651ed4cf5339fadbc86","stateView":"0xf3334192d15450cdd385c8b70e03f9a6bd9e673b","tickLower":-885960,"tickUpper":885960}	{"ok": true, "feeGrowthInside0X128": "0", "feeGrowthInside1X128": "0"}
{"blockNumber":"3649834","poolId":"0x44f883d0f45b948c2f96dcadf659f67668fd081f74b58a2a2e894028bacaedbe","stateView":"0xf3334192d15450cdd385c8b70e03f9a6bd9e673b","tickLower":348600,"tickUpper":362600}	{"ok": true, "feeGrowthInside0X128": "78755198018621006031009098418", "feeGrowthInside1X128": "114941604622802070163088862291108325257930491"}
{"blockNumber":"3651483","poolId":"0x44f883d0f45b948c2f96dcadf659f67668fd081f74b58a2a2e894028bacaedbe","stateView":"0xf3334192d15450cdd385c8b70e03f9a6bd9e673b","tickLower":-886200,"tickUpper":886200}	{"ok": true, "feeGrowthInside0X128": "955282527656410985798657902061", "feeGrowthInside1X128": "1179326498751451528672723076728777059722790113"}
{"blockNumber":"3651630","poolId":"0x2ea832679ecd624dfecbdbae62cd220dda1df073523eec46d82348aec382f27e","stateView":"0xf3334192d15450cdd385c8b70e03f9a6bd9e673b","tickLower":-884400,"tickUpper":884400}	{"ok": true, "feeGrowthInside0X128": "240056199920050032132140844402440765", "feeGrowthInside1X128": "221641515866970555067154328929259693770112"}
{"blockNumber":"3651978","poolId":"0x5a1eb93d39e98e731236023a68ec981ffba232cb189c3c6800a1d212c708e1cf","stateView":"0xf3334192d15450cdd385c8b70e03f9a6bd9e673b","tickLower":-884800,"tickUpper":884800}	{"ok": true, "feeGrowthInside0X128": "0", "feeGrowthInside1X128": "0"}
{"blockNumber":"3652196","poolId":"0x2ea832679ecd624dfecbdbae62cd220dda1df073523eec46d82348aec382f27e","stateView":"0xf3334192d15450cdd385c8b70e03f9a6bd9e673b","tickLower":-884400,"tickUpper":884400}	{"ok": true, "feeGrowthInside0X128": "240056199920050032132140844402440765", "feeGrowthInside1X128": "221641515866970555067154328929259693770112"}
{"blockNumber":"3652322","poolId":"0x5a1eb93d39e98e731236023a68ec981ffba232cb189c3c6800a1d212c708e1cf","stateView":"0xf3334192d15450cdd385c8b70e03f9a6bd9e673b","tickLower":-884800,"tickUpper":884800}	{"ok": true, "feeGrowthInside0X128": "0", "feeGrowthInside1X128": "0"}
{"blockNumber":"3655593","poolId":"0x44f883d0f45b948c2f96dcadf659f67668fd081f74b58a2a2e894028bacaedbe","stateView":"0xf3334192d15450cdd385c8b70e03f9a6bd9e673b","tickLower":-886200,"tickUpper":886200}	{"ok": true, "feeGrowthInside0X128": "1206711741261995573084774872662", "feeGrowthInside1X128": "1485156515740490787860655168831609164325941808"}
{"blockNumber":"3655661","poolId":"0x5a1eb93d39e98e731236023a68ec981ffba232cb189c3c6800a1d212c708e1cf","stateView":"0xf3334192d15450cdd385c8b70e03f9a6bd9e673b","tickLower":-884800,"tickUpper":884800}	{"ok": true, "feeGrowthInside0X128": "8123305526398565233242106792389954", "feeGrowthInside1X128": "0"}
{"blockNumber":"3656138","poolId":"0x2ea832679ecd624dfecbdbae62cd220dda1df073523eec46d82348aec382f27e","stateView":"0xf3334192d15450cdd385c8b70e03f9a6bd9e673b","tickLower":-884400,"tickUpper":884400}	{"ok": true, "feeGrowthInside0X128": "0", "feeGrowthInside1X128": "0"}
{"blockNumber":"3657754","poolId":"0x5a1eb93d39e98e731236023a68ec981ffba232cb189c3c6800a1d212c708e1cf","stateView":"0xf3334192d15450cdd385c8b70e03f9a6bd9e673b","tickLower":140000,"tickUpper":151200}	{"ok": true, "feeGrowthInside0X128": "0", "feeGrowthInside1X128": "0"}
{"blockNumber":"3660481","poolId":"0x44f883d0f45b948c2f96dcadf659f67668fd081f74b58a2a2e894028bacaedbe","stateView":"0xf3334192d15450cdd385c8b70e03f9a6bd9e673b","tickLower":340200,"tickUpper":357000}	{"ok": true, "feeGrowthInside0X128": "1082190315853262599817028577360", "feeGrowthInside1X128": "1211040546307187485558246803854117525025895450"}
{"blockNumber":"3663375","poolId":"0x5a1eb93d39e98e731236023a68ec981ffba232cb189c3c6800a1d212c708e1cf","stateView":"0xf3334192d15450cdd385c8b70e03f9a6bd9e673b","tickLower":140000,"tickUpper":151200}	{"ok": true, "feeGrowthInside0X128": "8123305526398565233242106792389954", "feeGrowthInside1X128": "0"}
{"blockNumber":"3665326","poolId":"0x0317d8064cb7c177b773d91856bf5d088c5fb53030d0dd367c8d443115505ed0","stateView":"0xf3334192d15450cdd385c8b70e03f9a6bd9e673b","tickLower":-884000,"tickUpper":884000}	{"ok": true, "feeGrowthInside0X128": "0", "feeGrowthInside1X128": "0"}
{"blockNumber":"3667641","poolId":"0x44f883d0f45b948c2f96dcadf659f67668fd081f74b58a2a2e894028bacaedbe","stateView":"0xf3334192d15450cdd385c8b70e03f9a6bd9e673b","tickLower":348600,"tickUpper":361200}	{"ok": true, "feeGrowthInside0X128": "141796147890921727514405401676", "feeGrowthInside1X128": "204775121185625841543021042634843708680633703"}
{"blockNumber":"3669295","poolId":"0x44f883d0f45b948c2f96dcadf659f67668fd081f74b58a2a2e894028bacaedbe","stateView":"0xf3334192d15450cdd385c8b70e03f9a6bd9e673b","tickLower":348600,"tickUpper":361200}	{"ok": true, "feeGrowthInside0X128": "141796147890921727514405401676", "feeGrowthInside1X128": "204775121185625841543021042634843708680633703"}
{"blockNumber":"3669446","poolId":"0x44f883d0f45b948c2f96dcadf659f67668fd081f74b58a2a2e894028bacaedbe","stateView":"0xf3334192d15450cdd385c8b70e03f9a6bd9e673b","tickLower":348600,"tickUpper":362600}	{"ok": true, "feeGrowthInside0X128": "141796147890921727514405401676", "feeGrowthInside1X128": "204775121185625841543021042634843708680633703"}
{"blockNumber":"3680500","poolId":"0x9ce4d809958a5042635e0b0cadfccf147b857f3a50e129c9cae328c99b3aed4c","stateView":"0xf3334192d15450cdd385c8b70e03f9a6bd9e673b","tickLower":-884000,"tickUpper":884000}	{"ok": true, "feeGrowthInside0X128": "0", "feeGrowthInside1X128": "0"}
{"blockNumber":"3685683","poolId":"0x44f883d0f45b948c2f96dcadf659f67668fd081f74b58a2a2e894028bacaedbe","stateView":"0xf3334192d15450cdd385c8b70e03f9a6bd9e673b","tickLower":350000,"tickUpper":359800}	{"ok": true, "feeGrowthInside0X128": "0", "feeGrowthInside1X128": "0"}
{"blockNumber":"3686957","poolId":"0xd7665f0525e66d80377aea772297373fc9d47689860cc7ec7b52f9c9f41e1dc2","stateView":"0xf3334192d15450cdd385c8b70e03f9a6bd9e673b","tickLower":-333060,"tickUpper":-322920}	{"ok": true, "feeGrowthInside0X128": "0", "feeGrowthInside1X128": "0"}
{"blockNumber":"3689413","poolId":"0x6496a51027e2e435f702ffdd7b498ae423da4b924242443318f0706b1d95b93f","stateView":"0xf3334192d15450cdd385c8b70e03f9a6bd9e673b","tickLower":-884000,"tickUpper":884000}	{"ok": true, "feeGrowthInside0X128": "0", "feeGrowthInside1X128": "0"}
{"blockNumber":"3689965","poolId":"0x44f883d0f45b948c2f96dcadf659f67668fd081f74b58a2a2e894028bacaedbe","stateView":"0xf3334192d15450cdd385c8b70e03f9a6bd9e673b","tickLower":348600,"tickUpper":361200}	{"ok": true, "feeGrowthInside0X128": "154750357181665015544241661900", "feeGrowthInside1X128": "253769497750148222851957170677387726423560862"}
{"blockNumber":"3691313","poolId":"0x44f883d0f45b948c2f96dcadf659f67668fd081f74b58a2a2e894028bacaedbe","stateView":"0xf3334192d15450cdd385c8b70e03f9a6bd9e673b","tickLower":350000,"tickUpper":362600}	{"ok": true, "feeGrowthInside0X128": "0", "feeGrowthInside1X128": "0"}
{"blockNumber":"3691482","poolId":"0x44f883d0f45b948c2f96dcadf659f67668fd081f74b58a2a2e894028bacaedbe","stateView":"0xf3334192d15450cdd385c8b70e03f9a6bd9e673b","tickLower":-886200,"tickUpper":886200}	{"ok": true, "feeGrowthInside0X128": "1327349439967217598789775657335", "feeGrowthInside1X128": "1634073640041006868990727940603580023427062140"}
{"blockNumber":"3699607","poolId":"0x2ea832679ecd624dfecbdbae62cd220dda1df073523eec46d82348aec382f27e","stateView":"0xf3334192d15450cdd385c8b70e03f9a6bd9e673b","tickLower":-884400,"tickUpper":884400}	{"ok": true, "feeGrowthInside0X128": "240056199920050032132140844402440765", "feeGrowthInside1X128": "221641515866970555067154328929259693770112"}
{"blockNumber":"3699679","poolId":"0x5a1eb93d39e98e731236023a68ec981ffba232cb189c3c6800a1d212c708e1cf","stateView":"0xf3334192d15450cdd385c8b70e03f9a6bd9e673b","tickLower":-884800,"tickUpper":884800}	{"ok": true, "feeGrowthInside0X128": "8123305526398565233242106792389954", "feeGrowthInside1X128": "7404463794488082766393675607304002138031"}
{"blockNumber":"3702614","poolId":"0xab3ce3fa5b1147435784785cf5988efcb43ddc84e6970d88d4e0598c0c4b65d9","stateView":"0xf3334192d15450cdd385c8b70e03f9a6bd9e673b","tickLower":-887200,"tickUpper":887200}	{"ok": true, "feeGrowthInside0X128": "0", "feeGrowthInside1X128": "0"}
{"blockNumber":"3708039","poolId":"0x44f883d0f45b948c2f96dcadf659f67668fd081f74b58a2a2e894028bacaedbe","stateView":"0xf3334192d15450cdd385c8b70e03f9a6bd9e673b","tickLower":-886200,"tickUpper":886200}	{"ok": true, "feeGrowthInside0X128": "1341459313655427881547502584425", "feeGrowthInside1X128": "1691523574654873900788388326007578155732845723"}
{"blockNumber":"3710324","poolId":"0x44f883d0f45b948c2f96dcadf659f67668fd081f74b58a2a2e894028bacaedbe","stateView":"0xf3334192d15450cdd385c8b70e03f9a6bd9e673b","tickLower":348600,"tickUpper":362600}	{"ok": true, "feeGrowthInside0X128": "201280164794821826799327225824", "feeGrowthInside1X128": "311219432364015254649617556081385858729344445"}
{"blockNumber":"3719429","poolId":"0x93f2e1d97a83392cf39b5ab3ee2a24b4046ce89ed66cece035b6724c07d11083","stateView":"0xf3334192d15450cdd385c8b70e03f9a6bd9e673b","tickLower":-873000,"tickUpper":873000}	{"ok": true, "feeGrowthInside0X128": "0", "feeGrowthInside1X128": "0"}
{"blockNumber":"3721991","poolId":"0x44f883d0f45b948c2f96dcadf659f67668fd081f74b58a2a2e894028bacaedbe","stateView":"0xf3334192d15450cdd385c8b70e03f9a6bd9e673b","tickLower":-886200,"tickUpper":886200}	{"ok": true, "feeGrowthInside0X128": "1373879247580374410044861221259", "feeGrowthInside1X128": "1729646198099561037093235583181887794432515791"}
{"blockNumber":"3725434","poolId":"0x44f883d0f45b948c2f96dcadf659f67668fd081f74b58a2a2e894028bacaedbe","stateView":"0xf3334192d15450cdd385c8b70e03f9a6bd9e673b","tickLower":340200,"tickUpper":357000}	{"ok": true, "feeGrowthInside0X128": "1373879247580374410044861221259", "feeGrowthInside1X128": "1729646198099561037093235583181887794432515791"}
{"blockNumber":"3727423","poolId":"0x44f883d0f45b948c2f96dcadf659f67668fd081f74b58a2a2e894028bacaedbe","stateView":"0xf3334192d15450cdd385c8b70e03f9a6bd9e673b","tickLower":350000,"tickUpper":359800}	{"ok": true, "feeGrowthInside0X128": "11476974914605287334474003142", "feeGrowthInside1X128": "18500429550506488830415974067080929701855622"}
{"blockNumber":"3728064","poolId":"0x7f3ad18ed52437bd5ed73c6c7fea862336acff96edfec4a1145e8963669893d9","stateView":"0xf3334192d15450cdd385c8b70e03f9a6bd9e673b","tickLower":349600,"tickUpper":360000}	{"ok": true, "feeGrowthInside0X128": "0", "feeGrowthInside1X128": "0"}
{"blockNumber":"3733808","poolId":"0x44f883d0f45b948c2f96dcadf659f67668fd081f74b58a2a2e894028bacaedbe","stateView":"0xf3334192d15450cdd385c8b70e03f9a6bd9e673b","tickLower":-886200,"tickUpper":886200}	{"ok": true, "feeGrowthInside0X128": "1373879247580374410044861221259", "feeGrowthInside1X128": "1729646198099561037093235583181887794432515791"}
{"blockNumber":"3733970","poolId":"0x5a1eb93d39e98e731236023a68ec981ffba232cb189c3c6800a1d212c708e1cf","stateView":"0xf3334192d15450cdd385c8b70e03f9a6bd9e673b","tickLower":-884800,"tickUpper":884800}	{"ok": true, "feeGrowthInside0X128": "8123305526398565233242106792389954", "feeGrowthInside1X128": "7404463794488082766393675607304002138031"}
{"blockNumber":"3800443","poolId":"0x77378814d2cd03e06fcf56296e7e65d727b3a53cfc9effd39f797985ce3b146c","stateView":"0xf3334192d15450cdd385c8b70e03f9a6bd9e673b","tickLower":-887200,"tickUpper":887200}	{"ok": true, "feeGrowthInside0X128": "0", "feeGrowthInside1X128": "2552003712490494141659467691841697559705"}
{"blockNumber":"3746005","poolId":"0x387bf619da4d3fb62bb276482693dba1b9b3520f573cabdfe033384a24125982","stateView":"0xf3334192d15450cdd385c8b70e03f9a6bd9e673b","tickLower":-203840,"tickUpper":-200040}	{"ok": true, "feeGrowthInside0X128": "4012166791625359732921735745923924716922", "feeGrowthInside1X128": "7249098380245281016723367302396"}
{"blockNumber":"3746135","poolId":"0x387bf619da4d3fb62bb276482693dba1b9b3520f573cabdfe033384a24125982","stateView":"0xf3334192d15450cdd385c8b70e03f9a6bd9e673b","tickLower":-203840,"tickUpper":-200040}	{"ok": true, "feeGrowthInside0X128": "63892308120521085536798313206699104572969", "feeGrowthInside1X128": "115157905041614098169397881398312"}
{"blockNumber":"3795588","poolId":"0xef5672974ad552f1ce24f2873f3e4237e82d44780ef623b6a239db42b08a7d5c","stateView":"0xf3334192d15450cdd385c8b70e03f9a6bd9e673b","tickLower":-203000,"tickUpper":-201200}	{"ok": true, "feeGrowthInside0X128": "8488866064832880167133141076342678352620", "feeGrowthInside1X128": "21596392596235373459092941247590"}
{"blockNumber":"3808250","poolId":"0x387bf619da4d3fb62bb276482693dba1b9b3520f573cabdfe033384a24125982","stateView":"0xf3334192d15450cdd385c8b70e03f9a6bd9e673b","tickLower":-202240,"tickUpper":-200820}	{"ok": true, "feeGrowthInside0X128": "0", "feeGrowthInside1X128": "0"}
{"blockNumber":"3811582","poolId":"0x387bf619da4d3fb62bb276482693dba1b9b3520f573cabdfe033384a24125982","stateView":"0xf3334192d15450cdd385c8b70e03f9a6bd9e673b","tickLower":-202240,"tickUpper":-200820}	{"ok": true, "feeGrowthInside0X128": "8269782711585911529154380961572474765", "feeGrowthInside1X128": "17282422951616742529420270547"}
{"blockNumber":"3821846","poolId":"0x387bf619da4d3fb62bb276482693dba1b9b3520f573cabdfe033384a24125982","stateView":"0xf3334192d15450cdd385c8b70e03f9a6bd9e673b","tickLower":-203660,"tickUpper":-199600}	{"ok": true, "feeGrowthInside0X128": "0", "feeGrowthInside1X128": "0"}
{"blockNumber":"3848061","poolId":"0x387bf619da4d3fb62bb276482693dba1b9b3520f573cabdfe033384a24125982","stateView":"0xf3334192d15450cdd385c8b70e03f9a6bd9e673b","tickLower":-202400,"tickUpper":-201380}	{"ok": true, "feeGrowthInside0X128": "64113669196657623304286521652870160592225", "feeGrowthInside1X128": "115493379102164990422700910892525"}
{"blockNumber":"3867992","poolId":"0x387bf619da4d3fb62bb276482693dba1b9b3520f573cabdfe033384a24125982","stateView":"0xf3334192d15450cdd385c8b70e03f9a6bd9e673b","tickLower":-203670,"tickUpper":-199680}	{"ok": true, "feeGrowthInside0X128": "2025357767070075908642143780899424930823", "feeGrowthInside1X128": "3619588537018003757495349929850"}
{"blockNumber":"3771075","poolId":"0x44f883d0f45b948c2f96dcadf659f67668fd081f74b58a2a2e894028bacaedbe","stateView":"0xf3334192d15450cdd385c8b70e03f9a6bd9e673b","tickLower":351400,"tickUpper":365400}	{"ok": true, "feeGrowthInside0X128": "0", "feeGrowthInside1X128": "0"}
{"blockNumber":"3836822","poolId":"0x44f883d0f45b948c2f96dcadf659f67668fd081f74b58a2a2e894028bacaedbe","stateView":"0xf3334192d15450cdd385c8b70e03f9a6bd9e673b","tickLower":351400,"tickUpper":365400}	{"ok": true, "feeGrowthInside0X128": "0", "feeGrowthInside1X128": "0"}
{"blockNumber":"3804086","poolId":"0x23aae7c9aa48139712b19ed3c846d50bfc23da8993038c5536f2a134120cad24","stateView":"0xf3334192d15450cdd385c8b70e03f9a6bd9e673b","tickLower":-881600,"tickUpper":881600}	{"ok": true, "feeGrowthInside0X128": "15621676090038024547265027016115685", "feeGrowthInside1X128": "22891065485327833801239084415862287940185"}
{"blockNumber":"3804819","poolId":"0xab50a94c148586c9f7206329534736c37f96c0e19b05e651ed4cf5339fadbc86","stateView":"0xf3334192d15450cdd385c8b70e03f9a6bd9e673b","tickLower":-885960,"tickUpper":885960}	{"ok": true, "feeGrowthInside0X128": "419274132929646598931326334688", "feeGrowthInside1X128": "864654798055003324199754530118376656144213733"}
{"blockNumber":"3833227","poolId":"0x44f883d0f45b948c2f96dcadf659f67668fd081f74b58a2a2e894028bacaedbe","stateView":"0xf3334192d15450cdd385c8b70e03f9a6bd9e673b","tickLower":348600,"tickUpper":362600}	{"ok": true, "feeGrowthInside0X128": "270106294753406055148578872539", "feeGrowthInside1X128": "467340768554882165038203884811309552599038471"}
{"blockNumber":"3833524","poolId":"0x44f883d0f45b948c2f96dcadf659f67668fd081f74b58a2a2e894028bacaedbe","stateView":"0xf3334192d15450cdd385c8b70e03f9a6bd9e673b","tickLower":348600,"tickUpper":361200}	{"ok": true, "feeGrowthInside0X128": "270106294753406055148578872539", "feeGrowthInside1X128": "467340768554882165038203884811309552599038471"}
{"blockNumber":"3837129","poolId":"0x44f883d0f45b948c2f96dcadf659f67668fd081f74b58a2a2e894028bacaedbe","stateView":"0xf3334192d15450cdd385c8b70e03f9a6bd9e673b","tickLower":350000,"tickUpper":362600}	{"ok": true, "feeGrowthInside0X128": "46933077836029156379868445237", "feeGrowthInside1X128": "76395394911563480990755086502023277660288795"}
{"blockNumber":"3781445","poolId":"0xdfa47c9208015216e8694cc7b75cc20c16c3e8441006247e926525c47fb64f5e","stateView":"0xf3334192d15450cdd385c8b70e03f9a6bd9e673b","tickLower":-884000,"tickUpper":884000}	{"ok": true, "feeGrowthInside0X128": "55882479956837838270305103956409877", "feeGrowthInside1X128": "77567803253623383187189526800689311106134"}
{"blockNumber":"3790751","poolId":"0xdfa47c9208015216e8694cc7b75cc20c16c3e8441006247e926525c47fb64f5e","stateView":"0xf3334192d15450cdd385c8b70e03f9a6bd9e673b","tickLower":-884000,"tickUpper":884000}	{"ok": true, "feeGrowthInside0X128": "68197659471627096746905573330835773", "feeGrowthInside1X128": "121537754357724944540136708984147284194195"}
{"blockNumber":"3798164","poolId":"0xdfa47c9208015216e8694cc7b75cc20c16c3e8441006247e926525c47fb64f5e","stateView":"0xf3334192d15450cdd385c8b70e03f9a6bd9e673b","tickLower":-884000,"tickUpper":884000}	{"ok": true, "feeGrowthInside0X128": "68197659471627096746905573330835773", "feeGrowthInside1X128": "129511913405225916533963007247367851670159"}
{"blockNumber":"3821475","poolId":"0xdfa47c9208015216e8694cc7b75cc20c16c3e8441006247e926525c47fb64f5e","stateView":"0xf3334192d15450cdd385c8b70e03f9a6bd9e673b","tickLower":-884000,"tickUpper":884000}	{"ok": true, "feeGrowthInside0X128": "155070830969819256243526422029021003", "feeGrowthInside1X128": "220454290377382493772925564595906790958112"}
{"blockNumber":"3872440","poolId":"0xdfa47c9208015216e8694cc7b75cc20c16c3e8441006247e926525c47fb64f5e","stateView":"0xf3334192d15450cdd385c8b70e03f9a6bd9e673b","tickLower":-884000,"tickUpper":884000}	{"ok": true, "feeGrowthInside0X128": "160697142026408863774911670013167108", "feeGrowthInside1X128": "229927612457030234897255653695395400686917"}
{"blockNumber":"3889060","poolId":"0xdfa47c9208015216e8694cc7b75cc20c16c3e8441006247e926525c47fb64f5e","stateView":"0xf3334192d15450cdd385c8b70e03f9a6bd9e673b","tickLower":-884000,"tickUpper":884000}	{"ok": true, "feeGrowthInside0X128": "160697142026408863774911670013167108", "feeGrowthInside1X128": "239117265440553320885553268318453043274265"}
{"blockNumber":"3805034","poolId":"0xefff651d4dec75c7dac417009617fe540367d31c9850434d9354c13ba55c152c","stateView":"0xf3334192d15450cdd385c8b70e03f9a6bd9e673b","tickLower":-885000,"tickUpper":885000}	{"ok": true, "feeGrowthInside0X128": "29954017100704688434032868977111781", "feeGrowthInside1X128": "121858385118830486930079973567837582680508"}
{"blockNumber":"3882989","poolId":"0xdfa47c9208015216e8694cc7b75cc20c16c3e8441006247e926525c47fb64f5e","stateView":"0xf3334192d15450cdd385c8b70e03f9a6bd9e673b","tickLower":124000,"tickUpper":148000}	{"ok": true, "feeGrowthInside0X128": "97692846353241080516565520947507477", "feeGrowthInside1X128": "125208547378561206948007573948918903393081"}
{"blockNumber":"3883245","poolId":"0xdfa47c9208015216e8694cc7b75cc20c16c3e8441006247e926525c47fb64f5e","stateView":"0xf3334192d15450cdd385c8b70e03f9a6bd9e673b","tickLower":124000,"tickUpper":148000}	{"ok": true, "feeGrowthInside0X128": "97692846353241080516565520947507477", "feeGrowthInside1X128": "125208547378561206948007573948918903393081"}
{"blockNumber":"3781531","poolId":"0xcfba52bca80addea0bce3f80aa5b18ecbcf977dd735d58b639f1aaf35bfb19f1","stateView":"0xf3334192d15450cdd385c8b70e03f9a6bd9e673b","tickLower":-884000,"tickUpper":884000}	{"ok": true, "feeGrowthInside0X128": "150309041674006889527617484771640308", "feeGrowthInside1X128": "469815963970828920830609701162557045295498"}
{"blockNumber":"3856046","poolId":"0x97ab3c0d4b7ed8244dae434fb039160116d2f5721ce2d0b693a6d05aed823eac","stateView":"0xf3334192d15450cdd385c8b70e03f9a6bd9e673b","tickLower":353000,"tickUpper":364000}	{"ok": true, "feeGrowthInside0X128": "682907176679384975112677769903", "feeGrowthInside1X128": "1883231934228226350628990641069752469062474689"}
{"blockNumber":"3858934","poolId":"0x97ab3c0d4b7ed8244dae434fb039160116d2f5721ce2d0b693a6d05aed823eac","stateView":"0xf3334192d15450cdd385c8b70e03f9a6bd9e673b","tickLower":353000,"tickUpper":364000}	{"ok": true, "feeGrowthInside0X128": "682907176679384975112677769903", "feeGrowthInside1X128": "1883231934228226350628990641069752469062474689"}
{"blockNumber":"3859425","poolId":"0x97ab3c0d4b7ed8244dae434fb039160116d2f5721ce2d0b693a6d05aed823eac","stateView":"0xf3334192d15450cdd385c8b70e03f9a6bd9e673b","tickLower":356000,"tickUpper":364000}	{"ok": true, "feeGrowthInside0X128": "0", "feeGrowthInside1X128": "0"}
{"blockNumber":"3855853","poolId":"0xaea1c7ceb6687d4d5ed8ed364a7de97947a8abf326f0aba0984d76797316c5f1","stateView":"0xf3334192d15450cdd385c8b70e03f9a6bd9e673b","tickLower":148400,"tickUpper":162400}	{"ok": true, "feeGrowthInside0X128": "0", "feeGrowthInside1X128": "0"}
{"blockNumber":"3857145","poolId":"0xaea1c7ceb6687d4d5ed8ed364a7de97947a8abf326f0aba0984d76797316c5f1","stateView":"0xf3334192d15450cdd385c8b70e03f9a6bd9e673b","tickLower":136600,"tickUpper":154200}	{"ok": true, "feeGrowthInside0X128": "0", "feeGrowthInside1X128": "0"}
{"blockNumber":"3859397","poolId":"0xaea1c7ceb6687d4d5ed8ed364a7de97947a8abf326f0aba0984d76797316c5f1","stateView":"0xf3334192d15450cdd385c8b70e03f9a6bd9e673b","tickLower":144400,"tickUpper":146600}	{"ok": true, "feeGrowthInside0X128": "0", "feeGrowthInside1X128": "0"}
{"blockNumber":"3753269","poolId":"0x0fbd1aab9d8af6c6bbffbbc72be2c02e9d45e0833211482ddcdf96f3bb3acb6a","stateView":"0xf3334192d15450cdd385c8b70e03f9a6bd9e673b","tickLower":351000,"tickUpper":363000}	{"ok": true, "feeGrowthInside0X128": "15274461948619176181411641692", "feeGrowthInside1X128": "49982411363414694515756252190529456312364577"}
{"blockNumber":"3835060","poolId":"0x0fbd1aab9d8af6c6bbffbbc72be2c02e9d45e0833211482ddcdf96f3bb3acb6a","stateView":"0xf3334192d15450cdd385c8b70e03f9a6bd9e673b","tickLower":351000,"tickUpper":363000}	{"ok": true, "feeGrowthInside0X128": "61635462881306933599314058143", "feeGrowthInside1X128": "116226435026822256883223189694183371164138775"}
{"blockNumber":"3907231","poolId":"0x0fbd1aab9d8af6c6bbffbbc72be2c02e9d45e0833211482ddcdf96f3bb3acb6a","stateView":"0xf3334192d15450cdd385c8b70e03f9a6bd9e673b","tickLower":351000,"tickUpper":363000}	{"ok": true, "feeGrowthInside0X128": "0", "feeGrowthInside1X128": "0"}
{"blockNumber":"3837354","poolId":"0x0fbd1aab9d8af6c6bbffbbc72be2c02e9d45e0833211482ddcdf96f3bb3acb6a","stateView":"0xf3334192d15450cdd385c8b70e03f9a6bd9e673b","tickLower":350400,"tickUpper":363000}	{"ok": true, "feeGrowthInside0X128": "0", "feeGrowthInside1X128": "0"}
{"blockNumber":"3853404","poolId":"0x0fbd1aab9d8af6c6bbffbbc72be2c02e9d45e0833211482ddcdf96f3bb3acb6a","stateView":"0xf3334192d15450cdd385c8b70e03f9a6bd9e673b","tickLower":347400,"tickUpper":358200}	{"ok": true, "feeGrowthInside0X128": "695090830489576805283787267821", "feeGrowthInside1X128": "1138477456150713152187411686224156268627617974"}
{"blockNumber":"3855264","poolId":"0x0fbd1aab9d8af6c6bbffbbc72be2c02e9d45e0833211482ddcdf96f3bb3acb6a","stateView":"0xf3334192d15450cdd385c8b70e03f9a6bd9e673b","tickLower":350400,"tickUpper":358200}	{"ok": true, "feeGrowthInside0X128": "0", "feeGrowthInside1X128": "0"}
{"blockNumber":"3907734","poolId":"0x0fbd1aab9d8af6c6bbffbbc72be2c02e9d45e0833211482ddcdf96f3bb3acb6a","stateView":"0xf3334192d15450cdd385c8b70e03f9a6bd9e673b","tickLower":349200,"tickUpper":358800}	{"ok": true, "feeGrowthInside0X128": "0", "feeGrowthInside1X128": "0"}
{"blockNumber":"3871231","poolId":"0xaa8039d8e39d2bbcae23762e71f5a12162875a61848f0d96914c827f61877ef6","stateView":"0xf3334192d15450cdd385c8b70e03f9a6bd9e673b","tickLower":18000,"tickUpper":24000}	{"ok": true, "feeGrowthInside0X128": "642578153175303207639856386381693350", "feeGrowthInside1X128": "5482083855378663537660798099075407349"}
{"blockNumber":"3750533","poolId":"0x79406f0aa1fb2c69c08bb933182276ef1b1e6f50582d3a7186702000e54b44df","stateView":"0xf3334192d15450cdd385c8b70e03f9a6bd9e673b","tickLower":-242400,"tickUpper":-200400}	{"ok": true, "feeGrowthInside0X128": "123274517080043488982348957187604199662731", "feeGrowthInside1X128": "14173081743072722712826690276107"}
{"blockNumber":"3750721","poolId":"0x79406f0aa1fb2c69c08bb933182276ef1b1e6f50582d3a7186702000e54b44df","stateView":"0xf3334192d15450cdd385c8b70e03f9a6bd9e673b","tickLower":-242400,"tickUpper":-200400}	{"ok": true, "feeGrowthInside0X128": "123274517080043488982348957187604199662731", "feeGrowthInside1X128": "14173081743072722712826690276107"}
{"blockNumber":"3749248","poolId":"0xf7dc0af99fce7169eb76854c0b39beb9915526894d42229946e5cb469cab50b1","stateView":"0xf3334192d15450cdd385c8b70e03f9a6bd9e673b","tickLower":120800,"tickUpper":130400}	{"ok": true, "feeGrowthInside0X128": "0", "feeGrowthInside1X128": "0"}
{"blockNumber":"3837591","poolId":"0xf7dc0af99fce7169eb76854c0b39beb9915526894d42229946e5cb469cab50b1","stateView":"0xf3334192d15450cdd385c8b70e03f9a6bd9e673b","tickLower":120800,"tickUpper":130400}	{"ok": true, "feeGrowthInside0X128": "7444520035572848896282985629287570", "feeGrowthInside1X128": "212175869027149230317834800304671199444"}
{"blockNumber":"3750403","poolId":"0xf7dc0af99fce7169eb76854c0b39beb9915526894d42229946e5cb469cab50b1","stateView":"0xf3334192d15450cdd385c8b70e03f9a6bd9e673b","tickLower":115200,"tickUpper":131200}	{"ok": true, "feeGrowthInside0X128": "0", "feeGrowthInside1X128": "0"}
{"blockNumber":"3753303","poolId":"0xf7dc0af99fce7169eb76854c0b39beb9915526894d42229946e5cb469cab50b1","stateView":"0xf3334192d15450cdd385c8b70e03f9a6bd9e673b","tickLower":120800,"tickUpper":126000}	{"ok": true, "feeGrowthInside0X128": "6306533942666822911502406286198844", "feeGrowthInside1X128": "0"}
{"blockNumber":"3837757","poolId":"0xf7dc0af99fce7169eb76854c0b39beb9915526894d42229946e5cb469cab50b1","stateView":"0xf3334192d15450cdd385c8b70e03f9a6bd9e673b","tickLower":120800,"tickUpper":126000}	{"ok": true, "feeGrowthInside0X128": "7444520035572848896282985629287570", "feeGrowthInside1X128": "212175869027149230317834800304671199444"}
{"blockNumber":"3837844","poolId":"0xf7dc0af99fce7169eb76854c0b39beb9915526894d42229946e5cb469cab50b1","stateView":"0xf3334192d15450cdd385c8b70e03f9a6bd9e673b","tickLower":120800,"tickUpper":126000}	{"ok": true, "feeGrowthInside0X128": "0", "feeGrowthInside1X128": "0"}
{"blockNumber":"3767414","poolId":"0xd7665f0525e66d80377aea772297373fc9d47689860cc7ec7b52f9c9f41e1dc2","stateView":"0xf3334192d15450cdd385c8b70e03f9a6bd9e673b","tickLower":-336960,"tickUpper":-323700}	{"ok": true, "feeGrowthInside0X128": "0", "feeGrowthInside1X128": "0"}
{"blockNumber":"3772848","poolId":"0xd7665f0525e66d80377aea772297373fc9d47689860cc7ec7b52f9c9f41e1dc2","stateView":"0xf3334192d15450cdd385c8b70e03f9a6bd9e673b","tickLower":-336960,"tickUpper":-323700}	{"ok": true, "feeGrowthInside0X128": "0", "feeGrowthInside1X128": "0"}
{"blockNumber":"3795436","poolId":"0xd7665f0525e66d80377aea772297373fc9d47689860cc7ec7b52f9c9f41e1dc2","stateView":"0xf3334192d15450cdd385c8b70e03f9a6bd9e673b","tickLower":-336960,"tickUpper":-323700}	{"ok": true, "feeGrowthInside0X128": "0", "feeGrowthInside1X128": "0"}
{"blockNumber":"3786727","poolId":"0x5501f1e70a9a3c56f57880c18d095a63f4e1b50e9def646e7f3c6633d49db550","stateView":"0xf3334192d15450cdd385c8b70e03f9a6bd9e673b","tickLower":120000,"tickUpper":126000}	{"ok": true, "feeGrowthInside0X128": "5883572889989615727757722307410932", "feeGrowthInside1X128": "115792089237316195423570985008687907851848998344610149873199257592950048527471"}
{"blockNumber":"3845135","poolId":"0x5501f1e70a9a3c56f57880c18d095a63f4e1b50e9def646e7f3c6633d49db550","stateView":"0xf3334192d15450cdd385c8b70e03f9a6bd9e673b","tickLower":120000,"tickUpper":126000}	{"ok": true, "feeGrowthInside0X128": "9379780745931269032188893670037291", "feeGrowthInside1X128": "115792089237316195423570985008687907852002022227182387514260930832716040896422"}
{"blockNumber":"3845221","poolId":"0x5501f1e70a9a3c56f57880c18d095a63f4e1b50e9def646e7f3c6633d49db550","stateView":"0xf3334192d15450cdd385c8b70e03f9a6bd9e673b","tickLower":120000,"tickUpper":126000}	{"ok": true, "feeGrowthInside0X128": "115792089237316195423570985008687907853269978997779175071394848267866662990228", "feeGrowthInside1X128": "115792089237316195423570985008687907850410847807976079218195573631911038474194"}
{"blockNumber":"3796008","poolId":"0xd7665f0525e66d80377aea772297373fc9d47689860cc7ec7b52f9c9f41e1dc2","stateView":"0xf3334192d15450cdd385c8b70e03f9a6bd9e673b","tickLower":-336180,"tickUpper":-323700}	{"ok": true, "feeGrowthInside0X128": "115792089237316195423570985008687906140960001924046841587129661594781848119785", "feeGrowthInside1X128": "0"}
{"blockNumber":"3823052","poolId":"0x5501f1e70a9a3c56f57880c18d095a63f4e1b50e9def646e7f3c6633d49db550","stateView":"0xf3334192d15450cdd385c8b70e03f9a6bd9e673b","tickLower":112000,"tickUpper":125000}	{"ok": true, "feeGrowthInside0X128": "0", "feeGrowthInside1X128": "0"}
{"blockNumber":"3838159","poolId":"0xf7dc0af99fce7169eb76854c0b39beb9915526894d42229946e5cb469cab50b1","stateView":"0xf3334192d15450cdd385c8b70e03f9a6bd9e673b","tickLower":119200,"tickUpper":127600}	{"ok": true, "feeGrowthInside0X128": "0", "feeGrowthInside1X128": "0"}
{"blockNumber":"3839683","poolId":"0xf7dc0af99fce7169eb76854c0b39beb9915526894d42229946e5cb469cab50b1","stateView":"0xf3334192d15450cdd385c8b70e03f9a6bd9e673b","tickLower":119200,"tickUpper":127600}	{"ok": true, "feeGrowthInside0X128": "13583740351797052072262724107015", "feeGrowthInside1X128": "0"}
{"blockNumber":"3855307","poolId":"0xf7dc0af99fce7169eb76854c0b39beb9915526894d42229946e5cb469cab50b1","stateView":"0xf3334192d15450cdd385c8b70e03f9a6bd9e673b","tickLower":119200,"tickUpper":127600}	{"ok": true, "feeGrowthInside0X128": "0", "feeGrowthInside1X128": "0"}
{"blockNumber":"3851636","poolId":"0x2135ac19f4571a7d8c6ac16f17f984f9c4ffe05ac420f28d6bfdd584783a07b2","stateView":"0xf3334192d15450cdd385c8b70e03f9a6bd9e673b","tickLower":-330880,"tickUpper":-320320}	{"ok": true, "feeGrowthInside0X128": "38754779261813617836370665643886904049403279", "feeGrowthInside1X128": "700345931316094309157083117580"}
{"blockNumber":"3855572","poolId":"0xf7dc0af99fce7169eb76854c0b39beb9915526894d42229946e5cb469cab50b1","stateView":"0xf3334192d15450cdd385c8b70e03f9a6bd9e673b","tickLower":118400,"tickUpper":125200}	{"ok": true, "feeGrowthInside0X128": "0", "feeGrowthInside1X128": "0"}
{"blockNumber":"3862576","poolId":"0xf7dc0af99fce7169eb76854c0b39beb9915526894d42229946e5cb469cab50b1","stateView":"0xf3334192d15450cdd385c8b70e03f9a6bd9e673b","tickLower":118400,"tickUpper":125200}	{"ok": true, "feeGrowthInside0X128": "0", "feeGrowthInside1X128": "0"}
{"blockNumber":"3856697","poolId":"0xd7665f0525e66d80377aea772297373fc9d47689860cc7ec7b52f9c9f41e1dc2","stateView":"0xf3334192d15450cdd385c8b70e03f9a6bd9e673b","tickLower":-333060,"tickUpper":-322920}	{"ok": true, "feeGrowthInside0X128": "0", "feeGrowthInside1X128": "0"}
{"blockNumber":"3863286","poolId":"0x5501f1e70a9a3c56f57880c18d095a63f4e1b50e9def646e7f3c6633d49db550","stateView":"0xf3334192d15450cdd385c8b70e03f9a6bd9e673b","tickLower":117000,"tickUpper":124000}	{"ok": true, "feeGrowthInside0X128": "40349502630716659558520698141901910", "feeGrowthInside1X128": "5353683087513076878749935049817841044680"}
{"blockNumber":"3866296","poolId":"0x5501f1e70a9a3c56f57880c18d095a63f4e1b50e9def646e7f3c6633d49db550","stateView":"0xf3334192d15450cdd385c8b70e03f9a6bd9e673b","tickLower":117000,"tickUpper":124000}	{"ok": true, "feeGrowthInside0X128": "40349502630716659558520698141901910", "feeGrowthInside1X128": "5353683087513076878749935049817841044680"}
{"blockNumber":"3866584","poolId":"0x5501f1e70a9a3c56f57880c18d095a63f4e1b50e9def646e7f3c6633d49db550","stateView":"0xf3334192d15450cdd385c8b70e03f9a6bd9e673b","tickLower":117000,"tickUpper":124000}	{"ok": true, "feeGrowthInside0X128": "40349502630716659558520698141901910", "feeGrowthInside1X128": "5353683087513076878749935049817841044680"}
{"blockNumber":"3885229","poolId":"0x5501f1e70a9a3c56f57880c18d095a63f4e1b50e9def646e7f3c6633d49db550","stateView":"0xf3334192d15450cdd385c8b70e03f9a6bd9e673b","tickLower":117000,"tickUpper":124000}	{"ok": true, "feeGrowthInside0X128": "43393836523167733964651727213371035", "feeGrowthInside1X128": "5733909501066922056063318265303839118367"}
{"blockNumber":"3885487","poolId":"0x5501f1e70a9a3c56f57880c18d095a63f4e1b50e9def646e7f3c6633d49db550","stateView":"0xf3334192d15450cdd385c8b70e03f9a6bd9e673b","tickLower":117000,"tickUpper":124000}	{"ok": true, "feeGrowthInside0X128": "43393836523167733964651727213371035", "feeGrowthInside1X128": "5733909501066922056063318265303839118367"}
{"blockNumber":"3863424","poolId":"0xf7dc0af99fce7169eb76854c0b39beb9915526894d42229946e5cb469cab50b1","stateView":"0xf3334192d15450cdd385c8b70e03f9a6bd9e673b","tickLower":116800,"tickUpper":123600}	{"ok": true, "feeGrowthInside0X128": "0", "feeGrowthInside1X128": "0"}
{"blockNumber":"3872741","poolId":"0x5501f1e70a9a3c56f57880c18d095a63f4e1b50e9def646e7f3c6633d49db550","stateView":"0xf3334192d15450cdd385c8b70e03f9a6bd9e673b","tickLower":119000,"tickUpper":126000}	{"ok": true, "feeGrowthInside0X128": "0", "feeGrowthInside1X128": "0"}
{"blockNumber":"3883162","poolId":"0xf7dc0af99fce7169eb76854c0b39beb9915526894d42229946e5cb469cab50b1","stateView":"0xf3334192d15450cdd385c8b70e03f9a6bd9e673b","tickLower":110000,"tickUpper":123600}	{"ok": true, "feeGrowthInside0X128": "0", "feeGrowthInside1X128": "0"}
{"blockNumber":"3884191","poolId":"0xf7dc0af99fce7169eb76854c0b39beb9915526894d42229946e5cb469cab50b1","stateView":"0xf3334192d15450cdd385c8b70e03f9a6bd9e673b","tickLower":96000,"tickUpper":118400}	{"ok": true, "feeGrowthInside0X128": "0", "feeGrowthInside1X128": "0"}
{"blockNumber":"3754832","poolId":"0x88a256a8f6d20746c2b6e02737d3abe0501cb8798759f0f9dd167175027ac214","stateView":"0xf3334192d15450cdd385c8b70e03f9a6bd9e673b","tickLower":-351900,"tickUpper":-337500}	{"ok": true, "feeGrowthInside0X128": "314011140231276748543565171632850053284439844", "feeGrowthInside1X128": "584768890163858536032303507428"}
{"blockNumber":"3765739","poolId":"0x88a256a8f6d20746c2b6e02737d3abe0501cb8798759f0f9dd167175027ac214","stateView":"0xf3334192d15450cdd385c8b70e03f9a6bd9e673b","tickLower":-351000,"tickUpper":-338400}	{"ok": true, "feeGrowthInside0X128": "0", "feeGrowthInside1X128": "0"}
{"blockNumber":"3769077","poolId":"0x88a256a8f6d20746c2b6e02737d3abe0501cb8798759f0f9dd167175027ac214","stateView":"0xf3334192d15450cdd385c8b70e03f9a6bd9e673b","tickLower":-351000,"tickUpper":-338400}	{"ok": true, "feeGrowthInside0X128": "0", "feeGrowthInside1X128": "0"}
{"blockNumber":"3766614","poolId":"0x88a256a8f6d20746c2b6e02737d3abe0501cb8798759f0f9dd167175027ac214","stateView":"0xf3334192d15450cdd385c8b70e03f9a6bd9e673b","tickLower":-348300,"tickUpper":-335700}	{"ok": true, "feeGrowthInside0X128": "0", "feeGrowthInside1X128": "0"}
{"blockNumber":"3767302","poolId":"0x88a256a8f6d20746c2b6e02737d3abe0501cb8798759f0f9dd167175027ac214","stateView":"0xf3334192d15450cdd385c8b70e03f9a6bd9e673b","tickLower":-348300,"tickUpper":-333900}	{"ok": true, "feeGrowthInside0X128": "0", "feeGrowthInside1X128": "54990078072385921853276084994"}
{"blockNumber":"3779122","poolId":"0xf8b405e53498b4f0636633643496244e848743c4d8546efbc32dbcc50376a4bf","stateView":"0xf3334192d15450cdd385c8b70e03f9a6bd9e673b","tickLower":364000,"tickUpper":374400}	{"ok": true, "feeGrowthInside0X128": "204480937962256822634489876362", "feeGrowthInside1X128": "2566480995516497124841340513009088400930447646"}
{"blockNumber":"3779513","poolId":"0xf8b405e53498b4f0636633643496244e848743c4d8546efbc32dbcc50376a4bf","stateView":"0xf3334192d15450cdd385c8b70e03f9a6bd9e673b","tickLower":364000,"tickUpper":374400}	{"ok": true, "feeGrowthInside0X128": "204480937962256822634489876362", "feeGrowthInside1X128": "2566480995516497124841340513009088400930447646"}
{"blockNumber":"3790827","poolId":"0xf8b405e53498b4f0636633643496244e848743c4d8546efbc32dbcc50376a4bf","stateView":"0xf3334192d15450cdd385c8b70e03f9a6bd9e673b","tickLower":364000,"tickUpper":374400}	{"ok": true, "feeGrowthInside0X128": "369978013011946860705546574031", "feeGrowthInside1X128": "2758553868865466208182344113546244303645369092"}
{"blockNumber":"3892521","poolId":"0xa8a1fbf10f537f6b124c0ecabd5d1a30ab2d744f5729f709e9e98334f3239100","stateView":"0xf3334192d15450cdd385c8b70e03f9a6bd9e673b","tickLower":-887200,"tickUpper":68800}	{"ok": true, "feeGrowthInside0X128": "690915946231836433790535943883754803", "feeGrowthInside1X128": "135415101138719198775691575221134368844"}
{"blockNumber":"3854316","poolId":"0x3599825d604e991ab86027fba05b87b46e37407e66d3c96d03e7dd2164bedecc","stateView":"0xf3334192d15450cdd385c8b70e03f9a6bd9e673b","tickLower":354000,"tickUpper":366000}	{"ok": true, "feeGrowthInside0X128": "19248378810624259471461562271", "feeGrowthInside1X128": "609659232360311329260544779047492702753323091"}
{"blockNumber":"3856061","poolId":"0x3599825d604e991ab86027fba05b87b46e37407e66d3c96d03e7dd2164bedecc","stateView":"0xf3334192d15450cdd385c8b70e03f9a6bd9e673b","tickLower":352000,"tickUpper":368000}	{"ok": true, "feeGrowthInside0X128": "0", "feeGrowthInside1X128": "0"}
{"blockNumber":"3887629","poolId":"0x91624ebb6649fa55ccf02e0746da49dd712083c2c4c198a340a22e3bff859a9d","stateView":"0xf3334192d15450cdd385c8b70e03f9a6bd9e673b","tickLower":-874000,"tickUpper":874000}	{"ok": true, "feeGrowthInside0X128": "32094403617442149166828317368012502", "feeGrowthInside1X128": "0"}
{"blockNumber":"3888140","poolId":"0xe54b570ebc7fc18ab51157c4af2f07b9207b899c0fed7795722b45aee18ffb6f","stateView":"0xf3334192d15450cdd385c8b70e03f9a6bd9e673b","tickLower":-882000,"tickUpper":882000}	{"ok": true, "feeGrowthInside0X128": "0", "feeGrowthInside1X128": "1090313507921339968348152540344"}
{"blockNumber":"3888638","poolId":"0x2388b6f192e7df2d888555d7eba0a2fd15e92283b1b8b3c69cc092f53f4cc415","stateView":"0xf3334192d15450cdd385c8b70e03f9a6bd9e673b","tickLower":-874000,"tickUpper":874000}	{"ok": true, "feeGrowthInside0X128": "0", "feeGrowthInside1X128": "1696570757701968083543333026032"}
{"blockNumber":"3889092","poolId":"0x7b92319f21881ea676e2ed49b8f392197d1b232360bc7b74b365f01b36a83a5c","stateView":"0xf3334192d15450cdd385c8b70e03f9a6bd9e673b","tickLower":-874000,"tickUpper":874000}	{"ok": true, "feeGrowthInside0X128": "400322841848113704171916535122", "feeGrowthInside1X128": "0"}
{"blockNumber":"3889572","poolId":"0xcab67dba9afd6f849743b0f57230bf57ae82fb04f5b891e806bade3e9704bb0c","stateView":"0xf3334192d15450cdd385c8b70e03f9a6bd9e673b","tickLower":-874000,"tickUpper":874000}	{"ok": true, "feeGrowthInside0X128": "0", "feeGrowthInside1X128": "2637808802956558642203051578133"}
{"blockNumber":"3893087","poolId":"0xa3bf1a392054a3d40af35912bde34b46faa32a349116ac0808d9f9081113e55d","stateView":"0xf3334192d15450cdd385c8b70e03f9a6bd9e673b","tickLower":-874000,"tickUpper":874000}	{"ok": true, "feeGrowthInside0X128": "764155168109369528507834435743", "feeGrowthInside1X128": "0"}
{"blockNumber":"3893564","poolId":"0x968f7932f196cc8cf0eee950e8cd6d7f3595cc5b5564ca161adc1ddc02b359fe","stateView":"0xf3334192d15450cdd385c8b70e03f9a6bd9e673b","tickLower":-874000,"tickUpper":874000}	{"ok": true, "feeGrowthInside0X128": "621638062458388367133480688385622", "feeGrowthInside1X128": "0"}
{"blockNumber":"3893980","poolId":"0xd3ef9af0d5f57520e6fe7409a843a625d50fed2156a8d77fbc1985b586fc494a","stateView":"0xf3334192d15450cdd385c8b70e03f9a6bd9e673b","tickLower":-874000,"tickUpper":874000}	{"ok": true, "feeGrowthInside0X128": "1968588496272445586240751413321", "feeGrowthInside1X128": "0"}
{"blockNumber":"3894500","poolId":"0x4e96cfd21c3b571a3881a6ce49a95093a14d0525c7387f229c175c9541872735","stateView":"0xf3334192d15450cdd385c8b70e03f9a6bd9e673b","tickLower":-874000,"tickUpper":874000}	{"ok": true, "feeGrowthInside0X128": "697828505829860634949294900415", "feeGrowthInside1X128": "0"}
{"blockNumber":"3894962","poolId":"0xb4ead18476c2fba2aea47fbfcbb6e90fc5c7bd60b8a560668f04bdbed051d252","stateView":"0xf3334192d15450cdd385c8b70e03f9a6bd9e673b","tickLower":-874000,"tickUpper":874000}	{"ok": true, "feeGrowthInside0X128": "0", "feeGrowthInside1X128": "3766719354902511305707208939524"}
{"blockNumber":"3900586","poolId":"0xfbaf9842a6d73c01c24a25602e81171613a74eea33849feacadf903c02642a14","stateView":"0xf3334192d15450cdd385c8b70e03f9a6bd9e673b","tickLower":-874000,"tickUpper":874000}	{"ok": true, "feeGrowthInside0X128": "1450957031718279447753345190640", "feeGrowthInside1X128": "0"}
{"blockNumber":"3743504","poolId":"0x0d5c8d15ef856787e3f68a03e189f13067faa29d06b7f46f2f242584557562a5","stateView":"0xf3334192d15450cdd385c8b70e03f9a6bd9e673b","tickLower":348800,"tickUpper":369600}	{"ok": true, "feeGrowthInside0X128": "0", "feeGrowthInside1X128": "0"}
{"blockNumber":"3744754","poolId":"0x387cef6c76efcfcfeae97c861813881c90696cc804ba0e91625481501a6bc20c","stateView":"0xf3334192d15450cdd385c8b70e03f9a6bd9e673b","tickLower":-871200,"tickUpper":871200}	{"ok": true, "feeGrowthInside0X128": "0", "feeGrowthInside1X128": "0"}
{"blockNumber":"3746106","poolId":"0x79131b5847b63a037daece4d0e9d077cc4d34fea62c9f64641e2ecce208fbeed","stateView":"0xf3334192d15450cdd385c8b70e03f9a6bd9e673b","tickLower":-871200,"tickUpper":871200}	{"ok": true, "feeGrowthInside0X128": "0", "feeGrowthInside1X128": "0"}
{"blockNumber":"3748560","poolId":"0xccadcc62c5d66615766ed797c7073a6412c2e36d0011659bc4b8a1cc0bce85f2","stateView":"0xf3334192d15450cdd385c8b70e03f9a6bd9e673b","tickLower":-887200,"tickUpper":887200}	{"ok": true, "feeGrowthInside0X128": "0", "feeGrowthInside1X128": "0"}
{"blockNumber":"3768574","poolId":"0xccadcc62c5d66615766ed797c7073a6412c2e36d0011659bc4b8a1cc0bce85f2","stateView":"0xf3334192d15450cdd385c8b70e03f9a6bd9e673b","tickLower":-887200,"tickUpper":887200}	{"ok": true, "feeGrowthInside0X128": "0", "feeGrowthInside1X128": "0"}
{"blockNumber":"3769489","poolId":"0xccadcc62c5d66615766ed797c7073a6412c2e36d0011659bc4b8a1cc0bce85f2","stateView":"0xf3334192d15450cdd385c8b70e03f9a6bd9e673b","tickLower":-350000,"tickUpper":-336000}	{"ok": true, "feeGrowthInside0X128": "0", "feeGrowthInside1X128": "0"}
{"blockNumber":"3770293","poolId":"0xccadcc62c5d66615766ed797c7073a6412c2e36d0011659bc4b8a1cc0bce85f2","stateView":"0xf3334192d15450cdd385c8b70e03f9a6bd9e673b","tickLower":-350000,"tickUpper":-336400}	{"ok": true, "feeGrowthInside0X128": "2418213075922482494616041612283107024322463", "feeGrowthInside1X128": "0"}
{"blockNumber":"3770744","poolId":"0xccadcc62c5d66615766ed797c7073a6412c2e36d0011659bc4b8a1cc0bce85f2","stateView":"0xf3334192d15450cdd385c8b70e03f9a6bd9e673b","tickLower":-350000,"tickUpper":-336800}	{"ok": true, "feeGrowthInside0X128": "2418213075922482494616041612283107024322463", "feeGrowthInside1X128": "0"}
{"blockNumber":"3770842","poolId":"0xccadcc62c5d66615766ed797c7073a6412c2e36d0011659bc4b8a1cc0bce85f2","stateView":"0xf3334192d15450cdd385c8b70e03f9a6bd9e673b","tickLower":-350000,"tickUpper":-336000}	{"ok": true, "feeGrowthInside0X128": "2541045836630700406325896439785242770216583", "feeGrowthInside1X128": "0"}
{"blockNumber":"3771917","poolId":"0xccadcc62c5d66615766ed797c7073a6412c2e36d0011659bc4b8a1cc0bce85f2","stateView":"0xf3334192d15450cdd385c8b70e03f9a6bd9e673b","tickLower":-350000,"tickUpper":-336800}	{"ok": true, "feeGrowthInside0X128": "2418213075922482494616041612283107024322463", "feeGrowthInside1X128": "0"}
{"blockNumber":"3792307","poolId":"0xf26f8cf9fd3da6779a768b3580e65c2965d7f889a703358feec873679f58d935","stateView":"0xf3334192d15450cdd385c8b70e03f9a6bd9e673b","tickLower":350000,"tickUpper":362000}	{"ok": true, "feeGrowthInside0X128": "0", "feeGrowthInside1X128": "0"}
{"blockNumber":"3794418","poolId":"0xd37d89adbb0f724cca1112abd63bfa5b931d9c2e7d446a3710e32417fac7049c","stateView":"0xf3334192d15450cdd385c8b70e03f9a6bd9e673b","tickLower":-885000,"tickUpper":885000}	{"ok": true, "feeGrowthInside0X128": "0", "feeGrowthInside1X128": "0"}
{"blockNumber":"3796877","poolId":"0xccadcc62c5d66615766ed797c7073a6412c2e36d0011659bc4b8a1cc0bce85f2","stateView":"0xf3334192d15450cdd385c8b70e03f9a6bd9e673b","tickLower":-887200,"tickUpper":887200}	{"ok": true, "feeGrowthInside0X128": "23363431746935252690603086250257314482795483", "feeGrowthInside1X128": "19648690720462284331417295524"}
{"blockNumber":"3797993","poolId":"0xd37d89adbb0f724cca1112abd63bfa5b931d9c2e7d446a3710e32417fac7049c","stateView":"0xf3334192d15450cdd385c8b70e03f9a6bd9e673b","tickLower":-885000,"tickUpper":885000}	{"ok": true, "feeGrowthInside0X128": "0", "feeGrowthInside1X128": "0"}
{"blockNumber":"3799435","poolId":"0x35fd4fa106deea5ff73b6a9aa9bfd34b6ae059c9c29cbbc0e0e20d95a06a5f72","stateView":"0xf3334192d15450cdd385c8b70e03f9a6bd9e673b","tickLower":-886000,"tickUpper":886000}	{"ok": true, "feeGrowthInside0X128": "0", "feeGrowthInside1X128": "0"}
{"blockNumber":"3808442","poolId":"0xf55e03a600310950b9d5cacdef20ce52cc7d542a0950534fbe46006c65d2d650","stateView":"0xf3334192d15450cdd385c8b70e03f9a6bd9e673b","tickLower":-217800,"tickUpper":-215000}	{"ok": true, "feeGrowthInside0X128": "0", "feeGrowthInside1X128": "0"}
{"blockNumber":"3809957","poolId":"0x7eeda68cd84620339e6ad4bf054af9b19878ac13139991c7aaec018c40a8bb6a","stateView":"0xf3334192d15450cdd385c8b70e03f9a6bd9e673b","tickLower":-210800,"tickUpper":-209400}	{"ok": true, "feeGrowthInside0X128": "0", "feeGrowthInside1X128": "0"}
{"blockNumber":"3812289","poolId":"0x6fa3ee0048e78bf0a513eb0ab56f482944a767c21db990fcf555605e69f05659","stateView":"0xf3334192d15450cdd385c8b70e03f9a6bd9e673b","tickLower":205400,"tickUpper":209000}	{"ok": true, "feeGrowthInside0X128": "0", "feeGrowthInside1X128": "0"}
{"blockNumber":"3813868","poolId":"0xda4116b5894ee7479e64eae9276e1a2944ef0e5ce863a299d296a15618deee01","stateView":"0xf3334192d15450cdd385c8b70e03f9a6bd9e673b","tickLower":217400,"tickUpper":221600}	{"ok": true, "feeGrowthInside0X128": "0", "feeGrowthInside1X128": "0"}
{"blockNumber":"3825778","poolId":"0x35fd4fa106deea5ff73b6a9aa9bfd34b6ae059c9c29cbbc0e0e20d95a06a5f72","stateView":"0xf3334192d15450cdd385c8b70e03f9a6bd9e673b","tickLower":-886000,"tickUpper":886000}	{"ok": true, "feeGrowthInside0X128": "102814966129555762917652362797627", "feeGrowthInside1X128": "64818127805148703003703467106488272011977"}
{"blockNumber":"3830647","poolId":"0x35fd4fa106deea5ff73b6a9aa9bfd34b6ae059c9c29cbbc0e0e20d95a06a5f72","stateView":"0xf3334192d15450cdd385c8b70e03f9a6bd9e673b","tickLower":-886000,"tickUpper":886000}	{"ok": true, "feeGrowthInside0X128": "102814966129555762917652362797627", "feeGrowthInside1X128": "96386311739904956153398599304361388016468"}
{"blockNumber":"3847207","poolId":"0xf26f8cf9fd3da6779a768b3580e65c2965d7f889a703358feec873679f58d935","stateView":"0xf3334192d15450cdd385c8b70e03f9a6bd9e673b","tickLower":350000,"tickUpper":362000}	{"ok": true, "feeGrowthInside0X128": "288476148690120676635031208002", "feeGrowthInside1X128": "1563084535908441727060515585132191868959582567"}
{"blockNumber":"3847362","poolId":"0xf26f8cf9fd3da6779a768b3580e65c2965d7f889a703358feec873679f58d935","stateView":"0xf3334192d15450cdd385c8b70e03f9a6bd9e673b","tickLower":350000,"tickUpper":362000}	{"ok": true, "feeGrowthInside0X128": "288476148690120676635031208002", "feeGrowthInside1X128": "1563084535908441727060515585132191868959582567"}
{"blockNumber":"3851099","poolId":"0xabb50b486759c9347c44c899bc67f250489211bded0cb39f45690d0b9bb0b8ec","stateView":"0xf3334192d15450cdd385c8b70e03f9a6bd9e673b","tickLower":358000,"tickUpper":372000}	{"ok": true, "feeGrowthInside0X128": "0", "feeGrowthInside1X128": "0"}
{"blockNumber":"3858199","poolId":"0xe81d540559e535c7142376066001055b153e7f253e9f157bfe3437bab4da86bf","stateView":"0xf3334192d15450cdd385c8b70e03f9a6bd9e673b","tickLower":-330480,"tickUpper":-319680}	{"ok": true, "feeGrowthInside0X128": "0", "feeGrowthInside1X128": "0"}
{"blockNumber":"3866671","poolId":"0xbdc54efd91fa5da1aa59bc4c4d23ef5dc048f4f7b138e7d71dac32ff381aaf39","stateView":"0xf3334192d15450cdd385c8b70e03f9a6bd9e673b","tickLower":-887200,"tickUpper":230400}	{"ok": true, "feeGrowthInside0X128": "0", "feeGrowthInside1X128": "0"}
{"blockNumber":"3866850","poolId":"0xa161a72b852329a8b5e6943d4bf5f3f5a2b95d77b148371208869ee25d34c2dd","stateView":"0xf3334192d15450cdd385c8b70e03f9a6bd9e673b","tickLower":-883200,"tickUpper":883200}	{"ok": true, "feeGrowthInside0X128": "0", "feeGrowthInside1X128": "0"}
{"blockNumber":"3867166","poolId":"0xbdc54efd91fa5da1aa59bc4c4d23ef5dc048f4f7b138e7d71dac32ff381aaf39","stateView":"0xf3334192d15450cdd385c8b70e03f9a6bd9e673b","tickLower":-887200,"tickUpper":230400}	{"ok": true, "feeGrowthInside0X128": "678151817181289961852475839936", "feeGrowthInside1X128": "0"}
{"blockNumber":"3867243","poolId":"0xbdc54efd91fa5da1aa59bc4c4d23ef5dc048f4f7b138e7d71dac32ff381aaf39","stateView":"0xf3334192d15450cdd385c8b70e03f9a6bd9e673b","tickLower":-887200,"tickUpper":230400}	{"ok": true, "feeGrowthInside0X128": "1017227725771934942778713759904", "feeGrowthInside1X128": "0"}
{"blockNumber":"3867722","poolId":"0xd68b6d1fa6531c1641738535ab1a1120b8c87d45b905293b654f7dec8c3fdcda","stateView":"0xf3334192d15450cdd385c8b70e03f9a6bd9e673b","tickLower":-321630,"tickUpper":-318790}	{"ok": true, "feeGrowthInside0X128": "0", "feeGrowthInside1X128": "0"}
{"blockNumber":"3868755","poolId":"0xa161a72b852329a8b5e6943d4bf5f3f5a2b95d77b148371208869ee25d34c2dd","stateView":"0xf3334192d15450cdd385c8b70e03f9a6bd9e673b","tickLower":-883200,"tickUpper":883200}	{"ok": true, "feeGrowthInside0X128": "1923848758676609221253060077669437", "feeGrowthInside1X128": "45175438522828611852430877353823541909080"}
{"blockNumber":"3869105","poolId":"0xa161a72b852329a8b5e6943d4bf5f3f5a2b95d77b148371208869ee25d34c2dd","stateView":"0xf3334192d15450cdd385c8b70e03f9a6bd9e673b","tickLower":147200,"tickUpper":179200}	{"ok": true, "feeGrowthInside0X128": "0", "feeGrowthInside1X128": "0"}
{"blockNumber":"3869214","poolId":"0xbdc54efd91fa5da1aa59bc4c4d23ef5dc048f4f7b138e7d71dac32ff381aaf39","stateView":"0xf3334192d15450cdd385c8b70e03f9a6bd9e673b","tickLower":-887200,"tickUpper":230400}	{"ok": true, "feeGrowthInside0X128": "1017227725771934942778713759904", "feeGrowthInside1X128": "9907185478880472263878539176426021033434"}
{"blockNumber":"3869856","poolId":"0xbdc54efd91fa5da1aa59bc4c4d23ef5dc048f4f7b138e7d71dac32ff381aaf39","stateView":"0xf3334192d15450cdd385c8b70e03f9a6bd9e673b","tickLower":-887200,"tickUpper":230400}	{"ok": true, "feeGrowthInside0X128": "1055975099120471113341095821151", "feeGrowthInside1X128": "9931953442577673444538235681061255965027"}
{"blockNumber":"3870063","poolId":"0xa161a72b852329a8b5e6943d4bf5f3f5a2b95d77b148371208869ee25d34c2dd","stateView":"0xf3334192d15450cdd385c8b70e03f9a6bd9e673b","tickLower":147200,"tickUpper":179200}	{"ok": true, "feeGrowthInside0X128": "3282282545391544645545862108066327", "feeGrowthInside1X128": "0"}
{"blockNumber":"3870125","poolId":"0xa161a72b852329a8b5e6943d4bf5f3f5a2b95d77b148371208869ee25d34c2dd","stateView":"0xf3334192d15450cdd385c8b70e03f9a6bd9e673b","tickLower":-883200,"tickUpper":883200}	{"ok": true, "feeGrowthInside0X128": "5206131304068153866798922185735764", "feeGrowthInside1X128": "45175438522828611852430877353823541909080"}
{"blockNumber":"3870490","poolId":"0x35fd4fa106deea5ff73b6a9aa9bfd34b6ae059c9c29cbbc0e0e20d95a06a5f72","stateView":"0xf3334192d15450cdd385c8b70e03f9a6bd9e673b","tickLower":-886000,"tickUpper":886000}	{"ok": true, "feeGrowthInside0X128": "102814966129555762917652362797627", "feeGrowthInside1X128": "130994709868882685529899360736740218186020"}
{"blockNumber":"3870605","poolId":"0x35fd4fa106deea5ff73b6a9aa9bfd34b6ae059c9c29cbbc0e0e20d95a06a5f72","stateView":"0xf3334192d15450cdd385c8b70e03f9a6bd9e673b","tickLower":-886000,"tickUpper":886000}	{"ok": true, "feeGrowthInside0X128": "102814966129555762917652362797627", "feeGrowthInside1X128": "130994709868882685529899360736740218186020"}
{"blockNumber":"3870974","poolId":"0xbdc54efd91fa5da1aa59bc4c4d23ef5dc048f4f7b138e7d71dac32ff381aaf39","stateView":"0xf3334192d15450cdd385c8b70e03f9a6bd9e673b","tickLower":-887200,"tickUpper":230400}	{"ok": true, "feeGrowthInside0X128": "2073202824892406056119809581057", "feeGrowthInside1X128": "9932015362486916447489884988254270722759"}
{"blockNumber":"3871422","poolId":"0xc3fb117f3ffe8a633665cdc16c14c338c72333ea6aff47324c62d9fefdd63db4","stateView":"0xf3334192d15450cdd385c8b70e03f9a6bd9e673b","tickLower":-887000,"tickUpper":887000}	{"ok": true, "feeGrowthInside0X128": "0", "feeGrowthInside1X128": "0"}
{"blockNumber":"3871958","poolId":"0xa161a72b852329a8b5e6943d4bf5f3f5a2b95d77b148371208869ee25d34c2dd","stateView":"0xf3334192d15450cdd385c8b70e03f9a6bd9e673b","tickLower":-883200,"tickUpper":883200}	{"ok": true, "feeGrowthInside0X128": "5206131304068153866798922185735764", "feeGrowthInside1X128": "45175438522828611852430877353823541909080"}
{"blockNumber":"3872050","poolId":"0xc3fb117f3ffe8a633665cdc16c14c338c72333ea6aff47324c62d9fefdd63db4","stateView":"0xf3334192d15450cdd385c8b70e03f9a6bd9e673b","tickLower":-887000,"tickUpper":887000}	{"ok": true, "feeGrowthInside0X128": "252297149745216723464412854300472", "feeGrowthInside1X128": "0"}
{"blockNumber":"3873872","poolId":"0xc3fb117f3ffe8a633665cdc16c14c338c72333ea6aff47324c62d9fefdd63db4","stateView":"0xf3334192d15450cdd385c8b70e03f9a6bd9e673b","tickLower":-887000,"tickUpper":887000}	{"ok": true, "feeGrowthInside0X128": "391539395135430656410338196765305", "feeGrowthInside1X128": "12097298510534579794890160386942320048838"}
{"blockNumber":"3874053","poolId":"0xa161a72b852329a8b5e6943d4bf5f3f5a2b95d77b148371208869ee25d34c2dd","stateView":"0xf3334192d15450cdd385c8b70e03f9a6bd9e673b","tickLower":-883200,"tickUpper":883200}	{"ok": true, "feeGrowthInside0X128": "5206131304068153866798922185735764", "feeGrowthInside1X128": "45175438522828611852430877353823541909080"}
{"blockNumber":"3874954","poolId":"0xa161a72b852329a8b5e6943d4bf5f3f5a2b95d77b148371208869ee25d34c2dd","stateView":"0xf3334192d15450cdd385c8b70e03f9a6bd9e673b","tickLower":147200,"tickUpper":179200}	{"ok": true, "feeGrowthInside0X128": "5206131304068153866798922185735764", "feeGrowthInside1X128": "45175438522828611852430877353823541909080"}
{"blockNumber":"3875549","poolId":"0xc3fb117f3ffe8a633665cdc16c14c338c72333ea6aff47324c62d9fefdd63db4","stateView":"0xf3334192d15450cdd385c8b70e03f9a6bd9e673b","tickLower":-887000,"tickUpper":887000}	{"ok": true, "feeGrowthInside0X128": "625673042105467564409312793070432", "feeGrowthInside1X128": "34451942366023158583094693792930839106980"}
{"blockNumber":"3876217","poolId":"0xc3fb117f3ffe8a633665cdc16c14c338c72333ea6aff47324c62d9fefdd63db4","stateView":"0xf3334192d15450cdd385c8b70e03f9a6bd9e673b","tickLower":-887000,"tickUpper":887000}	{"ok": true, "feeGrowthInside0X128": "625673042105467564409312793070432", "feeGrowthInside1X128": "45791226119270516711949253765984712184926"}
{"blockNumber":"3878560","poolId":"0xc3fb117f3ffe8a633665cdc16c14c338c72333ea6aff47324c62d9fefdd63db4","stateView":"0xf3334192d15450cdd385c8b70e03f9a6bd9e673b","tickLower":-887000,"tickUpper":887000}	{"ok": true, "feeGrowthInside0X128": "625673042105467564409312793070432", "feeGrowthInside1X128": "54653276394116087067289406109256021128706"}
{"blockNumber":"3879492","poolId":"0xbdc54efd91fa5da1aa59bc4c4d23ef5dc048f4f7b138e7d71dac32ff381aaf39","stateView":"0xf3334192d15450cdd385c8b70e03f9a6bd9e673b","tickLower":-887200,"tickUpper":230400}	{"ok": true, "feeGrowthInside0X128": "2174925597469599550397680957047", "feeGrowthInside1X128": "9932015517286689554997264148341101919748"}
{"blockNumber":"3880011","poolId":"0xd68b6d1fa6531c1641738535ab1a1120b8c87d45b905293b654f7dec8c3fdcda","stateView":"0xf3334192d15450cdd385c8b70e03f9a6bd9e673b","tickLower":-321630,"tickUpper":-318790}	{"ok": true, "feeGrowthInside0X128": "0", "feeGrowthInside1X128": "0"}
{"blockNumber":"3880903","poolId":"0x10a6bb2a585c5ae486510c00eef3db3013ebb03b09f3a97b7390aff3af5c581d","stateView":"0xf3334192d15450cdd385c8b70e03f9a6bd9e673b","tickLower":-321104,"tickUpper":-317814}	{"ok": true, "feeGrowthInside0X128": "0", "feeGrowthInside1X128": "0"}
{"blockNumber":"3884146","poolId":"0xc3fb117f3ffe8a633665cdc16c14c338c72333ea6aff47324c62d9fefdd63db4","stateView":"0xf3334192d15450cdd385c8b70e03f9a6bd9e673b","tickLower":-887000,"tickUpper":887000}	{"ok": true, "feeGrowthInside0X128": "1423787788093509035064076825819669", "feeGrowthInside1X128": "69362781611914851561234671872723877693964"}
{"blockNumber":"3884894","poolId":"0x10a6bb2a585c5ae486510c00eef3db3013ebb03b09f3a97b7390aff3af5c581d","stateView":"0xf3334192d15450cdd385c8b70e03f9a6bd9e673b","tickLower":-321104,"tickUpper":-317814}	{"ok": true, "feeGrowthInside0X128": "1840214547481776529166680853284259305122599", "feeGrowthInside1X128": "0"}
{"blockNumber":"3886034","poolId":"0x428d41098341386559c1a930f9ae31c202ae9d036f4017b0827a698ad0a50a8e","stateView":"0xf3334192d15450cdd385c8b70e03f9a6bd9e673b","tickLower":-321440,"tickUpper":-318108}	{"ok": true, "feeGrowthInside0X128": "0", "feeGrowthInside1X128": "0"}
{"blockNumber":"3886079","poolId":"0xbdc54efd91fa5da1aa59bc4c4d23ef5dc048f4f7b138e7d71dac32ff381aaf39","stateView":"0xf3334192d15450cdd385c8b70e03f9a6bd9e673b","tickLower":-887200,"tickUpper":230400}	{"ok": true, "feeGrowthInside0X128": "2242740779187728546582928541040", "feeGrowthInside1X128": "9932015517673688987766032608228851119631"}
{"blockNumber":"3887685","poolId":"0xbdc54efd91fa5da1aa59bc4c4d23ef5dc048f4f7b138e7d71dac32ff381aaf39","stateView":"0xf3334192d15450cdd385c8b70e03f9a6bd9e673b","tickLower":-887200,"tickUpper":230400}	{"ok": true, "feeGrowthInside0X128": "2242740779187728546582928541040", "feeGrowthInside1X128": "19812848555868207377481961070282104542025"}
{"blockNumber":"3888959","poolId":"0x428d41098341386559c1a930f9ae31c202ae9d036f4017b0827a698ad0a50a8e","stateView":"0xf3334192d15450cdd385c8b70e03f9a6bd9e673b","tickLower":-321440,"tickUpper":-318108}	{"ok": true, "feeGrowthInside0X128": "465780609076918294183186740542168829916084", "feeGrowthInside1X128": "0"}
{"blockNumber":"3890447","poolId":"0xbdc54efd91fa5da1aa59bc4c4d23ef5dc048f4f7b138e7d71dac32ff381aaf39","stateView":"0xf3334192d15450cdd385c8b70e03f9a6bd9e673b","tickLower":-887200,"tickUpper":230400}	{"ok": true, "feeGrowthInside0X128": "2242740779187728546582928541040", "feeGrowthInside1X128": "20472344665057273980301551593886443687693"}
{"blockNumber":"3900286","poolId":"0xc3fb117f3ffe8a633665cdc16c14c338c72333ea6aff47324c62d9fefdd63db4","stateView":"0xf3334192d15450cdd385c8b70e03f9a6bd9e673b","tickLower":-887000,"tickUpper":887000}	{"ok": true, "feeGrowthInside0X128": "2165914476736389967397058023725354", "feeGrowthInside1X128": "116701165095254139670292504980151889990510"}
{"blockNumber":"3901024","poolId":"0x1af29984484ebba4035e61b9e75d897915aa6c22af73bb2ffb308e68d7b6e823","stateView":"0xf3334192d15450cdd385c8b70e03f9a6bd9e673b","tickLower":-880000,"tickUpper":880000}	{"ok": true, "feeGrowthInside0X128": "0", "feeGrowthInside1X128": "0"}
{"blockNumber":"3904400","poolId":"0x31af8b6bd0e034fbf23bad269cff3f8971904ec6d8083bed5ce402e0d2e9745a","stateView":"0xf3334192d15450cdd385c8b70e03f9a6bd9e673b","tickLower":-882000,"tickUpper":882000}	{"ok": true, "feeGrowthInside0X128": "0", "feeGrowthInside1X128": "0"}
{"blockNumber":"3905442","poolId":"0xc55532809f4eccbe4b3f7d33ed268429b9fb778345e524a75969411a99bfd2ec","stateView":"0xf3334192d15450cdd385c8b70e03f9a6bd9e673b","tickLower":-322002,"tickUpper":-317982}	{"ok": true, "feeGrowthInside0X128": "0", "feeGrowthInside1X128": "0"}
{"blockNumber":"3907887","poolId":"0xccadcc62c5d66615766ed797c7073a6412c2e36d0011659bc4b8a1cc0bce85f2","stateView":"0xf3334192d15450cdd385c8b70e03f9a6bd9e673b","tickLower":-350000,"tickUpper":-336400}	{"ok": true, "feeGrowthInside0X128": "34251855145270023518858723216942816916539836", "feeGrowthInside1X128": "71571802104241516436630176990"}
{"blockNumber":"3907977","poolId":"0xccadcc62c5d66615766ed797c7073a6412c2e36d0011659bc4b8a1cc0bce85f2","stateView":"0xf3334192d15450cdd385c8b70e03f9a6bd9e673b","tickLower":-350000,"tickUpper":-336400}	{"ok": true, "feeGrowthInside0X128": "115792089237316195423570985008687903384368393821091260581277669637612628698683", "feeGrowthInside1X128": "0"}
{"blockNumber":"3933804","poolId":"0xdfa47c9208015216e8694cc7b75cc20c16c3e8441006247e926525c47fb64f5e","stateView":"0xf3334192d15450cdd385c8b70e03f9a6bd9e673b","tickLower":-884000,"tickUpper":884000}	{"ok": true, "feeGrowthInside0X128": "165637452603361869445810484365015349", "feeGrowthInside1X128": "248805361693476935344593971047119364842091"}
{"blockNumber":"3916231","poolId":"0xc55532809f4eccbe4b3f7d33ed268429b9fb778345e524a75969411a99bfd2ec","stateView":"0xf3334192d15450cdd385c8b70e03f9a6bd9e673b","tickLower":-322002,"tickUpper":-317982}	{"ok": true, "feeGrowthInside0X128": "0", "feeGrowthInside1X128": "0"}
{"blockNumber":"3916491","poolId":"0x5501f1e70a9a3c56f57880c18d095a63f4e1b50e9def646e7f3c6633d49db550","stateView":"0xf3334192d15450cdd385c8b70e03f9a6bd9e673b","tickLower":117000,"tickUpper":124000}	{"ok": true, "feeGrowthInside0X128": "48782642481747881938089500495786394", "feeGrowthInside1X128": "6440730291359793133407414049482010337674"}
{"blockNumber":"3916897","poolId":"0xf7dc0af99fce7169eb76854c0b39beb9915526894d42229946e5cb469cab50b1","stateView":"0xf3334192d15450cdd385c8b70e03f9a6bd9e673b","tickLower":116800,"tickUpper":123600}	{"ok": true, "feeGrowthInside0X128": "7838691373636707768989034728625440", "feeGrowthInside1X128": "971735270395776737230591290576782767230"}
{"blockNumber":"3917051","poolId":"0xf7dc0af99fce7169eb76854c0b39beb9915526894d42229946e5cb469cab50b1","stateView":"0xf3334192d15450cdd385c8b70e03f9a6bd9e673b","tickLower":116800,"tickUpper":123600}	{"ok": true, "feeGrowthInside0X128": "0", "feeGrowthInside1X128": "0"}
{"blockNumber":"3917569","poolId":"0xf7dc0af99fce7169eb76854c0b39beb9915526894d42229946e5cb469cab50b1","stateView":"0xf3334192d15450cdd385c8b70e03f9a6bd9e673b","tickLower":112800,"tickUpper":119600}	{"ok": true, "feeGrowthInside0X128": "0", "feeGrowthInside1X128": "0"}
{"blockNumber":"3928321","poolId":"0xf7dc0af99fce7169eb76854c0b39beb9915526894d42229946e5cb469cab50b1","stateView":"0xf3334192d15450cdd385c8b70e03f9a6bd9e673b","tickLower":112800,"tickUpper":119600}	{"ok": true, "feeGrowthInside0X128": "1561873331177491584129194723570391", "feeGrowthInside1X128": "126313710069872942063480517233955136895"}
{"blockNumber":"3928670","poolId":"0xf7dc0af99fce7169eb76854c0b39beb9915526894d42229946e5cb469cab50b1","stateView":"0xf3334192d15450cdd385c8b70e03f9a6bd9e673b","tickLower":112800,"tickUpper":119600}	{"ok": true, "feeGrowthInside0X128": "0", "feeGrowthInside1X128": "0"}
{"blockNumber":"3917858","poolId":"0xf7dc0af99fce7169eb76854c0b39beb9915526894d42229946e5cb469cab50b1","stateView":"0xf3334192d15450cdd385c8b70e03f9a6bd9e673b","tickLower":115200,"tickUpper":131200}	{"ok": true, "feeGrowthInside0X128": "23236722294283924780787988946558973", "feeGrowthInside1X128": "2198052332270849882677060286565943728485"}
{"blockNumber":"3917967","poolId":"0xf7dc0af99fce7169eb76854c0b39beb9915526894d42229946e5cb469cab50b1","stateView":"0xf3334192d15450cdd385c8b70e03f9a6bd9e673b","tickLower":115200,"tickUpper":131200}	{"ok": true, "feeGrowthInside0X128": "0", "feeGrowthInside1X128": "0"}
{"blockNumber":"3919064","poolId":"0xf7dc0af99fce7169eb76854c0b39beb9915526894d42229946e5cb469cab50b1","stateView":"0xf3334192d15450cdd385c8b70e03f9a6bd9e673b","tickLower":111200,"tickUpper":117600}	{"ok": true, "feeGrowthInside0X128": "0", "feeGrowthInside1X128": "0"}
{"blockNumber":"3920548","poolId":"0xf7dc0af99fce7169eb76854c0b39beb9915526894d42229946e5cb469cab50b1","stateView":"0xf3334192d15450cdd385c8b70e03f9a6bd9e673b","tickLower":111200,"tickUpper":117600}	{"ok": true, "feeGrowthInside0X128": "0", "feeGrowthInside1X128": "0"}
{"blockNumber":"3928188","poolId":"0xf7dc0af99fce7169eb76854c0b39beb9915526894d42229946e5cb469cab50b1","stateView":"0xf3334192d15450cdd385c8b70e03f9a6bd9e673b","tickLower":111200,"tickUpper":117600}	{"ok": true, "feeGrowthInside0X128": "17201339698539680826386661839738616", "feeGrowthInside1X128": "1303359552164861714901551066327848666752"}
{"blockNumber":"3931832","poolId":"0xf7dc0af99fce7169eb76854c0b39beb9915526894d42229946e5cb469cab50b1","stateView":"0xf3334192d15450cdd385c8b70e03f9a6bd9e673b","tickLower":111200,"tickUpper":117600}	{"ok": true, "feeGrowthInside0X128": "17580393284048741545605365219199118", "feeGrowthInside1X128": "1303359552164861714901551066327848666752"}
{"blockNumber":"3931856","poolId":"0xf7dc0af99fce7169eb76854c0b39beb9915526894d42229946e5cb469cab50b1","stateView":"0xf3334192d15450cdd385c8b70e03f9a6bd9e673b","tickLower":111200,"tickUpper":117600}	{"ok": true, "feeGrowthInside0X128": "0", "feeGrowthInside1X128": "0"}
{"blockNumber":"3921509","poolId":"0xf7dc0af99fce7169eb76854c0b39beb9915526894d42229946e5cb469cab50b1","stateView":"0xf3334192d15450cdd385c8b70e03f9a6bd9e673b","tickLower":112400,"tickUpper":118800}	{"ok": true, "feeGrowthInside0X128": "0", "feeGrowthInside1X128": "0"}
{"blockNumber":"3928952","poolId":"0xf7dc0af99fce7169eb76854c0b39beb9915526894d42229946e5cb469cab50b1","stateView":"0xf3334192d15450cdd385c8b70e03f9a6bd9e673b","tickLower":112400,"tickUpper":118800}	{"ok": true, "feeGrowthInside0X128": "0", "feeGrowthInside1X128": "0"}
{"blockNumber":"3923034","poolId":"0xe81d540559e535c7142376066001055b153e7f253e9f157bfe3437bab4da86bf","stateView":"0xf3334192d15450cdd385c8b70e03f9a6bd9e673b","tickLower":-330480,"tickUpper":-319680}	{"ok": true, "feeGrowthInside0X128": "1390855484818242014733119834614269298260994", "feeGrowthInside1X128": "17990550433374174155817649837"}
{"blockNumber":"3928398","poolId":"0xf7dc0af99fce7169eb76854c0b39beb9915526894d42229946e5cb469cab50b1","stateView":"0xf3334192d15450cdd385c8b70e03f9a6bd9e673b","tickLower":110000,"tickUpper":123600}	{"ok": true, "feeGrowthInside0X128": "65794757018320656155460797071814974", "feeGrowthInside1X128": "4731996846019648171084768637851004372496"}
{"blockNumber":"3929405","poolId":"0xf7dc0af99fce7169eb76854c0b39beb9915526894d42229946e5cb469cab50b1","stateView":"0xf3334192d15450cdd385c8b70e03f9a6bd9e673b","tickLower":110000,"tickUpper":116800}	{"ok": true, "feeGrowthInside0X128": "67826950574743131484032199810224401", "feeGrowthInside1X128": "4731996846019648171084768637851004372496"}
{"blockNumber":"3933087","poolId":"0xf7dc0af99fce7169eb76854c0b39beb9915526894d42229946e5cb469cab50b1","stateView":"0xf3334192d15450cdd385c8b70e03f9a6bd9e673b","tickLower":110000,"tickUpper":116800}	{"ok": true, "feeGrowthInside0X128": "70627293104243203869447931341439102", "feeGrowthInside1X128": "4905572845143140906521085484016076009564"}
{"blockNumber":"3934571","poolId":"0xf7dc0af99fce7169eb76854c0b39beb9915526894d42229946e5cb469cab50b1","stateView":"0xf3334192d15450cdd385c8b70e03f9a6bd9e673b","tickLower":110000,"tickUpper":116800}	{"ok": true, "feeGrowthInside0X128": "70627293104243203869447931341439102", "feeGrowthInside1X128": "4905572845143140906521085484016076009564"}
{"blockNumber":"3939983","poolId":"0xf7dc0af99fce7169eb76854c0b39beb9915526894d42229946e5cb469cab50b1","stateView":"0xf3334192d15450cdd385c8b70e03f9a6bd9e673b","tickLower":110000,"tickUpper":123600}	{"ok": true, "feeGrowthInside0X128": "0", "feeGrowthInside1X128": "0"}
{"blockNumber":"3935113","poolId":"0xf7dc0af99fce7169eb76854c0b39beb9915526894d42229946e5cb469cab50b1","stateView":"0xf3334192d15450cdd385c8b70e03f9a6bd9e673b","tickLower":108400,"tickUpper":115200}	{"ok": true, "feeGrowthInside0X128": "0", "feeGrowthInside1X128": "0"}
{"blockNumber":"3937425","poolId":"0xf7dc0af99fce7169eb76854c0b39beb9915526894d42229946e5cb469cab50b1","stateView":"0xf3334192d15450cdd385c8b70e03f9a6bd9e673b","tickLower":108400,"tickUpper":115200}	{"ok": true, "feeGrowthInside0X128": "0", "feeGrowthInside1X128": "0"}
{"blockNumber":"3935767","poolId":"0xf7dc0af99fce7169eb76854c0b39beb9915526894d42229946e5cb469cab50b1","stateView":"0xf3334192d15450cdd385c8b70e03f9a6bd9e673b","tickLower":107600,"tickUpper":114000}	{"ok": true, "feeGrowthInside0X128": "0", "feeGrowthInside1X128": "0"}
{"blockNumber":"3937761","poolId":"0xf7dc0af99fce7169eb76854c0b39beb9915526894d42229946e5cb469cab50b1","stateView":"0xf3334192d15450cdd385c8b70e03f9a6bd9e673b","tickLower":107600,"tickUpper":114000}	{"ok": true, "feeGrowthInside0X128": "0", "feeGrowthInside1X128": "0"}
{"blockNumber":"3935797","poolId":"0x5501f1e70a9a3c56f57880c18d095a63f4e1b50e9def646e7f3c6633d49db550","stateView":"0xf3334192d15450cdd385c8b70e03f9a6bd9e673b","tickLower":118000,"tickUpper":132000}	{"ok": true, "feeGrowthInside0X128": "0", "feeGrowthInside1X128": "0"}
{"blockNumber":"3937650","poolId":"0xf7dc0af99fce7169eb76854c0b39beb9915526894d42229946e5cb469cab50b1","stateView":"0xf3334192d15450cdd385c8b70e03f9a6bd9e673b","tickLower":107200,"tickUpper":113600}	{"ok": true, "feeGrowthInside0X128": "0", "feeGrowthInside1X128": "0"}
{"blockNumber":"3938334","poolId":"0xf7dc0af99fce7169eb76854c0b39beb9915526894d42229946e5cb469cab50b1","stateView":"0xf3334192d15450cdd385c8b70e03f9a6bd9e673b","tickLower":106800,"tickUpper":113600}	{"ok": true, "feeGrowthInside0X128": "3990759050220103072518091702903", "feeGrowthInside1X128": "173436581314497412049538372857313021"}
{"blockNumber":"3940426","poolId":"0xf7dc0af99fce7169eb76854c0b39beb9915526894d42229946e5cb469cab50b1","stateView":"0xf3334192d15450cdd385c8b70e03f9a6bd9e673b","tickLower":106800,"tickUpper":113600}	{"ok": true, "feeGrowthInside0X128": "9315525335300085535344176136122884", "feeGrowthInside1X128": "611697086645737531490392429996037227602"}
{"blockNumber":"3937969","poolId":"0xf7dc0af99fce7169eb76854c0b39beb9915526894d42229946e5cb469cab50b1","stateView":"0xf3334192d15450cdd385c8b70e03f9a6bd9e673b","tickLower":106800,"tickUpper":110400}	{"ok": true, "feeGrowthInside0X128": "0", "feeGrowthInside1X128": "0"}
{"blockNumber":"3941458","poolId":"0x4db638bf7892f6e6f1d185cddf701d64f2790e5bf7faafcf842b4b262e283479","stateView":"0xf3334192d15450cdd385c8b70e03f9a6bd9e673b","tickLower":-882000,"tickUpper":882000}	{"ok": true, "feeGrowthInside0X128": "884960838781401814906486271935770858516486169", "feeGrowthInside1X128": "18005861245451191279816777281314"}
{"blockNumber":"3909275","poolId":"0xc3fb117f3ffe8a633665cdc16c14c338c72333ea6aff47324c62d9fefdd63db4","stateView":"0xf3334192d15450cdd385c8b70e03f9a6bd9e673b","tickLower":-887000,"tickUpper":887000}	{"ok": true, "feeGrowthInside0X128": "3005077927489052296655832446214340", "feeGrowthInside1X128": "138301860339184404208093774590240540779094"}
{"blockNumber":"3918807","poolId":"0xc3fb117f3ffe8a633665cdc16c14c338c72333ea6aff47324c62d9fefdd63db4","stateView":"0xf3334192d15450cdd385c8b70e03f9a6bd9e673b","tickLower":-887000,"tickUpper":887000}	{"ok": true, "feeGrowthInside0X128": "4418617303799667985264441504143295", "feeGrowthInside1X128": "178234196298894454892653404063026453729353"}
{"blockNumber":"3929863","poolId":"0xc3fb117f3ffe8a633665cdc16c14c338c72333ea6aff47324c62d9fefdd63db4","stateView":"0xf3334192d15450cdd385c8b70e03f9a6bd9e673b","tickLower":-887000,"tickUpper":887000}	{"ok": true, "feeGrowthInside0X128": "5042955747622567195781239638475328", "feeGrowthInside1X128": "242878266880312343072501702551103673781843"}
{"blockNumber":"3931076","poolId":"0xc3fb117f3ffe8a633665cdc16c14c338c72333ea6aff47324c62d9fefdd63db4","stateView":"0xf3334192d15450cdd385c8b70e03f9a6bd9e673b","tickLower":-887000,"tickUpper":887000}	{"ok": true, "feeGrowthInside0X128": "5699069246734181711496714023079200", "feeGrowthInside1X128": "249329168676073132770466036701846350749500"}
{"blockNumber":"3932411","poolId":"0xc3fb117f3ffe8a633665cdc16c14c338c72333ea6aff47324c62d9fefdd63db4","stateView":"0xf3334192d15450cdd385c8b70e03f9a6bd9e673b","tickLower":-887000,"tickUpper":887000}	{"ok": true, "feeGrowthInside0X128": "5813030816464961617224822857667513", "feeGrowthInside1X128": "249329168676073132770466036701846350749500"}
{"blockNumber":"3917751","poolId":"0xaea1c7ceb6687d4d5ed8ed364a7de97947a8abf326f0aba0984d76797316c5f1","stateView":"0xf3334192d15450cdd385c8b70e03f9a6bd9e673b","tickLower":144400,"tickUpper":146600}	{"ok": true, "feeGrowthInside0X128": "0", "feeGrowthInside1X128": "0"}
{"blockNumber":"3936524","poolId":"0xcfba52bca80addea0bce3f80aa5b18ecbcf977dd735d58b639f1aaf35bfb19f1","stateView":"0xf3334192d15450cdd385c8b70e03f9a6bd9e673b","tickLower":-884000,"tickUpper":884000}	{"ok": true, "feeGrowthInside0X128": "152904191395983425735244256626249471", "feeGrowthInside1X128": "477836162039030248469965247756173905051243"}
{"blockNumber":"3940839","poolId":"0xb6bcfda13e105ad442ffe7442225aaca050f2d65541e77140cae57c5ecd816ab","stateView":"0xf3334192d15450cdd385c8b70e03f9a6bd9e673b","tickLower":-874000,"tickUpper":874000}	{"ok": true, "feeGrowthInside0X128": "10460080228385360515862679673600", "feeGrowthInside1X128": "0"}
{"blockNumber":"3908950","poolId":"0xccadcc62c5d66615766ed797c7073a6412c2e36d0011659bc4b8a1cc0bce85f2","stateView":"0xf3334192d15450cdd385c8b70e03f9a6bd9e673b","tickLower":-347200,"tickUpper":-334400}	{"ok": true, "feeGrowthInside0X128": "0", "feeGrowthInside1X128": "0"}
{"blockNumber":"3917969","poolId":"0xd18c9dc53c12b0db1bc259ff031cd1ac4330ff30a862383904263b6be006bb02","stateView":"0xf3334192d15450cdd385c8b70e03f9a6bd9e673b","tickLower":-887270,"tickUpper":887270}	{"ok": true, "feeGrowthInside0X128": "0", "feeGrowthInside1X128": "0"}
{"blockNumber":"3931069","poolId":"0x55bf0b17fce25a2b42bfb969b02756d4dbe6c749df699e151c3d0ce493cdb8ca","stateView":"0xf3334192d15450cdd385c8b70e03f9a6bd9e673b","tickLower":-878240,"tickUpper":878240}	{"ok": true, "feeGrowthInside0X128": "356486421739782056890330334925", "feeGrowthInside1X128": "0"}
{"blockNumber":"3941015","poolId":"0x9118ab7aaf7ba5daf125bcc7dc76c2779dd45a96ff8fb2ceb839c84d6b691bdc","stateView":"0xf3334192d15450cdd385c8b70e03f9a6bd9e673b","tickLower":-885000,"tickUpper":885000}	{"ok": true, "feeGrowthInside0X128": "0", "feeGrowthInside1X128": "37404140375303133938957162402173542557889848764"}
{"blockNumber":"3923115","poolId":"0xbdc54efd91fa5da1aa59bc4c4d23ef5dc048f4f7b138e7d71dac32ff381aaf39","stateView":"0xf3334192d15450cdd385c8b70e03f9a6bd9e673b","tickLower":-887200,"tickUpper":230400}	{"ok": true, "feeGrowthInside0X128": "2242740779187728546582928541040", "feeGrowthInside1X128": "21430768940288366206382950279903546622653"}
{"blockNumber":"3916717","poolId":"0x4ed090ff8adb78af3eba77169ef8dea3e9481fb9c8e7d60830c298f99d044d6c","stateView":"0xf3334192d15450cdd385c8b70e03f9a6bd9e673b","tickLower":-318458,"tickUpper":-313642}	{"ok": true, "feeGrowthInside0X128": "0", "feeGrowthInside1X128": "0"}
{"blockNumber":"3917791","poolId":"0x5995bf95c7626530aa1f32a1b4a6d329b0bac22c72e8fe444ad6073977e12232","stateView":"0xf3334192d15450cdd385c8b70e03f9a6bd9e673b","tickLower":-887200,"tickUpper":193200}	{"ok": true, "feeGrowthInside0X128": "0", "feeGrowthInside1X128": "0"}
{"blockNumber":"3920623","poolId":"0x9fda6107de809e9c1c8e013e9f5185f0c2c37609e154abdbc4c49c2797bd8ad6","stateView":"0xf3334192d15450cdd385c8b70e03f9a6bd9e673b","tickLower":-885000,"tickUpper":885000}	{"ok": true, "feeGrowthInside0X128": "0", "feeGrowthInside1X128": "0"}
{"blockNumber":"3921533","poolId":"0x161c0c1938738f41f7fb24413d23148cea03e5cb1e1c6ae05dd924ea101647cc","stateView":"0xf3334192d15450cdd385c8b70e03f9a6bd9e673b","tickLower":163200,"tickUpper":166400}	{"ok": true, "feeGrowthInside0X128": "0", "feeGrowthInside1X128": "0"}
{"blockNumber":"3922151","poolId":"0xca5c8803fe6ca8cc3ed88e030e2a6390e6c3a25f530de093c4ed088bf1d72fe9","stateView":"0xf3334192d15450cdd385c8b70e03f9a6bd9e673b","tickLower":-887200,"tickUpper":193200}	{"ok": true, "feeGrowthInside0X128": "0", "feeGrowthInside1X128": "0"}
{"blockNumber":"3924071","poolId":"0x72c3b3330be4704b3a7a10a81085379ca47c19c127457c8487e534307a42db8f","stateView":"0xf3334192d15450cdd385c8b70e03f9a6bd9e673b","tickLower":-887200,"tickUpper":193200}	{"ok": true, "feeGrowthInside0X128": "0", "feeGrowthInside1X128": "0"}
{"blockNumber":"3924167","poolId":"0x4ed090ff8adb78af3eba77169ef8dea3e9481fb9c8e7d60830c298f99d044d6c","stateView":"0xf3334192d15450cdd385c8b70e03f9a6bd9e673b","tickLower":-318458,"tickUpper":-313642}	{"ok": true, "feeGrowthInside0X128": "0", "feeGrowthInside1X128": "0"}
{"blockNumber":"3926512","poolId":"0x161c0c1938738f41f7fb24413d23148cea03e5cb1e1c6ae05dd924ea101647cc","stateView":"0xf3334192d15450cdd385c8b70e03f9a6bd9e673b","tickLower":163200,"tickUpper":166400}	{"ok": true, "feeGrowthInside0X128": "293627401998630900425126030410835", "feeGrowthInside1X128": "0"}
{"blockNumber":"3927274","poolId":"0x0f9251cc501a9ca1b23fbb87471554f30f486c813473bb5eb399e0d993ed4fb3","stateView":"0xf3334192d15450cdd385c8b70e03f9a6bd9e673b","tickLower":-887200,"tickUpper":193200}	{"ok": true, "feeGrowthInside0X128": "0", "feeGrowthInside1X128": "0"}
{"blockNumber":"3931507","poolId":"0xe9fdc68a756f7b34c7c482e07000b89137b6f8cb0068b0861c6411c8feabdaef","stateView":"0xf3334192d15450cdd385c8b70e03f9a6bd9e673b","tickLower":109720,"tickUpper":111540}	{"ok": true, "feeGrowthInside0X128": "0", "feeGrowthInside1X128": "0"}
{"blockNumber":"3934070","poolId":"0xe9fdc68a756f7b34c7c482e07000b89137b6f8cb0068b0861c6411c8feabdaef","stateView":"0xf3334192d15450cdd385c8b70e03f9a6bd9e673b","tickLower":109720,"tickUpper":111540}	{"ok": true, "feeGrowthInside0X128": "1099594101934962910770252243345240", "feeGrowthInside1X128": "65962493725334461538439275693796133893"}
{"blockNumber":"3934870","poolId":"0x15a360987c05244700e6fb0bde3a1281812b0b53b1c5d7cf7afa65bb8bbea042","stateView":"0xf3334192d15450cdd385c8b70e03f9a6bd9e673b","tickLower":-322465,"tickUpper":-310365}	{"ok": true, "feeGrowthInside0X128": "0", "feeGrowthInside1X128": "0"}
{"blockNumber":"3935173","poolId":"0xb190b9ba0e6fb821d3afba553b79aa4e9b909af371201cc14207c9de39ce693c","stateView":"0xf3334192d15450cdd385c8b70e03f9a6bd9e673b","tickLower":-313200,"tickUpper":-309360}	{"ok": true, "feeGrowthInside0X128": "0", "feeGrowthInside1X128": "0"}
{"blockNumber":"3935425","poolId":"0xd83ca042255b999d57e3604ff51a97ca093aaefb6a393e4a8accb0de38c48080","stateView":"0xf3334192d15450cdd385c8b70e03f9a6bd9e673b","tickLower":-887200,"tickUpper":193200}	{"ok": true, "feeGrowthInside0X128": "0", "feeGrowthInside1X128": "0"}
{"blockNumber":"3937855","poolId":"0xe9fdc68a756f7b34c7c482e07000b89137b6f8cb0068b0861c6411c8feabdaef","stateView":"0xf3334192d15450cdd385c8b70e03f9a6bd9e673b","tickLower":109720,"tickUpper":111540}	{"ok": true, "feeGrowthInside0X128": "1099760269291493700792010793271913", "feeGrowthInside1X128": "65962493725334461538439275693796133893"}
{"blockNumber":"3938029","poolId":"0x15a360987c05244700e6fb0bde3a1281812b0b53b1c5d7cf7afa65bb8bbea042","stateView":"0xf3334192d15450cdd385c8b70e03f9a6bd9e673b","tickLower":-322465,"tickUpper":-310365}	{"ok": true, "feeGrowthInside0X128": "0", "feeGrowthInside1X128": "0"}
{"blockNumber":"3938552","poolId":"0xb190b9ba0e6fb821d3afba553b79aa4e9b909af371201cc14207c9de39ce693c","stateView":"0xf3334192d15450cdd385c8b70e03f9a6bd9e673b","tickLower":-315360,"tickUpper":-309360}	{"ok": true, "feeGrowthInside0X128": "0", "feeGrowthInside1X128": "0"}
{"blockNumber":"3940371","poolId":"0xb190b9ba0e6fb821d3afba553b79aa4e9b909af371201cc14207c9de39ce693c","stateView":"0xf3334192d15450cdd385c8b70e03f9a6bd9e673b","tickLower":-315360,"tickUpper":-309360}	{"ok": true, "feeGrowthInside0X128": "2536032671059587777174815460230648053523071", "feeGrowthInside1X128": "65053741905671913736238081931"}
{"blockNumber":"3940859","poolId":"0x1e96a9f60480b9b76ecde75bf4107e40e45ffd70b8737462dcd8cc5f3908c91a","stateView":"0xf3334192d15450cdd385c8b70e03f9a6bd9e673b","tickLower":-316160,"tickUpper":-309400}	{"ok": true, "feeGrowthInside0X128": "0", "feeGrowthInside1X128": "0"}
{"blockNumber":"3940945","poolId":"0xb190b9ba0e6fb821d3afba553b79aa4e9b909af371201cc14207c9de39ce693c","stateView":"0xf3334192d15450cdd385c8b70e03f9a6bd9e673b","tickLower":-315360,"tickUpper":-309360}	{"ok": true, "feeGrowthInside0X128": "2536032671059587777174815460230648053523071", "feeGrowthInside1X128": "89622312890513488964999898893"}
